"sample","AFG3L2","FIS1","FOXP3","GZMA","GZMB","HAVCR2","HSPA9","HSPD1","IFNG","IL2RA","IL7R","IRF5","ITGAM","ITGAX","KLRD1","LAG3","LONP1","MFF","MFN1","MFN2","MIEF1","MIEF2","MRC1","MS4A1","MS4A4A","NCAM1","NKG7","NOS2","NRF1","NRP1","OPA1","PDCD1","PDCD1LG2","PINK1","PPARGC1A","PRF1","PRKN","PTGS2","SPG7","TFAM","TIGIT","YME1L1","CCR7","CCR8","CD1C","CD4","CD8A","CD8B","CD19","CD79A","CD86","CD163","CD274","CEACAM8","CLPP","CSF1R","CTLA4","DNM1L"
"TCGA-2W-A8YY-01",1925.7,1352.62,17.3891,73.6767,98.3548,172.747,9016.09,13380.2,8.9413,33.2618,13.2332,79.7568,248.212,409.156,13.2332,119.099,4478.54,1393.78,929.9,1938.48,913.805,313.305,142.346,67.5966,74.7496,36.0944,118.741,1.4306,497.139,535.05,1320.82,59.3705,52.5751,1774.32,30.7582,85.1216,25.0358,138.77,2121.24,843.348,43.2761,3629.11,33.6195,2.5036,8.5837,634.12,106.939,17.8827,31.8312,190.63,159.871,712.804,15.7368,0,1204.58,691.345,23.2475,2170.6
"TCGA-4J-AA1J-01",2801.18,872.606,43.4643,47.4156,90.1324,64.0752,3123.45,5789.41,0,22.6399,29.0474,1689.45,98.6758,250.32,8.1162,59.8035,1840.24,957.71,724.904,3230.67,982.059,149.936,121.743,5.126,67.4925,154.208,55.5318,0.8543,421.615,1013.67,1872.28,12.815,9.8249,732.593,12.815,99.1029,6.8347,419.479,1116.62,712.943,27.7659,3556.6,60.2307,3.8445,17.5139,284.921,63.648,13.2422,0.8543,7.689,82.4434,280.222,20.9312,0,780.863,326.783,15.378,1674.07
"TCGA-BI-A0VR-01",1423.17,907.511,300.611,233.422,911.681,467.236,6875.72,8688.87,31.0443,224.383,137.931,960.016,312.801,442.48,71.1268,407.506,1849.3,899.499,1593.08,5952.65,1074.37,158.758,205.914,143.826,108.852,75.0565,463.7,142.254,464.879,812.26,3119.36,120.641,76.6284,1321.15,14.9327,630.71,3.5367,275.862,882.601,712.447,317.909,3157.87,149.72,23.9709,36.1529,1146.28,788.29,248.747,78.9861,783.574,251.498,359.957,195.304,0.7859,994.204,759.603,214.952,1420.18
"TCGA-BI-A0VS-01",1114.45,863.426,156.855,78.2017,348.979,226.337,4000,5530.62,13.78,153.647,218.069,201.877,95.4268,355.525,39.6176,175.351,1779,541.211,1898.89,3733.01,1784.17,183.964,104.039,263.888,84.0582,54.7756,134.7,51.6751,476.1,808.544,2543.79,64.4217,53.7421,1911.98,301.438,263.543,11.713,478.167,1262.94,436.138,118.164,3235.21,344.156,12.7465,42.7181,887.09,210.49,55.1201,66.4887,336.577,266.644,399.966,13.4355,0.689,714.15,576.694,116.097,1947.12
"TCGA-BI-A20A-01",2939.3,1454.74,147.911,247.87,289.898,347.481,6989,3318.94,14.5611,40.043,44.3452,974.601,326.301,625.796,37.0646,218.085,1718.21,734.343,1133.45,3948.71,813.105,331.927,109.87,175.395,84.3882,29.4531,328.949,226.028,526.516,466.617,2837.1,98.6184,51.6257,1731.12,633.077,215.107,6.2877,277.654,947.464,603.624,222.057,2338.71,207.827,15.8848,216.762,1513.69,586.084,147.597,61.5537,333.251,287.251,111.194,84.3882,0.6619,1026.89,1326.71,116.82,1514.69
"TCGA-C5-A0TN-01",1226.06,718.636,45.9234,233.164,342.304,134.441,2986.98,13640.1,4.9609,54.0742,191.988,241.101,44.6484,73.4218,13.8906,218.281,1611.81,896.441,571.499,1813.22,918.269,343.793,80.8632,0,105.668,5.9531,123.527,0,319.98,698.003,1893.09,31.75,143.867,622.101,0,196.453,1.9844,5681.26,1101.82,519.906,37.207,1802.31,19.3476,3.9687,2.4805,317.004,105.172,19.3476,0.4961,5.9531,129.48,342.8,113.109,0,1329.03,405.308,65.4843,2762.74
"TCGA-C5-A1BE-01",1864.19,1053.78,104.361,58.8757,257.988,206.509,2980.77,5529.29,6.213,66.2722,64.2012,295.266,82.5444,177.219,9.4675,171.893,2731.36,689.349,6034.32,4377.51,909.763,118.935,61.8343,9.4675,64.497,8.284,90.5325,97.929,498.521,298.817,5981.66,38.1657,63.9053,734.615,2.9586,163.609,16.8639,106.213,1258.28,579.882,88.1657,2978.11,107.396,7.9882,23.3728,567.16,162.13,44.3787,0.8876,36.3905,187.574,263.905,136.095,0,1228.11,486.095,72.1893,1357.99
"TCGA-C5-A1BF-01",2276.68,1245.12,93.7286,603.695,456.802,256.526,8229.96,5653.6,3.941,74.8797,97.4511,236.821,77.7459,341.796,43.3514,91.3604,1850.14,964.121,702.221,4066.44,713.686,121.097,120.022,7.5238,114.29,254.376,223.206,29.7692,365.084,2407.26,1814.31,26.8707,102.109,1706.47,1393.34,516.634,10.7483,600.471,1035.78,654.571,77.0294,4134.15,128.621,5.7324,7.8821,1071.6,184.87,26.1542,3.941,103.184,245.061,632.716,71.6552,0.3583,656.72,952.298,47.2925,1609.02
"TCGA-C5-A1BI-01",1544.63,1135.61,153.511,312.216,950.855,451.639,5467.58,2842.65,69.051,130.173,80.2841,1638.72,212.769,562.65,118.939,355.166,1308.99,700.091,1440.49,4009.25,1231.02,227.967,547.782,108.037,171.141,37.9945,368.382,3.9646,429.173,574.213,2686.05,80.9449,83.2576,1523.09,5.6166,560.337,4.6254,1184.77,1116.71,570.579,209.466,3477.33,418.27,19.4929,47.5758,1168.91,521.682,142.067,40.6376,367.721,261.997,665.4,83.2576,0.3304,830.594,677.955,166.846,1799.95
"TCGA-C5-A1BJ-01",1243.31,1067.47,141.157,157.176,223.229,137.992,4729.66,8387.01,3.052,65.1811,231.295,712.632,109.216,354.463,32.4815,143.442,1613.18,1053.14,1206.83,5095.02,1404.77,141.698,110.743,131.67,64.5271,20.0557,181.591,9.3739,504.445,581.834,2633.4,50.3573,47.9593,678.407,21.1457,239.797,10.2459,1408.26,1377.96,809.423,189.657,3444.57,550.224,15.9138,78.0429,907.739,345.089,80.6589,27.0316,85.8908,197.505,214.073,59.9492,0.872,790.239,562.432,101.805,1813.95
"TCGA-C5-A1BK-01",1263.48,1171.6,415.04,769.148,1176.65,646.17,4961.11,6253.03,85.699,108.409,51.8479,1928.66,154.687,1315.91,155.972,857.418,2910.34,852.705,789.288,2916.76,953.83,268.238,68.9877,471.773,117.836,13.7118,1150.94,8.5699,369.791,403.214,2438.14,395.072,109.266,1519.01,2.9995,774.29,10.2839,33.8511,1059.24,379.647,477.343,2432.14,408.356,14.1403,83.5565,2774.5,1974.08,399.357,131.976,625.603,467.06,150.402,239.1,0.4285,2187.47,1206.21,285.378,747.724
"TCGA-C5-A1BL-01",3519.95,1232.71,96.2968,308.976,506.991,408.66,7661.25,8285.07,52.323,77.5823,78.4844,718.99,168.245,388.363,123.139,287.325,2350.47,1117.73,1970.68,4757.78,1380.69,78.0334,512.404,127.199,156.518,11.2765,343.257,4.0595,452.413,593.595,4903.02,66.3058,109.608,791.61,4.5106,559.765,0.9021,143.888,956.247,950.383,167.343,4768.16,102.842,14.4339,15.7871,1007.22,775.823,130.807,47.8124,138.927,246.73,571.493,244.926,0,768.606,631.033,94.2715,818.674
"TCGA-C5-A1BM-01",1405.23,1084.4,164.158,207.496,301.777,942.427,7352.4,7168.86,33.2303,84.2349,55.255,2516.23,294.436,1080.76,17.0015,247.295,1781.3,1001.16,1610.51,6066.46,1032.07,192.04,53.323,36.3215,303.709,15.8423,221.793,9.2736,336.553,926.971,2014.3,88.4853,136.399,1318.78,9.2736,272.798,2.7048,113.601,1136.79,379.83,149.536,2185.86,73.0294,15.456,66.0742,2808.35,244.977,51.0046,10.8192,151.468,733.771,907.651,139.49,1.932,731.839,2105.1,104.328,1100.46
"TCGA-C5-A1BN-01",1717.18,447.988,2.1393,102.716,54.9,14.1677,3669.09,12065.2,0.7084,3.5419,20.5432,88.9026,5.3129,23.0226,7.0839,7.0839,1423.86,900.714,790.914,4915.85,1144.75,376.862,34.0026,1.4168,7.4381,9.9174,25.8561,1.0626,345.339,623.735,1679.23,0.7084,77.9226,999.18,2.4794,55.6084,2.1252,1802.85,841.564,2954.33,7.4381,3900.03,8.8548,0,8.5006,156.199,6.7297,12.3968,0.3542,6.3755,34.711,18.0639,58.4419,0,955.968,107.321,4.2503,2934.49
"TCGA-C5-A1BQ-01",1782.77,1643.49,68.2406,614.518,565.514,503.768,6733.56,8166.79,71.2201,89.1884,17.9684,790.935,195.038,273.119,185.891,366.228,3539.11,1386.18,829.158,6445.74,721.348,130.026,221.501,4.2471,421.767,26.4625,654.375,20.2552,406.412,3398.63,1690.01,188.505,52.925,1551.16,1.6335,866.402,25.1557,19.2752,1726.92,284.227,199.939,3148.71,22.2154,4.9005,0.6534,987.933,1320.18,484.493,5.5539,61.4191,204.513,2172.54,253.844,0,1129.07,468.158,66.3196,1670.4
"TCGA-C5-A1M5-01",1731.82,1009.5,166.31,199.673,219.062,268.385,5530.29,5006.11,18.0284,70.4127,91.8427,328.593,107.49,349.002,33.3355,133.002,1775.97,1365.05,1078.64,4559.14,1018.43,140.825,37.7575,198.652,75.8552,30.6142,221.103,189.482,373.493,387.78,2787.26,60.208,98.6458,975.573,13.6063,206.816,6.463,94.2238,1042.58,543.232,128.92,2780.11,255.459,10.8851,96.945,1213,435.742,254.778,61.9088,266.004,194.911,139.465,47.282,0,849.715,702.086,100.687,1221.51
"TCGA-C5-A1M6-01",451.681,727.885,9.1469,2.524,10.6007,19.1822,4481.57,11398.8,0.5048,3.5336,3.0288,167.087,55.5275,87.8344,2.524,246.845,2614.34,1175.67,1475.01,2888.95,777.89,267.542,10.6007,0,4.0384,24.2302,11.6103,0,372.539,884.402,2062.09,169.611,12.1151,849.066,55.0227,14.1343,0.5048,2957.6,1413.43,758.708,2.0192,2906.61,22.211,1.0096,0,33.8213,17.163,571.933,1.5144,14.1343,19.1822,43.4124,18.1726,0.5048,738.516,44.9268,4.0384,1546.69
"TCGA-C5-A1M7-01",2642.13,921.255,163.918,68.9845,357.064,131.071,5300.77,8164.18,1.3797,80.298,207.23,203.366,103.201,530.629,15.1766,94.3709,1774.01,1130.52,1021.52,8401.49,1123.07,207.781,41.1148,315.949,39.7351,13.7969,81.1258,0,463.024,793.598,1592.72,28.1457,65.1214,1877.48,12.1413,149.007,3.0353,552.98,1451.16,766.004,106.788,3633,242.826,11.3135,20.6954,599.614,123.62,25.6623,87.7483,588.024,198.951,139.901,67.053,0.5519,713.852,517.108,74.7792,1742.55
"TCGA-C5-A1M8-01",2654.32,2902.8,48.2459,50.1974,33.2769,109.701,4975.75,2746.47,0.282,18.0485,0.564,2052.45,81.7823,165.257,2.8201,74.1681,2478.29,1002.26,1103.5,4563.45,734.067,312.747,73.6041,0.282,94.7547,29.3288,33.5589,0,593.063,837.281,1757.47,8.1782,23.4067,3158.49,529.047,34.969,21.7146,19.7406,1383.25,489.284,16.3565,3250.99,9.0243,1.128,7.6142,397.913,109.137,127.468,16.9205,12.1263,58.6576,171.461,10.4343,0.564,1639.59,304.568,17.7665,576.424
"TCGA-C5-A1M9-01",1785.54,1546.03,24.2393,114.718,306.739,190.535,6559.46,12143.5,22.5471,42.1209,7.9286,130.327,128.593,133.796,21.8038,204.906,2489.59,975.966,849.604,2497.03,1298.56,270.317,243.31,0,103.568,3.7166,246.531,80.773,391.477,1433.35,1554.26,51.2884,26.2636,715.56,1.7344,322.844,1.2389,4247.03,876.115,1584.49,53.2706,5122.15,4.7076,0.2478,1.4866,233.399,242.319,46.333,0.7433,1.7344,104.807,404.608,16.3528,0.2478,946.729,269.078,19.0783,1279.73
"TCGA-C5-A1ME-01",771.136,4085.93,11.8847,257.76,196.785,133.038,4675.17,6149.23,0.5543,21.6186,34.9224,682.372,174.612,197.894,36.031,171.84,2062.08,1003.33,644.124,1633.04,713.415,436.807,30.4878,27.1619,45.4545,6.0976,302.661,19.4013,523.282,591.463,907.428,77.6053,8.3149,1593.13,46.0089,195.122,6.6519,560.976,1600.89,461.752,46.5632,2036.59,196.785,0,60.9756,470.621,405.211,246.674,16.6297,162.971,108.093,166.297,4.9889,0,1318.74,389.135,69.8448,1741.13
"TCGA-C5-A1MF-01",823.322,6352.69,1.6622,677.482,478.615,272.328,4360.97,10381.9,12.6147,25.2293,3.7102,667.835,181.8,205.545,18.551,395.507,2143.01,1078.18,843.699,759.848,828.858,323.529,88.3027,28.9395,87.5606,40.8122,334.66,5.1943,578.049,365.083,2318.87,80.8823,45.2644,1224.36,212.223,287.911,11.1306,359.147,1506.34,575.081,68.2676,1314.15,67.5256,0,12.6147,446.708,195.898,82.3664,22.2612,202.577,233.742,388.829,5.1943,0.742,1308.96,716.068,80.1402,2626.08
"TCGA-C5-A1MH-01",1375.46,926.603,210.397,375.039,445.005,661.834,4254.65,4965.33,64.2925,102.742,72.1714,1168.61,498.267,974.787,38.7646,393.634,2862.59,933.817,868.579,7800.5,1023.95,150.646,416.325,254.649,415.38,9.7699,449.732,1.891,391.743,1170.5,2006.62,179.326,134.573,995.588,8.1941,497.952,4.7274,214.623,1234.79,653.64,255.909,2253.39,130.161,16.0731,13.867,1843.05,790.734,196.344,80.0504,257.485,458.241,2910.49,228.49,0.3152,1321.78,1858.18,200.126,1468.96
"TCGA-C5-A1MI-01",886.334,711.426,96.6046,146.56,169.651,189.915,4497.64,4714.66,5.655,68.5674,245.052,232.092,133.129,288.171,24.5052,97.5495,1487.51,1031.81,1070.22,2238.45,1132.19,407.87,230.443,137.135,128.181,148.662,158.812,1.6494,492.46,1149.62,1860.74,76.1074,39.8209,586.239,9.4251,209.943,8.4826,200.754,1391.14,747.644,179.783,2480.91,279.689,17.4364,14.6089,820.924,701.697,200.047,25.6833,166.352,174.599,545.005,27.5683,0,632.894,476.437,112.63,1752.12
"TCGA-C5-A1MJ-01",1413.16,1324.13,103.034,28.8447,48.692,250.076,8313.89,18123.5,1.8524,123.053,56.3663,355.663,619.235,482.421,9.5267,31.491,3430.14,1011.68,1009.83,1371.84,970.664,189.74,1348.56,10.056,206.412,109.028,54.7785,7.4097,446.961,1346.17,1703.16,14.5547,73.3026,779.866,31.2264,75.4197,12.173,116.173,1287.96,983.367,68.5393,2574.06,39.6946,17.7302,34.1373,1116.74,96.3255,66.1576,1.0585,15.6132,185.771,577.424,26.463,1.8524,879.631,724.029,42.3409,1559.47
"TCGA-C5-A1MK-01",1054.21,1282.85,57.6532,96.4126,52.6906,159.566,4638.64,5617.71,11.2108,33.6323,78.4753,1837.82,199.178,211.51,10.4634,69.8804,2039.24,844.17,1124.81,3699.18,720.852,279.148,128.55,20.1794,119.208,190.583,94.9178,4.858,365.097,1106.88,1974.59,41.4798,69.8804,1228.33,39.2377,93.0493,7.1001,696.562,1127.8,680.493,54.9327,3007.1,122.945,8.5949,7.1001,613.602,142.003,48.9537,9.716,26.1584,162.556,573.617,199.178,0.3737,861.734,605.755,35.8744,1300.07
"TCGA-C5-A1ML-01",858.763,1594.88,99.9304,230.316,205.142,254.954,5994.64,4971.08,6.4274,81.414,61.0605,498.661,35.3508,351.366,8.0343,155.865,1390.47,1010.18,4056.78,3756.83,1011.78,367.97,67.4879,3.2137,121.585,159.614,143.01,181.039,471.88,1078.74,6134.98,30.5303,36.4221,1993.57,227.638,215.854,35.8864,227.102,990.894,427.959,46.5988,1877.34,52.4906,16.6042,68.5592,717.193,115.694,161.221,2.1425,13.9261,230.316,314.408,91.0552,1.0712,597.215,817.89,73.3798,1510.98
"TCGA-C5-A1MN-01",1147.3,880.103,18.1157,153.788,96.6882,51.0088,2465.17,8690.14,6.8519,19.4138,187.667,137.038,67.7579,90.5976,5.7099,38.0662,799.391,1386.75,1258.85,4485.73,1031.6,368.481,165.208,3.8066,41.1115,23.6011,46.8215,2.6646,334.602,691.663,2327.37,9.5166,127.903,2658.55,1.142,93.2623,0.7613,1325.85,902.931,1012.18,23.2204,2047.58,55.196,1.5226,19.7944,129.044,77.2745,3.8066,0.3807,11.4199,98.9722,76.8938,210.887,0,400.837,158.736,17.5105,1185.76
"TCGA-C5-A1MP-01",1698.83,1555.84,250.525,317.917,200.306,584.839,4360.79,3457.58,6.4319,110.26,212.251,2165.24,407.504,774.119,13.7825,144.717,1389.74,1090.66,1210.57,3411.64,799.847,292.19,678.101,55.1301,439.204,22.5115,204.9,4.5942,428.178,1545.02,1862.48,98.3154,152.067,1271.21,10.5666,241.194,13.7825,472.282,1280.4,430.934,165.85,2764.78,341.348,22.0521,388.208,3026.19,628.943,163.553,26.6462,427.259,607.351,1325.42,268.3,0,840.275,3445.17,152.986,849.923
"TCGA-C5-A1MQ-01",1160.17,4207.71,119.525,542.651,648.836,725.387,5454.29,5637.84,41.3625,112.358,18.5205,482.768,337.073,695.754,48.1533,1352,3797.32,1437.81,362.385,1548.32,705.014,816.138,276.573,94.4546,401.278,52.4748,655.626,0,419.181,685.877,472.891,189.527,270.4,3581.25,264.843,546.973,6.1735,451.283,1540.91,297.563,169.154,1910.7,276.573,0,6.7909,2839.2,514.87,208.665,158.042,1872.42,667.356,1739.08,27.7808,0,1753.28,2629.3,87.6638,903.184
"TCGA-C5-A2LS-01",887.255,1304.97,14.2058,38.1194,53.7908,22.0246,3493.43,3674.71,1.2706,1.2706,8.8945,609.487,364.252,114.782,8.8945,21.1775,1363.41,897.501,1107.16,1573.91,603.134,318.086,15.2478,11.4358,7.2003,4.2355,24.1423,5.0826,531.554,509.53,2363.41,5.5061,5.5061,929.691,17.3655,34.731,2.1177,922.067,869.97,565.862,19.0597,2459.55,31.7662,0,58.0263,137.654,64.803,764.507,20.7539,5.9297,32.1898,7.6239,8.0474,1.2706,512.071,85.9805,9.7416,1124.95
"TCGA-C5-A2LT-01",2105.58,1287.63,79.5094,557.803,600.241,336.264,5207.24,8969.09,71.5686,113.647,128.392,1317.01,53.9462,220.46,54.3058,362.518,1476.69,1640.68,1219.54,2871.37,563.198,308.932,152.847,43.5166,155.725,35.2448,407.473,1.7982,356.045,552.768,2282.28,124.436,765.316,1438.56,3.2368,702.019,7.1928,2269.34,618.223,522.199,191.329,2519.65,131.629,4.6753,7.9121,542.339,566.435,116.164,17.9821,104.656,302.458,440.201,190.25,0,969.592,595.566,129.83,2140.94
"TCGA-C5-A2LV-01",1144.81,1529.43,101.644,242.936,302.385,332.11,6500.55,10783.1,19.4495,104.954,62.0183,80.367,18.7156,480,24.2202,392.661,2824.95,1696.51,963.303,3614.68,1039.27,303.119,42.2018,1.8349,247.706,8.0734,710.459,0.367,366.606,651.376,1620.92,40,179.45,2337.98,0.367,358.165,1.1009,788.624,788.624,707.156,68.2569,1519.63,36.3303,4.7706,27.156,1466.79,160.734,45.5046,5.5046,59.8165,346.055,238.532,61.6514,0,1296.88,1553.76,114.495,1158.17
"TCGA-C5-A2LX-01",1025.28,2681.34,208.524,700.037,785.688,495.736,6087.5,5948.46,40.4153,107.527,68.9655,1051.17,1069.34,370.041,92.3248,1090.47,2747.87,1687.06,669.633,1746.76,586.948,227.29,35.9659,213.941,111.606,18.1683,1096.77,11.4943,496.848,270.3,1135.71,248.053,67.8532,903.967,13.3482,584.724,1.8539,552.837,1156.1,316.277,379.681,1374.86,660.363,5.9325,45.2354,1952.54,1245.83,650.352,162.032,479.051,474.601,352.243,57.4713,0.3708,1962.55,2154.25,462.736,1368.19
"TCGA-C5-A2LY-01",496.755,2925.37,62.8336,1305.33,831.411,742.998,3457.99,6189.46,115.321,45.0302,2.7457,422.845,198.792,617.243,188.907,661.724,2367.38,708.402,767.161,3127.4,1164.2,240.527,152.663,17.5728,222.405,37.3421,1316.86,2.2076,579.352,509.61,1902.25,221.307,89.5113,1507.96,7.1389,830.862,3.2949,13.7287,1361.34,390.994,269.083,1833.06,118.067,1.0983,117.518,2104.89,1389.35,412.96,19.7694,80.1757,481.603,717.737,12.0813,0.5491,1154.31,1893.47,183.965,1143.88
"TCGA-C5-A2LZ-01",1315.29,1448.38,100.623,434.367,323.258,209.371,4682.55,5859.27,24.6523,50.6935,13.8886,805.194,91.3178,257.981,51.7352,232.982,1550.67,606.239,1296.16,4816.93,965.607,232.982,30.555,52.4296,46.1797,35.0688,292.356,34.0272,285.064,496.519,2193.71,47.2214,27.7773,870.123,19.4441,424.645,7.6387,66.3182,1126.72,597.211,126.734,3013.14,91.665,5.2082,20.4857,560.407,282.286,109.72,15.2775,182.636,117.359,162.497,61.11,0,728.112,440.964,71.1793,1223.24
"TCGA-C5-A2M1-01",1045.96,1864.66,138.23,290.568,454.737,396.919,10047.7,16109.5,32.2853,126.187,46.8453,155.307,151.509,264.613,126.187,371.597,2464.66,1272.21,1174.93,3216.29,1748.89,125.976,143.49,15.8261,289.513,9.4957,407.892,0.633,442.076,975.1,1606.67,231.272,62.2494,724.625,159.949,508.546,1.2661,42.203,652.247,1074.91,327.706,4401.77,202.785,18.7803,18.9913,1125.34,815.784,1161.22,7.3855,41.3589,271.576,630.935,39.4598,0,1071.53,631.779,264.613,1429.63
"TCGA-C5-A2M2-01",1025.05,1034.41,19.4086,56.1156,48.0511,40.9946,3864.92,8372.98,9.4086,7.0565,5.7124,830.645,16.8011,35.9543,12.4328,55.1075,1825.27,880.04,2190.86,1830.31,788.643,259.745,4.7043,16.8011,15.793,3.6962,61.828,42.3387,387.433,163.643,3149.53,37.6344,9.7446,697.245,8.0645,51.4113,8.7366,588.038,652.89,774.866,39.6505,2628.02,18.4812,2.0161,2.3522,150.538,159.946,92.0699,1.3441,23.5215,17.1371,32.9301,28.2258,0.672,710.013,40.9946,19.8253,900.538
"TCGA-C5-A3HD-01",1765.96,521,28.0503,98.7077,137.925,33.2349,6326.26,10289.9,5.3176,31.9055,46.8612,286.485,16.9498,41.5436,3.3235,43.2054,1842.21,591.249,780.356,2365.33,1100.08,274.853,11.9646,3.6558,9.3058,2.3264,35.5613,1.9941,368.907,332.681,1689,12.2969,11.6322,1127,3.9882,94.0548,0.997,4125.12,730.836,1002.7,19.6086,3506.28,18.2792,2.9911,2.3264,81.4255,13.9587,3.6558,0.6647,3.6558,17.2821,28.2497,65.1404,0,759.085,55.1699,32.2379,2094.8
"TCGA-C5-A3HE-01",1394.7,1086.96,37.8832,1090.98,1089.46,433.968,6531.48,16482.4,134.81,59.0741,21.2061,343.842,184.796,636.562,233.267,510.461,2533.75,1315.16,546.814,2907.89,668.749,288.554,88.6112,20.0701,184.417,24.2355,747.515,2.2721,465.777,950.109,1342.8,176.844,33.7025,1145.89,287.418,1029.63,2.6508,373,1749.12,1021.68,275.301,2659.85,72.7066,3.0294,2.6508,867.557,1242.07,359.368,15.9046,216.984,128.751,554.388,37.1107,0.3787,677.08,391.934,102.244,1516.99
"TCGA-C5-A3HF-01",1272.87,1455.84,178.315,178.202,81.5006,127.749,5477.04,8164.94,5.1746,69.8577,125.485,245.472,142.626,167.852,25.5498,65.9767,2043.01,1006.47,922.38,2078.59,1135.83,300.776,74.7089,55.9508,45.2781,20.3752,161.708,68.564,359.961,855.757,1711.84,52.0699,37.5162,1040.75,103.493,173.351,11.6429,522.316,1213.78,762.937,144.243,3025.55,163.325,13.5834,33.9586,618.047,397.801,205.369,16.8176,312.096,85.3816,66.6235,15.2005,0,982.536,310.802,53.6869,1045.6
"TCGA-C5-A3HL-01",1315.58,955.769,48.6728,213.304,148.705,94.9792,4272.79,3907.26,1.2792,21.1065,64.9185,794.691,67.7966,89.2229,12.1522,33.8983,1622,1055.64,2278.54,4121.2,785.097,231.212,28.142,3.8375,43.4922,29.741,134.314,507.835,390.79,484.49,4507.52,21.4263,47.9693,1242.72,43.4922,179.085,12.472,273.105,906.62,603.774,36.7765,3359.13,25.9034,3.8375,27.5024,302.526,116.086,178.446,2.8782,114.806,52.1266,86.6645,66.1976,0,606.971,356.572,21.4263,1276.94
"TCGA-C5-A7CG-01",2358.59,1076.12,417.828,1143.43,895.451,743.213,7022.01,6873.44,155.172,110.418,258.621,415.26,175.715,793.837,372.34,1383.71,2272.56,986.06,732.575,4190.02,1457.81,221.57,52.091,721.937,222.671,23.4776,1448.28,2189.67,478.723,683.419,2012.84,396.552,217.168,914.16,31.9149,1557.23,2.9347,85.4732,1127.29,512.839,736.977,2739.91,385.18,31.1812,49.8899,2961.48,3000.37,761.189,201.761,716.067,501.834,839.692,365.737,0,1084.01,1706.9,285.033,2135
"TCGA-C5-A7CH-01",918.868,712.602,35.1688,34.2602,71.4995,126.614,3268.62,4417.58,9.434,15.3923,17.3784,602.284,104.767,460.278,1.9861,50.149,2494.54,932.969,1390.76,4773.58,952.83,213.009,157.398,3.9722,43.1976,11.9166,36.2463,1.9861,418.074,830.685,2428,13.9027,24.8262,2286.99,3.9722,54.1212,2.4826,72.9891,1459.78,466.236,48.6594,3033.27,51.6385,4.4687,12.9096,266.137,75.9682,6.9513,3.4757,31.7776,98.8083,119.662,54.1212,0,1028.8,308.838,32.7706,1770.11
"TCGA-C5-A7CJ-01",2019.26,720.427,156.491,201.576,678.143,352.651,4783.5,5478.19,4.6681,131.555,359.017,2115.06,219.824,613.215,33.5252,172.294,1033.34,1150.47,1543.43,6452.12,1141.55,192.239,244.861,117.975,90.8152,53.0462,216.853,12.7311,499.059,1356.29,2491.9,44.1345,60.2605,1885.9,145.559,402.303,22.4916,948.891,1013.4,531.311,203.273,3219.69,277.538,15.2773,126.038,1597.33,395.088,118.824,27.1597,243.588,364.109,581.387,154.895,0,460.866,1376.23,122.643,1701.72
"TCGA-C5-A7CK-01",2477.38,646.151,24.22,10.8992,33.0381,76.2943,9248.98,11680.2,1.3624,12.6022,35.4223,196.185,80.3815,128.747,4.0872,58.9237,2285.42,657.697,1366.14,6481.95,1591.62,212.875,54.4959,6.812,38.1471,56.1989,14.9864,89.9183,404.973,805.518,3646.46,5.4496,31.6757,1111.04,14.9864,23.842,5.109,430.518,1282.36,723.774,13.624,3369.21,8.8556,1.703,5.109,189.714,32.3569,7.1526,6.4714,131.812,66.0763,189.033,40.1907,0,666.894,219.005,9.1962,3260.9
"TCGA-C5-A7CL-01",1268.65,415.325,42.9982,85.1624,114.135,138.718,4692.27,5665.06,8.3406,25.8999,91.7471,607.111,141.352,377.963,6.5847,82.9675,1733.54,1729.15,991.659,4153.2,892.889,183.494,106.234,6.1457,78.5777,14.0474,79.8946,2.6339,282.704,885.426,2392.01,28.9728,72.432,1127.3,9.6576,113.696,17.5593,1363.04,1483.32,399.912,31.1677,3389.38,30.7287,2.6339,5.2678,1233.98,69.3591,18.4372,0.439,23.705,89.5522,368.305,134.767,0,540.825,408.253,50.4829,1622.91
"TCGA-C5-A7CM-01",1952.65,667.57,7.734,222.506,45.0128,46.5473,4546.8,8389.77,3.0691,6.6496,18.9258,365.217,24.5524,217.391,6.6496,17.3913,2708.95,2546.29,1048.59,1104.86,977.494,263.939,8.1841,5.1151,20.4604,18.4143,63.4271,9.7187,305.882,816.88,1570.33,10.7417,20.9719,852.685,2.5575,127.877,21.4834,7053.2,1696.16,351.407,4.0921,1662.4,20.9719,1.5345,1.023,223.529,17.3913,3.0691,9.7187,292.072,24.0409,50.1279,14.3223,1.023,1217.9,50.6394,7.1611,1219.95
"TCGA-C5-A7CO-01",2501.12,1144.52,79.9549,267.298,124.859,142.439,13480.3,11151.2,8.5643,9.9166,4.0568,1061.08,35.1589,270.904,17.5794,142.889,2588.69,1432.05,885.283,5034.48,1126.89,230.336,11.2689,53.1891,68.064,10.3674,134.325,16.2272,486.815,890.692,2901.06,60.8519,86.0942,744.647,240.703,102.772,0,32.4544,1252.2,415.145,91.5033,1607.84,27.9468,3.606,50.4846,536.849,386.748,53.1891,6.7613,30.2006,131.62,83.3897,242.055,0,1260.76,433.626,53.1891,1719.18
"TCGA-C5-A7UC-01",2885.44,2219.32,40.7624,44.2056,86.789,34.8778,3355.98,11555.9,0.4056,29.2,30.4167,1558.15,4.4611,49.4778,3.2444,15.0056,2223.26,1373.62,733.651,4403.12,1275.88,179.256,10.1389,0.8111,9.7333,2.4333,19.4667,0,380.412,837.473,1674.14,5.2722,120.045,1238.16,0,94.4946,2.0278,19169.8,1522.46,525.195,20.6834,3570.11,12.9778,1.2167,3.2444,44.6112,39.7445,5.6778,0,5.6778,17.8445,32.0389,47.8556,0.4056,1062.96,44.6112,40.5556,2091.45
"TCGA-C5-A7UE-01",1138.74,1083.29,38.7133,44.9251,166.389,115.363,4226.29,5930.68,1.6639,16.0843,12.2019,343.317,36.6057,250.693,3.8824,66.5557,2196.34,1047.14,1506.93,3628.95,949.529,236.273,11.6473,69.8835,36.6057,12.2019,72.6567,41.0427,628.397,117.027,1943.43,24.9584,14.4204,1268.44,4.9917,82.64,1.6639,55.4631,1264.56,547.421,29.9501,2300.06,151.414,0.5546,15.5297,286.744,74.8752,31.0593,30.5047,117.027,96.5058,61.5641,26.0677,1.1093,1037.71,218.525,58.7909,1405.44
"TCGA-C5-A7UH-01",2313.02,1329.26,83.3587,131.428,298.321,221.55,5234.59,17871.3,35.8819,114.322,68.426,1279.65,137.269,337.54,18.7754,112.235,2859.71,539.481,1260.46,4642.54,1488.27,338.375,220.716,7.5102,117.242,6.6757,158.965,3.7551,521.122,1633.46,1410.24,33.7958,66.3398,1428.18,2.0862,221.133,1.2517,37.9681,1334.31,599.562,40.4715,3150.52,28.789,7.0929,2.0862,692.605,214.04,37.1336,13.3514,109.315,141.859,490.247,54.2401,0,1126.11,372.588,44.2266,1289.25
"TCGA-C5-A7UI-01",1335.38,6590.89,151.477,569.16,1745.33,364.351,6214.75,6659.42,24.488,178.836,15.5833,718.314,42.2974,261.947,86.821,1705.25,4113.24,2048.83,566.934,3904.72,986.94,290.145,65.3013,25.23,138.023,30.4245,812.556,3.7103,507.569,1271.15,970.614,203.324,83.1107,1073.76,4.4524,940.19,5.9365,73.4639,2099.29,402.939,176.61,2210.6,299.792,0.7421,5.1944,870.436,468.24,177.352,83.8528,426.685,247.106,265.658,51.9442,0.7421,2528.94,601.811,239.685,1674.09
"TCGA-C5-A7X3-01",1388.94,1811.37,59.6047,392.998,271.033,308.865,5446.08,9330.33,19.7628,64.3704,37.2671,1172.22,128.741,362.507,27.1033,186.9,1438.74,1207.79,654.997,2798.98,585.545,212.874,129.87,107.849,206.098,64.9351,303.219,1.694,401.468,664.596,1267.65,86.9565,151.327,1542.63,87.5212,240.542,1.694,758.893,1505.36,800.678,79.616,3512.14,172.219,3.3879,13.5517,1712.59,252.4,141.163,176.172,691.135,176.736,1010.16,66.0644,0,920.949,911.35,54.7713,1637.49
"TCGA-C5-A7X5-01",1591.35,879.948,30.7672,4.8653,23.2036,83.0838,15359.7,18480.2,0.7485,14.2216,12.7246,504.491,93.1886,78.9671,10.8533,40.4192,1858.16,1125,1451.72,5300.9,1082.34,150.823,125.374,0.3743,55.7635,0.3743,13.8473,16.0928,299.027,3282.56,3425.52,5.988,20.5838,2048.28,271.332,25.0749,3.7425,29.9401,1013.47,661.677,5.988,4648.95,5.2395,1.8713,0.7485,148.952,43.4132,1.497,0,2.6198,75.5988,391.841,13.8473,0,793.787,1653.82,14.9701,1541.17
"TCGA-C5-A7X8-01",776.348,1513.44,123.445,147.585,85.1872,138.904,3762.34,3950.62,6.5111,29.3001,39.0667,218.665,75.4205,139.989,10.3093,189.365,2069.45,1231.69,678.242,2041.24,647.314,273.467,154.639,7.5963,83.0168,345.084,153.554,92.2409,447.097,1640.8,1355.94,69.452,30.3852,1353.23,39.0667,103.635,8.1389,223.006,2697.78,290.288,37.439,1855.67,56.4297,2.1704,35.8112,739.555,199.674,138.361,31.4704,1739.01,117.743,110.147,7.0537,0,886.598,430.277,46.663,903.418
"TCGA-C5-A7XC-01",1684.89,1112.96,99.6011,853.276,585.945,361.349,6102.56,4285.85,2.849,83.0959,124.406,787.749,178.537,591.643,75.4986,78.8224,1049.86,732.194,1230.29,5717,1281.58,195.157,232.194,33.2384,125.356,192.26,411.681,44.6344,401.235,1065.53,2038.46,37.037,36.5622,2542.26,360.874,771.605,13.2953,4260.68,1651.47,505.698,154.321,3341.88,157.645,12.8205,92.5926,939.221,177.113,262.108,16.6192,373.694,203.229,441.595,16.1443,0,514.245,734.568,65.5271,1358.02
"TCGA-C5-A8XH-01",1336.85,1672.58,216.445,315.789,562.946,286.1,3984.96,12684,30.8463,105.263,132.639,348.564,315.018,538.269,21.5924,261.423,1425.49,714.864,689.03,3503.37,949.682,159.244,280.702,33.5454,141.508,9.2539,294.583,2.3135,428.379,1523.04,2259.49,45.4984,93.3102,2189.7,2.6991,247.542,4.627,95.2381,856.372,992.867,146.52,3980.34,60.9215,9.2539,17.3511,877.579,235.589,67.862,3.0846,84.4419,238.674,523.231,123,0,538.269,528.244,126.47,1436.28
"TCGA-C5-A8XI-01",1736.71,1104.77,136.28,388.889,669.67,117.493,5081.83,5456.84,12.7628,51.0511,83.7087,634.009,383.634,162.913,44.6697,312.688,2203.08,649.024,805.18,4131.01,884.009,229.354,21.7718,137.763,40.9159,22.5225,299.174,54.4294,485.736,726.351,1937.31,57.0571,54.8048,709.835,36.7868,600.601,7.5075,1091.59,1192.57,415.541,168.919,2630.26,259.384,7.8829,12.3874,467.718,703.453,181.682,56.6817,356.231,156.531,88.2132,168.543,0,991.742,419.294,83.3333,1682.06
"TCGA-C5-A8XJ-01",1827.7,1038.47,115.852,142.912,90.7686,236.771,6020.86,6997.3,27.81,57.1649,25.1062,600.618,155.272,201.236,15.8362,170.336,2548.09,1064.5,796.06,5954.81,1081.88,203.94,139.822,3.8625,84.5886,50.2124,228.66,45.1912,465.431,915.411,2082.66,73.7737,67.5937,1036.69,553.882,224.025,54.4612,308.613,1698.34,777.52,113.171,3160.68,39.3975,14.6775,23.175,670.529,328.698,220.548,3.09,184.241,107.764,302.433,166.474,0.3862,752.028,405.176,54.0749,1570.1
"TCGA-C5-A8XK-01",2010.49,1344.57,48.2963,46.6891,77.6655,168.799,7196.41,14482.2,5.3872,37.2615,51.1785,234.792,91.5825,318.294,12.1212,108.642,1947.47,1303.25,767.228,5226.04,1250.28,342.536,77.2166,3.1425,93.3782,4.9383,70.9315,8.9787,416.611,1380.02,1745.45,23.7935,31.8743,1492.26,625.365,84.3996,0.8979,464.647,3712.68,1284.85,24.6914,3252.53,74.0741,3.5915,0.8979,777.553,86.6442,37.2615,3.5915,14.3659,96.5208,621.773,58.3614,0.8979,818.855,539.618,19.3042,1682.6
"TCGA-C5-A8YQ-01",2887.52,3306.39,14.1268,50.2439,20.4878,183.902,10683.9,9178.54,2.439,17.0732,5.8537,342.439,395.122,403.902,3.9024,41.4634,2112.2,1247.8,1963.41,6178.54,1856.59,135.122,8.7805,2.9268,82.439,9.2683,29.7561,55.6098,382.439,209.268,3131.22,53.6585,29.2683,1478.05,3.9024,34.1463,69.7561,8.7805,2267.8,755.61,11.7073,2910.24,17.0732,1.4634,20.4878,549.268,100.976,16.0976,4.878,20.4878,129.756,294.634,28.2927,0,921.951,522.439,12.1951,2317.56
"TCGA-C5-A8YR-01",2246.88,1440.61,69.9061,274.387,2267.61,657.799,6300.99,6762.13,56.8597,189.358,74.5957,637.976,437.141,787.167,102.765,515.389,2953.05,4491.91,605.112,4792.91,869.066,244.653,316.641,1.5649,361.502,62.5978,632.76,0.5216,473.657,895.149,1354.72,151.278,109.025,2297.86,1611.37,862.285,1.5649,197.705,2476.79,408.972,315.076,2406.89,82.9421,8.3464,0,1448.62,344.81,97.5483,0,3.6515,466.354,1841.94,166.406,0.5216,711.528,901.93,181.534,1706.83
"TCGA-C5-A8YT-01",1359.92,1634.31,21.6374,841.971,225.97,124.206,5091.29,7813.38,0,33.2764,23.2161,72.3569,140.458,864.026,111.824,62.2966,1918.42,1285.4,789.348,2400.93,1148.04,286.332,125.367,26.3116,68.4875,279.7,731.307,3.8694,515.398,4789.48,1364.72,9.6734,13.1558,1282.3,19.7337,762.262,94.7991,36.7588,1818.6,743.689,21.6684,3205.76,38.3066,0.3869,14.3166,435.302,149.744,62.6835,1.5477,29.0201,43.7237,295.618,8.5126,0,732.468,318.835,4.2563,1580.63
"TCGA-C5-A8ZZ-01",2316.98,893.533,54.7382,16.0198,7.6285,112.902,6470.49,8125.87,0.7628,26.6997,17.927,409.269,94.9747,267.379,1.1443,46.1524,2053.59,902.451,3675.41,4504.24,1105.75,117.479,67.8936,2.67,81.6249,128.922,16.7827,14.8756,467.245,833.794,2090.59,7.6285,39.6682,713.264,16.7827,18.3084,4.1957,4.9585,990.56,622.866,19.0712,3377.13,9.1542,3.8142,0.7628,392.104,22.8855,5.3399,1.9071,59.5022,67.1307,237.627,19.4527,0,799.847,405.454,16.0198,1664.54
"TCGA-C5-A907-01",1255.06,1183.92,21.1802,508.148,548.148,186.173,5200.99,8275.06,43.9506,18.2716,64.1975,179.753,85.9259,365.926,40.4938,212.346,2172.35,1343.21,525.926,3378.77,791.605,429.63,41.9753,1.9753,60.2469,22.2222,288.395,0,418.765,954.568,1121.48,61.2346,383.21,2349.63,239.506,394.568,0.4938,254.815,2096.79,681.975,72.5926,2878.02,14.8148,0.9877,0.9877,1647.9,168.889,33.5802,2.963,22.716,80.4938,233.58,123.457,0,407.901,159.012,46.4198,1124.94
"TCGA-DG-A2KH-01",1560.02,1147.07,15.7131,53.3837,52.5748,44.4864,8738.47,8156.65,0.2696,15.9073,25.6134,270.962,124.832,150.445,6.2011,16.1769,2328.93,796.711,1176.87,3113.51,926.126,234.834,13.4807,16.9857,7.2796,7.8188,32.6233,56.619,400.108,751.685,1827.72,7.8188,2.6961,691.292,23.1868,62.2809,12.1327,82.2324,908.87,964.141,23.9957,3511.46,30.1968,2.6961,43.6775,94.6347,68.2125,371.259,1.8873,28.8487,34.7803,19.1426,7.01,0,1206.52,54.4621,15.0984,1323.27
"TCGA-DG-A2KJ-01",1175.44,15312,5.3293,832.927,1540.24,359.756,3518.29,7968.29,9.7561,131.707,37.8049,835.366,787.805,465.854,74.3902,3273.17,3396.34,1004.88,721.951,802.439,585.366,280.488,159.756,153.659,57.3171,15.8537,1250,143.902,887.805,613.415,676.829,109.756,80.4878,1989.02,2.439,732.927,7.3171,136.585,1920.73,275.61,131.707,678.049,367.073,0,21.9512,1045.12,210.976,498.781,280.488,402.439,171.951,196.341,9.7561,0,5593.9,610.976,129.268,537.805
"TCGA-DG-A2KK-01",1778.08,1413.02,96.9717,149.349,199.873,242.453,6526.22,8701.94,14.9349,39.0848,23.8322,290.435,149.666,324.754,27.6454,129.965,3818.56,1253.57,852.558,3506.83,1083.57,490.626,186.209,13.6638,83.5717,40.3559,245.948,9.5329,499.523,240.547,1865.9,53.0664,36.225,1605.97,72.1322,216.079,25.421,117.89,1798.54,906.26,83.8894,3190.98,75.9453,6.3553,20.3368,619.32,198.92,1337.46,5.7197,49.2533,135.685,435.335,33.3651,0,945.345,547.506,46.3934,1125.52
"TCGA-DG-A2KL-01",1293.05,754.675,133.587,98.0101,240.968,334.92,6232.7,3032.07,9.6762,142.958,271.557,1010.38,338.978,410.769,11.8611,67.1089,1355.6,767.85,1072.18,5594.07,672.649,188.217,877.409,2.1849,109.247,97.0737,93.3281,2.8092,401.092,1006.32,2002.97,14.3582,162.622,939.524,41.5139,148.888,9.9883,1080.61,821.225,387.671,88.6461,2273.9,65.8603,24.3465,181.038,1080.61,193.523,87.0854,4.682,18.4159,333.359,629.575,289.348,0,712.915,1090.28,76.1607,1948.65
"TCGA-DG-A2KM-01",964.633,1223.2,509.969,3166.09,4890.63,2341.99,5085.31,4862.11,191.922,1485.09,776.577,1080.4,922.204,1958.76,1543.34,2328.5,1295.32,840.96,1010.81,3830.77,1228.79,190.082,4360.54,924.657,1668.74,36.7901,3684.83,142.255,352.572,989.653,2273.32,520.886,632.789,1196.9,18.395,6888.94,8.5843,44.4547,1008.05,503.411,1243.5,3271.56,909.021,97.4937,74.4999,5946.81,7379.47,1575.53,255.384,1459.34,1091.13,5711.96,667.433,0,802.024,3266.04,997.624,1283.97
"TCGA-DR-A0ZL-01",2718.79,1854.23,37.7237,20.9868,65.7855,48.431,3367.17,4081.53,1.2108,23.0047,37.9376,1289.07,20.9868,167.087,4.8431,20.5832,1448.9,699.828,1466.65,4604.18,1240.64,179.598,15.7401,164.666,9.2826,4.8431,36.3233,73.8573,632.832,114.62,3457.17,10.4934,18.5652,718.797,19.776,41.57,2.018,587.63,1549.79,751.085,37.1305,3474.12,168.298,2.4216,45.6059,159.822,43.1843,12.5114,23.0047,127.535,59.7316,79.9112,42.3772,1.2108,889.113,145.293,27.8478,1624.05
"TCGA-DR-A0ZM-01",679.264,955.27,256.98,1150,1551.35,470.27,4703.38,5637.16,59.4595,51.3514,8.7838,1758.11,139.189,650,95.2703,854.054,1696.62,1676.35,466.892,3850,655.405,202.027,100,168.919,91.8919,44.5946,958.108,89.8649,406.081,1181.76,1158.11,217.568,185.811,1102.7,0.6757,467.568,16.2162,95.2703,1507.43,296.622,276.351,2014.86,126.351,7.4324,33.1081,1739.19,1210.81,189.865,38.5135,303.378,404.73,288.514,956.081,1.3514,1139.19,746.622,195.27,2217.57
"TCGA-DS-A0VK-01",1488.19,1673.47,22.8499,30.7711,63.225,123.325,4319.49,6003.73,1.4424,12.2604,11.2988,975.539,60.3402,84.6205,6.2504,34.1367,2735.02,1970.07,1019.29,3961.06,954.384,246.649,24.0399,21.8763,44.7142,28.3671,41.3486,310.596,479.837,1066.17,2995.37,14.9047,17.5491,1758.04,4.5676,42.0698,16.1067,96.1596,1096.94,376.705,29.5691,4640.9,31.0115,0.9616,16.8279,221.648,98.0828,26.9247,8.1736,38.7042,79.3317,102.17,14.4239,0.2404,1146.46,181.261,11.5392,593.305
"TCGA-DS-A0VL-01",1447.18,984.993,82.0828,791.45,420.937,188.179,3679.55,8494.03,11.3273,43.4822,15.7121,1953.78,101.58,300.722,76.368,144.697,1354.16,572.212,1567.55,4219.6,1184.98,120.946,24.1162,32.1549,58.8289,88.7732,303.645,28.8664,461.862,511.19,3828.63,59.1943,39.4629,940.532,2.5578,559.788,4.3848,406.687,949.667,609.847,171.371,2874.94,80.7527,3.654,18.6352,576.231,451.265,80.0219,6.5771,62.1175,149.447,161.871,80.3873,0.3654,738.467,456.746,95.3686,1203.98
"TCGA-DS-A0VM-01",1277.88,1886.36,87.5072,187.606,539.774,273.285,3409.11,6967.13,6.7952,64.9974,15.6585,1291.97,96.0189,215.082,25.999,320.26,931.236,1475.15,585.568,1948.45,1164.04,262.649,192.038,2.0681,113.746,36.3395,178.152,11.8177,461.777,1547.23,1519.76,17.4311,481.572,2580.69,3.8408,444.346,2.9544,757.515,1254.45,567.841,58.4977,3105.99,40.7711,1.1818,80.6559,498.117,106.95,32.7942,5.0225,14.4767,229.559,328.237,568.136,0,592.954,442.573,76.2242,1671.32
"TCGA-DS-A0VN-01",1160.09,1500.31,271.231,1345.54,1538.64,992.87,7004.82,8183.85,228.946,137.984,119.869,516.092,374.639,613.991,154.558,912.314,1610.71,1326.27,802.467,5873.96,581.615,125.265,910.002,8.4795,391.983,11.9484,1711.7,7.3232,434.38,1698.21,2150.7,316.824,278.281,1852.77,3.4689,1872.04,2.698,89.4199,1323.57,913.856,382.733,3359.8,57.0437,13.8755,33.5325,1796.88,1732.51,310.657,4.6252,55.1166,426.286,1029.49,195.799,0,931.201,1347.47,175.756,1907.11
"TCGA-DS-A1OA-01",1147.6,1404.36,113.326,347.079,261.55,326.461,4586.1,3997.33,25.9641,80.9469,42.0008,2351.28,133.257,412.753,30.1642,149.294,1786.56,1050.78,959.145,3464.3,850.325,217.258,240.55,42.7644,185.949,60.7102,204.658,7.6365,376.098,434.899,2336.39,44.6735,84.7652,662.467,181.367,163.039,5.7274,182.894,1028.64,265.368,151.966,2534.17,126.002,11.0729,52.31,1113.02,452.463,96.2199,21.3822,309.66,288.66,381.062,72.5468,0.3818,955.327,735.395,82.8561,980.145
"TCGA-DS-A3LQ-01",1913.97,2180.62,94.61,72.8215,116.697,378.733,6230.96,7516.15,13.7112,90.1889,32.6021,589.884,211.761,280.926,7.3126,108.47,2813.53,909.506,1209.93,2384.52,1375.69,141.987,42.0475,3.6563,337.294,61.8342,95.9781,21.9378,340.341,825.716,3057.28,31.0786,150.213,1618.22,46.6179,106.642,34.1255,12.7971,410.725,432.968,51.7977,2679.46,32.9068,6.0938,7.3126,990.859,117.306,28.3364,4.2657,67.6417,215.113,1302.56,226.996,0,1248.93,725.168,35.0396,2305
"TCGA-DS-A5RQ-01",1628.36,1181.65,81.8925,123.82,132.377,303.511,4597.46,4793.26,13.0867,25.6701,27.1801,1280.48,129.86,279.351,23.6567,89.5936,789.732,1334.84,1022.27,3523.34,763.559,272.807,43.2868,15.6034,91.1036,21.1401,160.564,17.1134,371.964,913.049,2363.16,36.2401,102.177,2223.73,137.914,115.264,3.02,159.557,1154.15,432.868,81.5402,3185.6,35.2334,8.0534,106.707,798.792,319.618,148.484,5.0333,62.9168,201.837,297.974,145.464,0,462.061,723.795,62.4135,1177.3
"TCGA-DS-A7WF-01",1388.89,1062.32,42.5806,51.5818,106.58,105.213,3449.83,4611.63,8.8816,33.1353,30.7441,43.725,74.4691,102.481,10.248,97.0148,2258.33,1080.14,592.679,2229.29,808.229,171.484,18.1049,18.1049,33.1353,46.1162,75.1523,17.0801,453.647,4631.43,1147.44,217.6,33.4769,1135.48,1.3664,92.2324,4.4408,167.385,1204.15,622.74,53.973,3064.51,44.4082,4.4408,5.124,303.684,97.0148,29.3777,5.124,61.1467,76.8603,165.677,24.9369,0,800.714,469.955,35.185,1149.83
"TCGA-DS-A7WH-01",680.201,714.612,13.0279,29.6296,77.037,82.5071,4306.32,3988.15,1.3675,32.8205,193.732,146.781,52.4217,641.367,10.9402,37.8348,942.222,683.761,1222.11,2218.58,851.054,189.63,51.9658,5.4701,46.9516,113.048,24.1595,3.1909,444.9,690.598,1604.1,57.8917,17.7778,597.607,15.9544,123.533,10.0285,1702.56,598.063,1087.18,21.4245,3318.52,163.647,4.5584,1.8234,155.442,84.7863,109.402,1.8234,29.1738,58.8034,121.254,14.1311,0,407.065,100.285,25.5271,1334.24
"TCGA-DS-A7WI-01",1054.44,2622.57,34.1134,574.339,384.361,178.965,4789.1,13740.1,2.2026,13.7665,0.5507,181.718,60.022,268.723,26.4317,167.401,2113.44,1044.05,585.352,3098.02,641.52,537.996,21.4758,2.2026,72.1366,25.3304,200.44,0.5507,416.85,1791.3,1295.7,36.3436,72.6872,1778.08,63.8767,367.291,0.5507,147.577,2012.11,638.766,26.9824,1916.85,20.3744,0.5507,12.1145,531.938,81.4978,25.3304,2.2026,54.5154,134.361,169.603,20.3744,0.5507,962.555,574.89,35.793,1291.3
"TCGA-EA-A1QS-01",762.114,932.74,81.0695,74.2372,35.2312,234.665,2411.45,3574.1,2.202,65.4294,46.8701,154.451,132.117,243.158,10.0661,146.901,1152.56,951.242,1457.69,4533.19,942.435,239.383,351.683,2.5165,151.935,487.88,55.0488,3.7748,325.889,3475.31,2257.31,27.0525,189.368,1541.99,244.102,85.5615,22.0195,617.804,1252.28,438.188,49.072,2951.87,32.0856,7.5495,77.3828,1183.08,129.601,28.9399,1.2583,93.4256,178.043,439.132,279.648,0,525.637,1165.78,39.9497,1631.96
"TCGA-EA-A1QT-01",1075.94,1179.2,57.4842,209.297,295.961,147.244,3514.51,6952.04,9.8864,41.8595,9.8864,568.995,74.2533,133.572,25.8729,123.685,2354.23,702.146,845.393,4157.55,1192.68,299.537,183.424,5.8898,82.4569,7.5726,108.12,1.0517,627.051,228.439,1897.98,27.5557,39.5456,1056.37,0.4207,139.041,0.8414,1682.16,1629.58,775.557,67.7324,3242.11,38.9146,7.7829,12.4106,382.836,143.248,26.0833,4.838,14.5141,147.875,279.554,44.1733,0.4207,1159.02,357.804,49.0114,940.892
"TCGA-EA-A3HQ-01",1736.96,920.702,148.305,139.317,193.41,535.409,6172.77,7293.7,15.2343,96.0424,128.94,1526.74,897.279,567.202,26.2737,93.1722,1799.41,817.575,1190.26,7138.49,1345.26,204.89,1363.14,17.4422,360.104,44.3782,160.291,3.3118,427.444,747.806,2684.55,63.1451,62.9243,583.319,3.3118,200.033,7.5068,42.1703,667.219,816.912,109.069,3245.35,93.8345,30.027,130.264,1798.75,241.541,55.1968,3.9742,54.3136,331.181,2029.03,66.4569,0,761.936,1557.21,70.6519,1115.42
"TCGA-EA-A3HR-01",1570.56,1172.28,45.0792,108.679,27.592,125.853,4958.4,2519.61,1.4078,12.9514,39.6987,1168.72,129.514,104.737,27.592,32.0969,1198.56,571.268,1990.85,2655.31,1517.28,318.716,29.5629,9.5727,67.2908,133.174,84.747,119.119,395.298,973.323,3333.29,11.8252,40.2618,655.17,105.3,126.698,51.2423,138.523,1056.38,768.354,44.7667,3604.42,46.456,4.7864,88.4071,561.132,76.8635,73.4849,7.8834,17.7377,114.873,137.115,81.6499,0,826.635,603.365,11.5436,1516.15
"TCGA-EA-A3HS-01",2252.87,1086.5,93.1451,696.651,192.702,234.331,4935,4159.23,5.5137,39.9741,17.6437,451.018,150.247,332.474,37.2172,97.5918,1180.48,1301.78,1598.14,4329.33,1236.16,285.608,41.6282,25.6385,87.6672,68.3694,174.232,0.827,410.492,465.353,3147.75,27.5683,27.844,1672.57,7.4434,313.176,14.0598,122.403,1378.14,627.179,81.8779,3052.09,61.753,13.5085,10.476,706.576,143.631,59.8232,8.8219,73.6074,134.533,349.015,35.8388,0,514.425,528.209,48.7959,1833.84
"TCGA-EA-A3HT-01",1051.86,813.992,161.935,62.4684,131.299,344.444,4331.72,4711.45,7.8085,113.368,102.957,421.372,237.727,535.898,28.6313,56.6843,1184.87,1179.96,2072.74,4569.45,902.321,173.523,196.949,7.8085,195.792,78.0797,76.061,6.0733,288.627,997.759,3558.38,31.5234,62.7576,2064.64,28.3421,98.3298,5.2057,195.503,893.934,550.647,121.755,3150.31,40.778,21.6904,173.523,980.406,142,33.5478,1.1568,44.8268,281.975,593.16,129.564,0.2892,587.376,963.343,100.644,1491.72
"TCGA-EA-A3HU-01",1290.46,1202.24,93.588,1635.71,2948.5,1079.86,4883.97,6451.39,164.931,113.426,51.794,305.266,146.991,223.669,502.026,1512.15,3109.38,1530.96,1261,4564.24,887.442,230.324,138.889,107.928,295.718,52.0833,2300.93,960.359,498.843,855.035,2210.36,209.78,101.273,1390.34,2.6042,3841.44,2.8935,232.06,960.938,350.116,456.019,3203.99,201.968,8.9699,10.9954,1576.39,809.896,168.403,40.7986,422.743,383.102,1092.3,232.06,0,1787.04,777.488,262.731,1981.77
"TCGA-EA-A3QD-01",1128,1545.7,403.874,898.087,850.258,922.737,6114.79,8114.42,107.064,126.196,153.422,1259.75,423.473,1085.36,101.545,655.997,2545.62,760.854,710.081,3838.85,801.692,287.712,198.308,534.584,480.5,36.4238,1041.21,2.9433,431.935,874.908,1642.38,277.778,159.676,1316.04,10.6696,623.252,23.5467,25.0184,1932.3,838.116,417.954,2342.16,480.132,22.8109,129.875,2835.17,1972.04,472.774,160.412,679.912,559.235,1072.11,286.24,0,1166.67,1597.87,275.938,1296.17
"TCGA-EA-A3QE-01",1652.9,776.991,221.824,984.253,1418.48,520.807,6943.38,4584.6,109.897,123.836,245.527,929.572,305.033,470.683,172.619,453.528,1437.51,622.931,697.179,5369.97,1053.94,216.578,199.96,410.909,225.156,49.3198,695.034,3756.62,384.373,786.437,2023.19,194.599,193.527,2665.42,39.6703,923.407,4.2887,298.063,1175.9,473.899,433.425,3429.34,387.322,27.6084,53.0724,1385.51,1298.93,342.558,74.7839,410.373,318.971,650.003,780.004,0.5361,684.849,667.158,194.063,1682.24
"TCGA-EA-A3Y4-01",418.782,1561.98,110.115,2517.99,3794.39,962.436,3373.27,7321.55,175.564,170.028,19.3752,740.213,98.4579,293.397,181.495,2570.98,1339.26,1539.74,307.632,2603.8,576.908,249.11,144.721,5.9312,171.609,54.1716,2372.08,3.9541,361.408,670.225,871.491,617.635,121.787,1825.23,21.7477,1580.07,0.3954,198.893,1814.95,433.768,496.639,1662.71,89.3634,0,0,2017.79,2172,675.761,2.7679,51.4037,281.93,363.385,90.5496,0,750.89,497.034,340.055,1594.7
"TCGA-EA-A410-01",1251.15,1119.69,39.0778,133.921,4604.25,216.119,6068.56,10127.9,20.85,37.6905,7.6183,67.3617,83.8011,277.065,30.8741,358.46,4275.46,1060.55,784.683,1885.73,995.589,353.649,26.8645,2.4058,102.646,101.844,203.689,6.0144,589.014,1502,1133.52,95.429,27.2654,1107.06,4.0096,239.775,53.328,40.4972,1805.53,640.738,44.9078,3000.4,25.2606,4.4106,5.2125,584.202,3762.23,4176.42,2.0048,48.1155,120.289,380.513,26.0626,0,1438.25,491.58,35.2847,1982.36
"TCGA-EA-A411-01",1754.03,980.758,103.949,66.1828,91.0321,208.882,3329.81,4508.06,3.1984,30.262,56.0955,1737.98,187.969,544.716,29.77,56.8336,1219.83,682.741,1233.85,3933.08,908.107,267.438,148.358,31.2462,105.548,71.0813,72.5797,5.4127,457.867,1063.6,2179.85,23.3731,48.7145,1788.17,15.008,71.1035,13.2858,500.677,1876.25,644.36,61.0161,3093.62,88.0797,9.5953,141.961,813.384,109.731,20.9128,15.008,334.604,188.953,388.732,20.4207,0.4921,706.852,706.606,55.1113,890.392
"TCGA-EA-A439-01",1475.47,656.893,35.8467,226.189,217.043,190.052,3689.73,8257.9,19.4067,19.6298,8.6996,118.894,76.5116,201.652,44.6132,243.365,1417.81,1145,1007.81,1662.29,642.653,222.843,33.683,5.3536,70.0427,400.807,131.832,246.934,542.496,1078.75,2078.31,41.7133,64.466,835.828,9.3688,270.133,6.2458,889.587,1258.54,873.526,89.8956,2787.43,20.0759,2.4537,3.346,304.262,270.579,379.212,1.3384,39.9288,122.686,220.166,84.542,0.4461,461.969,294.001,51.7513,1750.84
"TCGA-EA-A43B-01",864.922,1959.74,122.025,914.11,1337.42,415.815,4037.49,7560.33,23.1766,55.8964,17.7232,414.451,34.0832,414.451,102.249,612.815,2584.87,663.94,284.935,2965.92,877.301,523.517,81.1179,53.8514,72.938,16.3599,599.182,4.7716,558.964,671.438,911.384,164.963,155.419,3599.86,4.7716,773.006,1.3633,1885.48,1374.91,570.552,152.693,2279.48,177.914,2.7267,6.135,942.059,717.11,214.042,39.5365,419.905,361.963,331.288,65.4397,0,1523.52,1072.26,111.793,815.269
"TCGA-EA-A44S-01",2992.42,1402.09,43.2412,264.378,335.711,235.399,5793.58,3204.64,7.5791,22.7374,16.0499,2731.16,163.62,734.284,31.2082,234.061,1473.47,1016.94,1322.78,5602.76,783.772,135.087,166.741,50.379,208.649,41.0165,239.411,8.9389,488.631,1091.4,2576.46,53.9456,70.4414,1141.33,43.6915,246.545,10.2541,27.6416,1829.25,374.053,100.758,2615.69,65.5372,1.3375,84.2621,1115.47,386.536,125.725,8.4708,92.2871,217.566,352.653,69.5497,0,1062.42,640.66,82.033,1711.99
"TCGA-EA-A4BA-01",892.223,1719.78,1.838,15.5083,7.467,30.4423,5000,11576.1,0,0.5744,0,224.584,18.3802,47.0994,0,74.0953,2641.59,1047.1,588.742,1688.11,750.144,201.608,68.3515,0,21.8265,966.674,9.7645,0.5744,500.862,3564.62,1720.28,12.6364,7.467,894.888,2.8719,5.7438,18.9546,172.315,1890.29,755.887,2.8719,2435.96,13.2108,1.7231,2.8719,186.674,14.3596,1.7231,9.7645,5.1694,18.9546,39.058,0,0,1324.53,106.835,5.1694,1690.41
"TCGA-EA-A50E-01",2748.26,1342.78,32.3539,70.9019,61.2592,442.995,10546.2,21101.5,6.2394,43.1083,11.3443,465.683,412.365,489.507,22.6886,39.1378,3211,1031.76,1867.27,5328.42,1401.59,200.227,455.474,23.823,372.66,15.3148,100.397,4.5377,325.014,1866.7,3501.42,19.2853,34.6001,2018.72,10.2099,133.296,20.987,241.634,1394.78,730.573,25.5247,4293.82,26.6591,3.9705,17.5837,900.17,115.145,23.823,2.8361,74.8724,237.096,1051.05,11.9115,0,976.744,1023.26,58.9904,1837.21
"TCGA-EA-A556-01",1847.31,1760.75,64.3174,74.2885,165.943,109.503,6556.68,10715.4,5.3063,19.7781,6.2711,494.452,63.6758,148.095,11.5774,152.436,1997.59,1072.36,1182.83,1444.28,982.152,402.798,40.0386,0.9648,78.1476,503.579,78.1476,1.4472,533.526,789.677,2876.51,13.9894,34.7323,1022.67,202.123,133.623,28.4612,130.728,1212.25,1127.35,25.5668,3356.97,27.4964,5.3063,1.4472,438.495,52.0984,40.0386,3.8591,2.8944,93.1018,351.664,19.7781,0,491.558,272.07,25.5668,2096
"TCGA-EA-A5FO-01",2080.6,770.063,41.3152,53.3687,35.1453,15.6201,6481.92,6798.22,0.4339,5.6406,0.8678,409.594,28.203,17.3557,3.4711,18.2235,2216.76,1145.91,1024.42,2988.22,767.121,297.216,2.1695,0.4339,0.4339,27.3352,32.9758,239.942,499.844,124.961,2799.47,6.0745,23.4302,740.654,332.795,30.3725,17.3557,731.108,1158.93,806.172,20.8268,3300.18,3.0372,0.4339,11.7151,47.2942,112.378,377.052,0.4339,2.1695,13.8845,5.6406,21.2607,0.8678,726.336,43.8231,8.244,1316.86
"TCGA-EA-A5O9-01",1351.7,1181.01,64.9358,131.917,313.152,211.708,5882.12,8321.17,11.6279,22.8549,2.4058,1139.53,114.274,89.0136,40.0962,178.428,2089.82,1071.37,1340.02,4186.05,637.53,294.707,106.255,0,104.25,2.8067,252.606,12.8308,412.189,413.392,3016.44,60.5453,30.8741,2847.23,0,159.984,3.6087,1.6038,1335.2,319.166,73.3761,1938.25,7.6183,0.8019,12.4298,418.605,239.375,50.1203,4.8115,8.0192,100.641,241.78,36.0866,0,1437.45,425.822,63.352,1559.34
"TCGA-EA-A5ZD-01",1588.94,1115.01,123.774,71.33,156.506,472.037,4876.03,5608.21,16.3639,102.799,59.5815,602.109,178.325,691.062,26.8536,148.115,1434.57,1004.91,1930.94,7170.34,998.62,300.845,308.397,34.4062,230.773,26.0145,172.87,7.9722,409.518,689.803,3801.89,68.3929,51.6093,1720.31,3.3567,155.667,6.2938,52.8681,1260.02,371.335,137.625,3624.82,179.584,18.0423,185.458,1405.62,182.521,43.6372,2.0979,44.8959,442.246,725.048,53.7073,0,580.29,1445.06,137.205,1333.87
"TCGA-EA-A5ZE-01",1562.99,1076.3,89.743,500.829,128.109,553.068,4723.88,7412.11,7.8773,40.2156,15.34,376.866,185.323,422.056,19.9005,213.516,1851.16,1804.73,1071.31,4061.77,833.748,168.325,65.9204,69.2371,141.791,53.4826,153.4,2.4876,482.173,1014.51,2458.13,48.5075,52.2388,657.96,398.01,294.361,5.8043,466.418,1256.63,499.171,109.867,2992.54,98.2587,9.5357,232.173,2014.51,279.436,71.3101,21.1443,198.59,347.015,593.284,26.1194,0,690.298,2410.86,66.7496,1177.86
"TCGA-EA-A5ZF-01",1394.25,636.475,11.212,12.7362,17.2555,108.463,3896.88,8791.29,0.4108,11.5037,11.0929,128.595,107.642,198.028,3.6976,88.7428,1472.88,1450.29,1336.48,2476.17,953.163,151.191,56.2859,6.5735,91.2079,136.401,11.0929,617.502,407.97,963.024,2631.06,4.5193,18.0772,1019.72,7.3952,28.3484,5.341,163.928,2223.91,724.322,3.6976,2442.48,37.387,0.4108,3.2868,243.221,18.8989,249.795,2.0542,28.3484,89.1537,338.537,2.8759,0,530.403,278.143,6.5735,1179.95
"TCGA-EA-A6QX-01",1940.73,1618.45,129.497,215.117,273.14,293.27,5658.97,7277.68,2.3683,50.523,19.3408,1645.15,181.567,285.376,24.8668,1895.01,1407.54,563.647,768.107,5086.24,1553.19,176.831,21.3144,38.287,150.385,34.3398,249.063,2.3683,389.185,817.052,1231.5,63.1537,107.361,1095.32,1.5788,280.245,2.3683,374.186,1800.67,445.234,113.282,2959.15,100.651,10.2625,1.9736,751.529,330.768,78.1528,64.7326,308.664,236.037,541.149,89.9941,0,590.093,518.255,96.3095,1266.23
"TCGA-EA-A78R-01",1642.63,1853.96,46.5869,143.03,319.935,273.155,4369.94,7270.87,6.9902,79.5806,3.2262,223.686,136.04,376.395,15.0558,352.198,2272.89,891.518,924.318,4097.86,822.691,174.217,190.886,50.0067,151.633,16.1312,234.978,3.2262,310.795,684.501,1824.98,33.8755,81.1937,921.629,97.8626,172.604,4.8394,702.783,1330.29,305.955,65.0625,2587.98,116.682,1.6131,118.833,552.763,157.548,71.515,17.7443,75.8166,202.715,471.569,53.7707,0,1653.45,626.966,115.607,1462.02
"TCGA-EA-A97N-01",1629.94,580.721,58.0602,24.6792,74.0375,130.8,3976.8,3005.44,0.9872,27.6407,85.8835,632.774,101.185,437.808,5.923,24.1856,1256.66,680.652,1287.76,7331.19,861.797,155.479,71.076,24.1856,51.3327,42.9418,37.0188,35.538,401.283,875.123,2706.81,21.2241,32.5765,695.459,3.9487,63.6723,5.923,20.2369,1644.13,718.658,28.1343,3928.92,72.0632,7.8973,69.5953,439.289,68.6081,14.3139,3.9487,21.2241,126.851,158.934,60.7108,0.4936,462.981,485.192,25.1728,1571.57
"TCGA-EK-A2GZ-01",887.113,1347.34,38.9524,167.67,233.895,163.155,5217.34,9667.67,21.6737,30.7044,76.1589,1065.02,72.8477,158.94,55.6893,69.8374,1168.87,687.538,1971.1,3316.98,785.069,196.267,31.0054,19.5665,70.4395,25.587,294.702,17.1583,459.663,2080.37,3543.35,24.3829,13.5461,1635.46,281.156,324.804,1.2041,4372.97,773.028,588.2,62.9139,3873.87,65.3221,2.4082,3.9133,371.463,119.807,23.4798,1.2041,52.9801,210.114,257.977,31.3064,0,591.21,242.324,43.3474,1504.52
"TCGA-EK-A2H0-01",1455.69,693.831,32.8626,255.942,193.937,180.503,7537.03,14453.7,7.5784,17.9125,23.0796,146.745,44.4368,262.143,36.1695,102.652,2713.4,858.078,573.889,5911.47,1022.05,181.536,24.8019,0.3445,85.4289,24.4575,104.375,0,302.79,1211.51,1448.85,12.401,19.9793,676.197,2.7558,201.171,1.3779,66.4829,1196.69,812.952,28.9356,3338.96,12.0565,1.7224,6.545,284.878,35.4805,4.4781,2.4113,6.8894,160.179,264.554,32.3803,0.3445,881.502,335.515,18.9459,2811.23
"TCGA-EK-A2H1-01",1188.99,901.998,153.38,594.051,1060.69,534.566,5152.33,15677.7,49.4373,253.215,43.4084,390.273,215.032,491.961,36.9775,567.122,1584.41,739.952,529.743,3023.31,722.267,391.881,637.058,18.8907,438.103,20.4984,549.437,9.6463,272.508,988.344,1582.8,47.4277,739.952,1375.8,6.4309,659.566,5.627,1091.64,1752.41,575.161,78.7781,1665.19,60.2894,3.2154,8.0386,926.447,139.47,41.8006,10.4502,83.1994,445.338,1356.91,253.617,0,1185.29,988.344,137.862,1876.21
"TCGA-EK-A2IP-01",368.116,879.46,58.0486,183.836,695.98,103.853,2430.9,4385.26,0.4188,18.0067,12.9816,792.714,31.407,152.429,25.5444,95.0586,1435.93,1950.59,557.37,2907.45,491.625,203.936,30.5695,5.4439,36.0134,9.6315,135.678,3.7688,426.298,1056.53,1420.44,78.3082,80.402,1159.13,9.6315,146.147,3.3501,181.323,2285.59,495.812,62.8141,2075.38,19.6817,0.4188,4.6064,173.786,358.459,98.4087,3.7688,26.8007,109.715,72.0268,30.9883,0.8375,805.276,112.647,56.9514,2237.86
"TCGA-EK-A2PG-01",893.877,2573.41,22.2341,156.24,133.061,86.2754,6976.28,6990.02,11.16,9.0138,1.7169,1608.76,51.5077,112.029,14.5938,92.2846,2016.95,1157.63,1022.86,3086.17,716.815,297.886,27.0415,20.1738,29.1877,6.8677,155.381,1.7169,463.998,464.857,2100.23,24.0369,2.1462,1271.38,184.998,72.54,11.5892,63.5261,1073.93,413.349,33.9092,2304.97,17.1692,1.7169,6.0092,288.014,119.326,20.6031,2.5754,96.1477,148.085,84.5584,15.4523,0,1410.88,208.606,24.0369,991.523
"TCGA-EK-A2PI-01",1002.23,1308.71,36.5504,77.9263,80.8608,65.8624,3939.03,4924.03,1.6303,8.8034,8.1513,1223.67,55.7548,120.965,6.195,54.4506,1263.78,822.302,731.334,3171.18,1313.99,351.81,33.9094,1.3042,34.2354,62.9279,38.8001,341.05,609.716,536.355,1861.43,6.195,17.6068,961.2,348.549,62.6019,21.8455,50.2119,1644.28,545.158,15.3244,1305.18,7.1731,1.3042,7.4992,171.177,24.4539,14.0202,0,1.3042,49.8859,62.6019,29.6707,0.9782,463.971,157.157,26.7362,1535.38
"TCGA-EK-A2PK-01",804.764,1382.92,143.896,4605.09,2584.08,666.161,4942.5,8612.89,148.998,160.693,41.5809,261.18,191.879,654.9,368.598,660.531,1217.54,1782.78,438.332,2452.41,676.99,527.991,141.635,5.6308,209.204,480.732,1828.26,1.2994,387.656,1744.23,816.892,268.11,247.32,1680.56,262.913,3599.78,2.1657,1426.75,1798.81,634.976,416.676,2797.18,123.443,7.7964,4.3313,871.467,1038.66,178.885,42.8803,752.355,288.901,777.91,318.787,0.8663,659.664,538.82,144.667,1436.28
"TCGA-EK-A2PL-01",817.947,1156.08,26.7829,161.417,294.151,92.8009,2458.38,4618.67,28.6839,19.1226,2.8121,1014.06,55.6805,101.237,8.4364,96.7379,644.544,1327.33,772.216,2593.36,644.544,296.4,38.2452,15.748,37.1204,2.2497,146.232,4.4994,399.325,212.036,1399.33,43.3071,15.1856,1149.04,0,88.8639,0.5624,102.925,1640.61,643.42,56.243,2255.34,30.3712,1.6873,7.874,771.654,286.839,214.848,2.2497,11.2486,86.0517,66.9291,10.1237,0.5624,456.13,119.797,30.9336,1956.13
"TCGA-EK-A2PM-01",4290.34,1686.12,7.7853,6.4847,9.7271,19.8145,10988.7,22512.8,1.0808,2.8821,1.8013,498.244,14.0503,48.6355,2.1616,18.7337,5572.91,2526.16,1041.88,2710.98,1367.2,137.26,29.5416,0.7205,33.8647,3.6026,7.2053,12.9695,380.798,705.395,3771.95,1.8013,6.4847,495.001,148.068,26.2992,4.6834,5404.67,564.892,421.508,3.2424,4089.35,0.3603,0.7205,0,44.3123,18.3734,12.6092,0,3.9629,31.3429,103.395,3.2424,0,1571.83,47.1945,6.1245,1811.76
"TCGA-EK-A2R7-01",2008.92,1095.27,81.1377,227.871,410.101,203.708,8217.8,8501.06,22.4851,69.4689,82.5573,303.046,54.7026,284.923,54.0314,261.431,1874.32,1111.17,901.754,5113.85,961.826,324.86,111.754,128.534,110.076,53.6958,303.046,3687.9,560.785,717.174,3119.39,114.775,40.943,1466.23,83.5641,330.565,8.7256,1433.01,2051.18,944.71,145.985,2381.07,316.805,7.0476,17.7867,806.443,462.455,305.73,63.4281,479.57,178.203,339.961,24.1631,0.3356,823.895,365.131,119.473,1878.68
"TCGA-EK-A2R8-01",1344.41,1300.76,33.3629,139.924,423.899,112.269,6369.62,12390.5,16.5102,47.8795,14.8591,222.887,28.0673,190.28,33.8458,402.022,2035.7,863.069,800.743,2813.74,792.488,111.031,7.8423,0,19.8122,13.6209,171.293,0.4128,391.291,2416.26,2046.43,22.2887,162.625,849.861,9.4933,257.559,4.1275,806.109,1343.93,922.918,100.299,3950.47,11.5571,0,0.4128,257.971,237.746,68.9299,0,26.4163,42.5137,80.487,96.1717,0,934.475,137.447,47.4667,1984.52
"TCGA-EK-A2R9-01",1800.9,1473.49,173.263,411.859,373.835,408.471,4303.06,14018.3,54.2118,53.4588,10.9176,258.635,63.2471,287.247,32,474.353,1711.81,1554.07,618.918,2082.26,832.376,169.412,32.7529,13.5529,74.1647,63.6235,785.694,206.306,605.365,475.859,1328.56,164.141,73.0353,1025.13,509.741,316.612,32.7529,510.118,1273.98,453.647,173.553,1854.87,88.4706,6.0235,215.341,1914.35,741.647,2099.95,6.0235,56.4706,372.706,79.0588,28.6118,0.7529,949.082,2045.36,145.318,1354.92
"TCGA-EK-A2RA-01",1005.9,1068.21,193.619,675.312,353.75,407.5,6800.62,5570.63,47.8125,37.8125,5,1118.12,84.6875,642.5,69.375,437.188,914.062,1170.31,751.875,7968.12,599.688,215.312,24.6875,77.8125,104.688,51.875,690,9.375,478.125,1031.88,2047.81,130.938,114.375,1165.62,63.75,326.25,228.75,235,1385.94,556.875,213.125,2015.94,99.375,4.375,103.438,1249.38,721.562,165,16.25,65,284.375,118.438,76.25,0,573.438,849.375,150,1364.38
"TCGA-EK-A2RB-01",1396.19,3842.72,39.0644,666.798,504.54,123.174,4179.63,3413.34,4.7375,7.8958,0.3948,1245.95,61.5871,85.2744,16.1863,148.441,1804.18,1580.34,1064.35,3912.75,806.553,279.905,19.7394,0.7896,48.9538,14.2124,241.216,4.3427,614.686,404.264,1510.46,13.028,8.2906,1715.75,71.8516,205.685,7.8958,11.8437,2178.44,405.053,42.6372,2003.95,8.2906,0.3948,10.2645,220.687,135.413,44.2163,1.5792,3.9479,84.09,93.5649,9.8697,0.7896,997.236,145.677,22.503,1168.18
"TCGA-EK-A2RC-01",1195.9,1933.4,74.1213,462.572,253.241,292.231,5519.45,3917.49,4.921,45.803,58.6732,1289.3,117.725,249.834,31.7971,134.002,2249.27,1501.66,869.499,3777.04,844.516,270.275,39.7464,10.2205,111.29,38.6108,277.468,260.433,407.306,650.327,2012.68,52.9952,101.069,1507.33,56.0235,233.557,9.842,1116.68,1670.11,432.668,111.29,2478.28,109.397,4.5424,18.9268,929.687,546.986,250.213,7.5707,135.516,253.998,281.253,37.0966,0.3785,875.177,765.402,90.0918,985.71
"TCGA-EK-A2RE-01",1678.14,437.195,24.0108,7.7552,14.1617,35.7414,5372,6478.63,1.6859,13.4873,128.13,255.922,56.9839,84.9701,0,4.3834,1330.19,1231.05,924.218,5311.64,1128.55,304.476,90.7022,0.6744,21.5797,49.2287,1.0115,15.1732,269.072,324.707,1683.22,2.0231,25.9631,2054.12,7.418,9.1039,0.6744,248.504,974.458,561.409,6.4065,1919.58,5.0577,3.709,20.231,107.561,5.7321,1.3487,0,2.6975,53.9493,67.0994,30.0093,0,802.832,159.488,11.4642,1928.69
"TCGA-EK-A2RJ-01",1974.49,2721.24,25.0491,586.713,1589.23,524.186,5455.49,6132.87,78.1589,103.517,128.528,667.998,239.687,357.447,199.045,523.491,2911.68,639.514,754.841,3193.4,1051.15,366.826,312.983,3.8211,270.256,11.1159,852.453,2.4316,429.006,4753.45,1236.65,169.518,676.683,1814.68,271.646,1322.1,0.6947,262.614,1086.93,560.313,361.963,4817.02,25.7056,2.4316,2.4316,1416.93,1024.4,190.013,18.0634,236.214,237.256,1514.2,1239.43,0.3474,728.441,559.965,161.528,2030.05
"TCGA-EK-A2RK-01",2500.08,1626.87,109.207,304.364,729.455,314.546,4356,8751.28,4,40.3636,4.3636,93.8182,30.1818,240.727,72.7273,215.636,2572,1571.27,559.636,4574.91,1131.27,137.818,29.8182,45.0909,67.2727,20,267.273,293.454,556.364,2133.45,1986.18,63.2727,58.1818,1602.55,4,341.454,2.5455,353.454,1473.09,334.546,108,1630.91,84,6.1818,102.909,1911.64,425.454,122.182,16.7273,82.5455,293.818,168,45.8182,0.3636,1356.73,634.545,124.364,997.455
"TCGA-EK-A2RL-01",1319.7,1736.75,14.6914,130.016,41.5395,56.5595,4620.51,4257.22,3.755,2.3469,6.5712,188.688,91.7625,91.2931,2.8162,29.3358,1658.06,653.368,1279.51,1720.49,794.18,298.756,11.7343,0.2347,25.5808,24.6421,63.8348,8.6834,492.373,400.61,2707.58,7.0406,5.8672,742.079,13.1425,56.7942,3.5203,489.791,1684.35,1117.11,7.7447,2936.63,6.3365,0,1.1734,108.66,175.311,473.363,9.1528,10.5609,20.1831,64.7735,5.1631,0,815.536,62.896,3.755,948.134
"TCGA-EK-A2RM-01",1327.25,1029.99,31.1889,17.6991,42.7087,132.359,3481.72,7057.71,0.7695,33.8592,8.4648,281.647,127.357,220.085,2.3086,79.2613,1746.06,1310.89,976.145,1022.32,914.582,272.413,66.1793,0,68.1031,148.519,20.7772,27.703,323.971,2355.52,2176.99,31.5506,69.2574,1158.14,35.783,33.8592,4.6172,250.096,1848.02,387.841,12.3124,1744.9,28.4725,2.3086,1.1543,340.9,33.8592,250.481,1.5391,19.6229,168.911,281.647,43.4783,0,737.591,234.706,16.1601,1489.03
"TCGA-EK-A2RN-01",439.726,942.697,144.727,50.7284,263.239,458.612,3813.54,1676.09,6.8552,29.4773,16.4524,2825.02,123.393,411.311,8.2262,254.327,804.799,925.45,653.985,5553.38,397.601,110.368,8.9117,4.1131,172.751,10.9683,60.3256,0,357.155,2059.3,1372.41,118.595,126.135,2143.62,113.796,23.3076,2.7421,98.0291,2595.37,112.425,69.2374,1233.25,10.2828,6.1697,19.1945,1028.96,217.995,28.7918,2.7421,16.4524,409.255,479.177,424.336,0,294.087,888.432,126.821,1885.18
"TCGA-EK-A2RO-01",2566.12,1604.71,30.059,449.049,185.705,116.984,4623.21,9047.61,32,39.3443,11.0164,624.262,69.2459,69.2459,13.6393,84.9836,2833.84,1198.69,771.672,8176.79,962.623,155.803,88.6557,2.623,56.6557,174.164,162.098,6.2951,360.393,556.59,1711.74,12.5902,45.1148,1339.8,45.6393,142.689,5.7705,308.459,920.656,446.951,15.2131,2391.08,8.918,0.5246,10.4918,200.918,52.459,38.8197,0,2.623,72.918,139.541,22.5574,0,1012.98,194.098,31.4754,921.18
"TCGA-EK-A3GJ-01",1970.75,1407.09,40.452,567.154,1321.63,498.537,4466.34,7151.54,82.2764,142.439,27.6423,1151.54,282.927,409.106,72.8455,569.431,1813.01,1283.58,735.61,6589.59,973.659,142.439,274.146,0.9756,241.626,13.6585,550.244,0.3252,583.089,1492.36,1281.95,115.772,132.358,971.382,0.9756,672.52,0.9756,46.5041,1172.36,465.691,211.382,3298.54,44.878,4.878,1.9512,957.073,621.138,168.13,0.3252,4.5528,409.431,872.195,227.317,0,751.22,776.911,155.772,1516.75
"TCGA-EK-A3GK-01",1824.31,409.949,51.1754,257.127,281.603,211.673,2829.21,7506.99,18.5584,39.8063,9.6826,210.597,92.2539,160.032,48.951,126.681,2370.9,651.694,962.614,3429.26,1140.4,377.622,78.2679,1.6138,90.9091,22.574,233.728,54.0613,338.085,361.485,1424.69,66.9715,17.2136,1930.88,77.9989,345.616,5.1103,12.1033,1321.14,1122.92,137.708,3697.96,27.7031,5.3792,0.5379,467.456,274.61,1065.36,1.8827,36.0409,68.8542,229.962,16.9446,0.269,791.286,139.591,47.8752,1553.52
"TCGA-EK-A3GM-01",805.77,1186.05,10.0275,124.148,21.1747,30.4568,5050.89,11657.4,0,13.633,3.7708,1113.27,1148.37,112.835,7.8317,12.7628,1969.25,1577.37,1562.58,1383.03,877.445,271.79,49.601,1.7404,10.1523,8.992,47.5706,977.807,443.509,152.574,1673.09,6.6715,11.3125,538.94,12.7628,64.6844,1.1603,998.112,1059.9,560.694,16.2436,4069.02,8.4119,11.3125,0.8702,93.9809,20.0144,218.128,2.3205,5.8013,13.343,69.9055,25.8157,0,570.847,61.4937,5.8013,1196.23
"TCGA-EK-A3GN-01",1357.93,928.518,15.1745,32.9949,7.9315,37.4365,13007.9,13302.7,0,1.9036,0.9518,952.728,39.6574,98.9848,2.8553,27.6015,1066.94,1043.46,1071.07,4942.58,1095.18,199.239,16.8147,0.9518,22.8426,8.2487,16.8147,0.9518,504.124,345.812,2188.45,2.2208,5.7107,1641.18,124.048,23.7944,0.3173,838.198,1771.89,960.66,4.1244,2426.08,23.4772,0.3173,10.4695,223.033,25.0635,4.7589,19.0355,1.5863,81.8528,71.3832,12.0558,0.3173,400.381,78.9975,0.6345,1577.09
"TCGA-EX-A1H5-01",1727.38,617.538,62.6974,92.8389,70.7614,50.6652,2578.83,5234.65,3.1135,8.7744,3.1135,294.933,26.0402,94.8203,7.9253,67.3648,2189.92,1528.73,1021.23,4246.53,1032.55,212.567,21.2284,49.533,16.4166,23.2097,78.4036,112.652,480.045,384.942,2164.73,20.6623,35.6637,861.025,2.8305,69.6292,2.5474,1512.31,1924.14,339.938,37.362,1654.12,93.9711,2.5474,51.5143,363.43,108.406,158.222,27.1724,263.798,52.9295,30.5689,25.7571,0,1031.13,181.149,27.7385,1473.82
"TCGA-EX-A1H6-01",429.589,1399.78,29.0296,313.381,198.57,60.4699,6185.9,6358.32,0.8172,13.8917,6.5373,2537.69,35.9551,213.279,41.2666,107.457,1836.16,918.488,569.561,2116.85,633.299,345.25,62.9213,3.6772,49.8468,47.3953,129.111,7.3544,325.23,661.491,1312.77,45.761,13.4831,953.626,335.036,134.423,12.666,182.227,945.863,519.305,18.3861,1827.99,67.4157,0,5.3115,219.408,291.726,64.1471,6.1287,136.466,31.8693,77.2217,4.4944,0.4086,1138.71,81.716,20.429,1597.14
"TCGA-EX-A3L1-01",1399.01,1094.71,72.2662,107.905,118.432,148.134,3502.96,6959.68,0.752,102.641,237.616,741.423,162.421,870.007,30.078,39.4774,2289.69,1195.98,775.637,3053.29,793.308,269.574,200.395,17.2949,54.8924,7.8955,70.6833,7.8955,298.148,1965.6,1744.15,25.9423,198.139,1250.12,3.0078,191.747,5.2637,16299.7,1459.91,484.256,66.9236,3190.15,84.9704,11.2793,27.8222,610.208,95.4977,13.5351,7.8955,150.766,154.526,224.457,103.393,0.752,901.212,613.967,62.7879,1612.56
"TCGA-EX-A69L-01",985.818,1811.54,158.268,685.309,492.488,806.344,8850.58,5149,61.7696,78.8815,38.3973,755.008,379.8,593.072,47.9967,573.873,1521.29,1032.14,708.264,6838.48,832.22,301.753,61.3523,166.11,257.095,27.5459,863.94,0.4174,411.102,1073.46,2139.82,353.923,106.427,1897.75,897.746,658.598,5.8431,90.985,1724.54,1070.53,373.539,2924.04,117.279,10.4341,56.3439,2030.47,1324.29,251.252,63.8564,418.614,424.875,1239.98,105.175,0,682.387,2213.69,155.259,1179.88
"TCGA-EX-A69M-01",1320.05,1018.83,78.124,505.782,465.072,420.821,6756.15,6479.58,76.1107,78.3232,29.6478,530.562,137.176,346.038,125.671,279.662,2262.52,1343.44,867.308,5216.23,983.686,135.406,102.661,44.2504,146.911,9.2926,475.692,3.54,473.479,726.591,1914.27,137.176,57.968,749.159,5.7525,453.566,14.1601,7929.23,875.715,576.582,201.339,3552.86,62.393,6.6376,30.0903,1336.36,776.594,211.517,14.1601,226.562,220.809,550.475,61.508,0.4425,775.709,798.719,98.6784,1478.41
"TCGA-EX-A8YF-01",3592.28,1884.21,84.7502,488.849,421.945,410.348,11640.5,9231.04,20.0714,158.787,214.541,1353.7,214.095,367.975,185.995,336.307,2432.2,1179.3,589.652,3284.57,715.879,299.732,159.679,91.4362,144.068,14.273,472.792,1.7841,422.391,488.849,1883.59,322.926,50.8475,1509.37,1306.87,767.618,12.9349,690.455,936.218,687.779,187.779,3392.51,74.4871,12.9349,1.3381,1069.13,1227.03,241.748,64.6744,865.299,107.493,870.205,61.9982,0,1044.6,463.872,118.644,1251.56
"TCGA-FU-A23K-01",1668.03,3526.28,20.2014,453.35,643.65,249.486,6369.5,14381.8,15.2076,72.3387,25.4829,156.186,97.4106,248.253,46.4447,533.087,8080.15,1315.25,520.345,2161.53,483.765,362.515,169.749,77.6819,150.021,23.8389,496.506,0.822,664.612,355.117,875.873,85.4912,46.0337,1668.31,17.6737,346.075,5.3432,66.9955,1535.55,360.46,198.52,1087.96,443.485,0,23.8389,678.175,351.007,167.283,97.4106,420.88,172.626,319.77,96.9996,0,3220.3,370.736,235.923,1125.36
"TCGA-FU-A23L-01",1672.08,1222.84,134.575,565.206,731.507,351.507,4073.97,5993.42,29.863,54.2466,96.9863,1103.56,230.685,435.342,160,398.904,996.712,1049.59,1541.92,3981.92,1059.45,343.288,60.5479,109.589,97.8082,28.2192,384.932,57.8466,448.219,294.247,2617.81,147.945,106.301,926.849,160.274,689.315,8.7671,1080.55,1533.15,507.945,216.438,2711.78,180.548,12.3288,55.3425,1279.18,991.233,426.849,38.6301,186.301,353.699,279.178,71.5068,0,556.986,908.219,179.726,1796.44
"TCGA-FU-A2QG-01",1995.81,416.221,19.5858,649.543,590.371,108.123,3144.97,5714.64,29.5858,24.2066,30.9306,304.734,26.3583,94.1366,59.1716,136.364,1743.14,591.178,852.34,4857.18,1479.56,172.673,22.0549,0.5379,13.7171,37.6547,228.349,46.5869,388.381,193.383,1712.48,28.7789,17.4825,1373.59,2.9586,654.384,1.3448,1317.11,761.162,714.094,123.184,2529.05,105.164,3.4965,4.5724,133.405,172.136,75.8472,1.3448,4.8413,59.9785,82.0334,75.0403,0.269,709.79,130.178,29.3168,1152.23
"TCGA-FU-A3EO-01",471.219,5952.59,6.0533,137.87,284.615,203.55,3439.05,4904.14,0.5917,42.0118,2.9586,1716.57,194.083,121.302,9.4675,76.3314,3146.75,1025.44,292.899,789.941,955.03,147.929,371.598,10.0592,114.201,34.9112,155.03,2.9586,503.55,342.604,720.71,38.4615,20.1183,816.568,165.68,106.509,11.8343,111.834,957.396,381.065,34.3195,1547.34,59.1716,0,87.574,436.686,110.059,116.568,16.568,20.1183,137.278,263.314,2.9586,1.1834,2650.3,484.024,42.0118,914.793
"TCGA-FU-A3HY-01",2218.1,1184.82,13.6994,403.046,113.31,55.0019,4064.13,5578.03,0.9017,5.7106,85.6586,971.7,47.4879,120.824,10.5195,13.8256,1570.41,550.319,905.878,5047.55,1193.81,202.275,20.7384,1.2022,15.9295,8.115,41.4768,1.5028,444.523,399.44,2198.27,2.1039,9.0167,1527.13,1.2022,82.9536,1.8033,735.763,1174.58,842.16,19.8367,3965.54,12.6234,1.5028,29.4545,58.9091,30.6568,9.9184,2.4045,4.8089,91.3692,27.9518,13.2245,0,872.817,61.6141,9.3173,2055.51
"TCGA-FU-A3HZ-01",2235.93,1993.08,42.04,152.026,674.3,305.174,9496.86,16625.2,43.1956,44.8785,5.6098,75.7325,38.1467,130.709,25.8051,311.906,4592.76,1580.85,959.839,2375.2,1400.21,253.003,36.4638,0,130.709,38.7077,303.491,1.6829,436.444,1160.11,1888.82,855.497,37.5858,1933.7,8.4147,410.639,34.7809,719.739,1791.21,1003.6,73.4886,3852.82,16.8294,3.9269,2.2439,350.613,359.589,7760.62,0,86.9521,159.88,201.392,19.6344,0.561,1325.04,201.953,75.7325,2051.51
"TCGA-FU-A3NI-01",1895.24,1871.31,67.0433,85.1784,164.662,165.9,5653.22,6526.3,2.9713,33.9228,154.262,722.531,146.834,171.347,36.8941,54.7222,1747.89,939.438,1192.99,4206.67,1328.44,203.784,175.061,22.0374,117.615,54.1749,90.1306,0.9904,584.116,504.632,2464.97,17.0852,42.094,1763.24,16.0948,133.958,26.9897,43.0844,963.457,655.428,51.9984,4529.06,82.7023,14.6091,92.3591,763.634,152.529,29.4658,4.457,38.875,116.873,492.252,11.1425,0,736.149,763.387,31.6943,1539.9
"TCGA-FU-A3TQ-01",1366.6,858.435,129.347,97.4517,163.82,148.698,6056.01,5029.97,5.6007,63.0076,137.216,1153.46,84.0101,311.397,15.1218,36.6844,1435.45,1171.38,875.385,7487.26,1023.52,238.029,83.17,218.146,74.769,15.4018,116.494,17.6421,378.045,686.922,1555.03,22.4027,57.1269,1341.92,2.5203,115.094,6.7208,1047.89,1859.98,327.919,87.0905,2985.16,196.304,10.9213,76.1691,872.585,109.493,37.5245,36.1243,176.701,238.029,227.667,170.541,0.28,634.556,516.662,47.8857,1232.71
"TCGA-FU-A3TX-01",1793.19,573.374,96.2253,174.728,69.2932,147.061,6553.94,6142.41,16.7002,36.3914,67.5484,179.714,870.153,96.7113,30.9077,94.7173,2622.17,1285.41,836.752,4239.1,1057.84,276.674,30.16,32.6525,53.3408,5.4836,196.414,304.591,462.619,485.052,1251.76,50.1005,56.5811,1644.09,181.209,136.841,8.4747,126.871,483.806,557.835,76.2723,3483.35,98.9546,4.7359,58.5752,740.789,342.727,472.091,5.7329,58.3259,130.61,205.387,250.004,0,1010.48,715.614,41.1272,1840.76
"TCGA-FU-A3WB-01",1599.36,1083.01,63.2005,85.7266,74.8564,57.8099,6405.04,2618.99,1.7294,5.9292,5.4351,786.61,36.0694,41.2575,12.8466,95.8557,2250.63,539.806,937.558,4256.19,1020.81,303.378,16.0583,0.9882,32.1166,20.5052,81.7738,1.9764,545.982,579.334,2574.02,11.8584,32.8578,597.369,132.172,67.4449,6.9174,132.172,1165.34,841.455,38.5399,3430.3,11.3643,0.7412,10.8702,216.169,126.737,100.056,1.9764,74.3623,38.0458,48.422,31.3755,0,856.031,295.226,13.0937,1561.36
"TCGA-FU-A3YQ-01",1300.18,1008.58,188.822,313.273,455.107,362.72,5800.26,4604.75,19.1932,96.6168,225.114,475.276,183.8,1144.11,51.0735,149.968,1155.17,2489.59,1306.44,4186.73,1056.93,240.403,480.481,232.921,204.294,31.2101,285.296,30.9044,359.141,1151.59,2231.62,53.676,80.6766,1419.32,13.3377,311.971,7.4821,214.379,1183.8,549.772,198.113,3886.14,160.703,24.0729,248.861,1629.15,487.638,145.088,72.2186,1071.89,347.43,933.312,65.0618,0.9759,693.884,1274.24,124.268,1837.02
"TCGA-FU-A40J-01",1048.72,731.691,35.7692,458.855,463.029,164.878,4226,6914.43,7.4538,11.0316,22.3614,568.575,201.55,418.903,69.7674,161.598,2369.11,1071.56,905.784,2713.18,1325.88,582.29,73.3453,9.839,75.4323,38.1634,381.932,21.4669,383.423,518.485,1573.05,83.4824,20.5725,1445.74,23.8521,535.48,31.3059,308.289,1471.08,807.99,115.385,1727.49,29.2188,3.2797,35.48,366.13,596.899,147.585,2.6834,43.8283,67.3822,248.957,16.6965,0.2982,884.615,399.821,41.7412,770.125
"TCGA-FU-A57G-01",1244.35,1606.74,11.961,40.3633,30.9452,122.435,5157.08,6725.42,6.2787,18.8362,6.2787,93.7325,69.066,113.914,24.6664,43.0542,1686.74,1282.21,1101.47,1684.94,740.442,320.215,150.69,9.4181,98.2173,159.202,44.3996,36.3269,434.578,4181.19,1323.02,8.5211,29.1513,2269.76,21.5271,68.6176,20.1816,333.67,1390.74,636.843,25.1149,3596.82,19.2847,4.9333,9.4181,480.771,34.533,10.3151,2.2424,6.7272,73.1024,261.464,7.1757,0,739.993,220.204,11.212,1357.55
"TCGA-FU-A5XV-01",1564.48,514.274,40.9807,132.366,318.822,144.679,4087.95,6134.56,15.3914,34.3008,72.5594,396.658,63.3245,108.179,25.5057,71.6799,1485.49,1070.36,1333.33,4785.4,1325.86,160.95,45.2946,23.7467,43.0959,28.1442,76.0774,52.7704,281.442,450.308,2960.86,36.4996,18.4697,1509.23,5.7168,156.552,0.8795,1925.68,897.537,618.294,73.4389,3853.56,51.8909,3.0783,6.5963,410.73,180.739,29.9033,8.7951,102.463,150.835,148.197,47.4934,0,662.269,324.978,52.7704,1988.57
"TCGA-FU-A770-01",1657.8,1573.48,13.026,73.8665,144.677,51.9613,6322.98,7162,1.0188,13.7545,120.734,827.305,93.2247,406.521,11.2073,19.3581,2586.86,685.685,960.774,2926.13,861.437,402.445,190.525,17.3204,11.7168,22.4147,99.3377,0.5094,343.861,1399.39,1791.14,8.6602,8.1508,1129.9,100.357,189.506,33.1126,773.306,731.533,745.797,38.7163,3554.76,103.923,1.0188,39.7351,210.902,78.4513,17.8299,1.0188,23.9429,76.9231,93.2247,19.3581,2.0377,1190.02,149.771,13.7545,1214.47
"TCGA-GH-A9DA-01",1406.24,1255.74,165.253,132.936,327.548,236.285,5272.44,6630.14,4.1673,93.347,126.685,721.773,116.684,379.222,18.7528,180.026,2858.34,1596.48,793.033,4666.52,853.459,295.46,80.0118,12.9186,63.3426,8.7513,179.193,0,532.995,355.469,1836.1,49.1739,279.208,1240.6,2.5004,357.553,1.6669,603.839,1083.91,588.837,113.767,6550.13,120.018,10.4182,66.2597,593.837,286.292,59.1754,2.5004,14.1687,200.863,308.379,94.5972,0,1009.31,859.293,111.683,2694.56
"TCGA-HG-A2PA-01",994.887,1139.3,90.6717,403.11,641.006,256.346,3617.08,3968.2,18.1707,72.9623,131.108,483.061,47.8029,134.184,116.852,149.559,1739.07,1473.22,894.557,3259.26,1014.2,202.953,89.4557,11.182,43.3301,44.1576,243.767,698.873,363.973,1271.67,1866.27,95.8853,126.356,1302.14,642.404,674.552,24.6003,18633.6,1199.54,469.083,209.103,3500.23,174.159,8.666,13.1388,408.98,524.434,941.801,6.7092,284.301,188.696,171.923,277.313,0,663.09,405.346,93.6489,1507.61
"TCGA-HM-A3JJ-01",1059.29,804.028,122.725,284.167,186.389,309.167,3246.11,3703.06,11.1111,50,49.4444,703.889,167.778,350.278,33.0556,182.222,1438.33,839.722,2392.22,4399.17,759.167,336.111,106.389,26.6667,130.833,96.6667,178.889,1.3889,410,666.944,1268.06,51.9444,44.1667,1969.17,13.8889,261.667,8.0556,1401.94,1565.83,503.611,87.2222,3130.83,128.889,11.3889,165.556,1034.72,214.444,107.222,16.9444,138.333,266.944,440.278,53.3333,0,956.389,1321.11,71.1111,1987.22
"TCGA-HM-A3JK-01",1749.18,1353.17,108.614,128.614,83.7488,297.607,3308.57,3662.01,0.4985,44.3669,38.3848,496.012,178.963,373.878,23.9282,93.7188,2747.26,1161.02,611.167,5122.63,850.449,333.998,341.476,20.9372,172.483,329.98,166.5,14.9551,560.817,1081.75,1498.5,39.3819,51.346,1733.8,10.4686,138.086,16.4506,186.441,1672.98,273.18,67.2981,1611.66,61.3161,7.4776,127.617,1379.86,198.405,82.2532,16.9492,475.075,262.712,655.035,14.9551,1.4955,1193.42,1648.06,67.2981,940.179
"TCGA-HM-A4S6-01",1010.02,1049.83,83.3688,479.131,231.261,723.595,3787.48,4011.5,22.5724,52.385,40.46,2838.16,362.01,1102.21,83.9012,344.123,1184.84,850.085,1722.74,7382.45,864.991,287.479,29.3867,6.3884,208.262,84.7147,487.649,0.4259,380.324,2137.56,2279.81,220.187,169.506,1400.34,0.4259,571.55,5.5366,5.9625,1496.17,530.239,158.007,4041.31,58.3475,14.9063,78.3646,2139.69,665.673,140.119,1.7036,48.9779,264.48,976.15,708.688,0,432.709,1684.84,68.9949,1206.56
"TCGA-HM-A6W2-01",1456.08,1940.01,46.2864,46.4868,1618.08,203.007,5810.85,15756.5,0.4265,75.4878,17.0594,88.2823,126.666,238.405,2.5589,74.2083,3596.12,1827.49,692.185,2388.74,1257.28,452.074,66.1051,17.9124,298.113,99.3709,88.7088,2.1324,512.635,1955.86,614.564,29.4274,17.9124,2558.91,21.3242,61.4138,30.2804,55.8695,1719.59,500.693,32.4128,3139.78,37.5307,2.1324,1.2795,935.281,126.666,63.1197,8.9562,76.7672,134.769,892.633,1.2795,0,1589.93,897.75,31.9864,2463.38
"TCGA-IR-A3L7-01",2199.25,876.288,44.3311,34.6829,13.4719,54.1741,5126.48,4038.41,0.5733,0.5733,3.7263,237.908,35.5428,47.2949,4.8728,42.7087,1754.78,861.34,658.115,4449.73,1184.95,335.364,19.4912,0.5733,26.0838,135.005,27.2304,55.034,528.269,1555.28,1960.87,3.7263,7.7392,1477.89,22.6442,28.6636,6.0193,403.87,1512,625.439,5.7327,2649.09,64.7796,0.5733,40.129,128.986,52.741,10.3189,0,1.7198,25.7972,29.5235,17.7714,0.2866,624.006,178.861,3.153,1210.75
"TCGA-IR-A3LA-01",2907.27,1626.99,76.144,105.845,113.685,162.865,13873.8,10559.9,3.5638,64.1483,16.0371,384.177,85.531,213.827,32.7869,71.2758,2652.53,1374.55,1548.82,3005.35,2904.13,334.284,125.445,8.5531,131.148,13.5424,88.7384,4.2766,497.862,914.825,2818.25,29.2231,32.7869,1557.38,183.179,129.366,18.5317,126.871,735.21,1160.73,71.6322,3259.44,38.1326,11.7605,24.5902,618.674,212.402,449.75,7.484,37.7762,145.046,268.353,37.4198,0,764.79,338.917,45.6165,1649.32
"TCGA-IR-A3LB-01",764.192,730.682,68.4613,140.56,171.333,153.036,4757.97,6831.72,10.5351,59.3291,37.7045,294.428,95.6474,171.333,12.1985,163.848,1910.17,1330.75,528.417,1745.49,365.955,140.56,351.261,5.5448,144.996,25.7832,189.354,136.401,357.638,816.745,1627.39,56.8339,58.4974,1563.63,148.323,155.254,31.0507,1377.32,924.037,288.883,38.5362,1586.64,30.4963,4.4358,3.8813,422.789,212.365,79.2903,0.8317,28.0011,105.628,439.423,56.2795,0,1088.99,247.297,65.1511,1147.77
"TCGA-IR-A3LC-01",1626.31,1296.84,26.2811,222.933,326.697,231.071,6220.03,8084.58,1.1626,33.4254,12.4982,998.401,85.4527,198.227,36.6226,27.9029,3761.95,1448.63,1331.49,6082.26,687.981,138.352,45.0516,8.429,163.348,51.1554,115.681,0,403.72,386.281,2692.05,11.6262,22.6711,898.125,17.1487,409.243,1.1626,316.814,830.112,975.149,29.6469,3030.95,34.588,0.5813,8.429,633.048,33.716,12.4982,1.7439,20.0552,161.604,447.028,8.7197,0.2907,1879.38,383.084,15.1141,1181.22
"TCGA-IR-A3LF-01",1401.67,1202.02,61.5446,173.1,58.2611,125.952,5000.69,5161.33,18.8591,20.2062,33.677,413.216,94.969,460.027,19.1959,101.704,1885.91,1224.49,654.343,1756.25,772.886,305.113,64.323,207.45,44.4536,16.1649,137.402,36.0343,450.934,1430.26,1596.62,74.4261,24.5842,1268.95,34.6873,126.625,8.0825,144.137,1203.95,707.216,122.247,2497.82,154.24,3.7045,124.605,838.219,410.185,182.866,30.3093,153.904,99.0102,134.034,29.6357,0.3368,738.872,330.371,40.4123,1292.86
"TCGA-IR-A3LH-01",1075.97,1102.41,198.992,671.204,1395.92,1610.89,4484.39,4403.35,154.58,359.853,178.675,386.138,725.025,1923.18,159.587,1493.55,1714.15,1294.53,658.687,2876.63,804.193,273.801,315.419,161.464,608.934,25.972,2758.66,3.755,357.35,1177.5,1645,434.953,416.178,1937.57,1.5646,945.944,9.7004,99.5072,1377.77,882.109,408.668,1986.39,152.703,14.3941,16.5845,6293.67,1739.18,223.422,99.5072,1004.46,967.222,3138.86,120.472,0,1149.34,4948.13,200.892,1013.22
"TCGA-IR-A3LI-01",651.568,1538.58,17.3953,9.1494,8.5776,13.1523,4618.16,6592.14,0.5718,3.431,0.5718,455.182,13.1523,28.5919,0.5718,76.6262,3093.64,1111.65,609.578,1527.95,450.036,259.614,6.862,0,5.1465,11.4367,9.1494,37.7412,365.976,431.165,2430.88,5.7184,5.1465,679.914,0,4.5747,10.2931,321.944,1137.96,315.654,2.2873,1781.84,9.7212,0,1.7155,94.3531,17.1551,113.796,1.1437,5.1465,6.862,16.0114,4.0029,0.5718,1638.31,17.7269,1.1437,1273.48
"TCGA-IR-A3LK-01",2237.1,727.78,63.8681,175.044,399.596,350.442,7819.34,12592.9,66.4814,76.7365,14.145,735.538,149.23,301.995,24.4001,334.882,1210.46,529.376,611.416,4574.48,1268.45,89.1133,73.5539,4.2435,183.885,3.5362,264.511,1.0609,463.955,1731.34,1703.41,77.4437,60.4698,976.357,0.7072,220.662,4.2435,133.67,1076.08,783.278,86.638,3468.35,21.2175,4.9507,7.4261,894.669,271.584,57.9944,9.9015,23.6928,277.241,367.769,60.8234,0,777.266,466.43,129.427,854.003
"TCGA-IR-A3LL-01",924.601,889.253,197.67,1107.11,2559.81,998.045,6811.18,7711.1,127.443,57.0758,5.0821,570.367,357.701,1610.63,234.167,1897.97,3043.78,1399.92,925.723,5077.01,645.035,213.839,373.729,10.5551,564.113,22.674,1341.28,50.0391,421.423,2347.54,1738.47,273.651,299.844,1780.69,0.3909,893.276,8.9914,38.3112,1027.37,317.045,238.858,2652.46,93.8233,1.5637,14.0735,2829.55,1572.32,326.036,9.7733,150.508,736.513,1134.87,141.517,0.3909,1644.25,1317.04,260.751,2127.05
"TCGA-JW-A5VG-01",1651.62,537.836,40.0493,1739.92,1104.43,367.258,5325.24,5267.19,20.8669,63.739,87.2617,152.518,101.299,274.305,146.827,492.839,1914.07,707.199,577.445,4735.27,558.854,413.165,90.6763,1.897,158.209,91.8145,599.829,0.3794,300.863,843.403,1218.25,54.254,119.131,1187.9,58.8068,1461.82,1.897,224.225,1376.84,849.094,102.058,3700.28,33.0077,1.5176,1.5176,491.321,268.614,52.357,1.1382,14.7965,248.506,596.415,71.7063,0,842.265,593.759,78.5355,2133.36
"TCGA-JW-A5VH-01",1143.28,1323.83,7.5263,11.2797,12.8355,36.9506,5436.02,11625.4,0.7779,1.9448,9.7238,17.8919,18.6698,112.408,4.6674,33.0611,2944.38,1233.76,1097.63,1557.37,942.435,243.096,55.6204,0.389,18.6698,45.1186,13.2244,24.893,458.576,956.826,1367.95,3.8895,11.6686,1122.52,7.3901,121.743,31.8942,515.753,1895.76,646.052,3.8895,3239.98,7.3901,0.7779,1.5558,199.922,84.7919,2450.02,0.7779,2.7227,17.8919,96.0716,2.3337,0,1053.29,128.355,173.084,2063.4
"TCGA-JW-A5VI-01",902.977,1018.42,72.5868,264.918,267.891,208.442,2620.57,4547.45,7.4311,48.6736,45.7012,1439.77,179.089,279.037,33.0683,112.581,1063.76,993.907,908.078,4437.47,1546.04,930,130.787,82.8566,114.067,69.8522,210.671,1.1147,491.195,483.392,1626.29,49.7883,73.9393,1807.61,3.344,326.225,2.9724,146.021,1370.66,856.061,84.3428,3727.06,148.993,7.0595,25.2657,697.779,425.801,115.182,18.9493,186.892,139.333,375.27,53.5038,0,466.3,524.635,61.3064,1422.31
"TCGA-JW-A5VJ-01",2125.22,1803.98,28.9427,51.6546,46.0048,151.332,6001.61,6096.86,11.2994,14.5278,15.3349,3228.41,235.674,298.628,5.2462,92.8168,2551.25,912.833,1430.99,4469.73,1072.64,237.692,41.1622,77.8854,64.5682,17.7563,59.7256,0.4036,397.901,462.066,2564.97,30.2663,20.9847,1357.14,10.0888,69.4108,8.8781,18.1598,2592.01,384.181,33.4948,3680.39,42.3729,1.6142,4.4391,432.607,94.0274,20.5811,32.2841,92.8168,89.5884,184.019,19.3705,0,957.224,282.082,27.845,1514.12
"TCGA-JW-A5VK-01",1650.38,1893.24,35.3565,96.1191,60.0181,68.1408,6741.43,10937.3,2.2563,6.769,0,356.498,24.8195,83.0325,0.9025,20.3069,6322.2,1645.31,681.408,4800.99,844.314,365.975,34.296,2.2563,27.9783,20.3069,30.2347,1021.21,471.57,141.245,1753.61,19.8556,37.9061,884.928,25.2708,34.296,11.7329,62.7256,2077.62,246.841,2.7076,1293.32,24.3682,0,10.8303,186.823,15.7942,32.491,5.8664,19.4043,123.195,89.3502,11.2816,0,2107.4,179.603,14.8917,938.177
"TCGA-JW-A5VL-01",1113.51,1276.32,72.6436,877.954,378.441,465.174,4934.24,6135.76,42.4816,64.4305,6.0182,1415.7,178.423,498.451,73.6348,442.871,2877.07,720.772,1317.64,6183.2,798.301,191.521,113.992,1.062,170.635,41.7736,492.079,3.1861,421.984,899.903,1424.55,126.737,63.0144,2430.66,0.354,613.506,2.1241,4.9562,1187.01,479.688,128.153,2818.3,33.2773,4.6022,11.3284,1514.47,380.211,93.4596,2.4781,13.0985,260.2,397.203,257.368,0,958.669,1150.9,129.569,1229.14
"TCGA-JW-A69B-01",1150.3,1936.23,92.3338,31.995,8.4693,379.235,6593.48,8739.96,0.941,37.0138,20.0753,635.508,369.824,737.139,2.1957,55.207,1401.51,1395.86,865.746,2744.67,1105.71,183.814,181.932,10.665,168.444,68.3814,37.6412,7631.76,362.923,914.994,1347.87,18.8206,26.6625,1414.68,67.7541,32.6223,29.1719,139.586,1558.34,734.003,29.4856,3095.04,47.6788,7.8419,23.5257,846.926,51.1292,129.862,18.1932,236.826,156.838,513.488,24.4668,0.6274,508.783,742.158,38.2685,985.571
"TCGA-JW-A852-01",946.486,4330.8,29.3146,182.522,165.172,138.8,3381.17,4282.68,9.022,20.126,1.388,525.359,42.3341,163.784,3.47,254.698,7153.76,1232.55,1133.3,2404.71,698.165,431.669,15.268,17.35,36.0881,9.716,182.522,348.389,527.441,213.058,3195.87,51.3561,58.9901,1243.65,2.776,108.264,0.694,148.516,1817.59,285.234,29.842,1320.68,49.2741,2.082,74.2581,507.315,68.0121,45.8041,17.35,74.2581,106.182,90.9141,16.656,0,3987.73,644.727,96.4661,1092.36
"TCGA-JW-AAVH-01",1816.86,644.402,37.9378,206.699,163.158,47.8469,5100.96,5396.65,3.8278,9.5694,13.8756,932.536,23.445,41.6268,27.2727,79.9043,1360.77,1073.68,1070.33,5697.61,874.641,311.962,7.177,1.4354,10.0478,25.8373,117.225,2190.91,466.986,507.177,2774.64,22.488,8.6124,1345.45,2.8708,210.048,1.9139,18.6603,2297.61,504.785,44.9761,1981.34,188.517,2.3923,1.4354,163.636,194.258,20.5742,1.9139,12.9187,66.0287,18.1818,28.2297,0.9569,786.124,95.6938,19.6172,1825.84
"TCGA-JX-A3PZ-01",1495.85,1670.08,45.1515,433.502,367.845,375,6646.04,17174.7,20.202,77.4411,81.6498,285.353,171.296,424.242,61.8687,150.673,2812.29,1449.07,489.899,3699.92,870.791,533.249,142.256,2.9461,170.034,46.7172,593.014,0.8418,379.209,593.855,1255.05,55.1347,204.125,1704.55,224.327,393.098,1.6835,63.1313,1138.47,925.926,95.1178,1607.32,25.6734,2.1044,21.0438,1747.05,268.098,56.8182,4.2088,5.4714,294.613,527.778,44.6128,0.4209,967.593,1569.02,47.5589,919.192
"TCGA-JX-A3Q0-01",1410.36,861.529,106.701,285.824,250.192,379.693,5142.53,5841.77,28.7356,54.023,24.1379,1651.34,217.625,428.353,52.8736,455.939,3276.25,1258.62,824.138,6992.34,682.375,231.418,106.513,52.8736,145.211,4.5977,352.49,6.8966,404.215,311.494,1756.32,187.356,66.2835,1076.63,1.1494,430.651,2.2989,209.962,1489.66,472.031,149.042,2185.82,49.4253,8.046,7.2797,1244.06,573.563,109.579,18.0077,85.4406,245.211,768.582,238.314,0.3831,1282.38,835.249,134.483,1410.34
"TCGA-JX-A3Q8-01",1239.69,1617.24,75.4466,496.153,885.246,304.115,4270.99,4655.74,49.8494,94.0114,2.0074,39.1435,64.5701,156.239,74.6069,268.652,2920.37,1090.33,766.143,1347.27,792.573,400.803,118.1,6.0221,211.776,51.5222,454.333,2.6765,437.605,205.754,1271.66,100.703,20.0736,2084.64,9.3677,705.587,0.3346,1960.19,1333.56,297.089,152.225,1613.25,95.6842,1.6728,15.3898,531.616,373.704,1249.25,2.0074,15.3898,164.938,624.958,7.6949,0,1248.58,380.729,78.2871,942.121
"TCGA-JX-A5QV-01",1361.04,1391.43,42.471,233.149,514.009,383.031,3971.19,3263.64,30.1564,43.6593,13.953,829.076,177.788,247.553,86.8685,202.993,1091.03,655.789,993.811,5032.07,563.07,221.897,174.187,11.2524,130.528,1.8004,272.308,1.8004,500.056,1968.27,2777.54,59.4126,67.9644,1458.31,6.3013,239.451,6.7514,87.7687,932.598,551.817,166.535,2574.1,45.9098,3.6008,33.3071,624.283,518.51,88.6688,12.1526,56.7121,243.502,216.046,212.445,1.3503,681.895,481.152,138.179,1726.57
"TCGA-LP-A4AU-01",1193.3,1106.62,26.2563,364.863,481.44,146.436,6721.75,11259.2,26.1785,17.1797,65.0373,290.009,49.9029,364.863,58.9017,148.891,4101.44,1566.21,1106.04,3250.23,1043.05,172.615,73.2181,12.2712,39.2678,24.1333,333.776,25.3605,372.635,1183.35,1517.13,42.9492,160.753,1411.19,847.121,389.406,9.4079,3067.8,1329.79,620.104,79.3537,3197.46,30.2689,1.6362,2.4542,312.097,401.268,110.85,8.9989,128.847,71.582,211.474,460.579,0,1061.46,159.525,54.4023,1543.31
"TCGA-LP-A4AV-01",876.352,5416.29,19.7913,380.634,1216.19,500,2457.43,4050.92,53.4224,73.4558,3.3389,1280.47,244.574,531.72,58.4307,1597.66,4165.28,575.96,435.726,2956.59,597.663,374.791,259.599,13.3556,132.721,247.913,1429.88,1.6694,547.579,986.644,776.294,182.805,158.598,3580.97,0.8347,463.272,7.5125,114.357,1304.67,228.714,176.127,1126.04,54.2571,0,50.0835,1530.05,289.649,229.549,61.7696,263.773,254.591,307.179,24.207,0,3755.43,1385.64,168.614,1158.6
"TCGA-LP-A4AW-01",1871.51,1251.01,32.6105,60.619,44.8239,95.1974,3657.2,10085.4,2.9883,34.1515,23.9061,332.124,102.455,234.365,5.1227,159.232,2084.1,1394.66,1100.53,3958.59,554.963,179.722,160.939,42.2625,144.717,1260.98,83.6713,21.7716,501.601,1370.76,3418.57,21.3447,27.7481,1464.67,29.4557,81.5368,28.175,581.857,1626.04,673.212,44.397,4210.89,86.2327,4.2689,63.1804,379.509,107.577,29.0288,24.333,144.717,86.2327,467.449,18.3565,0,761.153,445.251,37.5667,1469.37
"TCGA-LP-A4AX-01",1297.67,1193.35,138.89,796.769,1085.98,736.321,7166.23,26189.7,149.557,194.372,69.3069,260.031,137.572,660.24,193.851,1150.6,2103.7,938.51,612.819,2855.65,1223.55,477.853,98.4888,138.093,305.367,16.1542,1612.3,8.8588,471.6,1104.74,1595.62,297.551,196.978,2171.96,116.728,1561.75,1.0422,81.2923,1947.37,695.675,262.116,3294.95,121.417,13.5487,5.7322,1420.01,1499.22,311.099,84.419,270.974,322.564,1948.93,107.348,0.5211,422.616,1252.21,124.023,1207.4
"TCGA-LP-A5U2-01",2550.25,1240.33,26.4042,248.796,184.293,188.482,10591,36432.7,23.8743,18.8482,3.3508,438.534,50.6806,68.2723,18.0105,251.309,8459.9,723.351,705.759,5478.53,1778.85,194.764,13.822,5.445,54.4503,6.7016,278.953,46.4921,422.618,159.162,2252.57,72.4607,15.0785,930.262,1.2565,203.141,6.2827,20.5236,792.042,756.021,82.9319,3071.41,34.7644,2.5131,18.8482,315.393,513.089,102.199,1.6754,25.5497,105.131,92.5654,134.45,0,2214.03,236.649,27.2251,2641.26
"TCGA-LP-A5U3-01",817.439,1064.99,44.9671,310.732,209.609,342.115,6129.79,8003.1,16.2728,39.907,5.4243,2333.59,93.7621,249.516,47.6559,172.801,2070.13,800.465,1231.31,5827.59,898.101,172.801,30.6083,9.6862,141.418,28.6711,258.039,0.7749,420.38,1179.78,2508.72,60.4417,122.433,1070.9,3.8745,285.936,2.3247,35.6451,1466.87,735.374,99.1864,3550.56,17.8225,3.487,48.4308,789.229,343.665,77.1019,0.7749,12.7857,251.453,366.137,284.773,0,936.071,704.766,45.7187,1591.24
"TCGA-LP-A7HU-01",1249.08,1245.74,159.288,219.744,497.864,340.294,4905.55,9320.37,42.7148,69.7674,12.8144,196.488,170.859,434.741,47.9355,548.647,4978.17,1407.21,1625.53,2966.78,853.346,338.87,61.6991,28.4765,102.99,37.9687,519.696,655.434,583.768,251.542,1271.95,123.398,79.7342,893.213,6.6445,388.23,14.2383,18.9843,1428.1,716.659,242.05,2424.77,132.416,3.3223,54.1054,1118.18,644.044,125.297,16.6113,134.789,235.406,214.523,28.4765,2.8477,2304.22,587.565,141.908,1682.96
"TCGA-MA-AA3W-01",1883.51,754.265,190.325,1091.98,1532.71,756.518,5486.97,7213.48,113.625,168.716,233.153,313.822,203.148,788.982,220.856,898.18,1467.78,696.016,998.524,4369.4,829.808,98.3768,135.76,332.022,134.776,39.3507,946.385,195.278,340.384,423.02,2874.08,212.986,123.955,601.574,6.3945,1499.75,2.4594,348.254,1035.42,745.696,643.876,4263.16,290.703,22.6267,182.981,2128.87,1988.69,336.94,75.7501,303.492,525.824,331.53,177.078,0.4919,807.673,1492.38,255.78,1421.54
"TCGA-MA-AA3X-01",1366.89,1113.01,35.605,41.6263,68.2478,898.838,5959.83,4822.37,0.484,14.5208,64.8596,1240.08,469.99,795.741,11.6167,140.368,1417.23,975.799,1445.79,5121.97,779.768,143.756,155.373,6.2924,328.654,13.5528,298.161,5.3243,366.409,1412.88,2468.54,13.0687,41.1423,4245.4,164.085,124.879,4.3562,19.3611,1064.86,530.01,21.2972,3527.11,189.255,5.3243,12.5847,1474.83,60.5034,29.5257,2.4201,18.8771,415.779,3076.48,39.2062,0,1031.95,1929.33,20.3291,993.708
"TCGA-MA-AA3Y-01",1786.86,1039.45,149.752,1385.48,793.545,392.976,7448.69,10236.7,95.6811,252.112,257.048,159.848,63.028,428.287,72.5202,583.199,2448.22,903.654,891.125,5411.68,1355.1,105.553,358.045,102.895,245.278,23.1609,491.315,34.1718,418.035,2098.91,1628.1,85.4295,370.954,1562.41,0.7594,1068.06,2.2781,3793.83,799.241,855.814,154.153,4557,74.7983,13.289,12.9093,1065.78,806.455,143.901,61.1296,309.065,375.51,724.822,415.377,0,1073.75,872.9,164.784,2573.9
"TCGA-MA-AA3Z-01",1300.38,621.261,54.4636,720.514,785.583,301.124,2372.9,6517.4,85.4927,29.9225,19.4733,1319.44,60.7948,163.861,110.666,337.696,2102.17,999.79,1434.85,3825.8,878.2,213.257,36.0969,8.0743,46.0711,18.9984,445.512,154.362,355.745,500.132,3504.25,89.2924,62.6947,845.428,0,672.068,0,621.722,1219.7,688.216,189.984,2828.38,55.5703,5.6995,45.1212,653.544,1081.96,208.982,2.3748,20.4233,147.712,123.964,118.74,0,945.169,496.808,69.8191,1378.81
"TCGA-MA-AA41-01",1730.02,2218.42,48.9677,171.712,341.439,150.372,7380.65,8066.01,32.7543,11.4144,9.4293,2198.01,86.8486,153.35,31.2655,200.496,2152.36,870.471,1000,5015.38,1090.82,313.648,60.0496,12.4069,31.7618,8.933,193.548,1.9901,535.98,696.774,2469.48,13.3995,14.3921,937.469,1.4888,268.983,5.4591,17.3697,1702.23,895.285,65.0124,4357.32,32.7543,6.4516,60.0496,395.534,254.591,53.598,3.4739,14.8883,87.8412,133.002,13.8958,0.4963,1000.5,522.084,29.2804,2106.2
"TCGA-MA-AA42-01",1324.01,1579.14,395.51,2363.1,2490.68,1266.93,6346.42,9530.42,543.18,237.978,26.0059,1528.46,261.531,447.498,344.946,2452.89,1924.44,1601.08,769.872,3209.52,992.149,365.555,199.215,460.255,591.266,22.0805,2794.41,10.3042,381.747,336.114,1483.81,449.951,318.94,1347.4,500,2309.62,0,64.7694,1245.34,333.661,522.571,1532.38,390.088,27.4779,55.4465,2998.53,3262.51,947.007,236.506,777.723,827.772,1062.81,263.984,0.4907,1612.37,2158.98,443.572,1529.93
"TCGA-MA-AA43-01",1472.8,1127.03,30.7911,40.7047,36.7655,86.2239,5421.16,5010.61,7.003,33.7017,84.9108,130.868,29.3249,137.433,2.6261,49.0207,2050.11,727.432,561.987,2930.3,1140.61,202.648,55.1483,6.1276,36.7655,4.8145,29.7626,34.5771,392.165,3118.5,1158.11,8.7537,63.902,1243.02,223.219,56.0236,17.5074,657.402,1331.44,538.79,7.4406,3143.01,120.363,1.3131,36.7655,365.904,15.319,2.1884,10.0667,115.549,100.23,157.129,102.856,0,1046.07,459.131,28.0118,992.669
"TCGA-MU-A51Y-01",1331.38,1140.99,125.67,235.609,296.875,620.066,4736.43,3572.78,17.2697,59.2105,274.26,1533.31,280.428,722.039,113.076,164.885,2215.87,1201.89,1097.86,5119.65,1307.98,321.546,286.595,113.487,250.411,60.8553,251.645,229.03,268.503,833.882,2292.76,150.905,112.665,1427.63,116.776,379.523,24.6711,45.6414,1210.12,458.882,206.415,3135.28,288.651,18.9145,173.52,2047.29,849.507,171.053,34.1283,186.678,338.405,958.47,124.178,0.4112,973.684,1210.94,123.355,1135.69
"TCGA-MU-A5YI-01",1552.85,1155.84,109.6,274.702,73.6797,250,4159.71,4020.87,6.3884,49.4037,133.731,897.785,102.215,233.39,22.1465,80.494,1509.37,1722.74,799.83,3271.72,875.213,285.349,155.451,69.8467,118.399,349.233,170.358,8.092,505.111,1080.49,2036.63,34.9233,56.644,1951.45,530.664,147.785,22.1465,667.376,1359.45,507.666,114.566,2942.5,127.342,11.4991,106.048,1058.35,165.247,51.1073,8.092,91.9932,210.818,214.651,22.9983,0.4259,903.748,714.651,81.7717,1449.32
"TCGA-MU-A8JM-01",1133.63,1059.44,117.298,309.433,583.821,293.62,6029.25,5959.19,11.5396,120.953,209.851,408.589,58.1256,487.229,22.6519,203.867,1853.18,2420.76,2072.86,4205.56,757.343,117.961,141.04,42.312,66.6735,42.7394,158.563,158.136,407.307,283.362,3915.79,41.8846,37.6107,1302.27,8.1205,473.125,2.5644,227.374,847.523,563.306,114.542,3952.54,145.314,9.4027,124.372,785.551,166.256,29.4902,12.3944,109.84,373.543,165.829,91.8898,0,901.375,642.801,161.128,2313.06
"TCGA-MY-A5BD-01",1322.55,1875.48,13.3028,171.782,94.3656,125.973,4216.67,7940.45,6.4132,5.9551,21.9881,1700.41,1213.01,97.1141,12.3683,61.8415,1847.46,1743.93,1726.98,1911.13,751.26,304.627,8.2455,2.7485,28.4013,7.3294,67.7966,13.7426,484.654,472.286,2688.5,27.4851,7.3294,1841.04,425.103,149.336,54.0541,2694,1040.31,1000.92,49.9313,2390.75,56.3445,4.1228,27.027,366.468,137.884,935.41,0.9162,18.7815,79.7068,36.6468,7.3294,2.2904,868.529,175.905,35.2726,1512.14
"TCGA-MY-A5BE-01",1554.2,1684.8,287.531,1895.65,2127.54,1548.79,4999.03,5121.26,168.599,309.179,98.5507,565.701,208.213,842.029,698.068,3009.66,2740.1,1173.43,561.836,3610.63,1076.33,237.681,257.488,1050.72,647.343,38.6473,3750.24,10.628,517.874,666.667,1686.96,745.411,301.449,1003.38,10.1449,2890.34,5.7971,59.4203,1337.68,446.86,1040.1,2212.56,1355.56,6.2802,32.3671,4351.69,5670.05,2002.9,569.082,2136.72,965.701,2179.23,102.899,0,1915.94,2137.68,545.894,1517.39
"TCGA-MY-A5BF-01",2652.1,671.244,27.9094,539.341,462.489,588.289,8001.83,3760.75,42.086,60.8417,52.6075,321.135,115.279,194.419,52.6075,285.453,2588.29,908.966,1016.01,5188.01,698.536,348.582,100.183,5.032,102.013,9.6066,480.329,1.8298,267.612,378.317,2787.28,158.28,153.248,1234.68,0,530.65,6.8618,86.9167,334.401,605.673,174.748,4467.52,48.9478,6.4044,26.9899,954.254,1067.7,257.091,9.6066,25.1601,274.931,330.741,508.234,0,1311.07,651.418,103.385,2167.89
"TCGA-MY-A913-01",1823.37,874.496,182.943,198.298,374.147,336.732,4765.5,10064.9,26.5644,133.57,83.4347,245.066,219.25,480.778,81.1898,392.106,1899.54,800.299,677.205,4524.18,869.142,480.778,426.527,54.9995,163.876,11.2244,200.917,74.081,381.255,1186.79,1715.84,74.081,296.324,1187.17,3.3673,553.363,1.1224,1204.75,1093.26,671.593,146.665,3169.77,90.5434,25.0678,3.7415,659.62,411.935,42.6527,34.4215,225.61,264.896,908.428,249.556,0,565.71,847.442,176.223,1817.98
"TCGA-PN-A8MA-01",889.119,768.014,159.943,186.19,197.143,233.333,5249.05,6545.71,42.381,31.9048,37.1429,130.476,38.0952,240,86.6667,267.619,1657.62,1340.48,777.619,2840,739.524,291.429,37.619,76.1905,56.6667,343.333,325.714,0,525.714,925.714,1624.29,103.809,53.3333,899.048,5.7143,313.333,3.3333,64.7619,3334.76,777.619,113.333,1957.14,59.5238,5.7143,8.0952,647.619,537.619,84.7619,54.2857,688.571,138.571,240.476,979.048,0.9524,570,310,69.5238,1339.05
"TCGA-Q1-A5R1-01",1525.35,1216.46,22.8922,68.4516,67.4737,141.793,5221.88,3670.96,1.9558,21.5134,41.5599,752.479,76.7636,378.44,27.8696,69.9184,2332.73,799.906,1670.71,2223.21,554.947,475.739,52.3166,61.6065,53.7834,27.3806,65.518,52.3166,417.066,373.061,2823.63,28.8475,8.312,1170.03,129.569,94.3655,32.2701,505.564,1213.55,699.184,65.518,2555.69,141.304,1.4668,70.8963,456.67,191.665,47.4272,30.8032,166.24,114.412,98.277,9.7788,0.4889,916.274,322.7,57.206,1273.69
"TCGA-Q1-A5R2-01",1118.2,3021.68,40.0277,333.218,665.511,671.981,5374.47,5859.27,37.8972,50.3755,0.9243,1390.64,173.772,443.212,18.0243,684.46,2635.7,939.572,744.079,4157.13,768.111,280.069,36.5107,2.773,217.215,22.1837,687.695,421.028,411.785,325.361,1314.38,170.999,87.8105,2056.15,55.9214,450.144,5.5459,37.435,1329.17,259.734,124.783,1558.87,102.138,1.3865,7.3946,1298.21,445.523,276.834,31.8891,114.154,286.077,671.519,149.278,0,1640.67,850.375,79.4916,1007.05
"TCGA-Q1-A5R3-01",1023.56,3550.69,2.4871,290.977,849.743,333.614,1548.01,4549.79,9.7242,47.1248,7.1061,1010.94,71.8093,124.17,32.5386,460.776,2428.8,691.912,685.554,1347.92,719.589,329.5,51.9869,22.0664,41.1407,97.2417,492.567,27.3025,610.379,241.608,1039.74,80.7854,32.5386,1886.49,5.2361,376.625,0,1614.96,1667.32,270.033,93.8756,988.499,203.834,0,4.1141,529.967,248.714,121.926,35.5306,70.6872,133.146,75.9233,20.9444,0,2616.55,307.433,220.664,1034.13
"TCGA-Q1-A6DT-01",1671.87,724.662,11.8394,45.9533,66.0901,107.396,4733.19,8674.33,4.1306,28.9144,28.3981,566.413,59.8942,285.53,6.7123,61.9595,2234.16,1275.85,994.449,3439.27,856.59,269.007,103.782,1.0327,68.1554,1.549,27.8818,0,571.06,1232.99,3107.27,23.2348,53.1819,1187.04,4.1306,67.1228,1.549,129.082,982.574,763.65,19.6205,2293.02,19.1042,1.0327,7.2286,302.569,46.9859,8.2613,14.4572,6.1959,84.6779,208.597,20.1368,0,994.966,526.655,20.6532,567.962
"TCGA-Q1-A6DV-01",1575.83,1031.7,25.0045,85.3664,203.45,95.1441,3974.99,4100.22,1.8803,11.2819,43.9994,142.528,82.3579,229.023,12.7862,86.8707,1597.52,982.654,610.351,2292.48,738.589,461.43,12.7862,108.306,7.8973,28.2048,91.0074,3.7606,642.317,145.537,1315.09,14.2904,4.8888,1283.88,1.5043,211.348,13.9144,10142.8,1550.89,487.754,37.6064,2634.7,87.6228,2.2564,45.5037,387.346,213.604,1305.69,18.0511,145.161,82.734,16.9229,12.7862,1.1282,711.888,625.394,29.709,1270.34
"TCGA-Q1-A6DW-01",1928.31,1060.82,33.3758,511.96,386.96,189.815,7318.67,12723,1.5432,60.9568,165.509,1242.67,55.5556,242.284,60.9568,42.8241,1625,1073.69,1839.89,7763.5,1221.45,197.917,78.3179,13.1173,84.1049,75.6173,126.929,23.534,509.645,460.648,3701.77,19.2901,17.3611,1415.9,23.9198,503.086,5.0154,81.4043,1011.57,1053.63,49.7685,3562.5,77.5463,8.1019,15.0463,537.809,57.4846,18.5185,2.3148,57.0988,129.244,445.602,23.1481,0.7716,707.947,604.167,38.1944,1829.48
"TCGA-Q1-A73O-01",1340,850.581,64.4249,469.089,417.01,251.78,6686.4,11312.9,62.9449,50.9554,77.5571,415.137,80.9292,333.458,95.1667,337.954,2987.64,1585.24,1274.26,6176.85,1145.75,168.602,84.3012,16.4856,77.5571,30.3484,362.683,1.4987,406.145,846.759,3376.17,93.2934,131.135,786.062,17.2349,715.624,1.4987,1080.55,1087.3,760.21,173.848,4044.59,33.3458,8.9921,5.6201,477.707,451.48,113.9,8.9921,143.874,127.388,340.577,448.108,0,808.168,359.311,80.9292,2344.7
"TCGA-Q1-A73P-01",1745.75,1305.59,40.1771,125.968,161.384,268.438,5822.72,5706.81,9.2565,52.7216,101.419,632.257,195.593,262.401,53.1241,148.908,2159.98,1048.4,959.05,2570.88,773.116,296.609,82.1008,94.1745,113.492,4.427,132.81,131.603,361.807,465.238,1803.8,82.9057,32.1964,1002.92,136.03,184.324,7.2442,470.47,1427.91,750.981,140.054,3169.33,79.2836,5.6344,18.9154,752.591,561.827,199.215,16.0982,271.657,127.578,299.024,22.9399,0,849.18,313.512,105.041,1072.94
"TCGA-Q1-A73Q-01",915.288,912.718,25.1789,37.9581,51.0471,75.4799,7124.35,6459.42,0.4363,13.089,76.7888,610.82,37.9581,87.6963,3.4904,26.178,2150.09,1025.74,3164.05,3711.17,996.946,191.1,13.9616,60.6457,9.1623,13.5253,30.1047,363.438,595.113,226.004,3313.7,12.2164,41.4485,658.813,47.1204,41.4485,22.2513,329.843,1224.26,550.174,30.541,3305.41,164.922,2.1815,22.6876,355.585,54.5375,29.2321,12.2164,140.052,71.5532,39.267,90.3141,1.3089,811.082,434.119,41.4485,1792.32
"TCGA-Q1-A73R-01",1114.41,864.154,53.702,169.551,112.223,96.5387,4578.69,5509.47,3.245,27.3121,32.45,88.967,23.2558,85.4516,10.8167,124.121,2709.57,1050.57,829.097,2338.02,834.776,358.843,18.6587,2.4337,31.3683,45.1595,60.5733,8.9237,471.065,1305.84,1367.77,37.5879,23.5262,1057.06,4.5971,170.092,15.4137,250.676,1270.15,598.972,52.1904,2931.04,26.7712,1.3521,2.9746,230.936,114.116,29.4754,0.2704,5.1379,52.1904,77.3391,26.7712,0.5408,808.816,182.261,35.1541,1396.16
"TCGA-Q1-A73S-01",2149.86,2022.49,14.7135,6.1633,10.6457,111.5,6993.7,13539.2,0.5603,25.7739,5.0427,1046.65,47.0654,114.302,2.2412,11.7664,1307.19,1771.12,1268.53,2513.52,889.2,189.943,63.3142,1.1206,114.862,58.2715,10.6457,2916.37,429.192,1950.41,2162.21,6.7236,9.5251,1557.64,0.5603,13.4473,2.8015,7.8442,1554.28,789.466,3.9221,2965.12,7.2839,1.6809,1.1206,265.023,31.9372,2.8015,0,11.7664,54.9097,177.616,4.4824,0.5603,881.916,136.714,5.0427,1353.13
"TCGA-R2-A69V-01",1255.87,2206.01,210.594,1656.03,3909.38,1951.5,4306.96,7209.32,171.027,387.364,40.8424,1246.33,1347.16,2122.53,474.793,1218.25,1289.73,927.888,550.096,2928.53,622.846,156.35,4791.96,476.069,1255.26,53.6056,2171.03,0.6382,366.305,1505.42,1199.11,376.516,397.575,1550.73,35.0989,1600.51,3.829,457.562,1269.3,465.22,458.2,2442.88,573.07,10.8488,138.481,3838.55,2445.44,775.367,189.534,625.399,1308.87,3823.87,121.251,0,860.881,2712.83,490.108,845.565
"TCGA-RA-A741-01",1682.26,1466.52,65.2265,598.371,401.2,389.77,4873.27,8099.45,42.8633,53.722,32.5761,696.671,128.018,282.326,40.5772,381.197,1799.69,742.392,893.842,4804.11,926.99,378.34,144.592,40.5772,132.59,30.8616,306.329,12.0017,369.196,362.909,1447.64,111.445,70.8673,1765.4,236.034,397.2,5.7151,137.734,1903.7,599.514,125.732,2864.98,156.022,4.0006,67.4382,1201.31,530.361,149.164,20.0029,281.183,268.038,481.212,22.2889,1.143,704.672,1162.45,84.5835,1204.74
"TCGA-UC-A7PD-01",1394.22,1120.73,64.5381,106.784,111.502,62.6126,6207.22,13604.5,3.002,26.16,32.164,989.364,33.8794,190.84,10.2925,116.219,3754.61,808.817,536.067,5455.01,665.58,307.059,21.0138,28.7332,11.1502,8.1482,90.0592,2.5731,400.12,968.351,1370.19,20.585,103.354,2218.03,1.2866,135.518,0.8577,1479.11,1741.57,693.456,29.5909,2956.51,46.745,6.4328,14.1522,182.263,89.2015,18.4407,9.0059,105.927,92.2034,64.328,136.375,0,1280.56,234.583,38.1679,1883.09
"TCGA-UC-A7PF-01",1637.46,1067.95,115.75,557.292,1018.23,653.646,4876.56,9373.44,28.6458,195.833,211.979,493.229,166.146,764.583,144.792,478.125,3032.81,892.708,1007.29,4760.94,1169.79,258.333,179.688,77.0833,180.208,43.75,505.208,356.25,381.25,650.521,2802.6,130.208,1022.92,978.125,5.7292,1074.48,8.3333,70.8333,1157.29,604.167,272.396,1607.81,129.688,17.7083,111.979,2157.81,1173.44,275,49.4792,432.812,392.708,801.562,1713.54,0.5208,1284.9,1444.79,175,1370.31
"TCGA-UC-A7PG-01",1729.17,1371.31,37.2597,71.736,42.5634,140.603,6011,4345.31,2.8694,20.5643,70.7795,944.046,63.1277,181.731,7.6518,60.2582,1380.68,615.495,1242.95,5163.56,897.657,222.86,37.3027,45.911,31.0856,21.999,99.4739,33.4768,496.891,1364.42,1976.57,23.912,14.8254,2150.65,486.37,100.909,11.956,295.074,1251.55,345.289,51.6499,2619.32,66.9536,0,15.3037,441.894,162.123,43.0416,8.6083,59.3018,109.039,98.9957,89.4309,0.9565,685.796,433.764,34.4333,1868.96
"TCGA-UC-A7PI-01",1560.29,1111.76,16.4893,48.1928,50.0463,97.127,4415.2,4862.28,1.4829,13.7164,32.6228,160.519,77.1084,162.743,18.5357,34.4764,2663.95,906.765,730.677,2303.24,794.81,212.048,11.4921,11.4921,54.1242,13.3457,43.7442,38.1835,403.707,852.641,1164.78,20.76,14.0871,1007.23,52.6413,58.202,27.8035,37.4421,1607.04,344.393,27.0621,3040.59,35.5885,1.1121,6.6728,255.051,111.585,25.5792,1.1121,20.3892,39.6664,160.89,14.4578,1.8536,937.905,142.354,31.8814,951.993
"TCGA-VS-A8EB-01",1537.34,1096.64,31.3427,1263.59,358.32,260.296,5480.64,11007,19.7694,18.9456,11.5321,721.582,10.7084,79.4893,51.0708,153.624,1109.56,673.394,1800.66,4445.22,887.562,219.11,10.2965,1.6474,29.2422,78.2537,356.26,0,425.453,612.026,1815.07,21.4168,30.4778,822.899,599.67,758.237,1.6474,558.484,1538.3,977.76,54.3657,2919.69,23.0643,3.7068,5.3542,556.425,187.809,56.425,1.2356,4.9423,117.792,92.257,26.771,0.8237,700.989,570.84,39.1269,2902.8
"TCGA-VS-A8EC-01",1091,1025.01,14.3762,25.892,13.9735,24.6591,6333.69,9110.3,0.411,2.4659,4.9318,609.49,29.1799,44.7973,0.822,12.7405,3324.46,339.473,1292.14,3127.18,1064.04,169.737,7.8087,1.233,9.8636,101.513,9.0417,4438.26,467.29,122.474,2772.09,2.4659,4.1098,976.089,29.1799,23.4261,0.822,10.2746,792.379,643.602,4.5208,2812.78,20.5492,2.0549,0.411,50.5511,115.076,2.0549,0.411,4.1098,14.3845,34.1117,4.5208,0,1466.8,46.8523,6.1648,1705.59
"TCGA-VS-A8EG-01",1569.64,753.573,56.415,112.961,49.346,64.2093,4735.73,4990.49,1.4863,13.9715,53.2105,578.181,62.1284,132.283,13.9715,50.5351,1607.02,500,1624.55,6299.94,1000,289.536,12.4851,18.7277,32.6992,18.1332,68.9655,117.717,451.843,319.263,2927.17,22.5922,21.4031,1384.96,3.5672,94.2331,5.0535,337.099,1145.66,698.87,27.0511,3066.29,41.3199,2.3781,27.9429,416.766,137.634,133.175,4.459,76.6944,71.0464,87.6932,83.8288,0.2973,846.314,353.448,26.1593,1349.29
"TCGA-VS-A8EH-01",2059.6,1359.52,24.6358,320.269,43.5471,142.122,4686.86,12068.5,6.73,12.6683,3.1671,566.112,80.7601,169.042,9.5012,14.6477,1778.7,1676.17,1179.33,3937.45,994.854,308.789,17.023,1.1876,41.1718,32.4624,69.2795,3.5629,343.626,331.354,2892.72,5.5424,11.0847,2133.41,8.7094,101.742,10.6888,391.132,1425.57,359.858,36.8171,2841.65,9.5012,0.3959,29.2953,403.009,12.2724,0.3959,0,3.1671,69.2795,98.1789,8.3135,0,848.773,468.725,12.2724,1131.04
"TCGA-VS-A8EI-01",2053.7,2194.13,89.4728,491.096,201.439,224.555,3664.11,14449.8,44.3449,27.8335,35.3815,363.25,64.1585,262.295,41.5143,322.208,1195.42,801.038,1138.81,2972.99,707.631,175.492,80.6699,83.9722,77.8394,9.4351,345.796,1.887,372.685,1446.4,2343.2,119.826,115.108,2243.66,3.774,341.078,0.4718,483.076,1419.98,719.424,144.357,3609.86,228.329,4.2458,22.6442,647.246,620.356,186.815,35.8533,298.148,162.283,274.561,52.3647,0.4718,780.752,467.036,75.9524,868.027
"TCGA-VS-A8EJ-01",2240.13,3627.49,34.4336,109.681,149.331,102.987,3418.13,5285.28,10.8136,13.9032,0,347.065,80.3296,162.204,8.7539,126.674,3015.45,1126.67,847.065,1623.58,678.167,459.835,40.1648,1.5448,43.7693,79.2997,136.972,2.5747,656.025,372.297,1154.99,48.9186,22.1421,1429.45,30.3811,102.987,13.3883,18.5376,1826.98,487.127,41.7096,1508.24,17.5077,2.0597,4.6344,433.574,108.651,139.547,11.8435,78.7848,67.4562,213.697,5.1493,0,1373.33,349.125,29.8661,1092.69
"TCGA-VS-A8EL-01",845.245,1543.3,101.315,797.37,1183.31,943.691,4427.46,5618.17,102.343,118.783,142.622,1224,344.02,1204.27,187.834,1337.03,4408.14,2718.87,478.833,3466.09,883.272,281.545,521.989,32.8812,357.583,12.3305,1907.52,40.2795,408.549,605.014,1197.7,286.067,108.919,1763.26,1.233,1587.34,1.233,47.6778,1898.89,336.21,245.787,2230.17,194.41,6.1652,10.2754,1671.19,766.132,151.254,14.3855,169.749,370.736,1616.11,215.372,0.411,1486.64,2069.87,120.427,1639.95
"TCGA-VS-A8Q8-01",819.16,861.102,70.7638,520.7,790.671,376.676,5948.69,5244.31,65.8892,23.3236,21.5743,293.878,88.6297,528.28,52.4781,548.688,728.28,1604.66,685.714,3649.56,823.907,194.752,42.5656,33.8192,169.679,7.5802,379.009,138.192,287.464,1710.2,2130.61,166.764,158.018,1335.86,20.4082,313.12,4.0816,227.988,685.714,307.872,168.513,2469.97,58.309,2.3324,25.656,1246.06,739.942,180.758,5.8309,86.2974,351.02,465.306,225.073,7.5802,426.822,804.082,77.551,1969.1
"TCGA-VS-A8Q9-01",1985.64,1679.16,73.3565,104.637,108.325,131.833,9295.18,13146,15.2115,12.9068,4.1486,627.361,52.088,202.821,22.1259,78.8235,2470.26,4408.12,618.603,6559.4,610.766,362.772,8.7582,8.2972,44.7127,4.6096,127.685,0.9219,517.654,289.019,2573.98,36.8765,13.8287,1201.71,4021.38,108.786,5.0705,14.2896,3636.02,728.31,53.4709,2739.92,26.7354,3.2267,3.2267,1380.1,293.168,82.9721,4.6096,16.5944,39.6422,163.178,35.9546,0,672.996,256.752,24.4307,1745.64
"TCGA-VS-A8QA-01",1410.77,1100.24,37.561,160.588,115.352,99.1424,5716.33,5022.72,22.995,7.1624,0.7539,174.159,189.238,438.413,17.3405,317.783,2971.26,1184.05,1388.37,2728.49,1105.65,286.118,2.6388,4.1466,18.0944,15.0787,151.541,51.2676,476.487,79.9171,3942.32,52.3985,53.5294,813.495,477.241,133.823,1.8848,9.0472,2111.77,886.627,100.273,3037.98,15.0787,0.377,15.8326,463.67,361.512,657.808,2.6388,7.9163,67.1002,55.0372,25.2568,1.1309,719.631,165.112,21.4871,1180.28
"TCGA-VS-A8QC-01",2168.89,1398.66,39.6528,209.098,145.251,160.016,5901.84,6781.73,4.7885,35.1157,18.3559,1029.53,102.554,216.68,19.5531,70.2314,2676.78,741.421,957.702,6410.22,1103.35,176.776,82.6018,13.9665,86.9912,72.1987,140.862,1.1971,494.413,2723.06,2059.86,15.1636,37.1109,1189.55,308.859,181.165,16.7598,42.2985,1606.15,495.611,53.8707,3031.92,42.2985,3.9904,3.5914,437.35,92.5778,31.5243,9.9761,100.559,91.3807,236.632,33.9186,0,1069.03,329.21,15.9617,1382.28
"TCGA-VS-A8QF-01",570.066,1591.21,108.223,164.165,62.2097,372.394,4211.69,12464.9,11.2323,31.1049,17.7125,1416.14,320.553,549.519,28.0808,119.235,2122.91,942.218,753.429,3943.41,1131.44,168.917,191.381,75.6021,182.741,30.6729,158.116,3.0241,506.318,452.317,1929.8,41.0411,62.6418,1293.01,107.139,142.996,4.3201,21.6006,1475.75,580.192,75.6021,3097.09,110.163,3.8881,21.1686,1159.95,187.925,59.1857,33.2649,1137.49,281.24,1024.73,12.9604,0,1101.2,1110.27,68.6899,2219.25
"TCGA-VS-A8QH-01",1125.36,1962.14,18.0559,138.561,42.4275,53.7057,4864.66,15731,1.6112,15.0376,8.5929,190.655,34.9087,73.5768,3.2223,11.8153,2064.45,1543.5,605.263,2281.42,614.393,386.681,69.8174,2.6853,9.13,46.1869,34.3716,645.005,393.663,263.695,1292.16,6.4447,12.8894,3907.63,116.541,48.8722,30.0752,5.9076,2126.75,678.303,10.7411,3314.72,41.8904,0,14.5005,132.653,11.2782,1.6112,0.5371,11.2782,25.2417,63.9098,10.2041,10.2041,1164.88,99.3555,9.667,1473.68
"TCGA-VS-A8QM-01",1372.66,1022.49,224.386,683.281,298,212.382,4401.01,3852.81,29.0935,107.23,438.065,666.241,189.939,433.908,98.9178,221.11,1401.47,972.138,848.698,4639.58,999.569,324.6,284.7,682.034,70.24,77.3055,558.595,14.5467,537.398,1468.39,1863.23,217.37,68.9931,1899.8,58.6026,653.356,14.5467,187.445,1557.33,477.964,322.106,2852.41,916.86,26.1841,130.505,1849.1,1267.23,418.531,157.936,887.767,234.41,325.016,43.6402,0.4156,791.343,931.823,148.792,1203.22
"TCGA-VS-A94W-01",1353.84,1046.6,462.116,286.99,170.874,559.612,3861.75,7148.74,37.6699,117.67,79.2233,705.243,487.767,684.272,35.3398,634.563,1932.04,1100.97,1582.52,3632.23,874.175,271.456,25.6311,153.786,154.175,9.7087,316.505,15.1456,551.068,539.418,2598.06,178.252,105.243,1090.87,11.6505,332.427,11.6505,37.6699,1690.49,759.612,288.932,2481.94,368.155,28.3495,84.6602,2398.06,729.709,1064.47,46.6019,173.592,380.971,925.437,708.35,0.3883,743.301,2197.28,350.291,1154.95
"TCGA-VS-A94X-01",1375.89,781.502,129.286,207.622,262.374,140.605,5357.42,10247.5,11.3885,38.1078,25.4052,714.849,72.7113,134.034,28.4713,190.977,1462.55,914.148,1343.41,4558.48,496.277,342.094,27.1572,1.3141,58.2567,14.8927,143.671,0,392.466,495.839,2864.21,53.0004,70.9593,1042.05,88.042,382.392,0.438,245.729,1164.26,925.537,90.2322,3432.33,32.8515,8.7604,0.438,428.384,115.637,204.993,3.5042,33.2895,124.398,388.962,69.2072,0,448.533,354.358,117.827,2273.76
"TCGA-VS-A94Y-01",1267.2,1143.64,17.037,256.908,182.246,101.117,4226.93,7294.53,1.7637,34.6855,139.33,987.654,181.07,488.536,18.2246,48.7948,1786.6,748.383,882.422,4000.59,426.808,295.12,140.506,0.5879,21.7519,41.7402,99.3533,0.5879,278.072,1146.38,1941.21,7.0547,177.543,2305.7,28.2187,249.265,1.7637,2337.45,1754.26,485.597,42.9159,2810.7,26.455,0.5879,2.3516,1113.46,73.4862,12.9336,0,3.5273,109.935,173.427,126.984,0.5879,578.483,319.224,22.3398,1383.89
"TCGA-VS-A94Z-01",973.433,984.174,170.013,1687.45,1619.63,1254.42,5779.7,9790.23,221.146,212.3,52.6537,550.969,156.276,469.25,496.209,2109.94,1764.95,1664.28,1152.49,4737.57,1206.4,136.057,197.978,117.523,407.329,20.1685,1762.43,2.9486,453.243,3401.85,2348.36,453.243,132.266,1371.52,8.8458,3217.35,3.3698,169.334,1465.46,573.294,762.426,3497.89,226.622,17.6917,7.1609,2284.33,2504.21,561.078,59.8147,422.072,458.719,1499.16,84.6672,0.8425,882.056,1200.51,295.282,1065.71
"TCGA-VS-A950-01",1085.99,1276.29,45.6235,50.6266,92.8155,90.8301,6235.51,8382.68,1.9854,37.7218,26.8023,737.561,71.9692,328.577,8.4378,53.1083,1824.05,1545.1,1811.64,3675.39,1179.8,210.944,79.4143,35.7364,33.2547,47.1523,82.3924,4.4671,411.962,955.95,2480.21,18.3646,33.2547,1028.91,1229.93,97.2825,2.4817,218.389,1965.5,610.994,19.3572,2347.69,59.0644,3.9707,8.4378,324.11,53.1083,12.9048,37.7218,230.798,102.246,232.287,78.4216,0,504.777,411.465,29.284,983.249
"TCGA-VS-A952-01",716.553,1150.59,26.6625,42.5622,12.2208,35.8196,5421.41,4415.51,2.5284,17.2777,45.9334,493.468,423.514,73.3249,6.7425,222.925,2222.08,793.51,952.802,2552.89,424.779,286.978,16.4349,21.0704,18.5419,8.8496,23.1774,1.6856,376.738,225.874,1519.6,10.1138,7.5853,816.266,2.107,41.2979,1.2642,284.029,889.591,709.229,19.8062,3009.27,69.9536,2.9499,11.378,265.065,55.2044,8.4282,16.0135,182.469,29.9199,58.1542,9.271,0.8428,732.828,129.372,7.5853,1053.94
"TCGA-VS-A953-01",1416.01,1138.91,15.7415,158.949,201.586,188.966,7114.18,8145.99,28.9929,38.8846,38.5435,711.179,66.1721,187.26,46.7298,190.671,3220.6,1085.02,982.348,4279.01,1033.85,95.5061,69.583,0.3411,103.692,13.6437,202.609,5.7986,511.299,2558.88,2513.86,63.7844,38.5435,977.914,85.6144,272.875,0.3411,168.841,1202.69,903.215,59.6913,3225.04,18.0779,0.3411,1.0233,198.175,279.355,46.7298,0,7.5041,89.3664,180.097,113.584,0,1632.13,387.482,24.2176,1402.58
"TCGA-VS-A954-01",2354.41,1370.16,152.356,118.607,74.4502,233.106,6102.86,7620.11,9.7555,26.6994,4.621,355.307,192.03,280.857,16.9438,218.73,2982.63,1241.52,1178.37,6185.02,1017.14,233.62,33.8877,15.9169,87.2865,26.1859,210.001,1.0269,564.281,1601.45,2678.67,32.8608,24.6456,2757.74,723.964,107.825,8.2152,3.0807,1181.45,507.288,54.4257,2393.7,65.2081,2.5672,2.0538,554.526,203.84,54.9391,7.1883,179.194,117.067,183.815,6.1614,0.5134,1776.02,345.552,54.4257,1404.8
"TCGA-VS-A957-01",1856.74,809.405,42.9953,71.6279,42.7907,84.6512,6085.58,7315.35,1.8605,7.4419,3.7209,541.395,59.5349,111.628,13.9535,33.4884,1684.65,1153.49,1586.05,6643.72,889.302,342.326,11.1628,2.7907,16.7442,11.1628,81.8605,772.093,375.814,173.023,2364.65,18.6047,2.7907,1554.42,3.7209,101.395,22.3256,110.698,1566.51,741.395,30.6977,2732.09,18.6047,0.9302,13.0233,299.535,86.5116,39.0698,0.9302,2.7907,44.6512,116.279,77.2093,0,724.651,247.442,19.5349,1529.3
"TCGA-VS-A958-01",1711.52,883.957,90.7794,1308.15,1541.97,967.026,6123.5,6321.94,183.453,153.477,56.9544,1315.95,407.074,761.391,182.854,1131.89,1961.03,949.64,597.122,4793.17,956.235,140.288,787.17,40.7674,316.547,40.5995,1349.52,5.3957,526.379,347.722,1523.98,167.866,134.892,1398.68,0,1937.65,0,42.5659,1034.17,435.851,318.345,2934.05,203.837,10.1918,13.789,1696.64,2029.98,507.194,25.1799,131.295,368.106,1386.09,199.041,0,1441.25,929.257,200.839,1603.12
"TCGA-VS-A959-01",1115.57,781.176,101.384,154.088,116.981,238.994,4413.21,5883.65,8.805,45.283,77.3585,691.195,272.956,596.855,22.0126,154.717,1441.51,732.704,1435.85,3172.33,1254.72,256.604,2.5157,183.648,114.465,24.5283,159.748,104.403,405.031,342.767,1711.32,100,50.3145,1542.14,5.0314,198.113,5.6604,22.6415,1945.91,457.233,109.434,2664.78,224.528,11.9497,12.5786,1084.91,313.837,140.252,105.031,896.855,149.057,186.792,46.5409,0,606.918,364.151,52.2013,996.226
"TCGA-VS-A9U5-01",1651.52,847.139,110.667,244.721,240.325,241.791,5511.36,6462.4,35.1695,87.9238,109.172,391.994,93.0527,422.034,63.7448,205.888,1916.01,874.11,775.195,4632.85,1139.35,353.161,227.137,290.881,106.974,6.5943,370.013,9559.52,454.273,632.319,1819.29,98.9143,49.8235,962.766,2.1981,372.944,1.4654,360.488,1227.27,514.355,178.779,3249.52,225.671,17.5848,32.2387,970.826,605.209,117.232,106.974,389.063,141.411,422.767,48.3581,0,1086.59,500.433,98.1816,2484.58
"TCGA-VS-A9U6-01",1556.07,990.05,51.8022,177.714,136.152,324.615,7476.53,12689.7,35.8295,30.8133,39.4124,1294.16,179.864,613.042,33.3214,272.662,1206.02,933.716,1826.94,3902.9,1014.33,181.655,97.0978,17.1981,57.6854,19.7062,215.335,45.1451,426.012,911.86,3092.08,117.879,42.9953,1660.7,1030.81,297.385,2.8664,1724.47,1247.94,877.822,82.0494,2487.64,365.46,5.7327,161.232,1167.32,281.261,317.449,13.2569,84.1992,213.543,397.349,22.9308,0,348.621,1275.17,53.0276,1336.44
"TCGA-VS-A9U7-01",1754.53,1868.25,94.0052,588.457,476.798,541.183,7592.81,6636.31,47.8538,66.1253,19.4316,370.65,182.425,407.483,42.0534,471.578,2758.12,984.919,926.624,4389.21,1015.95,415.313,66.9954,40.8933,115.429,16.5313,622.39,342.807,347.448,373.26,1923.14,116.299,69.3155,1788.28,4.3503,504.93,8.1206,46.4037,1370.65,473.608,111.949,2679.23,124.71,3.7703,42.6334,1491.01,552.784,169.954,25.522,118.909,272.912,541.183,1994.78,0,1381.09,863.109,114.269,821.346
"TCGA-VS-A9UB-01",1078.85,800.773,119.519,1870.36,766.281,772.976,4589.77,7475.96,83.9927,491.783,62.0816,534.997,214.851,1213.03,190.505,1109.56,1808.28,2846.01,739.501,3066.34,1112.6,223.981,1152.16,4.2605,519.781,23.7371,956.786,0.6086,401.704,942.788,1917.22,130.858,545.344,758.977,0,2129.03,3.6519,735.24,956.178,718.198,409.617,2831.41,91.2964,6.6951,52.9519,2301.28,1087.64,166.768,6.6951,29.2149,538.04,1864.27,275.715,0,678.637,2566.65,139.379,698.722
"TCGA-VS-A9UC-01",1085.47,901.152,45.5688,386.459,297.727,284.214,4787.95,3823.15,40.0872,84.6787,147.737,1262.52,181.519,359.434,54.0502,237.821,1773.75,484.2,594.102,2797.55,1149.02,455.824,85.5795,3.6033,156.295,72.9678,275.206,295.925,343.669,837.778,1112.98,87.3812,91.8854,2347.13,1.8017,424.745,1.8017,22.5209,1198.11,345.471,112.605,2502.98,57.6536,4.0538,2.2521,1009.39,482.398,99.9929,2.7025,47.7444,150.89,794.088,171.609,0,912.548,489.154,30.178,783.278
"TCGA-VS-A9UD-01",3405.44,2175.43,137.93,1405.26,2128.95,1052.63,3568.42,9043.86,180.702,167.544,3.5088,1803.51,293.86,696.491,147.368,2001.75,2771.93,1203.51,570.175,2839.47,515.789,325.439,368.421,28.0702,447.368,7.0175,1751.75,5.2632,448.246,247.368,1343.86,275.439,221.053,1141.23,0.8772,1484.21,0.8772,457.017,1912.28,386.842,296.491,1406.14,263.158,6.1404,2.6316,2290.35,1373.68,324.561,20.1754,201.754,665.789,1700,36.8421,0,1705.26,1314.91,355.263,1863.16
"TCGA-VS-A9UH-01",1933.67,1353.4,237.793,882.624,1029.35,1147.41,6107.3,8462.3,102.018,96.2862,21.2059,890.075,271.665,1164.61,124.943,2771.1,2182.49,1341.13,734.756,4774.19,838.493,216.644,453.348,65.3371,748.511,37.2536,1174.92,0.5731,353.623,1520.52,1271.21,413.802,267.653,2355,0.5731,1529.12,4.5851,56.167,1568.09,453.921,305.48,1769.83,94.5668,6.8776,2.8657,2442.69,1235.67,292.871,48.1431,462.518,734.183,2786,226.387,0.5731,1233.95,2568.21,246.447,2876.55
"TCGA-VS-A9UI-01",921.846,943.85,141.73,214.774,280.751,253.378,4936.3,5626.26,14.7394,37.9014,37.9014,1989.12,146.692,337.603,84.2253,239.34,1947.71,871.732,1092.82,8166.35,766.45,299,18.9507,47.7277,78.6103,75.1009,346.026,0.7019,364.976,401.474,1454.29,106.685,62.4671,2835.59,9.1244,337.603,0,26.6713,1596.07,347.429,168.451,2171.61,115.81,12.6338,9.1244,846.464,393.051,91.946,20.3544,120.723,152.307,667.486,273.732,0,645.727,828.216,63.8709,1155.29
"TCGA-VS-A9UJ-01",1574.19,1142.27,11.1169,6.9085,10.3627,17.2712,5552.1,5548.07,1.1514,2.3028,9.787,77.7202,32.2395,78.8716,1.1514,24.1796,2711,892.919,907.887,2217.04,987.335,393.207,19.574,1.1514,5.1813,24.7553,13.8169,8.6356,400.691,335.636,1279.22,1.7271,7.4842,1440.41,4.0299,16.1197,6.3328,4672.42,1618.88,568.797,1.7271,3366.72,5.1813,1.7271,1.1514,94.9914,6.9085,25.331,0,9.787,12.0898,56.9948,3.4542,0,1065.63,120.898,2.3028,1651.7
"TCGA-VS-A9UL-01",1121.25,666.988,24.3762,4.8733,4.386,24.3665,3800.19,7281.68,0.4873,3.8986,3.8986,137.914,38.0117,72.6121,2.924,78.46,1826.51,979.532,1421.05,2060.43,576.023,342.105,5.3606,23.3918,6.3353,617.135,11.2086,126.218,496.101,2236.84,2694.44,16.0819,3.8986,758.285,1.462,8.7719,2.4366,228.558,1359.65,802.632,5.848,4712.96,15.5945,0,0.4873,80.8967,71.1501,29.7271,2.924,40.4483,12.6706,30.2144,16.0819,0,592.105,54.5809,2.924,1647.17
"TCGA-VS-A9UM-01",1833.54,849.936,102.748,295.126,240.493,361.007,4269.95,3152.12,10.7124,59.4537,128.548,2412.43,200.857,656.668,62.1318,221.746,1410.28,866.095,1282.27,6729.51,1024.64,225.495,68.0236,61.5961,162.828,78.2003,249.063,16.0686,477.772,867.167,1950.19,70.7017,70.166,1844.67,11.7836,455.276,9.1055,15.5329,1372.26,450.455,132.298,3015.53,163.899,10.7124,5.3562,1395.29,366.899,73.3798,43.9207,258.704,221.746,967.327,104.981,0,598.286,1260.85,76.5935,1614.35
"TCGA-VS-A9UO-01",1070.67,576.25,22.0371,316.207,114.023,40.6035,4688.31,5495.93,17.2426,2.503,3.3373,771.744,15.2958,119.308,28.0887,90.1064,2321.91,681.36,1473.41,1400.82,1168.6,201.071,5.0059,4.7278,5.5621,7.787,100.118,4.1716,299.52,70.3608,2239.87,19.7455,1.3905,503.372,12.5148,190.503,19.1893,178.544,1006.74,455.538,34.7633,3210.18,12.7929,0,0,29.7574,104.568,151.012,1.1124,16.1302,2.7811,19.1893,34.4852,0.8343,885.768,11.9586,5.5621,935.549
"TCGA-VS-A9UP-01",1122.09,1196.56,72.3256,19.2113,10.6168,25.2781,8539.94,5513.14,0,8.089,15.1668,211.325,15.1668,101.112,5.0556,41.456,1517.19,891.304,1781.6,4298.28,1607.18,383.721,16.6835,11.1223,14.1557,362.841,17.1891,1130.43,436.805,4834.68,2792.21,33.367,6.0667,1044.49,20.728,16.6835,6.5723,44.9949,1988.37,806.876,7.5834,2305.36,25.7836,0,3.5389,72.8008,81.9009,135.49,6.0667,96.0566,14.6613,29.8281,1.5167,0.5056,415.571,67.7452,6.0667,1184.53
"TCGA-VS-A9UQ-01",727.601,1282.18,46.9308,84.458,32.2159,66.1733,3752.72,4521.55,1.7414,8.707,30.4745,1209.84,74.0096,107.096,12.1898,52.2421,1814.11,909.447,1358.73,2322.16,885.503,464.084,75.751,12.1898,20.8968,60.4919,76.1863,9.1728,421.419,361.341,2815.41,24.3796,19.5908,1431,17.414,78.3631,20.4615,370.483,1378.32,576.839,31.3452,3008.27,52.2421,1.3061,64.8672,390.074,196.778,330.431,4.7889,70.0914,36.1341,58.7723,28.2978,0.4354,671.31,188.507,14.3666,814.541
"TCGA-VS-A9UR-01",1481.66,890.882,23.5343,63.4037,96.8529,53.9181,5365.85,6122.2,5.4917,11.9818,21.4674,138.789,63.9029,58.4113,8.4871,53.4189,2645.98,1014.46,863.688,2962.5,1211.66,332.495,21.9666,10.4841,12.9803,40.9378,84.8711,3.9939,319.015,556.655,1305.52,22.9651,43.9333,827.244,2.4962,113.827,30.4537,1110.81,1838.21,375.929,71.8908,1585.09,29.4553,0,5.9909,266.096,101.845,220.665,2.4962,13.4795,27.4583,56.9136,25.4613,0,896.139,200.196,17.4735,679.468
"TCGA-VS-A9UT-01",1354.13,1097.68,75.8051,697.305,510.712,1076.71,3581.2,7376.64,217.001,483.76,163.787,512.094,802.35,1351.07,136.144,1230.13,1624.74,1319.97,901.175,3277.82,1617.14,177.609,1291.64,80.1659,589.495,523.096,1525.22,19.3504,445.059,1798.2,1890.81,602.626,322.046,1775.4,45.6116,1621.98,33.1721,35.2453,1911.54,517.623,349.689,4328.96,149.274,11.0574,8.293,3897.03,1950.93,559.088,145.819,1456.12,662.75,9923.98,199.724,0,631.652,3442.29,167.243,1248.79
"TCGA-VS-A9UU-01",2504,1061.53,43.4402,114.933,135.262,34.4019,5626.27,8605.16,7.0367,18.7647,16.4191,204.847,38.3112,230.649,7.8186,121.188,2770.13,924.941,941.36,4099.3,965.598,238.468,9.3823,72.7131,2.3456,11.7279,105.551,104.769,398.749,315.09,1964.82,17.9828,14.0735,940.579,2.3456,144.644,0,125.098,1426.11,415.168,32.0563,2707.58,139.171,0.7819,3.1274,106.333,80.5317,33.62,29.7107,316.654,42.2205,17.9828,35.9656,0,1085.22,86.7866,28.147,1355.75
"TCGA-VS-A9UV-01",2100.91,1598.33,26.3908,64.3678,74.1041,69.7769,6488.17,9382.03,2.1636,13.5227,14.6045,377.012,44.8952,110.345,9.7363,32.9953,1827.18,1311.7,1312.78,5595.13,1322.52,148.208,33.5362,64.3678,40.568,7.5727,57.336,3.2454,576.065,248.817,3059.36,10.2772,31.9135,1051.52,1.6227,83.8404,0,891.954,1108.86,632.319,18.9317,3070.72,28.1271,0.5409,6.4909,273.698,51.3861,12.4408,25.9635,186.613,50.8452,218.526,54.0906,0,1131.03,243.408,20.0135,1644.9
"TCGA-VS-A9UY-01",1354.01,639.072,61.589,165.233,280.217,327.75,4338.61,5003.17,12.6754,73.3364,82.3902,1702.13,131.734,457.673,41.6478,148.031,1262.56,951.562,1030.78,4367.13,1206.43,67.904,57.9448,19.0131,100.045,21.7293,225.441,0.9054,322.318,1179.27,1765.05,30.3305,72.431,1118.15,0.4527,251.245,2.7162,48.4382,588.954,638.298,59.3029,3516.07,48.4382,9.9593,6.7904,748.302,215.935,34.8574,7.6958,60.2082,168.402,1175.19,322.318,0,657.311,736.08,36.6682,1495.7
"TCGA-VS-A9UZ-01",2190.25,1024.7,59.5854,127.625,48.4653,106.624,6247.71,7316.11,11.8471,20.4631,47.9268,596.661,46.3113,360.797,35.5412,105.547,3508.35,1050.62,1137.86,2830.91,888.53,395.8,41.4647,72.1594,40.9262,55.4658,133.549,54.9273,388.261,400.646,2291.87,54.3888,32.3102,2137.32,32.3102,158.858,14.5396,106.624,1914.92,700.592,86.1605,2930.53,112.009,2.6925,49.5423,677.975,119.548,18.3091,57.0813,526.117,75.9289,153.473,28.0022,1.077,957.458,474.421,32.3102,1226.71
"TCGA-VS-A9V0-01",4353.48,2100.17,5.7905,18.0952,29.5238,43.8095,12906.7,12119,0,0.9524,2.8571,385.714,26.6667,76.1905,4.7619,21.9048,1962.86,527.619,1437.14,2611.43,1093.33,542.857,21.9048,0.9524,6.6667,18.0952,21.9048,14.2857,400,824.762,2267.62,2.8571,2.8571,1511.43,73.3333,32.381,27.619,54.2857,771.429,411.429,8.5714,1800.95,13.3333,0.9524,23.8095,233.333,46.6667,106.667,3.8095,2.8571,18.0952,46.6667,3.8095,0,564.762,133.333,11.4286,2489.52
"TCGA-VS-A9V1-01",1014.31,1528.13,4.9299,119.916,115.708,36.4656,4841.51,7108.7,2.805,10.5189,32.2581,252.454,77.1388,906.031,7.7139,45.582,2077.84,1274.89,1315.57,2101.68,932.679,218.794,15.4278,11.9215,8.4151,15.4278,146.564,0,315.568,895.512,1522.44,17.5316,2.1038,1228.61,771.389,206.872,0.7013,802.945,1751.05,667.602,23.1417,3634.64,30.1543,1.4025,0.7013,93.9691,46.2833,64.5161,4.2076,136.045,11.9215,53.2959,20.3366,0,621.318,78.5414,4.9088,849.229
"TCGA-VS-A9V2-01",1159.86,1113.8,51.2463,408.275,187.774,331.019,6688.52,6650.97,39.1644,65.4528,68.6717,686.181,115.347,651.845,51.5038,186.701,2056.4,647.016,915.802,4569.35,1460.88,229.085,131.978,254.837,70.8177,30.5804,224.793,416.859,458.706,653.991,2231.3,73.5002,86.3762,1254.33,9.657,320.826,3.219,197.431,1474.3,471.582,141.636,2842.9,174.898,8.0475,190.993,1342.32,445.293,115.884,48.8213,173.825,228.548,199.577,146.464,0,1367,892.733,97.6426,844.984
"TCGA-VS-A9V3-01",1146.04,801.218,124.173,158.917,131.842,278.399,4357.27,5985.29,14.7145,73.5727,111.831,2053.56,230.135,376.692,21.1889,228.37,1198.35,842.26,925.839,2699.23,881.106,279.576,44.7322,95.3502,108.888,19.4232,128.311,1.7657,330.194,1273.1,1270.75,68.2755,410.241,801.648,2.3543,243.673,1.1772,12.3602,1392,573.278,118.894,2812.83,170.689,18.8346,7.063,1049.44,293.114,72.9841,27.0747,132.431,181.872,632.137,1097.12,0,508.534,716.892,64.744,1408.48
"TCGA-VS-A9V4-01",1974.31,1916.17,8.685,13.7041,152.458,22.2691,11337.6,24604.8,0,22.2691,58.2424,325.472,31.6907,381.145,2.5695,6.852,1904.01,1062.07,1017.53,1395.25,1412.38,196.996,74.516,2.5695,15.4171,0.8565,13.7041,73.6595,416.262,208.987,1600.81,29.1212,10.2781,811.111,411.123,46.2513,3.426,218.409,954.147,787.128,11.1346,2956.66,32.5472,2.5695,2.5695,182.436,41.1123,269.799,0.8565,17.9866,28.2647,45.3948,12.8476,5.9955,740.877,74.516,11.9911,1593.1
"TCGA-VS-A9V5-01",2069.55,1210.29,30.8102,81.9751,33.0777,57.047,6865.29,3384.95,2.3969,9.5877,27.8044,309.204,85.8102,197.028,11.9847,14.861,1223.39,593.96,613.135,2142.86,1076.7,389.741,34.5158,34.9952,23.4899,22.0518,45.0623,2.3969,424.257,2853.31,1699.9,10.0671,6.232,809.684,1170.18,66.1553,20.6136,110.738,847.076,979.386,14.861,2651.97,22.0518,0.9588,13.9022,218.6,49.8562,10.5465,19.6548,53.2119,30.2013,116.491,28.7632,3.3557,877.277,141.419,5.7526,997.603
"TCGA-VS-AA62-01",1088.83,1012.4,195.973,655.647,828.951,680.19,4792.89,7909.34,134.235,127.724,156.774,701.227,402.204,884.047,185.825,445.279,2248.43,1989.98,866.516,5084.4,882.044,298.522,328.575,134.235,204.858,17.5307,552.467,3.0053,346.106,1227.15,1731.03,161.783,230.904,1585.27,80.1402,727.774,4.007,383.671,1081.89,743.802,389.181,3486.1,217.38,22.5394,15.5272,1879.29,1289.26,234.911,40.0701,296.018,320.06,1442.52,380.165,0,683.697,1237.16,157.776,1749.06
"TCGA-WL-A834-01",1611.58,925.646,51.9679,43.7318,26.725,115.646,3023.32,10866.9,0,31.5841,27.2109,641.399,69.9708,224.004,3.8873,38.3868,3262.88,483.479,1198.25,2912.54,1259.96,180.758,78.7172,16.5209,39.8445,14.5773,35.4713,136.54,551.02,886.783,3174.93,15.0632,9.7182,626.822,1.9436,56.8513,1.4577,941.205,986.395,554.908,29.1545,2686.1,31.5841,4.3732,66.0836,374.15,69.9708,10.2041,3.4014,25.7532,75.3158,114.674,18.4645,0,1801.75,319.242,32.5559,1800.78
"TCGA-XS-A8TJ-01",1981.34,891.506,57.146,124.719,181.655,253.311,2855.36,3500.27,5.4226,52.6762,61.5847,889.299,158.803,581.375,31.7607,108.451,1332.01,826.552,1387.01,4485.61,873.418,261.057,382.677,48.803,147.958,24.0142,143.698,1241.38,441.938,717.713,3247.72,77.8524,60.4227,694.087,16.2677,211.092,3.0986,200.634,1970.71,623.981,54.2255,3324.8,53.0635,6.1972,92.1834,812.608,264.156,48.4156,16.2677,98.7679,207.994,876.13,69.3312,0.3873,827.327,613.91,74.7538,1126.34
"TCGA-ZJ-A8QO-01",2542.95,1241,366.128,196.81,105.536,303.059,6387.77,7684.51,22.1055,346.557,331.939,257.422,1557.37,298.068,17.827,352.262,2443.01,1077.11,909.534,3480.19,1269.28,275.962,47.7764,52.4114,68.4557,49.9156,244.587,295.572,496.304,1336.67,1718.52,131.92,140.12,1395.5,7.4873,263.483,11.7658,452.45,937.701,592.213,193.245,2941.1,421.787,46.3502,22.8186,1450.41,564.047,313.042,55.9768,507,224.977,505.931,228.899,0,847.853,1151.27,246.726,1917.47
"TCGA-ZJ-A8QQ-01",1474.22,690.5,36.1662,146.214,179.721,122.28,6058.31,13844.6,6.5274,22.6284,64.839,130.983,28.7206,171.453,13.9252,68.3203,3417.75,773.281,513.49,6526.98,1116.62,211.053,31.3316,4.7868,63.5335,8.2681,89.208,0.4352,323.325,1145.78,1018.71,13.9252,21.3229,947.781,6.0923,189.73,0.8703,145.779,1218.02,725.849,27.4151,3307.66,45.6919,0.8703,3.9164,272.411,45.2567,10.0087,3.4813,10.879,109.225,335.074,74.4125,0,954.743,310.27,31.3316,2299.39
"TCGA-ZJ-A8QR-01",1043.66,1071.39,33.3936,444.681,140.957,93.0851,3678.19,4605.85,1.0638,8.5106,7.9787,507.447,349.468,568.617,5.8511,38.2979,880.851,795.745,1015.96,4030.85,1130.85,484.575,42.5532,12.766,24.4681,14.3617,65.4255,0.5319,411.702,1246.28,1512.23,2.6596,40.9574,2503.72,1.0638,183.511,1.5957,1467.55,1667.02,390.957,14.8936,2068.09,22.3404,0.5319,131.383,217.021,65.9574,9.5745,6.383,407.447,126.064,71.8085,56.9149,2.1277,407.447,279.787,15.4255,1617.55
"TCGA-ZJ-AAX4-01",1821.54,1758.54,191.96,268.218,223.515,721.984,5463.56,2813.84,15.9216,67.9731,76.5462,2400.49,548.683,1211.88,23.8824,268.83,1941.82,802.817,934.476,6217.39,621.555,401.102,191.672,154.317,326.393,18.9835,483.16,12.8781,515.615,1037.35,1925.29,105.328,64.2988,2347.21,292.713,337.416,20.2082,17.7587,1512.55,333.742,134.109,2407.84,180.037,15.3092,77.1586,2387.02,367.422,116.35,43.4783,142.07,322.107,1737.29,28.7814,0,952.235,1816.29,63.0741,878.751
"TCGA-ZJ-AAX8-01",1241.87,814.486,277.181,346.362,148.025,308.108,4576.3,4865.28,14.553,105.198,131.809,1136.38,248.233,560.915,34.9272,303.118,1706.03,987.942,1750.94,5638.67,974.22,207.069,171.726,100.208,131.809,70.6528,258.628,3.7422,352.183,867.36,3058.21,79.4179,89.8129,1872.77,11.6424,381.705,3.7422,162.578,1553.43,469.023,274.844,3283.99,174.22,27.4428,49.0644,1131.81,654.054,147.193,23.2848,179.626,167.983,512.682,152.183,0.4158,684.408,1096.05,136.798,1260.71
"TCGA-ZJ-AAXA-01",1640.69,944.302,39.4195,9.8972,3.2356,138.561,4173.39,4866.59,0.1903,7.2326,4.5679,2227.83,77.8455,213.552,0.7613,13.7038,1684.62,1036.16,1503.62,4867.72,813.095,301.104,48.7248,2.4743,53.2927,20.3654,17.7008,3.8066,503.045,393.986,2937.95,6.6616,10.0876,1560.14,549.296,18.8428,3.0453,10.8489,1625.62,612.676,12.7522,2283.21,36.7339,1.5226,18.4621,442.33,17.7008,6.0906,0.571,6.4713,61.2866,175.485,4.7583,0,1030.26,373.43,9.7069,1109.25
"TCGA-ZJ-AAXB-01",1377.67,1291.24,4.0892,90.203,51.115,61.1376,5171.64,16801.8,4.009,6.0135,4.009,129.291,18.0406,35.0789,5.0113,43.097,2061.64,1692.81,1112.5,1188.67,877.975,186.419,54.1218,2.0045,48.1082,82.1849,9.0203,29.0654,506.139,339.764,1282.89,7.0158,50.1128,726.635,14.0316,33.0744,2.0045,253.571,940.115,473.064,11.0248,2420.45,18.0406,1.0023,0,154.347,8.018,350.789,0,7.0158,27.0609,103.232,124.28,0,1640.69,58.1308,17.0383,1562.52
"TCGA-ZJ-AAXD-01",1332.26,695.142,27.5619,87.0761,20.165,73.3272,6168.65,4839.6,0,16.4986,60.495,474.794,45.8295,167.736,10.0825,68.7443,1509.62,1030.25,1022,5786.43,568.286,265.811,14.6654,53.1622,18.3318,83.4097,50.4125,3.6664,524.29,802.933,2540.79,5.4995,20.165,1183.32,64.1613,54.0788,6.4161,1108.16,1287.81,472.961,50.4125,2597.62,45.8295,4.583,22.9148,264.895,162.237,43.0797,16.4986,89.8258,76.077,54.9954,34.8304,0,672.777,282.31,17.4152,1765.35
"TCGA-ZJ-AAXF-01",2311.18,1113.62,204.953,311.156,163.978,220.43,5556.45,6145.83,14.1129,90.0538,159.946,1131.05,530.914,493.28,23.5215,215.054,2432.12,888.441,654.57,5061.16,1213.04,225.806,63.8441,457.661,40.9946,30.2419,286.29,6.754,467.742,784.274,1263.44,91.3978,54.4355,1243.28,30.2419,291.667,17.4731,88.7097,2137.1,343.414,233.199,2114.25,368.952,19.4892,97.4462,1242.61,274.866,162.634,182.124,688.844,219.758,204.301,49.0591,1.3441,868.28,854.167,124.328,1483.87
"TCGA-ZJ-AAXI-01",547.874,966.669,33.0748,145.429,63.7119,127.424,7081.02,4425.21,6.9252,4.1551,2.7701,1379.5,54.7091,172.438,31.856,59.5568,689.751,1670.36,1019.39,3695.98,637.119,97.6454,6.9252,11.0803,20.7756,51.9391,115.651,42.9363,319.945,187.673,3206.37,15.2355,69.2521,1261.08,2.0776,36.0111,2.7701,79.6399,1740.3,580.332,36.7036,1718.84,6.9252,1.385,50.554,374.654,108.726,23.5457,1.385,15.2355,132.272,54.0166,104.571,1.385,358.033,151.662,19.3906,747.23
"TCGA-ZJ-AAXJ-01",764.691,579.095,25.2424,137.598,571.314,127.942,11654,11790,16.898,18.5073,41.8427,1320.46,33.796,178.636,11.2653,95.7554,997.787,1861.19,1495.88,3810.1,509.354,89.318,54.7174,105.411,24.14,16.898,61.9594,11.2653,321.867,1583.58,4246.23,33.796,104.607,722.591,21.726,69.2014,3.2187,135.184,1228.73,561.658,58.7407,2931.4,85.2947,0.8047,1.6093,236.572,152.082,15.2887,25.7493,106.216,101.388,52.3034,105.411,1.6093,499.698,41.8427,163.347,2677.93
"TCGA-ZJ-AAXN-01",1559.52,1000.49,94.6873,718.29,1004.25,217.996,7883.94,6824.02,20.1268,85.4734,49.6635,233.941,163.367,544.73,105.077,122.852,1469.78,1259.36,619.225,3375.81,878.521,452.199,78.416,8.8871,68.4833,170.353,416.65,1.3069,343.985,1768.54,1380.12,30.3209,131.477,1366.53,1358.17,985.951,0.5228,1337.25,1255.18,714.893,141.149,3473.57,50.1862,6.2733,4.705,384.761,245.965,47.5724,0.5228,6.7961,141.672,256.943,91.7467,0,389.205,440.698,82.3368,2058.16
"TCGA-ZJ-AAXT-01",1876.64,1202.28,97.9334,86.6781,195.986,162.255,7595.22,8541.42,17.9334,43.5525,117.848,442.784,110.162,288.642,8.1127,284.799,3662.25,814.688,786.507,5434.24,1478.65,237.404,52.9462,13.6635,49.9573,8.9667,175.491,0.854,514.518,443.211,1476.52,64.4748,52.0922,847.993,23.0572,213.066,0.427,998.292,1701.54,373.612,51.6652,2023.06,90.0939,6.8318,0.427,301.025,186.166,35.0128,6.8318,59.778,124.68,267.293,46.9684,0,1257.47,299.317,50.3843,1823.65
"TCGA-ZJ-AAXU-01",1844.84,1347.45,110.292,717.932,597.945,253.563,6961.22,12708.3,42.7577,42.7577,25.1906,728.538,52.7014,161.75,79.8807,451.442,3204.51,1329.13,1400.73,3957.91,981.438,282.731,22.2075,326.483,37.4544,9.6122,526.351,378.853,532.98,330.792,1842.89,138.88,29.831,754.723,10.938,704.342,4.6404,145.84,2085.85,577.395,251.906,3081.54,353.331,2.6516,20.2188,612.529,630.759,215.114,201.856,1101.09,155.121,106.397,19.2244,0.3315,1282.73,262.512,130.262,1457.74
"TCGA-ZJ-AB0H-01",2694.37,1678.54,207.215,223.301,274.272,611.65,4010.32,6584.34,37.0146,148.058,177.791,2542.48,351.335,808.859,37.0146,250.607,1939.93,838.592,1158.37,2933.86,723.301,207.524,212.985,136.529,237.864,18.8107,381.675,248.786,477.548,589.806,2071.6,103.762,132.282,783.981,4.8544,300.971,0.6068,165.048,1364.68,490.291,209.952,3479.37,317.961,32.1602,89.199,1800.97,580.097,174.757,71.6019,674.15,419.296,984.83,292.476,0,1018.2,1194.17,149.272,1411.41
"TCGA-ZJ-AB0I-01",1235.7,842.76,16.9128,237.288,490.315,157.99,6396.49,5368.64,10.8959,21.1864,20.5811,1483.05,116.223,234.262,18.1598,208.232,901.937,480.63,848.063,7665.86,827.482,389.225,47.2155,0,57.5061,16.9492,303.269,0,417.07,923.729,1865.62,46.0048,67.1913,2454,18.7651,381.961,0,200.363,1006.05,532.688,74.4552,1314.77,11.5012,0.6053,10.8959,329.903,186.441,54.4794,0,6.6586,81.7191,124.092,78.0872,0,371.671,378.329,16.3438,1136.8
"TCGA-ZX-AA5X-01",1366.68,1120.02,105.391,253.674,154.679,304.718,4017.79,5188.71,3.867,92.8074,89.7138,1142.3,328.693,514.308,25.522,178.654,2240.53,755.607,747.1,4508.12,1028.62,211.137,407.579,109.822,239.752,88.9404,211.137,7.734,389.791,1661.25,1391.34,33.256,88.9404,2171.69,23.2019,307.038,13.9211,109.822,1534.42,422.274,86.6203,2833.72,202.63,17.0147,118.329,1506.57,172.467,64.9652,19.3349,184.068,276.102,1317.09,29.389,1.5468,730.085,1845.32,61.8716,1249.81
