"type","grp","sample","LONP1"
"ACC","Tumor","TCGA-OR-A5J8-01",7.335
"ACC","Tumor","TCGA-OR-A5JJ-01",8.619
"ACC","Tumor","TCGA-PK-A5HA-01",7.341
"ACC","Tumor","TCGA-PK-A5HB-01",8.933
"ACC","Tumor","TCGA-OR-A5LK-01",6.855
"ACC","Tumor","TCGA-OR-A5JG-01",8.768
"ACC","Tumor","TCGA-OR-A5JZ-01",8.18
"ACC","Tumor","TCGA-OR-A5L6-01",7.229
"ACC","Tumor","TCGA-OR-A5LB-01",8.934
"ACC","Tumor","TCGA-OR-A5J1-01",8.151
"ACC","Tumor","TCGA-OR-A5LT-01",7.5
"ACC","Tumor","TCGA-OR-A5JV-01",7.657
"ACC","Tumor","TCGA-OR-A5K3-01",8.122
"ACC","Tumor","TCGA-OR-A5JB-01",5.463
"ACC","Tumor","TCGA-OR-A5LD-01",7.459
"ACC","Tumor","TCGA-PA-A5YG-01",7.61
"ACC","Tumor","TCGA-OR-A5JX-01",7.519
"ACC","Tumor","TCGA-OR-A5JK-01",8.018
"ACC","Tumor","TCGA-OR-A5K1-01",7.938
"ACC","Tumor","TCGA-OR-A5JW-01",8.43
"ACC","Tumor","TCGA-OR-A5LG-01",8.274
"ACC","Tumor","TCGA-OR-A5JR-01",8.404
"ACC","Tumor","TCGA-OR-A5KZ-01",7.782
"ACC","Tumor","TCGA-PK-A5H8-01",8.238
"ACC","Tumor","TCGA-OR-A5JP-01",9.329
"ACC","Tumor","TCGA-OR-A5K8-01",7.421
"ACC","Tumor","TCGA-OR-A5JC-01",7.864
"ACC","Tumor","TCGA-OR-A5J5-01",7.873
"ACC","Tumor","TCGA-OR-A5LM-01",8.332
"ACC","Tumor","TCGA-OR-A5JI-01",6.72
"ACC","Tumor","TCGA-OR-A5LE-01",8.704
"ACC","Tumor","TCGA-OR-A5L5-01",7.422
"ACC","Tumor","TCGA-OR-A5LL-01",8.308
"ACC","Tumor","TCGA-OR-A5LC-01",8.695
"ACC","Tumor","TCGA-OR-A5JF-01",8.225
"ACC","Tumor","TCGA-OR-A5K0-01",8.572
"ACC","Tumor","TCGA-OR-A5JY-01",8.397
"ACC","Tumor","TCGA-OR-A5L3-01",7.531
"ACC","Tumor","TCGA-OR-A5JS-01",8.973
"ACC","Tumor","TCGA-OR-A5JT-01",8.606
"ACC","Tumor","TCGA-OR-A5K4-01",8.84
"ACC","Tumor","TCGA-OR-A5K9-01",8.074
"ACC","Tumor","TCGA-OR-A5LO-01",8.226
"ACC","Tumor","TCGA-OR-A5K5-01",8.731
"ACC","Tumor","TCGA-OR-A5JD-01",6.952
"ACC","Tumor","TCGA-OR-A5K6-01",8.415
"ACC","Tumor","TCGA-OR-A5KW-01",8.389
"ACC","Tumor","TCGA-P6-A5OF-01",7.869
"ACC","Tumor","TCGA-OR-A5LJ-01",6.307
"ACC","Tumor","TCGA-OR-A5JA-01",8.624
"ACC","Tumor","TCGA-OR-A5L9-01",6.036
"ACC","Tumor","TCGA-OU-A5PI-01",8.384
"ACC","Tumor","TCGA-OR-A5LA-01",7.667
"ACC","Tumor","TCGA-OR-A5L4-01",7.764
"ACC","Tumor","TCGA-P6-A5OG-01",5.863
"ACC","Tumor","TCGA-OR-A5J2-01",8.027
"ACC","Tumor","TCGA-OR-A5KT-01",8.6
"ACC","Tumor","TCGA-OR-A5KO-01",7.197
"ACC","Tumor","TCGA-OR-A5KU-01",8.203
"ACC","Tumor","TCGA-OR-A5LP-01",7.892
"ACC","Tumor","TCGA-OR-A5JL-01",8.292
"ACC","Tumor","TCGA-OR-A5L8-01",7.711
"ACC","Tumor","TCGA-OR-A5LH-01",8.748
"ACC","Tumor","TCGA-OR-A5LS-01",8.049
"ACC","Tumor","TCGA-OR-A5LN-01",6.946
"ACC","Tumor","TCGA-OR-A5J7-01",8.942
"ACC","Tumor","TCGA-OR-A5J6-01",8.945
"ACC","Tumor","TCGA-PK-A5H9-01",7.259
"ACC","Tumor","TCGA-OR-A5JO-01",5.912
"ACC","Tumor","TCGA-OR-A5JQ-01",8.007
"ACC","Tumor","TCGA-OR-A5JM-01",7.565
"ACC","Tumor","TCGA-OR-A5KX-01",7.854
"ACC","Tumor","TCGA-OR-A5J3-01",8.254
"ACC","Tumor","TCGA-OR-A5KY-01",8.27
"ACC","Tumor","TCGA-OR-A5J9-01",8.74
"ACC","Tumor","TCGA-OR-A5JE-01",9.193
"ACC","Tumor","TCGA-OR-A5KV-01",8.635
"ACC","Normal","GTEX-OIZH-1326-SM-3NB1H",7.302
"ACC","Normal","GTEX-NFK9-1726-SM-3TW8P",7.844
"ACC","Normal","GTEX-11DXY-1626-SM-5H12L",6.516
"ACC","Normal","GTEX-P4QS-1326-SM-3NMCD",7.854
"ACC","Normal","GTEX-ZLFU-0826-SM-4WWBP",6.771
"ACC","Normal","GTEX-1399R-0326-SM-5KM1X",7.901
"ACC","Normal","GTEX-ZVP2-0126-SM-5NQ7D",6.55
"ACC","Normal","GTEX-YFCO-0126-SM-4W1YT",6.781
"ACC","Normal","GTEX-YB5E-0226-SM-5IFHI",7
"ACC","Normal","GTEX-139YR-0126-SM-5IJEY",7.911
"ACC","Normal","GTEX-YF7O-0126-SM-5IFIR",7.64
"ACC","Normal","GTEX-13FTW-0126-SM-5IJED",7.206
"ACC","Normal","GTEX-V955-0126-SM-4JBH5",7.863
"ACC","Normal","GTEX-PLZ6-0226-SM-3P61I",7.5
"ACC","Normal","GTEX-131XF-0126-SM-5DUVF",7.145
"ACC","Normal","GTEX-QDVN-0426-SM-48TZ6",7.071
"ACC","Normal","GTEX-11NSD-0226-SM-5A5LR",8.021
"ACC","Normal","GTEX-111YS-0126-SM-5987T",7.085
"ACC","Normal","GTEX-11P7K-0126-SM-5986E",6.771
"ACC","Normal","GTEX-WQUQ-0126-SM-4OOSS",7.943
"ACC","Normal","GTEX-QMRM-0126-SM-4R1K9",7.602
"ACC","Normal","GTEX-ZDTT-0126-SM-4WKHA",7.587
"ACC","Normal","GTEX-VUSG-1526-SM-4KKZH",7.938
"ACC","Normal","GTEX-XQ3S-1726-SM-4BOOD",7.475
"ACC","Normal","GTEX-13111-0326-SM-5DUXF",7.222
"ACC","Normal","GTEX-Y5V6-1926-SM-5IFIL",7.738
"ACC","Normal","GTEX-U4B1-0126-SM-4DXSN",7.709
"ACC","Normal","GTEX-XMK1-0226-SM-4B65D",8.426
"ACC","Normal","GTEX-WFG8-0126-SM-4LVMH",7.204
"ACC","Normal","GTEX-13OW7-2726-SM-5L3HN",7.159
"ACC","Normal","GTEX-13O61-0126-SM-5KM4P",7.508
"ACC","Normal","GTEX-13O21-0126-SM-5IJE8",6.881
"ACC","Normal","GTEX-QLQ7-0126-SM-4R1JW",7.387
"ACC","Normal","GTEX-12WSN-0926-SM-5GCN1",5.171
"ACC","Normal","GTEX-PLZ5-0326-SM-3P614",8.212
"ACC","Normal","GTEX-147F4-2526-SM-5NQBB",7.294
"ACC","Normal","GTEX-111CU-0126-SM-5GZWZ",7.022
"ACC","Normal","GTEX-WHPG-1526-SM-4M1ZK",6.861
"ACC","Normal","GTEX-O5YT-1326-SM-3MJGR",7.263
"ACC","Normal","GTEX-S4Q7-0226-SM-4AD5O",7.614
"ACC","Normal","GTEX-Q2AH-0126-SM-48U2B",7.922
"ACC","Normal","GTEX-TKQ2-0226-SM-4DM6V",7.646
"ACC","Normal","GTEX-X4LF-0126-SM-4QAS7",7.76
"ACC","Normal","GTEX-12696-0626-SM-5EGGD",7.496
"ACC","Normal","GTEX-132QS-0126-SM-5IFH9",7.472
"ACC","Normal","GTEX-U3ZM-0226-SM-4DXTA",7.981
"ACC","Normal","GTEX-OOBK-3125-SM-3LK5R",7.542
"ACC","Normal","GTEX-V1D1-0226-SM-4JBHG",6.655
"ACC","Normal","GTEX-Q2AI-0226-SM-48U1D",7.553
"ACC","Normal","GTEX-QEG5-1826-SM-4R1JP",7.888
"ACC","Normal","GTEX-RUSQ-0226-SM-47JWT",8.385
"ACC","Normal","GTEX-11EQ9-0126-SM-5986I",7.042
"ACC","Normal","GTEX-11DXZ-0226-SM-5EGGZ",7.562
"ACC","Normal","GTEX-R55C-0226-SM-48FEO",6.657
"ACC","Normal","GTEX-QLQW-0226-SM-447BJ",8.702
"ACC","Normal","GTEX-ZA64-0226-SM-5HL9C",6.313
"ACC","Normal","GTEX-145LT-0126-SM-5S2QJ",6.629
"ACC","Normal","GTEX-14753-1726-SM-5NQ9X",6.422
"ACC","Normal","GTEX-148VJ-1626-SM-5QGPH",6.428
"ACC","Normal","GTEX-WY7C-0326-SM-4OND5",7.106
"ACC","Normal","GTEX-Y9LG-0126-SM-5Q59W",6.734
"ACC","Normal","GTEX-VJYA-0526-SM-4KL1R",7.317
"ACC","Normal","GTEX-REY6-1726-SM-48FDL",8.086
"ACC","Normal","GTEX-RWSA-1726-SM-47JX7",7.972
"ACC","Normal","GTEX-QXCU-1326-SM-48FE2",7.458
"ACC","Normal","GTEX-11TT1-0126-SM-5LUAA",7.73
"ACC","Normal","GTEX-SUCS-0526-SM-4DM56",8.007
"ACC","Normal","GTEX-13O1R-2326-SM-5IJF9",8.181
"ACC","Normal","GTEX-WFG8-0126-SM-5CHTB",-9.966
"ACC","Normal","GTEX-12WSL-0326-SM-5CVMK",6.935
"ACC","Normal","GTEX-145MN-0226-SM-5QGPY",6.602
"ACC","Normal","GTEX-OHPL-1326-SM-3MJGG",6.752
"ACC","Normal","GTEX-ZYFG-0926-SM-5BC5U",6.895
"ACC","Normal","GTEX-Y114-0526-SM-4TT8V",7.79
"ACC","Normal","GTEX-Q734-0126-SM-48U1E",7.883
"ACC","Normal","GTEX-T6MO-0126-SM-4DM6X",7.631
"ACC","Normal","GTEX-ZLV1-0226-SM-4WWC1",7.427
"ACC","Normal","GTEX-O5YV-1126-SM-3LK73",7.752
"ACC","Normal","GTEX-ZF2S-0126-SM-4WKFO",7.698
"ACC","Normal","GTEX-13OVI-1226-SM-5J2ME",6.675
"ACC","Normal","GTEX-11GSP-0326-SM-5A5KW",7.403
"ACC","Normal","GTEX-ZLWG-0126-SM-4WWC5",7.339
"ACC","Normal","GTEX-13N11-0826-SM-5IJFP",7.369
"ACC","Normal","GTEX-S341-0126-SM-4AD64",7.18
"ACC","Normal","GTEX-146FR-1526-SM-5SIB8",7.68
"ACC","Normal","GTEX-ZZPU-1226-SM-5N9CK",7.427
"ACC","Normal","GTEX-12WSJ-0126-SM-5GCOM",7.15
"ACC","Normal","GTEX-Y3IK-0226-SM-51MRJ",7.443
"ACC","Normal","GTEX-12WSG-0726-SM-5EGIG",7.988
"ACC","Normal","GTEX-12WSD-2126-SM-5LZWK",7.714
"ACC","Normal","GTEX-OXRK-0126-SM-3NB1E",8.368
"ACC","Normal","GTEX-R53T-0226-SM-48FEH",8.39
"ACC","Normal","GTEX-11I78-1826-SM-5A5M4",6.803
"ACC","Normal","GTEX-1399U-0226-SM-5P9J2",7.364
"ACC","Normal","GTEX-1211K-0126-SM-59HJE",7.821
"ACC","Normal","GTEX-R55G-0126-SM-48FDS",7.707
"ACC","Normal","GTEX-WYVS-0226-SM-4ONDK",7.61
"ACC","Normal","GTEX-131XG-1326-SM-5DUX4",8.309
"ACC","Normal","GTEX-1399S-0426-SM-5IFG5",6.613
"ACC","Normal","GTEX-14H4A-0226-SM-5SI6Q",7.769
"ACC","Normal","GTEX-QCQG-0126-SM-48U27",7.618
"ACC","Normal","GTEX-14A5I-2126-SM-5NQA8",7.706
"ACC","Normal","GTEX-Y5V5-1326-SM-4V6G9",8.316
"ACC","Normal","GTEX-ZVT2-0826-SM-5GIEO",7.196
"ACC","Normal","GTEX-13PVR-0226-SM-5RQJI",7.796
"ACC","Normal","GTEX-S32W-0126-SM-4AD61",8.038
"ACC","Normal","GTEX-U3ZN-0826-SM-4DXSZ",7.919
"ACC","Normal","GTEX-1122O-0326-SM-5H124",7.294
"ACC","Normal","GTEX-12WSK-0326-SM-5GCOJ",7.166
"ACC","Normal","GTEX-OHPK-1326-SM-3MJGN",6.849
"ACC","Normal","GTEX-14DAQ-1826-SM-5S2VV",7.028
"ACC","Normal","GTEX-XYKS-0926-SM-4BRVG",7.674
"ACC","Normal","GTEX-13W3W-1326-SM-5LU4T",7.76
"ACC","Normal","GTEX-11EMC-0526-SM-5EGJN",7.427
"ACC","Normal","GTEX-14BMU-0126-SM-5S2Q9",7.902
"ACC","Normal","GTEX-13D11-0426-SM-5LZYA",7.448
"ACC","Normal","GTEX-132AR-1726-SM-5EGHQ",8.593
"ACC","Normal","GTEX-13PL7-1026-SM-5MR5C",7.66
"ACC","Normal","GTEX-XUZC-0226-SM-4BOO7",7.501
"ACC","Normal","GTEX-13FH7-0226-SM-5IFGG",8.057
"ACC","Normal","GTEX-PWCY-0226-SM-48TD8",7.419
"ACC","Normal","GTEX-11XUK-0126-SM-5CVLK",7.674
"ACC","Normal","GTEX-13O3O-1626-SM-5KM1O",7.579
"ACC","Normal","GTEX-11DXX-0126-SM-5EGH7",7.337
"ACC","Normal","GTEX-X4EO-1726-SM-4QARN",7.009
"ACC","Normal","GTEX-ZYWO-0126-SM-5GZWQ",7.932
"ACC","Normal","GTEX-ZYVF-1626-SM-5N9EH",6.933
"ACC","Normal","GTEX-XV7Q-0226-SM-4BRVL",8.239
"BLCA","Tumor","TCGA-UY-A8OC-01",5.642
"BLCA","Tumor","TCGA-KQ-A41Q-01",5.69
"BLCA","Tumor","TCGA-DK-A3IK-01",5.047
"BLCA","Tumor","TCGA-GU-A762-01",5.634
"BLCA","Tumor","TCGA-K4-A3WU-01",4.949
"BLCA","Tumor","TCGA-FD-A3B5-01",5.828
"BLCA","Tumor","TCGA-UY-A9PE-01",5.297
"BLCA","Tumor","TCGA-CF-A9FH-01",5.852
"BLCA","Tumor","TCGA-CF-A9FL-01",5.262
"BLCA","Tumor","TCGA-DK-A3X2-01",6.612
"BLCA","Tumor","TCGA-G2-A2ES-01",5.945
"BLCA","Tumor","TCGA-XF-A9SW-01",5.076
"BLCA","Tumor","TCGA-CU-A0YO-01",4.771
"BLCA","Tumor","TCGA-DK-A1AE-01",5.464
"BLCA","Tumor","TCGA-FD-A43X-01",5.878
"BLCA","Tumor","TCGA-FD-A5BT-01",5.315
"BLCA","Tumor","TCGA-KQ-A41O-01",5.398
"BLCA","Tumor","TCGA-2F-A9KT-01",5.565
"BLCA","Tumor","TCGA-CU-A0YR-01",5.154
"BLCA","Tumor","TCGA-K4-A4AC-01",5.499
"BLCA","Tumor","TCGA-S5-A6DX-01",6.343
"BLCA","Tumor","TCGA-XF-A9SJ-01",5.76
"BLCA","Tumor","TCGA-ZF-A9R4-01",4.955
"BLCA","Tumor","TCGA-DK-AA75-01",6.168
"BLCA","Tumor","TCGA-FD-A5BX-01",6.352
"BLCA","Tumor","TCGA-FD-A6TB-01",5.202
"BLCA","Tumor","TCGA-SY-A9G0-01",5.044
"BLCA","Tumor","TCGA-XF-A9SV-01",5.356
"BLCA","Tumor","TCGA-ZF-A9R0-01",5.343
"BLCA","Tumor","TCGA-DK-A2I6-01",5.788
"BLCA","Tumor","TCGA-E7-A677-01",5.586
"BLCA","Tumor","TCGA-GU-A767-01",6.194
"BLCA","Tumor","TCGA-ZF-A9R1-01",6.157
"BLCA","Tumor","TCGA-4Z-AA81-01",5.263
"BLCA","Tumor","TCGA-BT-A3PK-01",5.661
"BLCA","Tumor","TCGA-UY-A78N-01",5.906
"BLCA","Tumor","TCGA-UY-A9PD-01",6.012
"BLCA","Tumor","TCGA-XF-A8HF-01",5.592
"BLCA","Tumor","TCGA-XF-AAMH-01",6.272
"BLCA","Tumor","TCGA-4Z-AA7Q-01",5.06
"BLCA","Tumor","TCGA-DK-A1A5-01",5.445
"BLCA","Tumor","TCGA-DK-A2I4-01",5.309
"BLCA","Tumor","TCGA-FD-A3SN-01",5.209
"BLCA","Tumor","TCGA-GC-A3OO-01",5.392
"BLCA","Tumor","TCGA-GV-A3QF-01",5.662
"BLCA","Tumor","TCGA-XF-A8HC-01",5.997
"BLCA","Tumor","TCGA-XF-A9SZ-01",6.704
"BLCA","Tumor","TCGA-DK-AA6W-01",5.991
"BLCA","Tumor","TCGA-HQ-A5ND-01",5.281
"BLCA","Tumor","TCGA-LC-A66R-01",6.223
"BLCA","Tumor","TCGA-XF-AAMY-01",5.051
"BLCA","Tumor","TCGA-C4-A0F7-01",5.278
"BLCA","Tumor","TCGA-FD-A6TD-01",6.352
"BLCA","Tumor","TCGA-G2-A2EL-01",6.562
"BLCA","Tumor","TCGA-G2-AA3F-01",5.884
"BLCA","Tumor","TCGA-GV-A40G-01",6.238
"BLCA","Tumor","TCGA-K4-A83P-01",5.211
"BLCA","Tumor","TCGA-UY-A9PF-01",4.058
"BLCA","Tumor","TCGA-XF-A8HD-01",5.856
"BLCA","Tumor","TCGA-ZF-A9RC-01",6.033
"BLCA","Tumor","TCGA-BT-A3PH-01",5.633
"BLCA","Tumor","TCGA-BT-A3PJ-01",5.363
"BLCA","Tumor","TCGA-CU-A72E-01",5.599
"BLCA","Tumor","TCGA-DK-A3IM-01",5.688
"BLCA","Tumor","TCGA-FD-A43N-01",5.255
"BLCA","Tumor","TCGA-FD-A62P-01",5.805
"BLCA","Tumor","TCGA-FJ-A3Z7-01",5.365
"BLCA","Tumor","TCGA-FT-A61P-01",6.196
"BLCA","Tumor","TCGA-K4-A4AB-01",5.38
"BLCA","Tumor","TCGA-KQ-A41P-01",5.652
"BLCA","Tumor","TCGA-XF-A9SM-01",5.478
"BLCA","Tumor","TCGA-XF-AAN3-01",4.671
"BLCA","Tumor","TCGA-BT-A0S7-01",5.572
"BLCA","Tumor","TCGA-BT-A20J-01",5.303
"BLCA","Tumor","TCGA-BT-A20O-01",5.934
"BLCA","Tumor","TCGA-CF-A3MH-01",5.659
"BLCA","Tumor","TCGA-CU-A3KJ-01",5.714
"BLCA","Tumor","TCGA-DK-AA74-01",6.274
"BLCA","Tumor","TCGA-E7-A6ME-01",5.993
"BLCA","Tumor","TCGA-FD-A3B6-01",5.655
"BLCA","Tumor","TCGA-GU-AATO-01",5.605
"BLCA","Tumor","TCGA-GV-A40E-01",6.245
"BLCA","Tumor","TCGA-K4-A5RJ-01",5.21
"BLCA","Tumor","TCGA-MV-A51V-01",5.694
"BLCA","Tumor","TCGA-XF-AAML-01",6.33
"BLCA","Tumor","TCGA-ZF-A9R2-01",6.066
"BLCA","Tumor","TCGA-BT-A42E-01",4.985
"BLCA","Tumor","TCGA-DK-A3IQ-01",5.25
"BLCA","Tumor","TCGA-FD-A43P-01",5.717
"BLCA","Tumor","TCGA-FD-A62O-01",4.808
"BLCA","Tumor","TCGA-GU-AATP-01",6.39
"BLCA","Tumor","TCGA-GV-A3JW-01",5.367
"BLCA","Tumor","TCGA-ZF-A9RF-01",5.851
"BLCA","Tumor","TCGA-ZF-AA4N-01",5.229
"BLCA","Tumor","TCGA-4Z-AA7R-01",6.101
"BLCA","Tumor","TCGA-4Z-AA80-01",5.733
"BLCA","Tumor","TCGA-BL-A0C8-01",3.709
"BLCA","Tumor","TCGA-BT-A20Q-01",5.581
"BLCA","Tumor","TCGA-E7-A7DU-01",5.988
"BLCA","Tumor","TCGA-E7-A97P-01",5.469
"BLCA","Tumor","TCGA-FD-A6TG-01",5.428
"BLCA","Tumor","TCGA-FD-A6TI-01",5.473
"BLCA","Tumor","TCGA-FJ-A3ZF-01",5.367
"BLCA","Tumor","TCGA-KQ-A41N-01",6.115
"BLCA","Tumor","TCGA-UY-A9PH-01",5.33
"BLCA","Tumor","TCGA-XF-AAN2-01",5.981
"BLCA","Tumor","TCGA-4Z-AA87-01",5.723
"BLCA","Tumor","TCGA-BT-A20N-01",5.867
"BLCA","Tumor","TCGA-DK-A1AC-01",5.395
"BLCA","Tumor","TCGA-DK-A3IN-01",5.645
"BLCA","Tumor","TCGA-E5-A4U1-01",7.084
"BLCA","Tumor","TCGA-E7-A519-01",5.09
"BLCA","Tumor","TCGA-FJ-A3Z9-01",5.011
"BLCA","Tumor","TCGA-GU-A42P-01",5.708
"BLCA","Tumor","TCGA-GU-A763-01",5.561
"BLCA","Tumor","TCGA-BT-A20W-01",6.245
"BLCA","Tumor","TCGA-C4-A0F1-01",4.495
"BLCA","Tumor","TCGA-DK-AA71-01",6.069
"BLCA","Tumor","TCGA-GC-A4ZW-01",6.71
"BLCA","Tumor","TCGA-YC-A8S6-01",5.441
"BLCA","Tumor","TCGA-YC-A9TC-01",6.777
"BLCA","Tumor","TCGA-ZF-AA54-01",7.33
"BLCA","Tumor","TCGA-CU-A5W6-01",6.135
"BLCA","Tumor","TCGA-DK-A6AW-01",5.365
"BLCA","Tumor","TCGA-DK-A6B2-01",4.825
"BLCA","Tumor","TCGA-E7-A3X6-01",5.551
"BLCA","Tumor","TCGA-FD-A3SM-01",5.315
"BLCA","Tumor","TCGA-FD-A43U-01",6.214
"BLCA","Tumor","TCGA-GC-A3BM-01",5.592
"BLCA","Tumor","TCGA-PQ-A6FI-01",5.881
"BLCA","Tumor","TCGA-R3-A69X-01",5.494
"BLCA","Tumor","TCGA-XF-AAMJ-01",4.993
"BLCA","Tumor","TCGA-ZF-A9RM-01",4.82
"BLCA","Tumor","TCGA-ZF-AA4U-01",5.608
"BLCA","Tumor","TCGA-ZF-AA52-01",5.889
"BLCA","Tumor","TCGA-2F-A9KQ-01",5.251
"BLCA","Tumor","TCGA-DK-A1AD-01",5.009
"BLCA","Tumor","TCGA-FD-A3N5-01",5.899
"BLCA","Tumor","TCGA-FD-A62N-01",5.702
"BLCA","Tumor","TCGA-G2-A2EO-01",7.112
"BLCA","Tumor","TCGA-HQ-A2OE-01",5.912
"BLCA","Tumor","TCGA-K4-A5RH-01",5.791
"BLCA","Tumor","TCGA-XF-A8HG-01",4.744
"BLCA","Tumor","TCGA-XF-A9SL-01",5.724
"BLCA","Tumor","TCGA-DK-A3IS-01",5.596
"BLCA","Tumor","TCGA-DK-AA6R-01",5.568
"BLCA","Tumor","TCGA-FD-A3SO-01",4.972
"BLCA","Tumor","TCGA-FD-A3SR-01",5.851
"BLCA","Tumor","TCGA-FD-A5BS-01",4.89
"BLCA","Tumor","TCGA-GU-A42R-01",5.234
"BLCA","Tumor","TCGA-GU-AATQ-01",5.525
"BLCA","Tumor","TCGA-XF-A9ST-01",6.873
"BLCA","Tumor","TCGA-XF-A9T0-01",6.363
"BLCA","Tumor","TCGA-XF-AAN0-01",5.988
"BLCA","Tumor","TCGA-CF-A5UA-01",6.122
"BLCA","Tumor","TCGA-CU-A3YL-01",6.347
"BLCA","Tumor","TCGA-DK-A6B1-01",5.869
"BLCA","Tumor","TCGA-E7-A5KF-01",5.13
"BLCA","Tumor","TCGA-GU-A42Q-01",5.556
"BLCA","Tumor","TCGA-GV-A3QH-01",6.027
"BLCA","Tumor","TCGA-ZF-AA4R-01",5.219
"BLCA","Tumor","TCGA-2F-A9KP-01",5.461
"BLCA","Tumor","TCGA-4Z-AA7S-01",6.233
"BLCA","Tumor","TCGA-4Z-AA86-01",5.639
"BLCA","Tumor","TCGA-E7-A4XJ-01",5.862
"BLCA","Tumor","TCGA-E7-A541-01",5.946
"BLCA","Tumor","TCGA-E7-A6MD-01",5.675
"BLCA","Tumor","TCGA-E7-A7XN-01",6.167
"BLCA","Tumor","TCGA-FD-A3B7-01",5.64
"BLCA","Tumor","TCGA-FD-A3SS-01",5.717
"BLCA","Tumor","TCGA-G2-A3IB-01",4.692
"BLCA","Tumor","TCGA-G2-A3VY-01",5.073
"BLCA","Tumor","TCGA-G2-AA3C-01",5.923
"BLCA","Tumor","TCGA-GU-A764-01",5.328
"BLCA","Tumor","TCGA-GV-A3JV-01",5.797
"BLCA","Tumor","TCGA-K4-A3WS-01",5.199
"BLCA","Tumor","TCGA-SY-A9G5-01",5.469
"BLCA","Tumor","TCGA-ZF-AA4V-01",6.007
"BLCA","Tumor","TCGA-4Z-AA7M-01",6.201
"BLCA","Tumor","TCGA-4Z-AA7N-01",5.016
"BLCA","Tumor","TCGA-BL-A13J-01",4.529
"BLCA","Tumor","TCGA-DK-A1AG-01",5.899
"BLCA","Tumor","TCGA-FD-A43Y-01",4.958
"BLCA","Tumor","TCGA-FJ-A3ZE-01",4.749
"BLCA","Tumor","TCGA-GV-A3QG-01",5.394
"BLCA","Tumor","TCGA-XF-A9SK-01",5.592
"BLCA","Tumor","TCGA-ZF-AA4T-01",5.875
"BLCA","Tumor","TCGA-ZF-AA5P-01",5.067
"BLCA","Tumor","TCGA-4Z-AA7O-01",5.417
"BLCA","Tumor","TCGA-BT-A42C-01",6.18
"BLCA","Tumor","TCGA-BT-A42F-01",5.447
"BLCA","Tumor","TCGA-DK-AA6U-01",6.016
"BLCA","Tumor","TCGA-E5-A4TZ-01",5.354
"BLCA","Tumor","TCGA-E7-A85H-01",5.937
"BLCA","Tumor","TCGA-GD-A6C6-01",6.475
"BLCA","Tumor","TCGA-K4-A6MB-01",5.726
"BLCA","Tumor","TCGA-XF-A9T8-01",5.697
"BLCA","Tumor","TCGA-2F-A9KO-01",5.292
"BLCA","Tumor","TCGA-BT-A20T-01",5.106
"BLCA","Tumor","TCGA-DK-AA6T-01",5.629
"BLCA","Tumor","TCGA-DK-AA6X-01",4.75
"BLCA","Tumor","TCGA-E7-A7PW-01",5.845
"BLCA","Tumor","TCGA-FD-A6TH-01",5.673
"BLCA","Tumor","TCGA-UY-A8OB-01",6.018
"BLCA","Tumor","TCGA-BL-A3JM-01",6.55
"BLCA","Tumor","TCGA-CF-A1HR-01",5.722
"BLCA","Tumor","TCGA-CF-A3MI-01",4.811
"BLCA","Tumor","TCGA-DK-A3IT-01",5.493
"BLCA","Tumor","TCGA-FD-A3SQ-01",5.567
"BLCA","Tumor","TCGA-GU-A766-01",6.789
"BLCA","Tumor","TCGA-UY-A78L-01",6.127
"BLCA","Tumor","TCGA-4Z-AA84-01",6.906
"BLCA","Tumor","TCGA-DK-A6B0-01",5.622
"BLCA","Tumor","TCGA-DK-AA77-01",5.481
"BLCA","Tumor","TCGA-FD-A5C0-01",5.687
"BLCA","Tumor","TCGA-GC-A3YS-01",5.331
"BLCA","Tumor","TCGA-ZF-A9RL-01",5.229
"BLCA","Tumor","TCGA-4Z-AA7Y-01",5.833
"BLCA","Tumor","TCGA-4Z-AA89-01",5.624
"BLCA","Tumor","TCGA-C4-A0F0-01",5.69
"BLCA","Tumor","TCGA-CF-A47X-01",4.743
"BLCA","Tumor","TCGA-CU-A0YN-01",5.339
"BLCA","Tumor","TCGA-DK-A1A3-01",6.058
"BLCA","Tumor","TCGA-DK-A3IV-01",5.876
"BLCA","Tumor","TCGA-DK-AA6S-01",5.462
"BLCA","Tumor","TCGA-FD-A3NA-01",5.767
"BLCA","Tumor","TCGA-FD-A3SL-01",5.637
"BLCA","Tumor","TCGA-FD-A3SP-01",5.782
"BLCA","Tumor","TCGA-FD-A6TK-01",5.045
"BLCA","Tumor","TCGA-G2-AA3D-01",5.486
"BLCA","Tumor","TCGA-UY-A78K-01",5.804
"BLCA","Tumor","TCGA-XF-AAN7-01",6.081
"BLCA","Tumor","TCGA-ZF-AA53-01",6.084
"BLCA","Tumor","TCGA-4Z-AA82-01",5.653
"BLCA","Tumor","TCGA-CF-A5U8-01",5.223
"BLCA","Tumor","TCGA-CF-A8HY-01",6.199
"BLCA","Tumor","TCGA-E7-A8O8-01",5.228
"BLCA","Tumor","TCGA-FD-A3SJ-01",5.025
"BLCA","Tumor","TCGA-GC-A3RC-01",6.183
"BLCA","Tumor","TCGA-GV-A3JX-01",5.661
"BLCA","Tumor","TCGA-K4-A54R-01",5.953
"BLCA","Tumor","TCGA-XF-A9SP-01",5.245
"BLCA","Tumor","TCGA-ZF-A9R5-01",4.902
"BLCA","Tumor","TCGA-CU-A3QU-01",5.789
"BLCA","Tumor","TCGA-DK-A3IU-01",5.507
"BLCA","Tumor","TCGA-FD-A6TA-01",4.812
"BLCA","Tumor","TCGA-ZF-A9R9-01",4.993
"BLCA","Tumor","TCGA-DK-A1AA-01",5.004
"BLCA","Tumor","TCGA-DK-A3WW-01",5.69
"BLCA","Tumor","TCGA-DK-A6B6-01",5.014
"BLCA","Tumor","TCGA-E7-A3Y1-01",5.376
"BLCA","Tumor","TCGA-FD-A5BR-01",5.452
"BLCA","Tumor","TCGA-G2-A2EK-01",4.322
"BLCA","Tumor","TCGA-HQ-A5NE-01",4.998
"BLCA","Tumor","TCGA-YF-AA3M-01",5.72
"BLCA","Tumor","TCGA-BT-A20X-01",5.169
"BLCA","Tumor","TCGA-E7-A4IJ-01",5.045
"BLCA","Tumor","TCGA-FD-A3B8-01",4.965
"BLCA","Tumor","TCGA-K4-AAQO-01",5.171
"BLCA","Tumor","TCGA-LT-A5Z6-01",5.975
"BLCA","Tumor","TCGA-ZF-AA4W-01",5.128
"BLCA","Tumor","TCGA-ZF-AA4X-01",5.587
"BLCA","Tumor","TCGA-4Z-AA7W-01",5.35
"BLCA","Tumor","TCGA-CF-A47Y-01",4.932
"BLCA","Tumor","TCGA-E7-A678-01",5.214
"BLCA","Tumor","TCGA-GV-A3JZ-01",5.389
"BLCA","Tumor","TCGA-BT-A2LA-01",6.177
"BLCA","Tumor","TCGA-CF-A7I0-01",5.561
"BLCA","Tumor","TCGA-FD-A6TE-01",5.544
"BLCA","Tumor","TCGA-GC-A3RB-01",5.733
"BLCA","Tumor","TCGA-GV-A6ZA-01",6.097
"BLCA","Tumor","TCGA-XF-A9T2-01",6.045
"BLCA","Tumor","TCGA-DK-A1A6-01",5.431
"BLCA","Tumor","TCGA-H4-A2HO-01",4.901
"BLCA","Tumor","TCGA-4Z-AA83-01",5.574
"BLCA","Tumor","TCGA-CF-A27C-01",5.237
"BLCA","Tumor","TCGA-CF-A47V-01",6.04
"BLCA","Tumor","TCGA-CF-A9FF-01",5.446
"BLCA","Tumor","TCGA-E7-A8O7-01",5.197
"BLCA","Tumor","TCGA-G2-A3IE-01",5.535
"BLCA","Tumor","TCGA-CF-A9FM-01",5.687
"BLCA","Tumor","TCGA-G2-A2EF-01",5.5
"BLCA","Tumor","TCGA-FJ-A871-01",6.671
"BLCA","Tumor","TCGA-UY-A9PB-01",5.398
"BLCA","Tumor","TCGA-XF-AAMG-01",5.843
"BLCA","Tumor","TCGA-CF-A3MG-01",5.933
"BLCA","Tumor","TCGA-DK-AA6L-01",5.641
"BLCA","Tumor","TCGA-GD-A3OQ-01",5.573
"BLCA","Tumor","TCGA-UY-A9PA-01",5.371
"BLCA","Tumor","TCGA-XF-A9T4-01",5.231
"BLCA","Tumor","TCGA-XF-AAMR-01",5.46
"BLCA","Tumor","TCGA-GV-A3QI-01",7.109
"BLCA","Tumor","TCGA-XF-A8HE-01",6.243
"BLCA","Tumor","TCGA-S5-AA26-01",5.775
"BLCA","Tumor","TCGA-DK-A6B5-01",5.076
"BLCA","Tumor","TCGA-GC-A3I6-01",5.267
"BLCA","Tumor","TCGA-E7-A7DV-01",5.47
"BLCA","Tumor","TCGA-CF-A47W-01",6.163
"BLCA","Tumor","TCGA-CF-A47S-01",5.601
"BLCA","Tumor","TCGA-E7-A6MF-01",5.466
"BLCA","Tumor","TCGA-CF-A3MF-01",4.947
"BLCA","Tumor","TCGA-GC-A6I1-01",5.731
"BLCA","Tumor","TCGA-GC-A6I3-01",6.031
"BLCA","Tumor","TCGA-XF-A9T6-01",5.603
"BLCA","Tumor","TCGA-KQ-A41S-01",5.949
"BLCA","Tumor","TCGA-XF-AAMX-01",5.44
"BLCA","Tumor","TCGA-GD-A76B-01",5.054
"BLCA","Tumor","TCGA-DK-A1AF-01",5.204
"BLCA","Tumor","TCGA-GD-A3OP-01",5.309
"BLCA","Tumor","TCGA-GC-A3RD-01",5.588
"BLCA","Tumor","TCGA-C4-A0F6-01",5.354
"BLCA","Tumor","TCGA-DK-A6AV-01",6.179
"BLCA","Tumor","TCGA-BT-A20P-01",6.422
"BLCA","Tumor","TCGA-UY-A78M-01",6.107
"BLCA","Tumor","TCGA-XF-AAMZ-01",6.053
"BLCA","Tumor","TCGA-BL-A5ZZ-01",5.455
"BLCA","Tumor","TCGA-DK-A2HX-01",5.644
"BLCA","Tumor","TCGA-FD-A6TF-01",6.242
"BLCA","Tumor","TCGA-FT-A3EE-01",5.43
"BLCA","Tumor","TCGA-GC-A3WC-01",5.247
"BLCA","Tumor","TCGA-KQ-A41R-01",5.821
"BLCA","Tumor","TCGA-BT-A20R-01",5.249
"BLCA","Tumor","TCGA-DK-A3IL-01",5.577
"BLCA","Tumor","TCGA-FD-A6TC-01",5.63
"BLCA","Tumor","TCGA-XF-AAMW-01",5.361
"BLCA","Tumor","TCGA-ZF-AA56-01",5.386
"BLCA","Tumor","TCGA-BT-A2LD-01",6.057
"BLCA","Tumor","TCGA-DK-A3X1-01",4.753
"BLCA","Tumor","TCGA-E7-A5KE-01",5.907
"BLCA","Tumor","TCGA-PQ-A6FN-01",5.964
"BLCA","Tumor","TCGA-UY-A78P-01",4.984
"BLCA","Tumor","TCGA-XF-A9T5-01",5.323
"BLCA","Tumor","TCGA-YC-A89H-01",5.968
"BLCA","Tumor","TCGA-ZF-A9RE-01",5.864
"BLCA","Tumor","TCGA-FD-A5BZ-01",5.514
"BLCA","Tumor","TCGA-K4-A3WV-01",7.291
"BLCA","Tumor","TCGA-XF-AAN4-01",4.916
"BLCA","Tumor","TCGA-5N-A9KI-01",6.01
"BLCA","Tumor","TCGA-FD-A5BU-01",5.854
"BLCA","Tumor","TCGA-ZF-A9R7-01",5.564
"BLCA","Tumor","TCGA-CF-A1HS-01",5.895
"BLCA","Tumor","TCGA-G2-AA3B-01",5.602
"BLCA","Tumor","TCGA-K4-A6FZ-01",5.806
"BLCA","Tumor","TCGA-UY-A78O-01",6.05
"BLCA","Tumor","TCGA-XF-AAMT-01",5.105
"BLCA","Tumor","TCGA-XF-AAN1-01",5.422
"BLCA","Tumor","TCGA-DK-A1AB-01",4.714
"BLCA","Tumor","TCGA-FD-A3B3-01",5.261
"BLCA","Tumor","TCGA-XF-A9SU-01",6.093
"BLCA","Tumor","TCGA-XF-AAN8-01",4.822
"BLCA","Tumor","TCGA-5N-A9KM-01",4.146
"BLCA","Tumor","TCGA-BT-A2LB-01",5.18
"BLCA","Tumor","TCGA-DK-A2I1-01",4.695
"BLCA","Tumor","TCGA-XF-A9SI-01",5.992
"BLCA","Tumor","TCGA-DK-AA6P-01",5.7
"BLCA","Tumor","TCGA-FD-A43S-01",5.799
"BLCA","Tumor","TCGA-BT-A0YX-01",5.116
"BLCA","Tumor","TCGA-BT-A20U-01",5.669
"BLCA","Tumor","TCGA-C4-A0EZ-01",5.951
"BLCA","Tumor","TCGA-LT-A8JT-01",5.168
"BLCA","Tumor","TCGA-XF-A9T3-01",5.722
"BLCA","Tumor","TCGA-ZF-AA51-01",5.151
"BLCA","Tumor","TCGA-UY-A8OD-01",5.385
"BLCA","Tumor","TCGA-2F-A9KW-01",5.707
"BLCA","Tumor","TCGA-DK-A1A7-01",4.134
"BLCA","Tumor","TCGA-DK-A3WX-01",5.713
"BLCA","Tumor","TCGA-DK-A3WY-01",5.143
"BLCA","Tumor","TCGA-K4-A5RI-01",5.699
"BLCA","Tumor","TCGA-ZF-A9RN-01",5.802
"BLCA","Tumor","TCGA-XF-A9SH-01",5.235
"BLCA","Tumor","TCGA-DK-AA6M-01",5.993
"BLCA","Tumor","TCGA-DK-AA76-01",6.007
"BLCA","Tumor","TCGA-H4-A2HQ-01",5.621
"BLCA","Tumor","TCGA-XF-AAME-01",5.18
"BLCA","Tumor","TCGA-DK-A2I2-01",5.467
"BLCA","Tumor","TCGA-FD-A5BY-01",5.257
"BLCA","Tumor","TCGA-XF-A9SX-01",6.163
"BLCA","Tumor","TCGA-ZF-AA5N-01",5.484
"BLCA","Tumor","TCGA-DK-AA6Q-01",5.113
"BLCA","Tumor","TCGA-E5-A2PC-01",5.188
"BLCA","Tumor","TCGA-FD-A5C1-01",5.838
"BLCA","Tumor","TCGA-XF-A8HH-01",5.215
"BLCA","Tumor","TCGA-XF-AAN5-01",4.809
"BLCA","Tumor","TCGA-ZF-AA58-01",5.807
"BLCA","Tumor","TCGA-E7-A97Q-01",4.997
"BLCA","Tumor","TCGA-FD-A62S-01",5.769
"BLCA","Tumor","TCGA-XF-A9SY-01",5.789
"BLCA","Tumor","TCGA-ZF-AA5H-01",5.61
"BLCA","Tumor","TCGA-2F-A9KR-01",6.154
"BLCA","Tumor","TCGA-BT-A20V-01",5.095
"BLCA","Tumor","TCGA-XF-AAMQ-01",5.382
"BLCA","Tumor","TCGA-CF-A47T-01",5.429
"BLCA","Tumor","TCGA-G2-A2EC-01",4.522
"BLCA","Tumor","TCGA-BL-A13I-01",5.245
"BLCA","Tumor","TCGA-XF-A8HI-01",5.128
"BLCA","Tumor","TCGA-G2-A2EJ-01",4.758
"BLCA","Tumor","TCGA-GV-A3QK-01",4.589
"BLCA","Tumor","TCGA-CF-A8HX-01",5.895
"BLCA","Tumor","TCGA-FD-A3B4-01",4.874
"BLCA","Tumor","TCGA-GD-A3OS-01",5.847
"BLCA","Tumor","TCGA-GD-A2C5-01",5.545
"BLCA","Tumor","TCGA-ZF-A9R3-01",5.515
"BLCA","Tumor","TCGA-HQ-A2OF-01",6.253
"BLCA","Tumor","TCGA-XF-A8HB-01",5.214
"BLCA","Tumor","TCGA-FD-A5BV-01",5.174
"BLCA","Tumor","TCGA-YF-AA3L-01",6.013
"BLCA","Tumor","TCGA-FD-A3N6-01",5.383
"BLCA","Normal","TCGA-CU-A0YR-11",5.071
"BLCA","Normal","TCGA-BT-A20Q-11",5.331
"BLCA","Normal","TCGA-BT-A20N-11",5.101
"BLCA","Normal","TCGA-BT-A20W-11",5.091
"BLCA","Normal","TCGA-GC-A3BM-11",4.856
"BLCA","Normal","TCGA-BL-A13J-11",5.228
"BLCA","Normal","TCGA-CU-A0YN-11",5.257
"BLCA","Normal","TCGA-K4-A54R-11",4.491
"BLCA","Normal","TCGA-BT-A2LA-11",4.835
"BLCA","Normal","TCGA-GD-A3OQ-11",5.07
"BLCA","Normal","TCGA-GC-A6I3-11",6.062
"BLCA","Normal","TCGA-GD-A3OP-11",5.193
"BLCA","Normal","TCGA-GC-A3WC-11",4.839
"BLCA","Normal","TCGA-BT-A20R-11",4.624
"BLCA","Normal","TCGA-K4-A3WV-11",5.009
"BLCA","Normal","TCGA-BT-A2LB-11",4.183
"BLCA","Normal","TCGA-BT-A20U-11",4.418
"BLCA","Normal","TCGA-K4-A5RI-11",5.023
"BLCA","Normal","TCGA-GD-A2C5-11",5.142
"BLCA","Normal","GTEX-U4B1-1226-SM-4DXT7",5.542
"BLCA","Normal","GTEX-S3XE-1226-SM-4AD4L",4.724
"BLCA","Normal","GTEX-SNMC-0826-SM-4DM66",4.584
"BLCA","Normal","GTEX-SNOS-0526-SM-4DM54",4.889
"BLCA","Normal","GTEX-S4Q7-0926-SM-4AD5D",5.426
"BLCA","Normal","GTEX-U3ZM-0826-SM-4DXU6",5.103
"BLCA","Normal","GTEX-S4UY-0926-SM-4AD6O",4.989
"BLCA","Normal","GTEX-SE5C-1026-SM-4BRUG",5.468
"BLCA","Normal","GTEX-S32W-1126-SM-4AD5V",5.206
"BRCA","Tumor","TCGA-AO-A1KQ-01",5.593
"BRCA","Tumor","TCGA-E2-A14W-01",4.827
"BRCA","Tumor","TCGA-A1-A0SM-01",4.817
"BRCA","Tumor","TCGA-AR-A1AV-01",5.598
"BRCA","Tumor","TCGA-BH-A0B4-01",5.076
"BRCA","Tumor","TCGA-EW-A1PD-01",5.699
"BRCA","Tumor","TCGA-EW-A6SA-01",6.628
"BRCA","Tumor","TCGA-AC-A62V-01",6.037
"BRCA","Tumor","TCGA-BH-A0DD-01",5.957
"BRCA","Tumor","TCGA-AQ-A54O-01",6.057
"BRCA","Tumor","TCGA-D8-A1XS-01",5.299
"BRCA","Tumor","TCGA-A8-A085-01",6.762
"BRCA","Tumor","TCGA-A2-A25D-01",4.464
"BRCA","Tumor","TCGA-AC-A23H-01",5.251
"BRCA","Tumor","TCGA-AC-A3W6-01",5.675
"BRCA","Tumor","TCGA-B6-A0IC-01",5.904
"BRCA","Tumor","TCGA-BH-A1F8-01",3.312
"BRCA","Tumor","TCGA-C8-A26Y-01",5.672
"BRCA","Tumor","TCGA-D8-A1JK-01",6.326
"BRCA","Tumor","TCGA-E2-A9RU-01",6.83
"BRCA","Tumor","TCGA-LL-A6FP-01",6.519
"BRCA","Tumor","TCGA-A8-A08A-01",5.785
"BRCA","Tumor","TCGA-A8-A08L-01",6.374
"BRCA","Tumor","TCGA-E2-A15O-01",6.916
"BRCA","Tumor","TCGA-AN-A0FK-01",5.593
"BRCA","Tumor","TCGA-BH-A18N-01",5.969
"BRCA","Tumor","TCGA-BH-A1FG-01",4.168
"BRCA","Tumor","TCGA-D8-A73U-01",5.185
"BRCA","Tumor","TCGA-LL-A5YM-01",6.492
"BRCA","Tumor","TCGA-AC-A2FM-01",6.56
"BRCA","Tumor","TCGA-AC-A3HN-01",5.617
"BRCA","Tumor","TCGA-BH-A8FY-01",5.312
"BRCA","Tumor","TCGA-D8-A1XG-01",5.324
"BRCA","Tumor","TCGA-A2-A0CO-01",5.653
"BRCA","Tumor","TCGA-A2-A1G1-01",4.32
"BRCA","Tumor","TCGA-A8-A07Z-01",5.808
"BRCA","Tumor","TCGA-D8-A1XC-01",5.612
"BRCA","Tumor","TCGA-E9-A54X-01",5.84
"BRCA","Tumor","TCGA-A7-A56D-01",5.881
"BRCA","Tumor","TCGA-A8-A06Z-01",5.199
"BRCA","Tumor","TCGA-A8-A09I-01",4.699
"BRCA","Tumor","TCGA-A8-A0A1-01",5.3
"BRCA","Tumor","TCGA-AC-A2B8-01",6.088
"BRCA","Tumor","TCGA-AQ-A1H2-01",5.133
"BRCA","Tumor","TCGA-D8-A1XV-01",4.5
"BRCA","Tumor","TCGA-E2-A1LK-01",5.746
"BRCA","Tumor","TCGA-LL-A50Y-01",6.073
"BRCA","Tumor","TCGA-A8-A09Q-01",5.478
"BRCA","Tumor","TCGA-A8-A09Z-01",6.031
"BRCA","Tumor","TCGA-A8-A0AD-01",5.216
"BRCA","Tumor","TCGA-AR-A1AJ-01",5.041
"BRCA","Tumor","TCGA-BH-A1EU-01",4.195
"BRCA","Tumor","TCGA-A2-A0SW-01",5.572
"BRCA","Tumor","TCGA-A8-A09R-01",5.778
"BRCA","Tumor","TCGA-BH-A0H6-01",5.941
"BRCA","Tumor","TCGA-BH-A0WA-01",5.48
"BRCA","Tumor","TCGA-C8-A131-01",5.931
"BRCA","Tumor","TCGA-S3-AA12-01",6.028
"BRCA","Tumor","TCGA-A8-A07E-01",5.401
"BRCA","Tumor","TCGA-A8-A084-01",6.004
"BRCA","Tumor","TCGA-B6-A0IH-01",4.748
"BRCA","Tumor","TCGA-BH-A0HK-01",4.276
"BRCA","Tumor","TCGA-BH-A18G-01",4.594
"BRCA","Tumor","TCGA-D8-A1X5-01",5.313
"BRCA","Tumor","TCGA-D8-A1XZ-01",4.806
"BRCA","Tumor","TCGA-A2-A0EV-01",5.119
"BRCA","Tumor","TCGA-A8-A06U-01",5.306
"BRCA","Tumor","TCGA-A8-A07R-01",6.301
"BRCA","Tumor","TCGA-A8-A081-01",6.108
"BRCA","Tumor","TCGA-A8-A0A9-01",5.822
"BRCA","Tumor","TCGA-AR-A1AP-01",6.548
"BRCA","Tumor","TCGA-BH-A1F0-01",4.277
"BRCA","Tumor","TCGA-BH-A204-01",3.872
"BRCA","Tumor","TCGA-BH-A42U-01",5.865
"BRCA","Tumor","TCGA-C8-A12K-01",4.622
"BRCA","Tumor","TCGA-D8-A145-01",5.602
"BRCA","Tumor","TCGA-D8-A1JN-01",5.58
"BRCA","Tumor","TCGA-D8-A1X6-01",5.915
"BRCA","Tumor","TCGA-D8-A1Y1-01",4.944
"BRCA","Tumor","TCGA-E2-A1IH-01",3.798
"BRCA","Tumor","TCGA-EW-A1IW-01",5.576
"BRCA","Tumor","TCGA-OL-A66J-01",6.014
"BRCA","Tumor","TCGA-A2-A0EU-01",5.684
"BRCA","Tumor","TCGA-A7-A0CH-01",5.143
"BRCA","Tumor","TCGA-A7-A13G-01",3.452
"BRCA","Tumor","TCGA-A7-A3RF-01",6.002
"BRCA","Tumor","TCGA-A8-A09G-01",5.093
"BRCA","Tumor","TCGA-AC-A2FG-01",5.298
"BRCA","Tumor","TCGA-AC-A3EH-01",6.148
"BRCA","Tumor","TCGA-AC-A3QP-01",6.209
"BRCA","Tumor","TCGA-AC-A62Y-01",5.319
"BRCA","Tumor","TCGA-AN-A0AJ-01",6.273
"BRCA","Tumor","TCGA-BH-A0E7-01",5.694
"BRCA","Tumor","TCGA-BH-A18S-01",5.09
"BRCA","Tumor","TCGA-BH-A1EY-01",5.158
"BRCA","Tumor","TCGA-D8-A1JF-01",5.56
"BRCA","Tumor","TCGA-D8-A73W-01",5.456
"BRCA","Tumor","TCGA-E2-A105-01",5.481
"BRCA","Tumor","TCGA-E2-A14P-01",6.211
"BRCA","Tumor","TCGA-LD-A74U-01",5.807
"BRCA","Tumor","TCGA-A7-A0CG-01",4.688
"BRCA","Tumor","TCGA-AC-A2BK-01",5.545
"BRCA","Tumor","TCGA-AO-A1KT-01",4.897
"BRCA","Tumor","TCGA-BH-A0BV-01",5.284
"BRCA","Tumor","TCGA-BH-A0DO-01",5.492
"BRCA","Tumor","TCGA-BH-A0HI-01",5.314
"BRCA","Tumor","TCGA-BH-A1EN-01",5.29
"BRCA","Tumor","TCGA-BH-A1FC-01",5.659
"BRCA","Tumor","TCGA-BH-A203-01",5.277
"BRCA","Tumor","TCGA-C8-A12Q-01",4.969
"BRCA","Tumor","TCGA-E2-A1IL-01",5.736
"BRCA","Tumor","TCGA-E2-A2P5-01",6.248
"BRCA","Tumor","TCGA-E9-A3Q9-01",4.333
"BRCA","Tumor","TCGA-A2-A4S0-01",6.088
"BRCA","Tumor","TCGA-A8-A06X-01",6.439
"BRCA","Tumor","TCGA-AO-A1KP-01",3.789
"BRCA","Tumor","TCGA-BH-A0HF-01",4.498
"BRCA","Tumor","TCGA-BH-A0W5-01",5.119
"BRCA","Tumor","TCGA-BH-A209-01",4.326
"BRCA","Tumor","TCGA-D8-A1J8-01",3.987
"BRCA","Tumor","TCGA-D8-A1JS-01",5.438
"BRCA","Tumor","TCGA-E2-A2P6-01",5.528
"BRCA","Tumor","TCGA-EW-A1P5-01",5.446
"BRCA","Tumor","TCGA-LL-A6FQ-01",6.302
"BRCA","Tumor","TCGA-WT-AB44-01",4.767
"BRCA","Tumor","TCGA-A2-A0D1-01",6.406
"BRCA","Tumor","TCGA-A8-A07W-01",6.207
"BRCA","Tumor","TCGA-A8-A08Z-01",5.607
"BRCA","Tumor","TCGA-A8-A099-01",5.172
"BRCA","Tumor","TCGA-AC-A23G-01",5.619
"BRCA","Tumor","TCGA-AC-A2QI-01",5.772
"BRCA","Tumor","TCGA-AC-A5EH-01",6.346
"BRCA","Tumor","TCGA-AN-A0AK-01",6.424
"BRCA","Tumor","TCGA-B6-A40B-01",5.983
"BRCA","Tumor","TCGA-BH-A0BP-01",5.277
"BRCA","Tumor","TCGA-D8-A1XJ-01",5.626
"BRCA","Tumor","TCGA-E2-A14O-01",5.398
"BRCA","Tumor","TCGA-E2-A15G-01",5.392
"BRCA","Tumor","TCGA-A8-A06T-01",5.388
"BRCA","Tumor","TCGA-A8-A094-01",5.96
"BRCA","Tumor","TCGA-A8-A09M-01",5.241
"BRCA","Tumor","TCGA-AC-A3TN-01",5.949
"BRCA","Tumor","TCGA-AC-A8OR-01",5.709
"BRCA","Tumor","TCGA-AO-A12G-01",4.487
"BRCA","Tumor","TCGA-B6-A0IM-01",5.471
"BRCA","Tumor","TCGA-BH-A42T-01",6.292
"BRCA","Tumor","TCGA-D8-A27G-01",5.499
"BRCA","Tumor","TCGA-E9-A1ND-01",6.316
"BRCA","Tumor","TCGA-EW-A423-01",6.18
"BRCA","Tumor","TCGA-OL-A66P-01",6.299
"BRCA","Tumor","TCGA-V7-A7HQ-01",6.693
"BRCA","Tumor","TCGA-A2-A1FV-01",3.536
"BRCA","Tumor","TCGA-A8-A090-01",5.692
"BRCA","Tumor","TCGA-AC-A3YI-01",5.283
"BRCA","Tumor","TCGA-AC-A5XS-01",5.436
"BRCA","Tumor","TCGA-AC-A5XU-01",5.859
"BRCA","Tumor","TCGA-AN-A03X-01",4.801
"BRCA","Tumor","TCGA-B6-A0IP-01",5.421
"BRCA","Tumor","TCGA-C8-A1HM-01",4.944
"BRCA","Tumor","TCGA-D8-A142-01",4.916
"BRCA","Tumor","TCGA-D8-A1XY-01",4.917
"BRCA","Tumor","TCGA-E2-A14U-01",5.699
"BRCA","Tumor","TCGA-E2-A1B4-01",5.487
"BRCA","Tumor","TCGA-E2-A1IF-01",5.568
"BRCA","Tumor","TCGA-E9-A1RE-01",5.668
"BRCA","Tumor","TCGA-E9-A22A-01",5.577
"BRCA","Tumor","TCGA-OL-A66H-01",5.717
"BRCA","Tumor","TCGA-A2-A0CS-01",5.086
"BRCA","Tumor","TCGA-A2-A0CU-01",5.695
"BRCA","Tumor","TCGA-A2-A0EM-01",5.089
"BRCA","Tumor","TCGA-A8-A07S-01",5.467
"BRCA","Tumor","TCGA-A8-A096-01",5.024
"BRCA","Tumor","TCGA-A8-A09E-01",6.002
"BRCA","Tumor","TCGA-A8-A0A4-01",6.061
"BRCA","Tumor","TCGA-AC-A6IW-01",6.747
"BRCA","Tumor","TCGA-AR-A0U0-01",6.72
"BRCA","Tumor","TCGA-B6-A0I1-01",6.039
"BRCA","Tumor","TCGA-B6-A0RP-01",5.302
"BRCA","Tumor","TCGA-BH-A0BG-01",4.628
"BRCA","Tumor","TCGA-BH-A1FR-01",5.198
"BRCA","Tumor","TCGA-D8-A1JP-01",4.68
"BRCA","Tumor","TCGA-E2-A1LL-01",5.351
"BRCA","Tumor","TCGA-LD-A9QF-01",5.369
"BRCA","Tumor","TCGA-LQ-A4E4-01",6.249
"BRCA","Tumor","TCGA-UL-AAZ6-01",6.151
"BRCA","Tumor","TCGA-A7-A26H-01",4.543
"BRCA","Tumor","TCGA-AC-A62X-01",6.107
"BRCA","Tumor","TCGA-AC-A8OP-01",6.142
"BRCA","Tumor","TCGA-AC-A8OQ-01",5.105
"BRCA","Tumor","TCGA-AO-A125-01",4.894
"BRCA","Tumor","TCGA-BH-A0EA-01",5.209
"BRCA","Tumor","TCGA-BH-A18U-01",6
"BRCA","Tumor","TCGA-D8-A1JL-01",4.919
"BRCA","Tumor","TCGA-D8-A27H-01",6.115
"BRCA","Tumor","TCGA-E2-A572-01",6.354
"BRCA","Tumor","TCGA-E9-A2JS-01",5.8
"BRCA","Tumor","TCGA-GM-A3NY-01",4.786
"BRCA","Tumor","TCGA-OL-A66K-01",5.884
"BRCA","Tumor","TCGA-PE-A5DC-01",5.809
"BRCA","Tumor","TCGA-A2-A0CT-01",5.438
"BRCA","Tumor","TCGA-A2-A1G4-01",5.039
"BRCA","Tumor","TCGA-A7-A26E-01",3.448
"BRCA","Tumor","TCGA-A7-A3IY-01",4.654
"BRCA","Tumor","TCGA-A8-A08S-01",5.087
"BRCA","Tumor","TCGA-AC-A8OS-01",5.165
"BRCA","Tumor","TCGA-AN-A0FD-01",5.041
"BRCA","Tumor","TCGA-AO-A0J7-01",5.535
"BRCA","Tumor","TCGA-B6-A0RO-01",4.963
"BRCA","Tumor","TCGA-BH-A0BW-01",4.478
"BRCA","Tumor","TCGA-BH-A0DS-01",5.358
"BRCA","Tumor","TCGA-D8-A1Y2-01",4.768
"BRCA","Tumor","TCGA-E2-A1IK-01",5.151
"BRCA","Tumor","TCGA-E2-A1LE-01",6.408
"BRCA","Tumor","TCGA-E9-A1NH-01",5.171
"BRCA","Tumor","TCGA-E9-A22B-01",5.373
"BRCA","Tumor","TCGA-E9-A295-01",5.9
"BRCA","Tumor","TCGA-OL-A5D6-01",6.804
"BRCA","Tumor","TCGA-OL-A66L-01",6.562
"BRCA","Tumor","TCGA-S3-A6ZG-01",6.23
"BRCA","Tumor","TCGA-A1-A0SB-01",5.205
"BRCA","Tumor","TCGA-A2-A0EN-01",4.503
"BRCA","Tumor","TCGA-A2-A259-01",5.174
"BRCA","Tumor","TCGA-A7-A425-01",6.078
"BRCA","Tumor","TCGA-A8-A08P-01",5.488
"BRCA","Tumor","TCGA-A8-A09W-01",4.87
"BRCA","Tumor","TCGA-AN-A0AS-01",5.048
"BRCA","Tumor","TCGA-AQ-A0Y5-01",5.857
"BRCA","Tumor","TCGA-AR-A1AK-01",5.293
"BRCA","Tumor","TCGA-AR-A2LL-01",5.647
"BRCA","Tumor","TCGA-BH-A18T-01",5.549
"BRCA","Tumor","TCGA-C8-A12M-01",4.71
"BRCA","Tumor","TCGA-D8-A1JT-01",3.958
"BRCA","Tumor","TCGA-E9-A1N3-01",5.399
"BRCA","Tumor","TCGA-E9-A1R3-01",4.766
"BRCA","Tumor","TCGA-EW-A1J6-01",2.846
"BRCA","Tumor","TCGA-EW-A1PB-01",6.301
"BRCA","Tumor","TCGA-LL-A7T0-01",6.347
"BRCA","Tumor","TCGA-OL-A5D7-01",7.081
"BRCA","Tumor","TCGA-A8-A06R-01",5.573
"BRCA","Tumor","TCGA-A8-A079-01",5.678
"BRCA","Tumor","TCGA-A8-A07B-01",4.464
"BRCA","Tumor","TCGA-A8-A07I-01",5.469
"BRCA","Tumor","TCGA-A8-A09C-01",5.048
"BRCA","Tumor","TCGA-AN-A0XP-01",4.708
"BRCA","Tumor","TCGA-AO-A03O-01",5.52
"BRCA","Tumor","TCGA-AO-A12H-01",5.068
"BRCA","Tumor","TCGA-AO-A1KS-01",3.967
"BRCA","Tumor","TCGA-AR-A2LE-01",4.396
"BRCA","Tumor","TCGA-BH-A0E6-01",6.157
"BRCA","Tumor","TCGA-BH-A0EB-01",4.695
"BRCA","Tumor","TCGA-BH-A0H0-01",4.967
"BRCA","Tumor","TCGA-BH-A0H9-01",5.96
"BRCA","Tumor","TCGA-BH-A1FL-01",5.444
"BRCA","Tumor","TCGA-D8-A1XQ-01",5.031
"BRCA","Tumor","TCGA-E2-A56Z-01",6.075
"BRCA","Tumor","TCGA-E2-A576-01",6.63
"BRCA","Tumor","TCGA-E9-A24A-01",4.418
"BRCA","Tumor","TCGA-GM-A2D9-01",5.334
"BRCA","Tumor","TCGA-LL-A9Q3-01",6.795
"BRCA","Tumor","TCGA-A7-A6VX-01",5.459
"BRCA","Tumor","TCGA-A8-A07P-01",5.69
"BRCA","Tumor","TCGA-A8-A09K-01",5.31
"BRCA","Tumor","TCGA-A8-A09T-01",5.835
"BRCA","Tumor","TCGA-AC-A3OD-01",3.963
"BRCA","Tumor","TCGA-AN-A046-01",5.37
"BRCA","Tumor","TCGA-AN-A0XN-01",5.088
"BRCA","Tumor","TCGA-AO-A0JF-01",4.918
"BRCA","Tumor","TCGA-AR-A0TR-01",5.544
"BRCA","Tumor","TCGA-AR-A5QN-01",5.621
"BRCA","Tumor","TCGA-AR-A5QQ-01",5.309
"BRCA","Tumor","TCGA-B6-A0RQ-01",5.12
"BRCA","Tumor","TCGA-B6-A1KF-01",4.024
"BRCA","Tumor","TCGA-BH-A0EE-01",5.698
"BRCA","Tumor","TCGA-BH-A1EO-01",4.801
"BRCA","Tumor","TCGA-BH-A1FD-01",6.149
"BRCA","Tumor","TCGA-C8-A3M8-01",5.978
"BRCA","Tumor","TCGA-D8-A4Z1-01",5.997
"BRCA","Tumor","TCGA-E2-A154-01",5.341
"BRCA","Tumor","TCGA-E9-A1RF-01",4.893
"BRCA","Tumor","TCGA-EW-A1P1-01",5.353
"BRCA","Tumor","TCGA-XX-A89A-01",5.342
"BRCA","Tumor","TCGA-A1-A0SO-01",6.072
"BRCA","Tumor","TCGA-A2-A0CW-01",5.277
"BRCA","Tumor","TCGA-A2-A0YF-01",4.238
"BRCA","Tumor","TCGA-A2-A0YM-01",5.379
"BRCA","Tumor","TCGA-A2-A4RX-01",5.744
"BRCA","Tumor","TCGA-A8-A083-01",5.521
"BRCA","Tumor","TCGA-AN-A0FW-01",5.63
"BRCA","Tumor","TCGA-AN-A0XV-01",4.951
"BRCA","Tumor","TCGA-AO-A0J3-01",5.155
"BRCA","Tumor","TCGA-B6-A0WV-01",5.716
"BRCA","Tumor","TCGA-B6-A1KC-01",4.074
"BRCA","Tumor","TCGA-BH-A0GY-01",5.826
"BRCA","Tumor","TCGA-BH-A0HN-01",5.907
"BRCA","Tumor","TCGA-BH-A1EX-01",4.78
"BRCA","Tumor","TCGA-C8-A12L-01",5.401
"BRCA","Tumor","TCGA-E2-A10B-01",5.745
"BRCA","Tumor","TCGA-E9-A1RD-01",4.78
"BRCA","Tumor","TCGA-GM-A4E0-01",5.097
"BRCA","Tumor","TCGA-LL-A73Y-01",5.482
"BRCA","Tumor","TCGA-OL-A97C-01",5.841
"BRCA","Tumor","TCGA-S3-AA11-01",5.845
"BRCA","Tumor","TCGA-A2-A04N-01",5.605
"BRCA","Tumor","TCGA-A2-A0SU-01",5.231
"BRCA","Tumor","TCGA-A2-A0T2-01",4.851
"BRCA","Tumor","TCGA-A2-A25F-01",4.259
"BRCA","Tumor","TCGA-A2-A4S1-01",6.015
"BRCA","Tumor","TCGA-A7-A0CD-01",5.37
"BRCA","Tumor","TCGA-A8-A06N-01",5.755
"BRCA","Tumor","TCGA-A8-A06Y-01",5.485
"BRCA","Tumor","TCGA-A8-A076-01",5.682
"BRCA","Tumor","TCGA-A8-A07U-01",5.242
"BRCA","Tumor","TCGA-A8-A08H-01",5.328
"BRCA","Tumor","TCGA-A8-A0A2-01",5.14
"BRCA","Tumor","TCGA-AC-A3W7-01",5.709
"BRCA","Tumor","TCGA-AC-A3YJ-01",6.014
"BRCA","Tumor","TCGA-AN-A03Y-01",5.828
"BRCA","Tumor","TCGA-AR-A0TV-01",5.254
"BRCA","Tumor","TCGA-B6-A0IO-01",5.137
"BRCA","Tumor","TCGA-BH-A0B1-01",4.439
"BRCA","Tumor","TCGA-BH-A1FJ-01",4.974
"BRCA","Tumor","TCGA-D8-A1X9-01",5.766
"BRCA","Tumor","TCGA-D8-A27E-01",4.979
"BRCA","Tumor","TCGA-E2-A15M-01",5.021
"BRCA","Tumor","TCGA-E9-A1R4-01",5.841
"BRCA","Tumor","TCGA-EW-A1PC-01",6.056
"BRCA","Tumor","TCGA-OL-A5S0-01",6.139
"BRCA","Tumor","TCGA-W8-A86G-01",5.5
"BRCA","Tumor","TCGA-A7-A26I-01",3.428
"BRCA","Tumor","TCGA-A8-A07F-01",5.902
"BRCA","Tumor","TCGA-A8-A07G-01",5.022
"BRCA","Tumor","TCGA-A8-A08C-01",5.454
"BRCA","Tumor","TCGA-A8-A097-01",5.682
"BRCA","Tumor","TCGA-AC-A2FB-01",4.611
"BRCA","Tumor","TCGA-AC-A2FO-01",5.391
"BRCA","Tumor","TCGA-AC-A3W5-01",6.228
"BRCA","Tumor","TCGA-AR-A1AW-01",5.406
"BRCA","Tumor","TCGA-AR-A1AY-01",6.349
"BRCA","Tumor","TCGA-AR-A24H-01",5.621
"BRCA","Tumor","TCGA-AR-A2LN-01",5.302
"BRCA","Tumor","TCGA-BH-A0H7-01",4.92
"BRCA","Tumor","TCGA-BH-A0HP-01",5.279
"BRCA","Tumor","TCGA-C8-A133-01",6.049
"BRCA","Tumor","TCGA-D8-A1Y0-01",4.821
"BRCA","Tumor","TCGA-E2-A14S-01",4.942
"BRCA","Tumor","TCGA-E2-A15L-01",5.398
"BRCA","Tumor","TCGA-E2-A15T-01",5.635
"BRCA","Tumor","TCGA-E9-A5FL-01",4.896
"BRCA","Tumor","TCGA-GM-A5PX-01",5.543
"BRCA","Tumor","TCGA-S3-AA10-01",5.67
"BRCA","Tumor","TCGA-A2-A0EQ-01",5.409
"BRCA","Tumor","TCGA-A8-A08T-01",5.51
"BRCA","Tumor","TCGA-A8-A0A6-01",4.795
"BRCA","Tumor","TCGA-AO-A0JC-01",4.797
"BRCA","Tumor","TCGA-AR-A0TX-01",5.294
"BRCA","Tumor","TCGA-AR-A1AX-01",4.997
"BRCA","Tumor","TCGA-B6-A0IB-01",5.673
"BRCA","Tumor","TCGA-BH-A0B8-01",4.901
"BRCA","Tumor","TCGA-BH-A0DL-01",4.521
"BRCA","Tumor","TCGA-BH-A201-01",5.067
"BRCA","Tumor","TCGA-C8-A135-01",4.957
"BRCA","Tumor","TCGA-D8-A1XA-01",5.728
"BRCA","Tumor","TCGA-D8-A27P-01",5.127
"BRCA","Tumor","TCGA-E2-A109-01",5.26
"BRCA","Tumor","TCGA-E2-A10E-01",4.701
"BRCA","Tumor","TCGA-E2-A14Z-01",5.211
"BRCA","Tumor","TCGA-E2-A15F-01",5.715
"BRCA","Tumor","TCGA-E2-A15R-01",5.951
"BRCA","Tumor","TCGA-E9-A1R7-01",5.472
"BRCA","Tumor","TCGA-EW-A1P6-01",5.508
"BRCA","Tumor","TCGA-LL-A5YL-01",5.951
"BRCA","Tumor","TCGA-PE-A5DD-01",5.841
"BRCA","Tumor","TCGA-S3-A6ZF-01",5.017
"BRCA","Tumor","TCGA-S3-AA17-01",5.101
"BRCA","Tumor","TCGA-5L-AAT1-01",5.648
"BRCA","Tumor","TCGA-A2-A0CY-01",5.524
"BRCA","Tumor","TCGA-A2-A0ER-01",5.107
"BRCA","Tumor","TCGA-A2-A0SV-01",6.265
"BRCA","Tumor","TCGA-A2-A0YD-01",5.26
"BRCA","Tumor","TCGA-A2-A0YG-01",5.07
"BRCA","Tumor","TCGA-A2-A1FZ-01",5.305
"BRCA","Tumor","TCGA-A7-A0DC-01",4.494
"BRCA","Tumor","TCGA-A7-A3J1-01",5.908
"BRCA","Tumor","TCGA-A8-A06P-01",5.411
"BRCA","Tumor","TCGA-A8-A06Q-01",5.069
"BRCA","Tumor","TCGA-AC-A4ZE-01",5.961
"BRCA","Tumor","TCGA-AN-A0FT-01",6.062
"BRCA","Tumor","TCGA-AN-A0XS-01",5.429
"BRCA","Tumor","TCGA-AO-A12B-01",5.728
"BRCA","Tumor","TCGA-B6-A0IK-01",5.867
"BRCA","Tumor","TCGA-B6-A1KI-01",5.141
"BRCA","Tumor","TCGA-BH-A0DH-01",5.257
"BRCA","Tumor","TCGA-BH-A0DI-01",5.376
"BRCA","Tumor","TCGA-BH-A18H-01",4.872
"BRCA","Tumor","TCGA-BH-A5J0-01",5.986
"BRCA","Tumor","TCGA-C8-A274-01",4.861
"BRCA","Tumor","TCGA-E2-A1AZ-01",4.542
"BRCA","Tumor","TCGA-E2-A1BC-01",5.239
"BRCA","Tumor","TCGA-E9-A1R5-01",5.105
"BRCA","Tumor","TCGA-E9-A1R6-01",6.51
"BRCA","Tumor","TCGA-E9-A1RH-01",5.306
"BRCA","Tumor","TCGA-E9-A2JT-01",5.079
"BRCA","Tumor","TCGA-E9-A54Y-01",5.574
"BRCA","Tumor","TCGA-E9-A5UP-01",5.961
"BRCA","Tumor","TCGA-EW-A1OY-01",5.32
"BRCA","Tumor","TCGA-GI-A2C8-01",4.759
"BRCA","Tumor","TCGA-GM-A3NW-01",5.558
"BRCA","Tumor","TCGA-GM-A5PV-01",5.498
"BRCA","Tumor","TCGA-OL-A5RU-01",5.686
"BRCA","Tumor","TCGA-S3-AA0Z-01",5.264
"BRCA","Tumor","TCGA-UU-A93S-01",5.676
"BRCA","Tumor","TCGA-3C-AALJ-01",5.506
"BRCA","Tumor","TCGA-A2-A04T-01",5.734
"BRCA","Tumor","TCGA-A2-A0CQ-01",5.549
"BRCA","Tumor","TCGA-A2-A0EY-01",6.895
"BRCA","Tumor","TCGA-A2-A0ST-01",4.769
"BRCA","Tumor","TCGA-A2-A0SY-01",5.02
"BRCA","Tumor","TCGA-A2-A0T4-01",5.304
"BRCA","Tumor","TCGA-A2-A0YI-01",4.504
"BRCA","Tumor","TCGA-A2-A1FW-01",4.505
"BRCA","Tumor","TCGA-A2-A3XS-01",6.321
"BRCA","Tumor","TCGA-A2-A4S2-01",6.162
"BRCA","Tumor","TCGA-A7-A0DA-01",5.323
"BRCA","Tumor","TCGA-A7-A13E-01",4.367
"BRCA","Tumor","TCGA-A7-A3IZ-01",5.394
"BRCA","Tumor","TCGA-A7-A3J0-01",5.927
"BRCA","Tumor","TCGA-A7-A4SC-01",5.33
"BRCA","Tumor","TCGA-A7-A5ZV-01",6.585
"BRCA","Tumor","TCGA-A8-A09X-01",6.009
"BRCA","Tumor","TCGA-AC-A23C-01",5.099
"BRCA","Tumor","TCGA-AC-A2FE-01",5.426
"BRCA","Tumor","TCGA-AN-A049-01",5.436
"BRCA","Tumor","TCGA-AN-A0AT-01",5.63
"BRCA","Tumor","TCGA-AN-A0FL-01",4.854
"BRCA","Tumor","TCGA-AR-A1AT-01",5.218
"BRCA","Tumor","TCGA-AR-A255-01",5.087
"BRCA","Tumor","TCGA-AR-A2LK-01",5.492
"BRCA","Tumor","TCGA-AR-A5QM-01",5.678
"BRCA","Tumor","TCGA-B6-A0I9-01",5.205
"BRCA","Tumor","TCGA-B6-A0X4-01",5.151
"BRCA","Tumor","TCGA-B6-A0X7-01",5.063
"BRCA","Tumor","TCGA-B6-A2IU-01",5.57
"BRCA","Tumor","TCGA-BH-A0C0-01",5.785
"BRCA","Tumor","TCGA-BH-A0DE-01",4.975
"BRCA","Tumor","TCGA-BH-A0DX-01",5.324
"BRCA","Tumor","TCGA-BH-A0GZ-01",5.68
"BRCA","Tumor","TCGA-BH-A0HW-01",6.135
"BRCA","Tumor","TCGA-BH-A1F5-01",3.479
"BRCA","Tumor","TCGA-C8-A12X-01",4.604
"BRCA","Tumor","TCGA-D8-A140-01",5.302
"BRCA","Tumor","TCGA-D8-A1JE-01",3.921
"BRCA","Tumor","TCGA-D8-A1JG-01",6.02
"BRCA","Tumor","TCGA-D8-A1X8-01",5.027
"BRCA","Tumor","TCGA-D8-A1XB-01",5.811
"BRCA","Tumor","TCGA-D8-A27V-01",4.83
"BRCA","Tumor","TCGA-E2-A14R-01",5.147
"BRCA","Tumor","TCGA-E9-A1NG-01",5.283
"BRCA","Tumor","TCGA-E9-A1RG-01",5.119
"BRCA","Tumor","TCGA-EW-A6SB-01",4.762
"BRCA","Tumor","TCGA-GM-A2DB-01",6.578
"BRCA","Tumor","TCGA-LL-A441-01",5.654
"BRCA","Tumor","TCGA-A1-A0SG-01",6.086
"BRCA","Tumor","TCGA-A2-A0YK-01",4.644
"BRCA","Tumor","TCGA-A2-A1FX-01",5.709
"BRCA","Tumor","TCGA-A7-A13H-01",5.872
"BRCA","Tumor","TCGA-A8-A091-01",5.268
"BRCA","Tumor","TCGA-A8-A093-01",5.398
"BRCA","Tumor","TCGA-AN-A0FN-01",4.626
"BRCA","Tumor","TCGA-AN-A0XL-01",5.371
"BRCA","Tumor","TCGA-AO-A0J6-01",6.025
"BRCA","Tumor","TCGA-AO-A0J8-01",5.695
"BRCA","Tumor","TCGA-AO-A0J9-01",4.164
"BRCA","Tumor","TCGA-AO-A128-01",5.264
"BRCA","Tumor","TCGA-AQ-A04H-01",5.366
"BRCA","Tumor","TCGA-AR-A24S-01",4.345
"BRCA","Tumor","TCGA-B6-A0RE-01",6.113
"BRCA","Tumor","TCGA-B6-A0WT-01",5.357
"BRCA","Tumor","TCGA-B6-A0X5-01",4.83
"BRCA","Tumor","TCGA-BH-A0C1-01",5.595
"BRCA","Tumor","TCGA-BH-A6R9-01",5.098
"BRCA","Tumor","TCGA-C8-A278-01",4.416
"BRCA","Tumor","TCGA-D8-A1XT-01",5.444
"BRCA","Tumor","TCGA-D8-A1Y3-01",6.561
"BRCA","Tumor","TCGA-E2-A156-01",5.832
"BRCA","Tumor","TCGA-E2-A15C-01",5.4
"BRCA","Tumor","TCGA-E2-A15P-01",5.602
"BRCA","Tumor","TCGA-E2-A1IE-01",5.261
"BRCA","Tumor","TCGA-E9-A1NC-01",4.589
"BRCA","Tumor","TCGA-E9-A1QZ-01",4.498
"BRCA","Tumor","TCGA-EW-A1J3-01",3.579
"BRCA","Tumor","TCGA-EW-A3U0-01",5.462
"BRCA","Tumor","TCGA-LL-A440-01",5.289
"BRCA","Tumor","TCGA-LL-A740-01",6.378
"BRCA","Tumor","TCGA-LL-A8F5-01",5.254
"BRCA","Tumor","TCGA-OL-A5DA-01",5.909
"BRCA","Tumor","TCGA-Z7-A8R5-01",5.51
"BRCA","Tumor","TCGA-A2-A0CK-01",5.765
"BRCA","Tumor","TCGA-A2-A0CP-01",5.615
"BRCA","Tumor","TCGA-A2-A0D0-01",5.785
"BRCA","Tumor","TCGA-A8-A06O-01",5.484
"BRCA","Tumor","TCGA-AR-A1AL-01",4.976
"BRCA","Tumor","TCGA-B6-A0RL-01",6.419
"BRCA","Tumor","TCGA-B6-A0RN-01",5.097
"BRCA","Tumor","TCGA-BH-A0BC-01",4.92
"BRCA","Tumor","TCGA-BH-A0DP-01",5.112
"BRCA","Tumor","TCGA-BH-A0HY-01",5.048
"BRCA","Tumor","TCGA-BH-A18P-01",5.457
"BRCA","Tumor","TCGA-BH-A1FB-01",4.908
"BRCA","Tumor","TCGA-BH-A202-01",5.023
"BRCA","Tumor","TCGA-C8-A3M7-01",5.324
"BRCA","Tumor","TCGA-D8-A1JA-01",3.399
"BRCA","Tumor","TCGA-E2-A1IN-01",4.67
"BRCA","Tumor","TCGA-E2-A1IU-01",5.224
"BRCA","Tumor","TCGA-E9-A1NF-01",5.875
"BRCA","Tumor","TCGA-E9-A5FK-01",5.957
"BRCA","Tumor","TCGA-EW-A3E8-01",6.082
"BRCA","Tumor","TCGA-EW-A6SC-01",5.441
"BRCA","Tumor","TCGA-A1-A0SD-01",4.581
"BRCA","Tumor","TCGA-A2-A0T0-01",6.528
"BRCA","Tumor","TCGA-A2-A0YC-01",5.777
"BRCA","Tumor","TCGA-A2-A4S3-01",6.24
"BRCA","Tumor","TCGA-A8-A086-01",5.457
"BRCA","Tumor","TCGA-A8-A08F-01",5.886
"BRCA","Tumor","TCGA-AN-A0FJ-01",4.953
"BRCA","Tumor","TCGA-AN-A0XO-01",5.302
"BRCA","Tumor","TCGA-AO-A03N-01",4.124
"BRCA","Tumor","TCGA-AO-A0JD-01",5.735
"BRCA","Tumor","TCGA-AO-A0JL-01",4.941
"BRCA","Tumor","TCGA-AR-A0U3-01",6.615
"BRCA","Tumor","TCGA-AR-A2LQ-01",5.631
"BRCA","Tumor","TCGA-BH-A0BR-01",6.796
"BRCA","Tumor","TCGA-BH-A0BZ-01",5.689
"BRCA","Tumor","TCGA-BH-A0RX-01",4.65
"BRCA","Tumor","TCGA-C8-A1HE-01",4.695
"BRCA","Tumor","TCGA-C8-A26Z-01",5.066
"BRCA","Tumor","TCGA-C8-A8HP-01",5.938
"BRCA","Tumor","TCGA-D8-A1JC-01",4.655
"BRCA","Tumor","TCGA-D8-A1JM-01",4.622
"BRCA","Tumor","TCGA-D8-A27M-01",4.98
"BRCA","Tumor","TCGA-E2-A1LA-01",5.372
"BRCA","Tumor","TCGA-E2-A1LH-01",5.508
"BRCA","Tumor","TCGA-E9-A247-01",5.427
"BRCA","Tumor","TCGA-EW-A1J5-01",5.339
"BRCA","Tumor","TCGA-EW-A1P7-01",5.093
"BRCA","Tumor","TCGA-EW-A1PA-01",5.371
"BRCA","Tumor","TCGA-EW-A2FR-01",5.45
"BRCA","Tumor","TCGA-OK-A5Q2-01",5.779
"BRCA","Tumor","TCGA-OL-A66N-01",5.806
"BRCA","Tumor","TCGA-A2-A0ET-01",5.455
"BRCA","Tumor","TCGA-A8-A07L-01",4.953
"BRCA","Tumor","TCGA-A8-A082-01",5.499
"BRCA","Tumor","TCGA-A8-A09B-01",5.892
"BRCA","Tumor","TCGA-AC-A2QH-01",4.64
"BRCA","Tumor","TCGA-AN-A04D-01",5.68
"BRCA","Tumor","TCGA-AN-A0FV-01",5.615
"BRCA","Tumor","TCGA-AR-A250-01",5.031
"BRCA","Tumor","TCGA-B6-A0WS-01",5.386
"BRCA","Tumor","TCGA-B6-A0WW-01",5.527
"BRCA","Tumor","TCGA-BH-A0W3-01",5.723
"BRCA","Tumor","TCGA-BH-A8FZ-01",4.861
"BRCA","Tumor","TCGA-C8-A12N-01",5.381
"BRCA","Tumor","TCGA-C8-A26W-01",5.407
"BRCA","Tumor","TCGA-C8-A26X-01",5.873
"BRCA","Tumor","TCGA-D8-A27I-01",5.136
"BRCA","Tumor","TCGA-E2-A155-01",5.239
"BRCA","Tumor","TCGA-E2-A15K-01",5.569
"BRCA","Tumor","TCGA-E9-A1N9-01",5.125
"BRCA","Tumor","TCGA-E9-A1NA-01",5.603
"BRCA","Tumor","TCGA-E9-A1R0-01",5.266
"BRCA","Tumor","TCGA-E9-A228-01",5.219
"BRCA","Tumor","TCGA-EW-A1OW-01",5.784
"BRCA","Tumor","TCGA-EW-A1P8-01",5.374
"BRCA","Tumor","TCGA-GI-A2C9-01",6.194
"BRCA","Tumor","TCGA-GM-A2DH-01",5.592
"BRCA","Tumor","TCGA-GM-A2DK-01",5.064
"BRCA","Tumor","TCGA-GM-A2DN-01",4.816
"BRCA","Tumor","TCGA-A2-A3Y0-01",6.458
"BRCA","Tumor","TCGA-A7-A0CE-01",6.732
"BRCA","Tumor","TCGA-A7-A0CJ-01",6.177
"BRCA","Tumor","TCGA-A8-A07C-01",5.268
"BRCA","Tumor","TCGA-A8-A09N-01",5.364
"BRCA","Tumor","TCGA-A8-A0A7-01",4.647
"BRCA","Tumor","TCGA-AO-A03R-01",4.944
"BRCA","Tumor","TCGA-AR-A24Z-01",5.647
"BRCA","Tumor","TCGA-B6-A0RM-01",5.884
"BRCA","Tumor","TCGA-B6-A1KN-01",4.64
"BRCA","Tumor","TCGA-D8-A146-01",5.098
"BRCA","Tumor","TCGA-D8-A1XM-01",5.302
"BRCA","Tumor","TCGA-E2-A1IJ-01",5.243
"BRCA","Tumor","TCGA-E2-A1LI-01",4.88
"BRCA","Tumor","TCGA-GM-A2DC-01",5.317
"BRCA","Tumor","TCGA-GM-A2DM-01",5.423
"BRCA","Tumor","TCGA-OL-A5RZ-01",6.113
"BRCA","Tumor","TCGA-A1-A0SE-01",5.344
"BRCA","Tumor","TCGA-A2-A0EP-01",5.24
"BRCA","Tumor","TCGA-A2-A0YT-01",5.684
"BRCA","Tumor","TCGA-A7-A0DB-01",4.171
"BRCA","Tumor","TCGA-A7-A4SB-01",5.419
"BRCA","Tumor","TCGA-AC-A7VC-01",5.852
"BRCA","Tumor","TCGA-AN-A0AM-01",5.991
"BRCA","Tumor","TCGA-AN-A0G0-01",6.063
"BRCA","Tumor","TCGA-AO-A0JI-01",5.373
"BRCA","Tumor","TCGA-BH-A0AW-01",4.877
"BRCA","Tumor","TCGA-BH-A0B0-01",5.002
"BRCA","Tumor","TCGA-BH-A0BF-01",5.052
"BRCA","Tumor","TCGA-BH-A0BT-01",5.63
"BRCA","Tumor","TCGA-BH-A0HL-01",5.857
"BRCA","Tumor","TCGA-BH-A0HQ-01",5.75
"BRCA","Tumor","TCGA-BH-A18J-01",4.844
"BRCA","Tumor","TCGA-BH-A18Q-01",5.238
"BRCA","Tumor","TCGA-C8-A132-01",5.988
"BRCA","Tumor","TCGA-C8-A1HN-01",4.91
"BRCA","Tumor","TCGA-C8-A275-01",5.124
"BRCA","Tumor","TCGA-D8-A1JH-01",5.15
"BRCA","Tumor","TCGA-D8-A1XO-01",4.886
"BRCA","Tumor","TCGA-D8-A1XR-01",5.14
"BRCA","Tumor","TCGA-D8-A1XU-01",4.911
"BRCA","Tumor","TCGA-D8-A3Z6-01",5.69
"BRCA","Tumor","TCGA-E2-A152-01",5.239
"BRCA","Tumor","TCGA-E9-A1RC-01",5.113
"BRCA","Tumor","TCGA-E9-A22E-01",4.631
"BRCA","Tumor","TCGA-EW-A1OV-01",4.84
"BRCA","Tumor","TCGA-EW-A1OZ-01",6.038
"BRCA","Tumor","TCGA-EW-A1PE-01",5.053
"BRCA","Tumor","TCGA-HN-A2NL-01",6.772
"BRCA","Tumor","TCGA-LL-A442-01",5.445
"BRCA","Tumor","TCGA-3C-AAAU-01",5.85
"BRCA","Tumor","TCGA-A2-A0T1-01",4.721
"BRCA","Tumor","TCGA-A2-A3KC-01",5.482
"BRCA","Tumor","TCGA-A7-A26F-01",3.649
"BRCA","Tumor","TCGA-AN-A0AR-01",4.478
"BRCA","Tumor","TCGA-AN-A0FS-01",5.157
"BRCA","Tumor","TCGA-AN-A0FY-01",5.33
"BRCA","Tumor","TCGA-AN-A0XR-01",5.492
"BRCA","Tumor","TCGA-AQ-A7U7-01",5.672
"BRCA","Tumor","TCGA-AR-A24W-01",4.607
"BRCA","Tumor","TCGA-AR-A2LH-01",6.149
"BRCA","Tumor","TCGA-B6-A408-01",5.916
"BRCA","Tumor","TCGA-BH-A0BS-01",4.655
"BRCA","Tumor","TCGA-BH-A0HB-01",5.728
"BRCA","Tumor","TCGA-BH-A1ET-01",4.748
"BRCA","Tumor","TCGA-C8-A12P-01",6.345
"BRCA","Tumor","TCGA-C8-A12V-01",5.285
"BRCA","Tumor","TCGA-D8-A1XK-01",6.316
"BRCA","Tumor","TCGA-D8-A27W-01",5.047
"BRCA","Tumor","TCGA-E2-A14X-01",5.011
"BRCA","Tumor","TCGA-EW-A1P0-01",5.678
"BRCA","Tumor","TCGA-LL-A73Z-01",6.016
"BRCA","Tumor","TCGA-WT-AB41-01",5.761
"BRCA","Tumor","TCGA-A1-A0SF-01",5.503
"BRCA","Tumor","TCGA-A1-A0SK-01",6.266
"BRCA","Tumor","TCGA-A2-A0CR-01",5.948
"BRCA","Tumor","TCGA-A2-A0EO-01",4.853
"BRCA","Tumor","TCGA-A7-A4SE-01",5.891
"BRCA","Tumor","TCGA-A7-A4SF-01",5.715
"BRCA","Tumor","TCGA-A8-A0AB-01",5.9
"BRCA","Tumor","TCGA-AC-A3QQ-01",4.301
"BRCA","Tumor","TCGA-AN-A0XT-01",3.869
"BRCA","Tumor","TCGA-AN-A0XU-01",5.208
"BRCA","Tumor","TCGA-AO-A03P-01",4.913
"BRCA","Tumor","TCGA-AO-A0JJ-01",5.018
"BRCA","Tumor","TCGA-AR-A0TY-01",5.466
"BRCA","Tumor","TCGA-AR-A0U4-01",5.003
"BRCA","Tumor","TCGA-AR-A1AS-01",5.165
"BRCA","Tumor","TCGA-AR-A24N-01",5.294
"BRCA","Tumor","TCGA-AR-A5QP-01",5.566
"BRCA","Tumor","TCGA-B6-A0X0-01",5.418
"BRCA","Tumor","TCGA-BH-A0BM-01",4.458
"BRCA","Tumor","TCGA-BH-A0BO-01",4.695
"BRCA","Tumor","TCGA-BH-A0DV-01",4.994
"BRCA","Tumor","TCGA-BH-A0HX-01",5.394
"BRCA","Tumor","TCGA-BH-A8G0-01",5.455
"BRCA","Tumor","TCGA-C8-A138-01",4.634
"BRCA","Tumor","TCGA-D8-A1JB-01",4.392
"BRCA","Tumor","TCGA-D8-A1JI-01",5.597
"BRCA","Tumor","TCGA-D8-A1JJ-01",5.196
"BRCA","Tumor","TCGA-D8-A3Z5-01",5.933
"BRCA","Tumor","TCGA-E2-A107-01",6.281
"BRCA","Tumor","TCGA-E2-A10C-01",6.217
"BRCA","Tumor","TCGA-E9-A244-01",4.539
"BRCA","Tumor","TCGA-GM-A2DO-01",5.448
"BRCA","Tumor","TCGA-LD-A7W6-01",5.561
"BRCA","Tumor","TCGA-PL-A8LV-01",4.934
"BRCA","Tumor","TCGA-A2-A04Y-01",4.897
"BRCA","Tumor","TCGA-A2-A0EW-01",5.173
"BRCA","Tumor","TCGA-A2-A0YH-01",5.295
"BRCA","Tumor","TCGA-A7-A2KD-01",4.891
"BRCA","Tumor","TCGA-A8-A08I-01",5.231
"BRCA","Tumor","TCGA-AO-A0JE-01",4.64
"BRCA","Tumor","TCGA-AR-A0TT-01",4.806
"BRCA","Tumor","TCGA-BH-A0B3-01",5.038
"BRCA","Tumor","TCGA-BH-A0E9-01",4.87
"BRCA","Tumor","TCGA-BH-A18I-01",5.05
"BRCA","Tumor","TCGA-BH-A1F2-01",3.489
"BRCA","Tumor","TCGA-BH-AB28-01",5.949
"BRCA","Tumor","TCGA-C8-A1HJ-01",4.136
"BRCA","Tumor","TCGA-C8-A1HK-01",4.129
"BRCA","Tumor","TCGA-C8-A8HQ-01",5.615
"BRCA","Tumor","TCGA-D8-A1XW-01",5.007
"BRCA","Tumor","TCGA-D8-A27T-01",4.978
"BRCA","Tumor","TCGA-D8-A73X-01",5.442
"BRCA","Tumor","TCGA-E2-A14V-01",5.471
"BRCA","Tumor","TCGA-E2-A1BD-01",5.891
"BRCA","Tumor","TCGA-EW-A1IZ-01",5.694
"BRCA","Tumor","TCGA-EW-A1PG-01",4.581
"BRCA","Tumor","TCGA-GM-A2DD-01",5.883
"BRCA","Tumor","TCGA-GM-A2DF-01",5.084
"BRCA","Tumor","TCGA-3C-AALK-01",5.328
"BRCA","Tumor","TCGA-5T-A9QA-01",6.291
"BRCA","Tumor","TCGA-A1-A0SI-01",5.735
"BRCA","Tumor","TCGA-A2-A0CX-01",5.369
"BRCA","Tumor","TCGA-A2-A0ES-01",4.808
"BRCA","Tumor","TCGA-A7-A4SD-01",4.853
"BRCA","Tumor","TCGA-A8-A08B-01",5.291
"BRCA","Tumor","TCGA-A8-A08J-01",5.868
"BRCA","Tumor","TCGA-A8-A08R-01",4.716
"BRCA","Tumor","TCGA-AN-A0FX-01",6.168
"BRCA","Tumor","TCGA-AR-A1AM-01",5.695
"BRCA","Tumor","TCGA-AR-A24V-01",5.26
"BRCA","Tumor","TCGA-AR-A24X-01",5.47
"BRCA","Tumor","TCGA-BH-A0AV-01",4.773
"BRCA","Tumor","TCGA-BH-A0E1-01",4.942
"BRCA","Tumor","TCGA-BH-A0HU-01",5.307
"BRCA","Tumor","TCGA-C8-A130-01",5.082
"BRCA","Tumor","TCGA-C8-A134-01",6.129
"BRCA","Tumor","TCGA-D8-A13Y-01",5.507
"BRCA","Tumor","TCGA-E2-A14T-01",5.468
"BRCA","Tumor","TCGA-E2-A1L8-01",3.761
"BRCA","Tumor","TCGA-E9-A1N6-01",5.816
"BRCA","Tumor","TCGA-E9-A243-01",3.615
"BRCA","Tumor","TCGA-EW-A1PH-01",4.433
"BRCA","Tumor","TCGA-EW-A2FW-01",5.752
"BRCA","Tumor","TCGA-GM-A2DI-01",5.093
"BRCA","Tumor","TCGA-LD-A7W5-01",6.353
"BRCA","Tumor","TCGA-OL-A5RY-01",5.111
"BRCA","Tumor","TCGA-A2-A0T7-01",5.622
"BRCA","Tumor","TCGA-A7-A6VV-01",5.723
"BRCA","Tumor","TCGA-A8-A07O-01",4.837
"BRCA","Tumor","TCGA-A8-A09V-01",5.075
"BRCA","Tumor","TCGA-AC-A7VB-01",5.343
"BRCA","Tumor","TCGA-AN-A04C-01",4.923
"BRCA","Tumor","TCGA-AO-A12E-01",5.319
"BRCA","Tumor","TCGA-AO-A1KR-01",5.97
"BRCA","Tumor","TCGA-AQ-A54N-01",6.016
"BRCA","Tumor","TCGA-AR-A1AH-01",5.183
"BRCA","Tumor","TCGA-AR-A251-01",5.144
"BRCA","Tumor","TCGA-B6-A0IA-01",5.081
"BRCA","Tumor","TCGA-B6-A0RH-01",5.247
"BRCA","Tumor","TCGA-B6-A40C-01",5.96
"BRCA","Tumor","TCGA-BH-A0BA-01",6.237
"BRCA","Tumor","TCGA-BH-A0EI-01",4.874
"BRCA","Tumor","TCGA-BH-A1F6-01",6.083
"BRCA","Tumor","TCGA-BH-A5IZ-01",6.374
"BRCA","Tumor","TCGA-D8-A13Z-01",5.857
"BRCA","Tumor","TCGA-D8-A143-01",6.061
"BRCA","Tumor","TCGA-D8-A1JU-01",4.848
"BRCA","Tumor","TCGA-E2-A153-01",5.441
"BRCA","Tumor","TCGA-E2-A15J-01",5.595
"BRCA","Tumor","TCGA-E2-A1II-01",6.302
"BRCA","Tumor","TCGA-E9-A1NI-01",5.813
"BRCA","Tumor","TCGA-E9-A1R2-01",5.814
"BRCA","Tumor","TCGA-E9-A248-01",4.02
"BRCA","Tumor","TCGA-EW-A424-01",6.176
"BRCA","Tumor","TCGA-OL-A5RX-01",5.674
"BRCA","Tumor","TCGA-S3-AA15-01",4.718
"BRCA","Tumor","TCGA-3C-AALI-01",6.078
"BRCA","Tumor","TCGA-4H-AAAK-01",5.046
"BRCA","Tumor","TCGA-A1-A0SN-01",5.059
"BRCA","Tumor","TCGA-A2-A04W-01",5.728
"BRCA","Tumor","TCGA-A2-A0T6-01",5.516
"BRCA","Tumor","TCGA-A2-A1G6-01",4.305
"BRCA","Tumor","TCGA-A2-A25C-01",4.837
"BRCA","Tumor","TCGA-A7-A26G-01",4.784
"BRCA","Tumor","TCGA-A7-A426-01",5.908
"BRCA","Tumor","TCGA-AC-A23E-01",4.965
"BRCA","Tumor","TCGA-AC-A3TM-01",6.243
"BRCA","Tumor","TCGA-AO-A0JB-01",5.049
"BRCA","Tumor","TCGA-AR-A0TW-01",6.086
"BRCA","Tumor","TCGA-AR-A1AR-01",4.668
"BRCA","Tumor","TCGA-AR-A252-01",3.823
"BRCA","Tumor","TCGA-AR-A254-01",4.385
"BRCA","Tumor","TCGA-B6-A0IG-01",5.911
"BRCA","Tumor","TCGA-B6-A0WZ-01",5.474
"BRCA","Tumor","TCGA-B6-A3ZX-01",5.524
"BRCA","Tumor","TCGA-BH-A18F-01",5.441
"BRCA","Tumor","TCGA-BH-A18L-01",4.924
"BRCA","Tumor","TCGA-BH-A18R-01",5.874
"BRCA","Tumor","TCGA-BH-A28O-01",5.274
"BRCA","Tumor","TCGA-C8-A12O-01",5.353
"BRCA","Tumor","TCGA-C8-A1HG-01",4.775
"BRCA","Tumor","TCGA-E2-A14Q-01",5.067
"BRCA","Tumor","TCGA-E2-A159-01",4.99
"BRCA","Tumor","TCGA-E2-A1B0-01",4.899
"BRCA","Tumor","TCGA-E2-A1LG-01",3.414
"BRCA","Tumor","TCGA-EW-A1J2-01",5.094
"BRCA","Tumor","TCGA-EW-A1PF-01",5.601
"BRCA","Tumor","TCGA-GM-A2DL-01",5.432
"BRCA","Tumor","TCGA-LL-A5YO-01",5.905
"BRCA","Tumor","TCGA-LL-A6FR-01",5.988
"BRCA","Tumor","TCGA-A2-A1G0-01",4.845
"BRCA","Tumor","TCGA-A2-A3XX-01",5.984
"BRCA","Tumor","TCGA-A2-A3XY-01",6.305
"BRCA","Tumor","TCGA-A2-A4RW-01",5.627
"BRCA","Tumor","TCGA-A7-A26J-01",4.01
"BRCA","Tumor","TCGA-AC-A6IX-01",5.39
"BRCA","Tumor","TCGA-AO-A0JG-01",5.378
"BRCA","Tumor","TCGA-AQ-A1H3-01",4.92
"BRCA","Tumor","TCGA-AR-A1AQ-01",6.004
"BRCA","Tumor","TCGA-AR-A24Q-01",4.935
"BRCA","Tumor","TCGA-AR-A2LM-01",5.476
"BRCA","Tumor","TCGA-AR-A2LR-01",6.171
"BRCA","Tumor","TCGA-B6-A0I5-01",5.602
"BRCA","Tumor","TCGA-B6-A0I6-01",6.397
"BRCA","Tumor","TCGA-BH-A0DK-01",4.98
"BRCA","Tumor","TCGA-BH-A0E2-01",4.835
"BRCA","Tumor","TCGA-BH-A0W7-01",5.006
"BRCA","Tumor","TCGA-C8-A12W-01",6.111
"BRCA","Tumor","TCGA-C8-A8HR-01",5.632
"BRCA","Tumor","TCGA-D8-A27L-01",5.434
"BRCA","Tumor","TCGA-E9-A3HO-01",5.835
"BRCA","Tumor","TCGA-GM-A3XL-01",7.793
"BRCA","Tumor","TCGA-JL-A3YW-01",6.222
"BRCA","Tumor","TCGA-LL-A5YP-01",5.344
"BRCA","Tumor","TCGA-LL-A7SZ-01",6.258
"BRCA","Tumor","TCGA-OL-A6VQ-01",5.441
"BRCA","Tumor","TCGA-A2-A04Q-01",4.459
"BRCA","Tumor","TCGA-A2-A0SX-01",6.088
"BRCA","Tumor","TCGA-A2-A0YE-01",5.6
"BRCA","Tumor","TCGA-A2-A0YL-01",4.662
"BRCA","Tumor","TCGA-A7-A5ZX-01",5.503
"BRCA","Tumor","TCGA-A7-A6VW-01",6.655
"BRCA","Tumor","TCGA-A7-A6VY-01",7.272
"BRCA","Tumor","TCGA-A8-A092-01",5.149
"BRCA","Tumor","TCGA-AC-A2QJ-01",6.588
"BRCA","Tumor","TCGA-AO-A0J5-01",5.508
"BRCA","Tumor","TCGA-AQ-A04L-01",4.549
"BRCA","Tumor","TCGA-B6-A0X1-01",5.636
"BRCA","Tumor","TCGA-BH-A0C7-01",5.73
"BRCA","Tumor","TCGA-BH-A0HO-01",5.532
"BRCA","Tumor","TCGA-BH-A18V-01",4.907
"BRCA","Tumor","TCGA-BH-A208-01",4.063
"BRCA","Tumor","TCGA-C8-A27A-01",4.804
"BRCA","Tumor","TCGA-C8-A27B-01",4.605
"BRCA","Tumor","TCGA-D8-A1J9-01",4.661
"BRCA","Tumor","TCGA-E2-A150-01",4.597
"BRCA","Tumor","TCGA-E2-A573-01",6.026
"BRCA","Tumor","TCGA-E9-A1N8-01",6.873
"BRCA","Tumor","TCGA-E9-A1RA-01",5.762
"BRCA","Tumor","TCGA-E9-A3X8-01",6.105
"BRCA","Tumor","TCGA-EW-A1IX-01",5.598
"BRCA","Tumor","TCGA-EW-A1P3-01",5.281
"BRCA","Tumor","TCGA-OL-A6VR-01",6.199
"BRCA","Tumor","TCGA-A2-A04U-01",5.349
"BRCA","Tumor","TCGA-A2-A3KD-01",5.491
"BRCA","Tumor","TCGA-A7-A5ZW-01",5.287
"BRCA","Tumor","TCGA-A8-A09D-01",5.258
"BRCA","Tumor","TCGA-AC-A6IV-01",5.358
"BRCA","Tumor","TCGA-AO-A12A-01",5.2
"BRCA","Tumor","TCGA-AR-A0U2-01",5.043
"BRCA","Tumor","TCGA-AR-A1AI-01",4.99
"BRCA","Tumor","TCGA-AR-A1AO-01",5.31
"BRCA","Tumor","TCGA-AR-A24P-01",5.013
"BRCA","Tumor","TCGA-AR-A24U-01",5.565
"BRCA","Tumor","TCGA-B6-A401-01",6.151
"BRCA","Tumor","TCGA-B6-A402-01",5.577
"BRCA","Tumor","TCGA-BH-A0AZ-01",4.5
"BRCA","Tumor","TCGA-BH-A0B6-01",5.199
"BRCA","Tumor","TCGA-BH-A0BD-01",5.448
"BRCA","Tumor","TCGA-BH-A0C3-01",5.303
"BRCA","Tumor","TCGA-BH-A1FH-01",5.09
"BRCA","Tumor","TCGA-C8-A26V-01",5.701
"BRCA","Tumor","TCGA-D8-A27K-01",5.128
"BRCA","Tumor","TCGA-E2-A10F-01",5.315
"BRCA","Tumor","TCGA-E2-A15D-01",5.704
"BRCA","Tumor","TCGA-E2-A570-01",5.895
"BRCA","Tumor","TCGA-E9-A22G-01",5.329
"BRCA","Tumor","TCGA-E9-A245-01",5.371
"BRCA","Tumor","TCGA-S3-AA14-01",5.798
"BRCA","Tumor","TCGA-A2-A0CZ-01",5.199
"BRCA","Tumor","TCGA-A2-A0EX-01",5.222
"BRCA","Tumor","TCGA-A2-A3XV-01",6.984
"BRCA","Tumor","TCGA-A2-A3XZ-01",5.599
"BRCA","Tumor","TCGA-A2-A4RY-01",5.682
"BRCA","Tumor","TCGA-A7-A13D-01",4.432
"BRCA","Tumor","TCGA-AC-A3BB-01",5.778
"BRCA","Tumor","TCGA-AO-A1KO-01",3.738
"BRCA","Tumor","TCGA-AR-A0TS-01",4.771
"BRCA","Tumor","TCGA-AR-A1AN-01",5.975
"BRCA","Tumor","TCGA-AR-A24K-01",5.287
"BRCA","Tumor","TCGA-AR-A24T-01",4.502
"BRCA","Tumor","TCGA-AR-A2LO-01",5.429
"BRCA","Tumor","TCGA-B6-A0I8-01",5.547
"BRCA","Tumor","TCGA-BH-A0H3-01",5.042
"BRCA","Tumor","TCGA-BH-A0W4-01",5.215
"BRCA","Tumor","TCGA-BH-A18K-01",4.821
"BRCA","Tumor","TCGA-BH-A28Q-01",5.259
"BRCA","Tumor","TCGA-BH-A6R8-01",6.535
"BRCA","Tumor","TCGA-C8-A12U-01",5.85
"BRCA","Tumor","TCGA-E2-A1B5-01",4.471
"BRCA","Tumor","TCGA-E2-A1LS-01",2.797
"BRCA","Tumor","TCGA-GM-A2DA-01",4.83
"BRCA","Tumor","TCGA-GM-A3XG-01",5.917
"BRCA","Tumor","TCGA-JL-A3YX-01",6.365
"BRCA","Tumor","TCGA-LL-A5YN-01",5.435
"BRCA","Tumor","TCGA-XX-A899-01",5.702
"BRCA","Tumor","TCGA-Z7-A8R6-01",6.033
"BRCA","Tumor","TCGA-A1-A0SQ-01",5.255
"BRCA","Tumor","TCGA-A2-A0D2-01",5.6
"BRCA","Tumor","TCGA-A2-A3XT-01",6.139
"BRCA","Tumor","TCGA-A8-A08O-01",5.083
"BRCA","Tumor","TCGA-A8-A095-01",5.093
"BRCA","Tumor","TCGA-AC-A2FK-01",5.339
"BRCA","Tumor","TCGA-AN-A0FZ-01",5.088
"BRCA","Tumor","TCGA-AQ-A04J-01",4.495
"BRCA","Tumor","TCGA-AR-A24R-01",5.215
"BRCA","Tumor","TCGA-AR-A256-01",5.431
"BRCA","Tumor","TCGA-B6-A0I2-01",5.429
"BRCA","Tumor","TCGA-B6-A0IN-01",5.069
"BRCA","Tumor","TCGA-BH-A0AU-01",5.73
"BRCA","Tumor","TCGA-BH-A0H5-01",5.25
"BRCA","Tumor","TCGA-BH-A1EV-01",4.968
"BRCA","Tumor","TCGA-BH-A2L8-01",5.751
"BRCA","Tumor","TCGA-C8-A12Z-01",4.23
"BRCA","Tumor","TCGA-D8-A147-01",4.959
"BRCA","Tumor","TCGA-D8-A1XF-01",5.476
"BRCA","Tumor","TCGA-E2-A15A-01",6.556
"BRCA","Tumor","TCGA-E2-A1B1-01",3.88
"BRCA","Tumor","TCGA-E2-A1IG-01",5.849
"BRCA","Tumor","TCGA-E9-A1N5-01",5.659
"BRCA","Tumor","TCGA-E9-A226-01",4.541
"BRCA","Tumor","TCGA-E9-A249-01",5.386
"BRCA","Tumor","TCGA-E9-A6HE-01",6.223
"BRCA","Tumor","TCGA-HN-A2OB-01",5.298
"BRCA","Tumor","TCGA-A2-A25A-01",4.852
"BRCA","Tumor","TCGA-A7-A13F-01",5.918
"BRCA","Tumor","TCGA-B6-A0RI-01",5.035
"BRCA","Tumor","TCGA-B6-A409-01",6.314
"BRCA","Tumor","TCGA-BH-A0B9-01",4.626
"BRCA","Tumor","TCGA-BH-A1FM-01",2.531
"BRCA","Tumor","TCGA-BH-A1FU-01",4.972
"BRCA","Tumor","TCGA-C8-A12Y-01",5.655
"BRCA","Tumor","TCGA-E2-A15I-01",5.183
"BRCA","Tumor","TCGA-E2-A1B6-01",5.653
"BRCA","Tumor","TCGA-E2-A1L6-01",4.804
"BRCA","Tumor","TCGA-E2-A574-01",7.073
"BRCA","Tumor","TCGA-GM-A3XN-01",5.468
"BRCA","Tumor","TCGA-LD-A66U-01",5.885
"BRCA","Tumor","TCGA-MS-A51U-01",5.286
"BRCA","Tumor","TCGA-A8-A08X-01",4.452
"BRCA","Tumor","TCGA-AC-A6NO-01",6.344
"BRCA","Tumor","TCGA-AO-A12D-01",4.11
"BRCA","Tumor","TCGA-AR-A0TP-01",5.377
"BRCA","Tumor","TCGA-AR-A0TZ-01",5.748
"BRCA","Tumor","TCGA-AR-A24O-01",4.227
"BRCA","Tumor","TCGA-B6-A400-01",6.065
"BRCA","Tumor","TCGA-BH-A0DZ-01",5.134
"BRCA","Tumor","TCGA-C8-A12T-01",5.398
"BRCA","Tumor","TCGA-E2-A158-01",5.995
"BRCA","Tumor","TCGA-E2-A3DX-01",5.339
"BRCA","Tumor","TCGA-E9-A1RI-01",5.352
"BRCA","Tumor","TCGA-EW-A1OX-01",5.828
"BRCA","Tumor","TCGA-EW-A1P4-01",5.723
"BRCA","Tumor","TCGA-OL-A5RV-01",5.68
"BRCA","Tumor","TCGA-OL-A6VO-01",5.679
"BRCA","Tumor","TCGA-5L-AAT0-01",5.336
"BRCA","Tumor","TCGA-A2-A0D3-01",5.781
"BRCA","Tumor","TCGA-A2-A3XW-01",6.195
"BRCA","Tumor","TCGA-A8-A075-01",5.168
"BRCA","Tumor","TCGA-AO-A03T-01",4.67
"BRCA","Tumor","TCGA-AO-A12C-01",5.034
"BRCA","Tumor","TCGA-B6-A0IJ-01",5.326
"BRCA","Tumor","TCGA-B6-A0RV-01",5.11
"BRCA","Tumor","TCGA-BH-A0B7-01",5.076
"BRCA","Tumor","TCGA-BH-A0DQ-01",5.366
"BRCA","Tumor","TCGA-E9-A227-01",4.806
"BRCA","Tumor","TCGA-E9-A22H-01",4.684
"BRCA","Tumor","TCGA-A2-A0CV-01",4.788
"BRCA","Tumor","TCGA-A8-A08G-01",6.002
"BRCA","Tumor","TCGA-AC-A2BM-01",5.461
"BRCA","Tumor","TCGA-AN-A0AL-01",5.128
"BRCA","Tumor","TCGA-AO-A03V-01",5.764
"BRCA","Tumor","TCGA-AO-A0J2-01",4.99
"BRCA","Tumor","TCGA-AO-A0J4-01",5.16
"BRCA","Tumor","TCGA-BH-A0BJ-01",5.411
"BRCA","Tumor","TCGA-BH-A0DT-01",5.089
"BRCA","Tumor","TCGA-BH-A42V-01",5.834
"BRCA","Tumor","TCGA-D8-A1JD-01",5.52
"BRCA","Tumor","TCGA-D8-A27R-01",5.465
"BRCA","Tumor","TCGA-E2-A10A-01",5.419
"BRCA","Tumor","TCGA-E2-A1LB-01",6.615
"BRCA","Tumor","TCGA-E9-A1N4-01",5.358
"BRCA","Tumor","TCGA-E9-A5UO-01",5.899
"BRCA","Tumor","TCGA-EW-A2FS-01",4.826
"BRCA","Tumor","TCGA-PE-A5DE-01",5.382
"BRCA","Tumor","TCGA-A1-A0SP-01",6.325
"BRCA","Tumor","TCGA-A2-A0CM-01",5.662
"BRCA","Tumor","TCGA-A7-A4SA-01",5.32
"BRCA","Tumor","TCGA-A8-A09A-01",5.507
"BRCA","Tumor","TCGA-AC-A2FF-01",4.822
"BRCA","Tumor","TCGA-AO-A0JM-01",4.708
"BRCA","Tumor","TCGA-AR-A2LJ-01",5.87
"BRCA","Tumor","TCGA-B6-A0IQ-01",6.253
"BRCA","Tumor","TCGA-B6-A0RU-01",4.834
"BRCA","Tumor","TCGA-B6-A0WX-01",5.38
"BRCA","Tumor","TCGA-B6-A0WY-01",5.531
"BRCA","Tumor","TCGA-BH-A0B5-01",5.594
"BRCA","Tumor","TCGA-C8-A1HI-01",5.208
"BRCA","Tumor","TCGA-D8-A141-01",5.298
"BRCA","Tumor","TCGA-D8-A1X7-01",5.145
"BRCA","Tumor","TCGA-D8-A27F-01",6.438
"BRCA","Tumor","TCGA-E2-A15E-01",5.306
"BRCA","Tumor","TCGA-E2-A1L7-01",5.841
"BRCA","Tumor","TCGA-E2-A1L9-01",4.279
"BRCA","Tumor","TCGA-E9-A1RB-01",4.51
"BRCA","Tumor","TCGA-OL-A5D8-01",6.053
"BRCA","Tumor","TCGA-OL-A5RW-01",6.589
"BRCA","Tumor","TCGA-A1-A0SH-01",5.13
"BRCA","Tumor","TCGA-A1-A0SJ-01",4.902
"BRCA","Tumor","TCGA-A2-A04V-01",4.851
"BRCA","Tumor","TCGA-A2-A0T5-01",5.535
"BRCA","Tumor","TCGA-A2-A0YJ-01",6.139
"BRCA","Tumor","TCGA-A2-A25B-01",4.677
"BRCA","Tumor","TCGA-AO-A126-01",5.056
"BRCA","Tumor","TCGA-AR-A1AU-01",5.653
"BRCA","Tumor","TCGA-B6-A0RT-01",5.162
"BRCA","Tumor","TCGA-BH-A0BQ-01",5.274
"BRCA","Tumor","TCGA-BH-A18M-01",5.336
"BRCA","Tumor","TCGA-EW-A2FV-01",5.504
"BRCA","Tumor","TCGA-OL-A66O-01",6.39
"BRCA","Tumor","TCGA-AO-A124-01",5.625
"BRCA","Tumor","TCGA-AR-A24M-01",4.613
"BRCA","Tumor","TCGA-B6-A0IE-01",5.434
"BRCA","Tumor","TCGA-B6-A0RS-01",4.733
"BRCA","Tumor","TCGA-BH-A0E0-01",5.391
"BRCA","Tumor","TCGA-BH-A1EW-01",5.548
"BRCA","Tumor","TCGA-C8-A1HL-01",3.643
"BRCA","Tumor","TCGA-E2-A15H-01",5.484
"BRCA","Tumor","TCGA-E9-A22D-01",5.023
"BRCA","Tumor","TCGA-EW-A1IY-01",3.266
"BRCA","Tumor","TCGA-EW-A1J1-01",3.412
"BRCA","Tumor","TCGA-A2-A0CL-01",5.189
"BRCA","Tumor","TCGA-A2-A0D4-01",5.111
"BRCA","Tumor","TCGA-A2-A0T3-01",6.809
"BRCA","Tumor","TCGA-A7-A0D9-01",5.579
"BRCA","Tumor","TCGA-E2-A14N-01",5.096
"BRCA","Tumor","TCGA-E2-A1IO-01",5.291
"BRCA","Tumor","TCGA-E9-A229-01",5.119
"BRCA","Tumor","TCGA-A2-A04P-01",5.229
"BRCA","Tumor","TCGA-A2-A04R-01",5.467
"BRCA","Tumor","TCGA-AN-A04A-01",4.865
"BRCA","Tumor","TCGA-AN-A0XW-01",4.904
"BRCA","Tumor","TCGA-AO-A0JA-01",5.552
"BRCA","Tumor","TCGA-AO-A12F-01",5.99
"BRCA","Tumor","TCGA-D8-A1XD-01",5.708
"BRCA","Tumor","TCGA-D8-A27N-01",5.758
"BRCA","Tumor","TCGA-OL-A66I-01",5.515
"BRCA","Tumor","TCGA-A2-A3XU-01",6.807
"BRCA","Tumor","TCGA-A8-A07J-01",5.234
"BRCA","Tumor","TCGA-AR-A0TU-01",6.011
"BRCA","Tumor","TCGA-BH-A0BL-01",5.097
"BRCA","Tumor","TCGA-BH-A1ES-01",5.019
"BRCA","Tumor","TCGA-E2-A14Y-01",4.24
"BRCA","Tumor","TCGA-PL-A8LX-01",5.181
"BRCA","Tumor","TCGA-A2-A04X-01",5.361
"BRCA","Tumor","TCGA-A2-A25E-01",5.047
"BRCA","Tumor","TCGA-AO-A03L-01",5.875
"BRCA","Tumor","TCGA-BH-A1FN-01",4.893
"BRCA","Tumor","TCGA-C8-A137-01",5.497
"BRCA","Tumor","TCGA-C8-A1HO-01",5.056
"BRCA","Tumor","TCGA-D8-A1XL-01",5.527
"BRCA","Tumor","TCGA-E2-A106-01",5.4
"BRCA","Tumor","TCGA-E2-A15S-01",4.869
"BRCA","Tumor","TCGA-EW-A6S9-01",5.432
"BRCA","Tumor","TCGA-E9-A3QA-01",5.69
"BRCA","Tumor","TCGA-AN-A0FF-01",5.673
"BRCA","Tumor","TCGA-EW-A6SD-01",5.825
"BRCA","Tumor","TCGA-AO-A03U-01",4.461
"BRCA","Tumor","TCGA-BH-A0HA-01",5.237
"BRCA","Tumor","TCGA-BH-A1FE-01",4.819
"BRCA","Tumor","TCGA-BH-A0DG-01",4.997
"BRCA","Tumor","TCGA-PL-A8LY-01",5.131
"BRCA","Tumor","TCGA-AN-A041-01",4.782
"BRCA","Tumor","TCGA-AO-A03M-01",4.865
"BRCA","Tumor","TCGA-AO-A129-01",5.933
"BRCA","Tumor","TCGA-C8-A273-01",5.696
"BRCA","Tumor","TCGA-PL-A8LZ-01",6.28
"BRCA","Tumor","TCGA-S3-A6ZH-01",5.552
"BRCA","Tumor","TCGA-E9-A1NE-01",4.917
"BRCA","Tumor","TCGA-AR-A0TQ-01",5.933
"BRCA","Tumor","TCGA-AR-A24L-01",4.673
"BRCA","Tumor","TCGA-B6-A0RG-01",5.392
"BRCA","Tumor","TCGA-BH-A0B2-01",5.464
"BRCA","Normal","TCGA-BH-A0DD-11",5.057
"BRCA","Normal","TCGA-AC-A23H-11",3.242
"BRCA","Normal","TCGA-BH-A1F8-11",4.246
"BRCA","Normal","TCGA-BH-A18N-11",5.096
"BRCA","Normal","TCGA-BH-A1FG-11",1.39
"BRCA","Normal","TCGA-AC-A2FM-11",5.638
"BRCA","Normal","TCGA-BH-A1EU-11",3.968
"BRCA","Normal","TCGA-BH-A0HK-11",5.173
"BRCA","Normal","TCGA-BH-A1F0-11",4.71
"BRCA","Normal","TCGA-BH-A204-11",4.331
"BRCA","Normal","TCGA-A7-A0CH-11",5.204
"BRCA","Normal","TCGA-A7-A13G-11",4.113
"BRCA","Normal","TCGA-BH-A18S-11",5.025
"BRCA","Normal","TCGA-BH-A0BV-11",4.971
"BRCA","Normal","TCGA-BH-A0DO-11",4.609
"BRCA","Normal","TCGA-BH-A1EN-11",4.519
"BRCA","Normal","TCGA-BH-A1FC-11",4.688
"BRCA","Normal","TCGA-BH-A203-11",4.141
"BRCA","Normal","TCGA-BH-A209-11",4.256
"BRCA","Normal","TCGA-E9-A1ND-11",5.479
"BRCA","Normal","TCGA-BH-A1FR-11",4.294
"BRCA","Normal","TCGA-BH-A18U-11",4.944
"BRCA","Normal","TCGA-BH-A0BW-11",4.747
"BRCA","Normal","TCGA-BH-A0H9-11",5.459
"BRCA","Normal","TCGA-BH-A1EO-11",4.259
"BRCA","Normal","TCGA-BH-A1FD-11",4.011
"BRCA","Normal","TCGA-E9-A1RF-11",3.296
"BRCA","Normal","TCGA-E9-A1RD-11",4.732
"BRCA","Normal","TCGA-BH-A1FJ-11",2.828
"BRCA","Normal","TCGA-E2-A15M-11",4.449
"BRCA","Normal","TCGA-AC-A2FB-11",4.538
"BRCA","Normal","TCGA-BH-A0H7-11",4.819
"BRCA","Normal","TCGA-BH-A0B8-11",5.043
"BRCA","Normal","TCGA-BH-A0DL-11",4.817
"BRCA","Normal","TCGA-E9-A1R7-11",4.261
"BRCA","Normal","TCGA-A7-A0DC-11",5.001
"BRCA","Normal","TCGA-BH-A0DH-11",4.862
"BRCA","Normal","TCGA-E2-A1BC-11",5.155
"BRCA","Normal","TCGA-E9-A1RH-11",4.673
"BRCA","Normal","TCGA-GI-A2C8-11",4.998
"BRCA","Normal","TCGA-A7-A13E-11",4.442
"BRCA","Normal","TCGA-BH-A0AY-11",4.758
"BRCA","Normal","TCGA-BH-A0C0-11",5.07
"BRCA","Normal","TCGA-E9-A1NG-11",4.839
"BRCA","Normal","TCGA-BH-A0BC-11",4.625
"BRCA","Normal","TCGA-BH-A0DP-11",5.123
"BRCA","Normal","TCGA-BH-A18P-11",4.696
"BRCA","Normal","TCGA-BH-A1FB-11",4.671
"BRCA","Normal","TCGA-E9-A1NF-11",5.212
"BRCA","Normal","TCGA-BH-A0BZ-11",4.361
"BRCA","Normal","TCGA-E2-A1LH-11",5.309
"BRCA","Normal","TCGA-E2-A15K-11",5.325
"BRCA","Normal","TCGA-E9-A1N9-11",5.543
"BRCA","Normal","TCGA-E9-A1NA-11",5.313
"BRCA","Normal","TCGA-GI-A2C9-11",4.894
"BRCA","Normal","TCGA-A7-A0CE-11",5.165
"BRCA","Normal","TCGA-A7-A0DB-11",4.754
"BRCA","Normal","TCGA-BH-A0BT-11",4.64
"BRCA","Normal","TCGA-BH-A18J-11",5.278
"BRCA","Normal","TCGA-BH-A18Q-11",4.829
"BRCA","Normal","TCGA-E9-A1RC-11",4.597
"BRCA","Normal","TCGA-BH-A0BS-11",5.018
"BRCA","Normal","TCGA-BH-A1ET-11",4.758
"BRCA","Normal","TCGA-BH-A0BM-11",4.885
"BRCA","Normal","TCGA-BH-A0DV-11",5.006
"BRCA","Normal","TCGA-BH-A0B3-11",4.891
"BRCA","Normal","TCGA-BH-A1F2-11",4.741
"BRCA","Normal","TCGA-BH-A0E1-11",4.882
"BRCA","Normal","TCGA-E9-A1N6-11",4.785
"BRCA","Normal","TCGA-BH-A0BA-11",4.817
"BRCA","Normal","TCGA-BH-A1F6-11",3.361
"BRCA","Normal","TCGA-E2-A153-11",5.449
"BRCA","Normal","TCGA-BH-A18L-11",5.229
"BRCA","Normal","TCGA-BH-A18R-11",4.532
"BRCA","Normal","TCGA-BH-A0DK-11",5.613
"BRCA","Normal","TCGA-BH-A18V-11",5.313
"BRCA","Normal","TCGA-BH-A208-11",4.674
"BRCA","Normal","TCGA-BH-A0AZ-11",4.799
"BRCA","Normal","TCGA-BH-A0C3-11",3.987
"BRCA","Normal","TCGA-BH-A1FH-11",4.158
"BRCA","Normal","TCGA-BH-A18K-11",5.355
"BRCA","Normal","TCGA-E2-A1LS-11",4.4
"BRCA","Normal","TCGA-BH-A0AU-11",5.085
"BRCA","Normal","TCGA-BH-A0H5-11",5.121
"BRCA","Normal","TCGA-BH-A1EV-11",3.847
"BRCA","Normal","TCGA-E2-A1IG-11",5.204
"BRCA","Normal","TCGA-E9-A1N5-11",5.421
"BRCA","Normal","TCGA-A7-A13F-11",4.725
"BRCA","Normal","TCGA-BH-A1FM-11",4.622
"BRCA","Normal","TCGA-BH-A1FU-11",5.299
"BRCA","Normal","TCGA-E2-A15I-11",3.875
"BRCA","Normal","TCGA-BH-A0DZ-11",5.522
"BRCA","Normal","TCGA-E2-A158-11",5.271
"BRCA","Normal","TCGA-E9-A1RI-11",3.799
"BRCA","Normal","TCGA-BH-A0B7-11",5.036
"BRCA","Normal","TCGA-BH-A0DQ-11",5.099
"BRCA","Normal","TCGA-BH-A0BJ-11",4.841
"BRCA","Normal","TCGA-BH-A0DT-11",5.025
"BRCA","Normal","TCGA-E2-A1LB-11",5.28
"BRCA","Normal","TCGA-E9-A1N4-11",4.882
"BRCA","Normal","TCGA-AC-A2FF-11",5.008
"BRCA","Normal","TCGA-BH-A0B5-11",4.874
"BRCA","Normal","TCGA-E2-A1L7-11",5.207
"BRCA","Normal","TCGA-E9-A1RB-11",4.359
"BRCA","Normal","TCGA-BH-A0BQ-11",4.583
"BRCA","Normal","TCGA-BH-A18M-11",5.51
"BRCA","Normal","TCGA-BH-A0E0-11",5.047
"BRCA","Normal","TCGA-BH-A1EW-11",4.406
"BRCA","Normal","TCGA-A7-A0D9-11",4.708
"BRCA","Normal","TCGA-BH-A1FN-11",3.224
"BRCA","Normal","TCGA-BH-A0HA-11",4.695
"BRCA","Normal","TCGA-BH-A1FE-11",3.094
"BRCA","Normal","TCGA-BH-A0DG-11",4.634
"BRCA","Normal","GTEX-T6MN-0726-SM-32PML",5.488
"BRCA","Normal","GTEX-13NZB-2126-SM-5MR4Y",5.3
"BRCA","Normal","GTEX-ZU9S-1926-SM-5NQBP",5.43
"BRCA","Normal","GTEX-11DXW-0626-SM-5N9ER",4.718
"BRCA","Normal","GTEX-UPK5-2326-SM-3P5Z8",5.185
"BRCA","Normal","GTEX-VUSG-2226-SM-4KKZO",5.473
"BRCA","Normal","GTEX-ZVTK-0326-SM-51MRR",5.084
"BRCA","Normal","GTEX-14ABY-2126-SM-5QGQZ",4.505
"BRCA","Normal","GTEX-R55F-1726-SM-2TF4R",5.559
"BRCA","Normal","GTEX-U3ZH-1426-SM-4DXSR",5.352
"BRCA","Normal","GTEX-13CF2-2026-SM-5K7VI",5.32
"BRCA","Normal","GTEX-QEL4-2126-SM-447AE",5.519
"BRCA","Normal","GTEX-11P7K-0726-SM-5EGKX",5.156
"BRCA","Normal","GTEX-11EI6-0626-SM-5985T",5.168
"BRCA","Normal","GTEX-11GS4-2126-SM-5A5KR",5.246
"BRCA","Normal","GTEX-147F4-2826-SM-5NQBN",4.942
"BRCA","Normal","GTEX-WYJK-1326-SM-3NB2T",5.386
"BRCA","Normal","GTEX-145MO-0826-SM-5NQBL",4.422
"BRCA","Normal","GTEX-Y111-2026-SM-4SOJA",4.763
"BRCA","Normal","GTEX-13NZ9-1026-SM-5MR5K",5.691
"BRCA","Normal","GTEX-QEG5-0726-SM-4R1JQ",5.647
"BRCA","Normal","GTEX-111YS-1926-SM-5GICC",4.84
"BRCA","Normal","GTEX-S33H-0326-SM-4AD6N",5.021
"BRCA","Normal","GTEX-11PRG-0826-SM-5EQ6A",5.347
"BRCA","Normal","GTEX-ZTX8-1226-SM-4YCE9",4.891
"BRCA","Normal","GTEX-U412-1826-SM-4DXTJ",5.062
"BRCA","Normal","GTEX-1192X-2326-SM-5987X",5.213
"BRCA","Normal","GTEX-T2YK-2226-SM-32QPT",5.28
"BRCA","Normal","GTEX-ZEX8-2226-SM-57WC6",4.978
"BRCA","Normal","GTEX-139TU-0626-SM-5KM3X",5.695
"BRCA","Normal","GTEX-SIU7-1626-SM-4BRUK",5.376
"BRCA","Normal","GTEX-XMD1-0826-SM-4AT52",5.142
"BRCA","Normal","GTEX-ZY6K-1626-SM-5GZWV",5.278
"BRCA","Normal","GTEX-XBED-1626-SM-47JYN",5.365
"BRCA","Normal","GTEX-11TT1-2126-SM-5GU5Y",5.246
"BRCA","Normal","GTEX-ZV7C-1826-SM-5NQ83",5.246
"BRCA","Normal","GTEX-139T6-1626-SM-5PNYZ",4.967
"BRCA","Normal","GTEX-11WQC-1726-SM-5GU4W",5.082
"BRCA","Normal","GTEX-X261-0626-SM-3NMD9",5.432
"BRCA","Normal","GTEX-ZDXO-0126-SM-5S2ND",5.043
"BRCA","Normal","GTEX-13OW8-0226-SM-5K7UP",4.603
"BRCA","Normal","GTEX-11DXZ-1926-SM-5GZZL",4.84
"BRCA","Normal","GTEX-ZYFC-0826-SM-5E44K",4.944
"BRCA","Normal","GTEX-ZVE2-1226-SM-5NQ8R",5.336
"BRCA","Normal","GTEX-11NV4-2026-SM-5N9DG",4.865
"BRCA","Normal","GTEX-144GM-0926-SM-5O994",4.697
"BRCA","Normal","GTEX-13FHO-0826-SM-5L3E8",4.959
"BRCA","Normal","GTEX-11OF3-1926-SM-59889",4.592
"BRCA","Normal","GTEX-13W46-0826-SM-5LU3H",4.988
"BRCA","Normal","GTEX-XQ3S-1326-SM-4BOPQ",5.308
"BRCA","Normal","GTEX-ZDTT-2126-SM-5S2OJ",4.843
"BRCA","Normal","GTEX-139T8-0826-SM-5L3DE",5.103
"BRCA","Normal","GTEX-S7SE-0826-SM-4AT4D",5.115
"BRCA","Normal","GTEX-WY7C-2726-SM-3NB3P",5.79
"BRCA","Normal","GTEX-ZYT6-0126-SM-5E45J",4.847
"BRCA","Normal","GTEX-QMRM-1626-SM-4R1KV",4.721
"BRCA","Normal","GTEX-145MN-1926-SM-5SIAI",4.897
"BRCA","Normal","GTEX-X4XY-0926-SM-4E3JD",5.851
"BRCA","Normal","GTEX-WOFL-0826-SM-3MJG1",5.019
"BRCA","Normal","GTEX-132Q8-1426-SM-5EGK7",5.266
"BRCA","Normal","GTEX-117XS-1926-SM-5GICO",4.963
"BRCA","Normal","GTEX-11NSD-0926-SM-5N9DR",4.729
"BRCA","Normal","GTEX-13O3P-0826-SM-5L3DH",5.331
"BRCA","Normal","GTEX-Y3I4-1526-SM-4TT7K",4.956
"BRCA","Normal","GTEX-11ONC-2126-SM-5HL6E",5.127
"BRCA","Normal","GTEX-ZUA1-1526-SM-59HLS",4.478
"BRCA","Normal","GTEX-11EQ9-1826-SM-5Q5AJ",4.965
"BRCA","Normal","GTEX-144GL-2026-SM-5LU3O",4.891
"BRCA","Normal","GTEX-12KS4-0126-SM-5Q5A5",4.605
"BRCA","Normal","GTEX-13N1W-0626-SM-5MR4U",5.234
"BRCA","Normal","GTEX-XMK1-1126-SM-4IHJ8",4.679
"BRCA","Normal","GTEX-UTHO-1026-SM-3GAF7",4.372
"BRCA","Normal","GTEX-R55D-0826-SM-48FEA",5.24
"BRCA","Normal","GTEX-14E6E-1326-SM-5S2NR",5.234
"BRCA","Normal","GTEX-11GSO-1926-SM-5A5K3",4.957
"BRCA","Normal","GTEX-14753-2426-SM-5LU8U",4.347
"BRCA","Normal","GTEX-YB5E-1726-SM-5IFJ3",5.088
"BRCA","Normal","GTEX-REY6-2426-SM-48FF5",5.343
"BRCA","Normal","GTEX-Y5V6-2126-SM-4WWFX",5.235
"BRCA","Normal","GTEX-ZLFU-2126-SM-4WWEV",4.982
"BRCA","Normal","GTEX-U8XE-0826-SM-4E3J1",5.871
"BRCA","Normal","GTEX-ZA64-1526-SM-5CVMD",4.744
"BRCA","Normal","GTEX-ZYW4-0826-SM-5GIDG",4.793
"BRCA","Normal","GTEX-13S86-1226-SM-5S2OA",5.022
"BRCA","Normal","GTEX-XGQ4-0926-SM-4AT4U",5.187
"BRCA","Normal","GTEX-V955-2026-SM-3GAFA",4.531
"BRCA","Normal","GTEX-Y9LG-1426-SM-5IFJZ",4.977
"BRCA","Normal","GTEX-13O61-1826-SM-5KM4I",4.881
"BRCA","Normal","GTEX-13PVQ-1026-SM-5KM3M",5.132
"BRCA","Normal","GTEX-ZT9W-2026-SM-51MRA",4.627
"BRCA","Normal","GTEX-YEC3-1026-SM-5IFI5",4.947
"BRCA","Normal","GTEX-ZWKS-2826-SM-5NQ74",4.903
"BRCA","Normal","GTEX-11P82-1326-SM-5HL62",5.728
"BRCA","Normal","GTEX-117YX-1426-SM-5H12H",5.238
"BRCA","Normal","GTEX-12WSN-1326-SM-5GCNT",5.215
"BRCA","Normal","GTEX-12WSM-1726-SM-5BC6J",4.552
"BRCA","Normal","GTEX-ZDYS-1126-SM-5K7UB",5.476
"BRCA","Normal","GTEX-XQ8I-2426-SM-4WAXY",5.441
"BRCA","Normal","GTEX-11WQK-2426-SM-5GU5C",5.735
"BRCA","Normal","GTEX-ZF2S-2026-SM-5E461",4.945
"BRCA","Normal","GTEX-13FTY-2226-SM-5J1ND",5.441
"BRCA","Normal","GTEX-WYVS-1726-SM-3NMAY",5.14
"BRCA","Normal","GTEX-ZVT2-1826-SM-5NQ8W",4.31
"BRCA","Normal","GTEX-RU72-0626-SM-46MUI",5.191
"BRCA","Normal","GTEX-131YS-0626-SM-5EGKL",5.103
"BRCA","Normal","GTEX-X15G-1626-SM-3NMB3",5.389
"BRCA","Normal","GTEX-1313W-0826-SM-5EQ4T",4.529
"BRCA","Normal","GTEX-YFC4-1426-SM-5IFJG",5.014
"BRCA","Normal","GTEX-131XW-0726-SM-5EGK3",4.65
"BRCA","Normal","GTEX-S341-1526-SM-4AD6K",5.438
"BRCA","Normal","GTEX-ZF3C-2326-SM-5S2MZ",4.529
"BRCA","Normal","GTEX-WYBS-0926-SM-3NM94",5.371
"BRCA","Normal","GTEX-WRHU-0326-SM-3MJFY",5.14
"BRCA","Normal","GTEX-ZC5H-2626-SM-5J2MG",5.202
"BRCA","Normal","GTEX-13QIC-2326-SM-5LU5N",5.043
"BRCA","Normal","GTEX-ZLV1-1426-SM-4WWES",4.97
"BRCA","Normal","GTEX-XUJ4-1926-SM-4BOOV",4.951
"BRCA","Normal","GTEX-13PL6-2926-SM-5L3I2",5.479
"BRCA","Normal","GTEX-VJWN-0726-SM-3GIJ8",4.895
"BRCA","Normal","GTEX-Q2AG-0326-SM-48U1O",5.225
"BRCA","Normal","GTEX-13O3O-0826-SM-5K7WE",5.073
"BRCA","Normal","GTEX-XMD2-0926-SM-4WWEF",5.261
"BRCA","Normal","GTEX-1269C-2426-SM-5FQSN",5.017
"BRCA","Normal","GTEX-Y3IK-2326-SM-4WWDT",5.225
"BRCA","Normal","GTEX-13N11-1726-SM-5J1OJ",5.239
"BRCA","Normal","GTEX-146FH-0826-SM-5SI8T",4.735
"BRCA","Normal","GTEX-RU1J-0626-SM-4WAWY",5.327
"BRCA","Normal","GTEX-XUZC-1626-SM-4BRVP",4.98
"BRCA","Normal","GTEX-WXYG-2226-SM-4E3IM",5.223
"BRCA","Normal","GTEX-R53T-1526-SM-48FEK",5.286
"BRCA","Normal","GTEX-Y5V5-2126-SM-4WWFO",5.141
"BRCA","Normal","GTEX-Y8LW-1626-SM-5IFHX",4.914
"BRCA","Normal","GTEX-ZVT4-1026-SM-57WC4",4.942
"BRCA","Normal","GTEX-13W3W-1226-SM-5LU4H",5.118
"BRCA","Normal","GTEX-12ZZX-1126-SM-5EGKB",5.06
"BRCA","Normal","GTEX-ZXES-0826-SM-5E43C",4.949
"BRCA","Normal","GTEX-ZVZQ-0826-SM-51MRF",4.436
"BRCA","Normal","GTEX-QDT8-0626-SM-48TYW",4.969
"BRCA","Normal","GTEX-1399U-1826-SM-5PNZ1",5.324
"BRCA","Normal","GTEX-TML8-1226-SM-32QON",4.81
"BRCA","Normal","GTEX-S4UY-0726-SM-4AD6X",5.156
"BRCA","Normal","GTEX-ZF29-1926-SM-5S2P1",5.274
"BRCA","Normal","GTEX-13113-1726-SM-5GCOO",4.925
"BRCA","Normal","GTEX-U3ZN-1926-SM-4DXSG",5.094
"BRCA","Normal","GTEX-133LE-1726-SM-5K7VQ",5.406
"BRCA","Normal","GTEX-11EM3-1326-SM-5N9C6",4.795
"BRCA","Normal","GTEX-14AS3-1626-SM-5S2OY",4.328
"BRCA","Normal","GTEX-Y114-2026-SM-4TT7L",5.651
"BRCA","Normal","GTEX-1211K-1926-SM-5EQLB",5.356
"BRCA","Normal","GTEX-Y5LM-1726-SM-4VDSX",5.208
"BRCA","Normal","GTEX-ZYWO-2326-SM-5GZY4",5.269
"BRCA","Normal","GTEX-11P81-1926-SM-5BC53",4.923
"BRCA","Normal","GTEX-YJ8O-2226-SM-5IFHW",4.639
"BRCA","Normal","GTEX-11ILO-2226-SM-5A5L1",4.988
"BRCA","Normal","GTEX-YB5K-1626-SM-5IFIN",5.161
"BRCA","Normal","GTEX-T6MO-0326-SM-32QOK",5.002
"BRCA","Normal","GTEX-UJHI-1426-SM-3DB9C",5.153
"BRCA","Normal","GTEX-ZAJG-0626-SM-5HL8X",5.236
"BRCA","Normal","GTEX-13D11-1026-SM-5IJFB",5.105
"BRCA","Normal","GTEX-XV7Q-2326-SM-4BRVZ",5.728
"BRCA","Normal","GTEX-T5JW-2026-SM-4DM63",5.524
"BRCA","Normal","GTEX-X4EP-2926-SM-3P5YQ",5.495
"BRCA","Normal","GTEX-XUW1-2326-SM-4BOO5",5.103
"BRCA","Normal","GTEX-11I78-2226-SM-5PNYA",5.183
"BRCA","Normal","GTEX-1117F-2826-SM-5GZXL",4.782
"BRCA","Normal","GTEX-XYKS-1326-SM-4BRUN",5.708
"BRCA","Normal","GTEX-QVJO-1826-SM-447C9",4.682
"BRCA","Normal","GTEX-ZQG8-0726-SM-5P9H9",5.145
"BRCA","Normal","GTEX-13FTX-1126-SM-5N9EN",4.519
"BRCA","Normal","GTEX-12WSB-0626-SM-59HJO",4.519
"BRCA","Normal","GTEX-ZPIC-1126-SM-5BC7F",5.261
"BRCA","Normal","GTEX-132AR-0826-SM-5EGK6",5.058
"BRCA","Normal","GTEX-SE5C-2126-SM-4BRUJ",5.354
"BRCA","Normal","GTEX-ZV6S-1826-SM-5NQ8D",5.293
"BRCA","Normal","GTEX-145ME-1526-SM-5Q5F2",4.873
"BRCA","Normal","GTEX-WI4N-1426-SM-3LK7H",5.675
"BRCA","Normal","GTEX-13CF3-2126-SM-5IFJP",5.917
"BRCA","Normal","GTEX-S32W-2026-SM-4AD6E",5.013
"BRCA","Normal","GTEX-12WSK-2226-SM-5GCO5",4.816
"CESC","Tumor","TCGA-EK-A2PG-01",5.386
"CESC","Tumor","TCGA-ZJ-AAX4-01",5.648
"CESC","Tumor","TCGA-EK-A2PM-01",6.972
"CESC","Tumor","TCGA-DS-A5RQ-01",4.164
"CESC","Tumor","TCGA-C5-A1MK-01",5.635
"CESC","Tumor","TCGA-C5-A8YQ-01",5.335
"CESC","Tumor","TCGA-VS-A8Q9-01",5.958
"CESC","Tumor","TCGA-VS-A9UL-01",5.887
"CESC","Tumor","TCGA-C5-A1BM-01",5.36
"CESC","Tumor","TCGA-FU-A3TX-01",6.082
"CESC","Tumor","TCGA-DS-A1OA-01",5.411
"CESC","Tumor","TCGA-C5-A3HL-01",5.327
"CESC","Tumor","TCGA-VS-A8QH-01",5.53
"CESC","Tumor","TCGA-VS-A959-01",5.196
"CESC","Tumor","TCGA-VS-A9UI-01",5.515
"CESC","Tumor","TCGA-DS-A1O9-01",5.398
"CESC","Tumor","TCGA-MA-AA42-01",5.275
"CESC","Tumor","TCGA-C5-A8XJ-01",6.373
"CESC","Tumor","TCGA-EK-A2RA-01",4.629
"CESC","Tumor","TCGA-VS-A9UV-01",5.557
"CESC","Tumor","TCGA-VS-A9UD-01",6.153
"CESC","Tumor","TCGA-ZJ-A8QO-01",6.005
"CESC","Tumor","TCGA-C5-A7X5-01",5.359
"CESC","Tumor","TCGA-VS-A9UT-01",4.906
"CESC","Tumor","TCGA-C5-A1MH-01",6.129
"CESC","Tumor","TCGA-C5-A7X3-01",4.817
"CESC","Tumor","TCGA-C5-A8XI-01",5.967
"CESC","Tumor","TCGA-IR-A3LK-01",4.909
"CESC","Tumor","TCGA-C5-A7CO-01",5.851
"CESC","Tumor","TCGA-EA-A3HT-01",4.9
"CESC","Tumor","TCGA-MY-A5BF-01",6.015
"CESC","Tumor","TCGA-EK-A2RK-01",5.895
"CESC","Tumor","TCGA-VS-A954-01",5.928
"CESC","Tumor","TCGA-ZJ-AAXI-01",3.51
"CESC","Tumor","TCGA-VS-A952-01",6.052
"CESC","Tumor","TCGA-C5-A1BQ-01",6.253
"CESC","Tumor","TCGA-C5-A2LZ-01",5.209
"CESC","Tumor","TCGA-EK-A3GM-01",5.676
"CESC","Tumor","TCGA-VS-A8EK-01",6.157
"CESC","Tumor","TCGA-C5-A1BE-01",6.256
"CESC","Tumor","TCGA-EK-A2GZ-01",4.565
"CESC","Tumor","TCGA-FU-A3HZ-01",6.563
"CESC","Tumor","TCGA-HM-A3JK-01",5.963
"CESC","Tumor","TCGA-IR-A3LF-01",5.847
"CESC","Tumor","TCGA-Q1-A5R2-01",5.875
"CESC","Tumor","TCGA-VS-A957-01",5.714
"CESC","Tumor","TCGA-ZJ-AAXA-01",5.441
"CESC","Tumor","TCGA-ZX-AA5X-01",5.668
"CESC","Tumor","TCGA-JX-A3Q0-01",6.316
"CESC","Tumor","TCGA-LP-A4AV-01",6.071
"CESC","Tumor","TCGA-VS-A953-01",6.087
"CESC","Tumor","TCGA-VS-A9V4-01",5.31
"CESC","Tumor","TCGA-EX-A69M-01",5.57
"CESC","Tumor","TCGA-MY-A5BD-01",5.656
"CESC","Tumor","TCGA-VS-A9V3-01",5.164
"CESC","Tumor","TCGA-ZJ-AAXF-01",5.639
"CESC","Tumor","TCGA-C5-A1MJ-01",6.283
"CESC","Tumor","TCGA-DR-A0ZM-01",5.086
"CESC","Tumor","TCGA-VS-A9UZ-01",6.617
"CESC","Tumor","TCGA-EA-A3HQ-01",5.603
"CESC","Tumor","TCGA-FU-A23L-01",4.68
"CESC","Tumor","TCGA-IR-A3LA-01",5.816
"CESC","Tumor","TCGA-IR-A3LL-01",6.197
"CESC","Tumor","TCGA-MU-A5YI-01",5.265
"CESC","Tumor","TCGA-VS-A8EJ-01",6.101
"CESC","Tumor","TCGA-EA-A3QD-01",6.048
"CESC","Tumor","TCGA-EA-A5FO-01",5.976
"CESC","Tumor","TCGA-EK-A2RO-01",6.095
"CESC","Tumor","TCGA-C5-A7CK-01",5.803
"CESC","Tumor","TCGA-EK-A2R9-01",5.47
"CESC","Tumor","TCGA-EX-A1H5-01",6.135
"CESC","Tumor","TCGA-VS-A9V0-01",5.749
"CESC","Tumor","TCGA-ZJ-AAX8-01",5.421
"CESC","Tumor","TCGA-EA-A3HR-01",4.816
"CESC","Tumor","TCGA-VS-A9U5-01",5.581
"CESC","Tumor","TCGA-WL-A834-01",6.335
"CESC","Tumor","TCGA-C5-A2M2-01",5.836
"CESC","Tumor","TCGA-C5-A8YR-01",6.347
"CESC","Tumor","TCGA-EA-A5ZF-01",5.413
"CESC","Tumor","TCGA-JW-A5VJ-01",5.764
"CESC","Tumor","TCGA-Q1-A5R3-01",5.557
"CESC","Tumor","TCGA-VS-A8EH-01",5.575
"CESC","Tumor","TCGA-C5-A1M6-01",6.281
"CESC","Tumor","TCGA-C5-A7CG-01",5.757
"CESC","Tumor","TCGA-C5-A7UH-01",5.965
"CESC","Tumor","TCGA-FU-A3EO-01",5.847
"CESC","Tumor","TCGA-FU-A3TQ-01",5.129
"CESC","Tumor","TCGA-Q1-A6DT-01",5.713
"CESC","Tumor","TCGA-VS-A8EC-01",6.412
"CESC","Tumor","TCGA-VS-A9UJ-01",6.316
"CESC","Tumor","TCGA-C5-A2LX-01",5.962
"CESC","Tumor","TCGA-EA-A5ZE-01",5.577
"CESC","Tumor","TCGA-EA-A78R-01",5.834
"CESC","Tumor","TCGA-MA-AA3W-01",5.284
"CESC","Tumor","TCGA-VS-A9UB-01",5.619
"CESC","Tumor","TCGA-ZJ-AAXT-01",6.432
"CESC","Tumor","TCGA-BI-A0VR-01",5.428
"CESC","Tumor","TCGA-C5-A1M5-01",5.597
"CESC","Tumor","TCGA-DG-A2KL-01",5.176
"CESC","Tumor","TCGA-DR-A0ZL-01",5.354
"CESC","Tumor","TCGA-IR-A3LB-01",5.805
"CESC","Tumor","TCGA-JW-A5VH-01",6.362
"CESC","Tumor","TCGA-LP-A7HU-01",6.676
"CESC","Tumor","TCGA-VS-A9UH-01",5.552
"CESC","Tumor","TCGA-VS-A9UR-01",6.21
"CESC","Tumor","TCGA-LP-A4AW-01",5.765
"CESC","Tumor","TCGA-VS-A9U6-01",5.158
"CESC","Tumor","TCGA-2W-A8YY-01",6.954
"CESC","Tumor","TCGA-C5-A3HD-01",5.543
"CESC","Tumor","TCGA-DG-A2KK-01",6.489
"CESC","Tumor","TCGA-DS-A0VM-01",4.575
"CESC","Tumor","TCGA-EA-A410-01",6.814
"CESC","Tumor","TCGA-EK-A2RJ-01",5.824
"CESC","Tumor","TCGA-EK-A3GJ-01",5.491
"CESC","Tumor","TCGA-HM-A4S6-01",5.003
"CESC","Tumor","TCGA-VS-A8QC-01",6.006
"CESC","Tumor","TCGA-VS-AA62-01",5.634
"CESC","Tumor","TCGA-ZJ-AAXU-01",5.752
"CESC","Tumor","TCGA-C5-A1MI-01",5.398
"CESC","Tumor","TCGA-DG-A2KJ-01",5.307
"CESC","Tumor","TCGA-EA-A411-01",5.045
"CESC","Tumor","TCGA-EA-A439-01",5.33
"CESC","Tumor","TCGA-MA-AA3X-01",4.958
"CESC","Tumor","TCGA-VS-A9V5-01",4.978
"CESC","Tumor","TCGA-BI-A20A-01",5.442
"CESC","Tumor","TCGA-C5-A1MF-01",4.712
"CESC","Tumor","TCGA-C5-A1ML-01",5.113
"CESC","Tumor","TCGA-DS-A1OD-01",4.996
"CESC","Tumor","TCGA-EA-A4BA-01",6.245
"CESC","Tumor","TCGA-EA-A6QX-01",5.315
"CESC","Tumor","TCGA-FU-A57G-01",5.451
"CESC","Tumor","TCGA-IR-A3LH-01",5.408
"CESC","Tumor","TCGA-BI-A0VS-01",5.389
"CESC","Tumor","TCGA-C5-A7CL-01",5.603
"CESC","Tumor","TCGA-C5-A7UC-01",5.831
"CESC","Tumor","TCGA-EK-A2IR-01",6.458
"CESC","Tumor","TCGA-EK-A2R8-01",5.573
"CESC","Tumor","TCGA-EK-A2RB-01",5.342
"CESC","Tumor","TCGA-IR-A3LI-01",6.086
"CESC","Tumor","TCGA-MA-AA3Y-01",5.731
"CESC","Tumor","TCGA-MA-AA43-01",5.587
"CESC","Tumor","TCGA-ZJ-AB0H-01",5.457
"CESC","Tumor","TCGA-C5-A907-01",5.958
"CESC","Tumor","TCGA-DS-A0VN-01",5.159
"CESC","Tumor","TCGA-DS-A1OC-01",5.637
"CESC","Tumor","TCGA-EA-A1QT-01",6.069
"CESC","Tumor","TCGA-EK-A3GN-01",4.713
"CESC","Tumor","TCGA-FU-A3HY-01",5.254
"CESC","Tumor","TCGA-VS-A8QM-01",5.052
"CESC","Tumor","TCGA-VS-A94Y-01",5.627
"CESC","Tumor","TCGA-C5-A1BF-01",5.233
"CESC","Tumor","TCGA-C5-A1M9-01",5.888
"CESC","Tumor","TCGA-DG-A2KM-01",4.561
"CESC","Tumor","TCGA-DS-A3LQ-01",5.979
"CESC","Tumor","TCGA-EA-A1QS-01",4.98
"CESC","Tumor","TCGA-JW-AAVH-01",5.315
"CESC","Tumor","TCGA-MU-A8JM-01",5.431
"CESC","Tumor","TCGA-Q1-A73Q-01",5.826
"CESC","Tumor","TCGA-VS-A958-01",5.357
"CESC","Tumor","TCGA-VS-A9V1-01",5.727
"CESC","Tumor","TCGA-C5-A7UE-01",5.995
"CESC","Tumor","TCGA-DS-A0VK-01",6.285
"CESC","Tumor","TCGA-DS-A1OB-01",6.028
"CESC","Tumor","TCGA-EA-A3QE-01",5.006
"CESC","Tumor","TCGA-EA-A50E-01",5.925
"CESC","Tumor","TCGA-EK-A2R7-01",5.41
"CESC","Tumor","TCGA-EK-A2RN-01",3.111
"CESC","Tumor","TCGA-FU-A3NI-01",5.384
"CESC","Tumor","TCGA-JW-A5VI-01",4.812
"CESC","Tumor","TCGA-LP-A4AX-01",5.678
"CESC","Tumor","TCGA-Q1-A73P-01",5.701
"CESC","Tumor","TCGA-Q1-A73R-01",6.42
"CESC","Tumor","TCGA-C5-A3HE-01",5.7
"CESC","Tumor","TCGA-C5-A901-01",5.53
"CESC","Tumor","TCGA-EK-A2PI-01",5.145
"CESC","Tumor","TCGA-EX-A8YF-01",5.769
"CESC","Tumor","TCGA-JW-A69B-01",5.005
"CESC","Tumor","TCGA-Q1-A6DW-01",5.451
"CESC","Tumor","TCGA-UC-A7PF-01",6.114
"CESC","Tumor","TCGA-UC-A7PG-01",4.782
"CESC","Tumor","TCGA-UC-A7PI-01",6.401
"CESC","Tumor","TCGA-VS-A8QA-01",6.663
"CESC","Tumor","TCGA-C5-A1M8-01",5.988
"CESC","Tumor","TCGA-C5-A7CH-01",5.827
"CESC","Tumor","TCGA-DS-A7WI-01",5.523
"CESC","Tumor","TCGA-EA-A3HU-01",6.187
"CESC","Tumor","TCGA-EA-A43B-01",5.866
"CESC","Tumor","TCGA-EK-A2PK-01",4.553
"CESC","Tumor","TCGA-FU-A3WB-01",6.183
"CESC","Tumor","TCGA-JW-A5VK-01",7.13
"CESC","Tumor","TCGA-MA-AA3Z-01",6.014
"CESC","Tumor","TCGA-PN-A8MA-01",5.532
"CESC","Tumor","TCGA-VS-A9UO-01",5.985
"CESC","Tumor","TCGA-VS-A9UP-01",5.562
"CESC","Tumor","TCGA-ZJ-AAXJ-01",4.239
"CESC","Tumor","TCGA-C5-A1MN-01",4.243
"CESC","Tumor","TCGA-C5-A7CJ-01",4.812
"CESC","Tumor","TCGA-C5-A7UI-01",6.315
"CESC","Tumor","TCGA-EX-A449-01",6.502
"CESC","Tumor","TCGA-JW-A852-01",7.318
"CESC","Tumor","TCGA-MY-A5BE-01",5.817
"CESC","Tumor","TCGA-R2-A69V-01",4.758
"CESC","Tumor","TCGA-VS-A8QF-01",5.618
"CESC","Tumor","TCGA-VS-A950-01",5.446
"CESC","Tumor","TCGA-VS-A9UU-01",5.831
"CESC","Tumor","TCGA-ZJ-AAXB-01",5.56
"CESC","Tumor","TCGA-C5-A8ZZ-01",5.781
"CESC","Tumor","TCGA-DS-A7WF-01",6.076
"CESC","Tumor","TCGA-EX-A69L-01",5.104
"CESC","Tumor","TCGA-VS-A8EB-01",4.672
"CESC","Tumor","TCGA-XS-A8TJ-01",5.193
"CESC","Tumor","TCGA-C5-A1ME-01",5.679
"CESC","Tumor","TCGA-EA-A3Y4-01",4.666
"CESC","Tumor","TCGA-EA-A5ZD-01",5.215
"CESC","Tumor","TCGA-EK-A2RM-01",5.614
"CESC","Tumor","TCGA-HM-A3JJ-01",5.263
"CESC","Tumor","TCGA-IR-A3LC-01",6.584
"CESC","Tumor","TCGA-JX-A3Q8-01",6.416
"CESC","Tumor","TCGA-LP-A5U3-01",5.701
"CESC","Tumor","TCGA-VS-A94X-01",5.209
"CESC","Tumor","TCGA-C5-A8XH-01",5.2
"CESC","Tumor","TCGA-EA-A5O9-01",5.655
"CESC","Tumor","TCGA-VS-A94W-01",5.793
"CESC","Tumor","TCGA-VS-A9UM-01",5.197
"CESC","Tumor","TCGA-C5-A2LT-01",4.873
"CESC","Tumor","TCGA-EA-A556-01",5.87
"CESC","Tumor","TCGA-EA-A97N-01",5.332
"CESC","Tumor","TCGA-EX-A1H6-01",5.434
"CESC","Tumor","TCGA-FU-A40J-01",5.809
"CESC","Tumor","TCGA-HG-A2PA-01",5.495
"CESC","Tumor","TCGA-VS-A8EI-01",4.878
"CESC","Tumor","TCGA-VS-A8EL-01",6.606
"CESC","Tumor","TCGA-VS-A94Z-01",5.513
"CESC","Tumor","TCGA-ZJ-A8QR-01",4.498
"CESC","Tumor","TCGA-C5-A1M7-01",5.426
"CESC","Tumor","TCGA-C5-A2LS-01",5.144
"CESC","Tumor","TCGA-C5-A2M1-01",5.863
"CESC","Tumor","TCGA-C5-A905-01",5.034
"CESC","Tumor","TCGA-IR-A3L7-01",5.558
"CESC","Tumor","TCGA-JW-A5VL-01",6.342
"CESC","Tumor","TCGA-JX-A5QV-01",4.663
"CESC","Tumor","TCGA-Q1-A73O-01",6.09
"CESC","Tumor","TCGA-C5-A1BK-01",6.211
"CESC","Tumor","TCGA-C5-A2LV-01",5.669
"CESC","Tumor","TCGA-C5-A8YT-01",5.687
"CESC","Tumor","TCGA-EK-A2PL-01",4.171
"CESC","Tumor","TCGA-Q1-A6DV-01",5.721
"CESC","Tumor","TCGA-VS-A8EG-01",5.434
"CESC","Tumor","TCGA-C5-A1MQ-01",5.96
"CESC","Tumor","TCGA-C5-A7CM-01",5.87
"CESC","Tumor","TCGA-C5-A7X8-01",5.754
"CESC","Tumor","TCGA-C5-A902-01",6.176
"CESC","Tumor","TCGA-EA-A3HS-01",5.072
"CESC","Tumor","TCGA-FU-A3YQ-01",4.521
"CESC","Tumor","TCGA-JW-A5VG-01",5.74
"CESC","Tumor","TCGA-LP-A4AU-01",6.563
"CESC","Tumor","TCGA-ZJ-AAXD-01",5.116
"CESC","Tumor","TCGA-C5-A1BJ-01",5.434
"CESC","Tumor","TCGA-C5-A1MP-01",4.966
"CESC","Tumor","TCGA-DS-A7WH-01",4.841
"CESC","Tumor","TCGA-HM-A6W2-01",6.452
"CESC","Tumor","TCGA-RA-A741-01",5.476
"CESC","Tumor","TCGA-ZJ-AAXN-01",4.895
"CESC","Tumor","TCGA-EK-A2RC-01",5.751
"CESC","Tumor","TCGA-EK-A3GK-01",5.933
"CESC","Tumor","TCGA-FU-A770-01",5.926
"CESC","Tumor","TCGA-MA-AA41-01",5.592
"CESC","Tumor","TCGA-Q1-A73S-01",4.979
"CESC","Tumor","TCGA-C5-A1BL-01",5.963
"CESC","Tumor","TCGA-EK-A2RL-01",5.609
"CESC","Tumor","TCGA-EX-A3L1-01",5.709
"CESC","Tumor","TCGA-FU-A5XV-01",5.021
"CESC","Tumor","TCGA-Q1-A5R1-01",6.083
"CESC","Tumor","TCGA-VS-A9UC-01",5.344
"CESC","Tumor","TCGA-VS-A9UQ-01",5.789
"CESC","Tumor","TCGA-4J-AA1J-01",5.801
"CESC","Tumor","TCGA-C5-A1BI-01",4.77
"CESC","Tumor","TCGA-EA-A44S-01",5.431
"CESC","Tumor","TCGA-C5-A2LY-01",5.849
"CESC","Tumor","TCGA-C5-A8XK-01",5.443
"CESC","Tumor","TCGA-LP-A5U2-01",7.295
"CESC","Tumor","TCGA-VS-A9U7-01",5.939
"CESC","Tumor","TCGA-FU-A2QG-01",5.501
"CESC","Tumor","TCGA-VS-A9UY-01",5.096
"CESC","Tumor","TCGA-VS-A9V2-01",5.611
"CESC","Tumor","TCGA-EK-A2IP-01",5.093
"CESC","Tumor","TCGA-FU-A23K-01",7.24
"CESC","Tumor","TCGA-MY-A913-01",5.471
"CESC","Tumor","TCGA-GH-A9DA-01",6.114
"CESC","Tumor","TCGA-MU-A51Y-01",5.767
"CESC","Tumor","TCGA-C5-A1BN-01",5.077
"CESC","Tumor","TCGA-C5-A7XC-01",4.668
"CESC","Tumor","TCGA-EK-A2RE-01",4.729
"CESC","Tumor","TCGA-VS-A8Q8-01",4.23
"CESC","Tumor","TCGA-DG-A2KH-01",5.773
"CESC","Tumor","TCGA-DS-A0VL-01",5.304
"CESC","Tumor","TCGA-JX-A3PZ-01",5.947
"CESC","Tumor","TCGA-ZJ-AB0I-01",4.387
"CESC","Tumor","TCGA-C5-A3HF-01",5.545
"CESC","Tumor","TCGA-EK-A2H0-01",5.953
"CESC","Tumor","TCGA-ZJ-A8QQ-01",6.147
"CESC","Tumor","TCGA-C5-A0TN-01",5.345
"CESC","Tumor","TCGA-UC-A7PD-01",6.51
"CESC","Tumor","TCGA-EK-A2H1-01",5.447
"CESC","Normal","TCGA-MY-A5BF-11",5.272
"CESC","Normal","TCGA-FU-A3EO-11",5.285
"CESC","Normal","TCGA-HM-A3JJ-11",4.824
"CESC","Normal","GTEX-S341-1326-SM-4AD72",5.388
"CESC","Normal","GTEX-T6MO-1426-SM-4DM73",4.944
"CESC","Normal","GTEX-S32W-1626-SM-4AD6G",5.21
"CESC","Normal","GTEX-TSE9-2726-SM-4DXSQ",5.166
"CESC","Normal","GTEX-S4UY-1426-SM-4AD6Y",5.501
"CESC","Normal","GTEX-S341-1126-SM-4AD6T",5.236
"CESC","Normal","GTEX-U3ZN-1626-SM-4DXTZ",4.28
"CESC","Normal","GTEX-TSE9-2826-SM-4DXTF",5.406
"CESC","Normal","GTEX-T5JW-0726-SM-4DM6D",4.852
"CESC","Normal","GTEX-S32W-1526-SM-4AD6Z",5.361
"CHOL","Tumor","TCGA-W5-AA30-01",5.72
"CHOL","Tumor","TCGA-W5-AA39-01",6.095
"CHOL","Tumor","TCGA-ZH-A8Y8-01",5.533
"CHOL","Tumor","TCGA-3X-AAV9-01",4.881
"CHOL","Tumor","TCGA-W5-AA31-01",5.75
"CHOL","Tumor","TCGA-ZH-A8Y5-01",5.139
"CHOL","Tumor","TCGA-W5-AA2Q-01",4.971
"CHOL","Tumor","TCGA-W5-AA2X-01",5.238
"CHOL","Tumor","TCGA-W5-AA2I-01",5.863
"CHOL","Tumor","TCGA-4G-AAZT-01",6.057
"CHOL","Tumor","TCGA-3X-AAVE-01",5.654
"CHOL","Tumor","TCGA-W5-AA33-01",5.73
"CHOL","Tumor","TCGA-ZH-A8Y4-01",6.006
"CHOL","Tumor","TCGA-W5-AA2O-01",6.038
"CHOL","Tumor","TCGA-YR-A95A-01",5.408
"CHOL","Tumor","TCGA-ZU-A8S4-01",5.948
"CHOL","Tumor","TCGA-W5-AA2U-01",5.784
"CHOL","Tumor","TCGA-W5-AA2R-01",5.921
"CHOL","Tumor","TCGA-W5-AA34-01",5.881
"CHOL","Tumor","TCGA-ZH-A8Y1-01",5.44
"CHOL","Tumor","TCGA-ZD-A8I3-01",6.198
"CHOL","Tumor","TCGA-3X-AAVC-01",5.237
"CHOL","Tumor","TCGA-4G-AAZO-01",5.191
"CHOL","Tumor","TCGA-WD-A7RX-01",5.437
"CHOL","Tumor","TCGA-3X-AAVB-01",5.503
"CHOL","Tumor","TCGA-W5-AA2H-01",5.295
"CHOL","Tumor","TCGA-W5-AA2T-01",6.019
"CHOL","Tumor","TCGA-W5-AA2G-01",5.801
"CHOL","Tumor","TCGA-ZH-A8Y2-01",5.883
"CHOL","Tumor","TCGA-W5-AA38-01",6.615
"CHOL","Tumor","TCGA-W5-AA36-01",6.348
"CHOL","Tumor","TCGA-3X-AAVA-01",5.804
"CHOL","Tumor","TCGA-W6-AA0S-01",5.485
"CHOL","Tumor","TCGA-ZH-A8Y6-01",5.658
"CHOL","Tumor","TCGA-W5-AA2W-01",5.541
"CHOL","Tumor","TCGA-W5-AA2Z-01",4.948
"CHOL","Normal","TCGA-W5-AA30-11",4.978
"CHOL","Normal","TCGA-W5-AA31-11",5.061
"CHOL","Normal","TCGA-W5-AA2Q-11",5.147
"CHOL","Normal","TCGA-W5-AA2X-11",5.046
"CHOL","Normal","TCGA-W5-AA2I-11",5.267
"CHOL","Normal","TCGA-ZU-A8S4-11",5.039
"CHOL","Normal","TCGA-W5-AA2U-11",4.876
"CHOL","Normal","TCGA-W5-AA2R-11",5.046
"CHOL","Normal","TCGA-W5-AA34-11",5.475
"COAD","Tumor","TCGA-G4-6298-01",5.882
"COAD","Tumor","TCGA-G4-6626-01",6.598
"COAD","Tumor","TCGA-AA-3675-01",5.47
"COAD","Tumor","TCGA-AD-6895-01",6.045
"COAD","Tumor","TCGA-AD-6899-01",5.807
"COAD","Tumor","TCGA-AZ-4615-01",6.151
"COAD","Tumor","TCGA-G4-6627-01",5.494
"COAD","Tumor","TCGA-D5-5537-01",5.539
"COAD","Tumor","TCGA-A6-5659-01",4.368
"COAD","Tumor","TCGA-A6-6653-01",6.211
"COAD","Tumor","TCGA-A6-6782-01",5.55
"COAD","Tumor","TCGA-CM-6676-01",6.089
"COAD","Tumor","TCGA-DM-A1D7-01",6.169
"COAD","Tumor","TCGA-DM-A1HA-01",4.768
"COAD","Tumor","TCGA-T9-A92H-01",6.629
"COAD","Tumor","TCGA-AZ-6606-01",5.825
"COAD","Tumor","TCGA-CK-5912-01",4.432
"COAD","Tumor","TCGA-CK-5914-01",5.916
"COAD","Tumor","TCGA-A6-5664-01",5.812
"COAD","Tumor","TCGA-CM-5862-01",4.839
"COAD","Tumor","TCGA-D5-6928-01",5.485
"COAD","Tumor","TCGA-DM-A1D4-01",6.009
"COAD","Tumor","TCGA-G4-6311-01",6.097
"COAD","Tumor","TCGA-A6-4105-01",6.279
"COAD","Tumor","TCGA-AA-3495-01",5.492
"COAD","Tumor","TCGA-NH-A8F8-01",5.65
"COAD","Tumor","TCGA-A6-2675-01",5.541
"COAD","Tumor","TCGA-A6-5666-01",5.498
"COAD","Tumor","TCGA-AD-6901-01",5.362
"COAD","Tumor","TCGA-DM-A28A-01",6.369
"COAD","Tumor","TCGA-G4-6628-01",5.744
"COAD","Tumor","TCGA-AA-3506-01",6.038
"COAD","Tumor","TCGA-AA-3697-01",5.772
"COAD","Tumor","TCGA-AZ-6605-01",5.29
"COAD","Tumor","TCGA-CA-6719-01",6.057
"COAD","Tumor","TCGA-D5-6931-01",6.288
"COAD","Tumor","TCGA-5M-AATE-01",5.759
"COAD","Tumor","TCGA-AD-6889-01",6.15
"COAD","Tumor","TCGA-D5-6922-01",5.872
"COAD","Tumor","TCGA-AA-3489-01",5.592
"COAD","Tumor","TCGA-D5-6531-01",5.476
"COAD","Tumor","TCGA-DM-A1HB-01",6.045
"COAD","Tumor","TCGA-DM-A28G-01",5.371
"COAD","Tumor","TCGA-DM-A28K-01",5.509
"COAD","Tumor","TCGA-G4-6294-01",5.313
"COAD","Tumor","TCGA-5M-AAT4-01",6.046
"COAD","Tumor","TCGA-A6-5656-01",4.412
"COAD","Tumor","TCGA-A6-6780-01",5.287
"COAD","Tumor","TCGA-CM-6163-01",5.351
"COAD","Tumor","TCGA-CM-6165-01",5.623
"COAD","Tumor","TCGA-DM-A28C-01",5.524
"COAD","Tumor","TCGA-A6-5660-01",5.247
"COAD","Tumor","TCGA-AA-3502-01",4.512
"COAD","Tumor","TCGA-AA-A02Y-01",6.306
"COAD","Tumor","TCGA-AD-6888-01",6.155
"COAD","Tumor","TCGA-D5-5540-01",4.642
"COAD","Tumor","TCGA-D5-6536-01",5.457
"COAD","Tumor","TCGA-DM-A28F-01",6.315
"COAD","Tumor","TCGA-G4-6320-01",5.766
"COAD","Tumor","TCGA-AZ-6599-01",5.307
"COAD","Tumor","TCGA-CM-5348-01",5.078
"COAD","Tumor","TCGA-A6-2674-01",3.154
"COAD","Tumor","TCGA-G4-6306-01",6.275
"COAD","Tumor","TCGA-QG-A5Z1-01",5.632
"COAD","Tumor","TCGA-A6-2682-01",5.249
"COAD","Tumor","TCGA-AA-3685-01",5.348
"COAD","Tumor","TCGA-AZ-6607-01",4.894
"COAD","Tumor","TCGA-CM-4743-01",5.609
"COAD","Tumor","TCGA-CM-4744-01",5.388
"COAD","Tumor","TCGA-D5-6529-01",5.796
"COAD","Tumor","TCGA-D5-6932-01",6.054
"COAD","Tumor","TCGA-G4-6299-01",6.221
"COAD","Tumor","TCGA-G4-6310-01",5.251
"COAD","Tumor","TCGA-NH-A50V-01",5.505
"COAD","Tumor","TCGA-AA-3655-01",6.126
"COAD","Tumor","TCGA-AA-3713-01",6.174
"COAD","Tumor","TCGA-AA-A01Z-01",6.332
"COAD","Tumor","TCGA-AZ-6601-01",6.111
"COAD","Tumor","TCGA-D5-6924-01",6.197
"COAD","Tumor","TCGA-DM-A1DB-01",6.345
"COAD","Tumor","TCGA-DM-A288-01",5.464
"COAD","Tumor","TCGA-4N-A93T-01",5.736
"COAD","Tumor","TCGA-AD-5900-01",6.047
"COAD","Tumor","TCGA-CM-6169-01",5.112
"COAD","Tumor","TCGA-D5-6930-01",6.083
"COAD","Tumor","TCGA-A6-6649-01",5.775
"COAD","Tumor","TCGA-D5-6540-01",6.351
"COAD","Tumor","TCGA-G4-6315-01",6.714
"COAD","Tumor","TCGA-A6-5657-01",6.681
"COAD","Tumor","TCGA-AA-3712-01",6.119
"COAD","Tumor","TCGA-AD-6890-01",6.448
"COAD","Tumor","TCGA-CA-6716-01",5.446
"COAD","Tumor","TCGA-D5-6926-01",6.218
"COAD","Tumor","TCGA-DM-A0XD-01",5.972
"COAD","Tumor","TCGA-G4-6322-01",5.993
"COAD","Tumor","TCGA-AA-3511-01",5.468
"COAD","Tumor","TCGA-AZ-6600-01",5.774
"COAD","Tumor","TCGA-D5-6537-01",5.844
"COAD","Tumor","TCGA-F4-6703-01",5.562
"COAD","Tumor","TCGA-CA-6715-01",5.971
"COAD","Tumor","TCGA-CK-5915-01",6.329
"COAD","Tumor","TCGA-D5-5541-01",5.936
"COAD","Tumor","TCGA-DM-A28M-01",6.13
"COAD","Tumor","TCGA-A6-3810-01",2.54
"COAD","Tumor","TCGA-A6-6140-01",6.117
"COAD","Tumor","TCGA-AD-6965-01",6.017
"COAD","Tumor","TCGA-CM-4751-01",5.701
"COAD","Tumor","TCGA-A6-6138-01",6.208
"COAD","Tumor","TCGA-AZ-4315-01",5.147
"COAD","Tumor","TCGA-AZ-4682-01",5
"COAD","Tumor","TCGA-D5-6532-01",6.652
"COAD","Tumor","TCGA-QG-A5Z2-01",5.794
"COAD","Tumor","TCGA-AY-6197-01",6.516
"COAD","Tumor","TCGA-CM-5864-01",4.833
"COAD","Tumor","TCGA-D5-5539-01",5.165
"COAD","Tumor","TCGA-F4-6569-01",5.851
"COAD","Tumor","TCGA-F4-6704-01",5.593
"COAD","Tumor","TCGA-A6-6652-01",5.679
"COAD","Tumor","TCGA-A6-A5ZU-01",4.723
"COAD","Tumor","TCGA-AD-6963-01",6.53
"COAD","Tumor","TCGA-AD-6964-01",6.581
"COAD","Tumor","TCGA-CM-6679-01",5.854
"COAD","Tumor","TCGA-NH-A6GA-01",6.215
"COAD","Tumor","TCGA-A6-A56B-01",6.545
"COAD","Tumor","TCGA-AA-3526-01",5.466
"COAD","Tumor","TCGA-CA-6717-01",5.991
"COAD","Tumor","TCGA-D5-6923-01",6.664
"COAD","Tumor","TCGA-A6-6648-01",6.39
"COAD","Tumor","TCGA-A6-A567-01",4.268
"COAD","Tumor","TCGA-CA-5797-01",6.014
"COAD","Tumor","TCGA-A6-6137-01",5.84
"COAD","Tumor","TCGA-D5-6530-01",5.512
"COAD","Tumor","TCGA-AD-A5EK-01",6.346
"COAD","Tumor","TCGA-F4-6463-01",5.719
"COAD","Tumor","TCGA-RU-A8FL-01",6.451
"COAD","Tumor","TCGA-AA-A02K-01",6.168
"COAD","Tumor","TCGA-DM-A28H-01",5.794
"COAD","Tumor","TCGA-AZ-4684-01",5.475
"COAD","Tumor","TCGA-D5-6541-01",4.605
"COAD","Tumor","TCGA-AY-6196-01",4.977
"COAD","Tumor","TCGA-CM-4747-01",5.18
"COAD","Tumor","TCGA-A6-5662-01",5.46
"COAD","Tumor","TCGA-CA-6718-01",5.907
"COAD","Tumor","TCGA-CA-5255-01",6.241
"COAD","Tumor","TCGA-F4-6856-01",6.159
"COAD","Tumor","TCGA-AY-A8YK-01",6.435
"COAD","Tumor","TCGA-CM-5860-01",5.422
"COAD","Tumor","TCGA-A6-6781-01",4.765
"COAD","Tumor","TCGA-AZ-5403-01",4.953
"COAD","Tumor","TCGA-AA-3663-01",5.632
"COAD","Tumor","TCGA-NH-A50U-01",5.762
"COAD","Tumor","TCGA-CM-6674-01",6.242
"COAD","Tumor","TCGA-AZ-4323-01",5.609
"COAD","Tumor","TCGA-CM-6675-01",5.673
"COAD","Tumor","TCGA-D5-6927-01",6.643
"COAD","Tumor","TCGA-A6-6141-01",5.871
"COAD","Tumor","TCGA-AA-3492-01",5.773
"COAD","Tumor","TCGA-G4-6302-01",5.517
"COAD","Tumor","TCGA-NH-A5IV-01",6.576
"COAD","Tumor","TCGA-CK-6751-01",6.294
"COAD","Tumor","TCGA-CK-6747-01",6.092
"COAD","Tumor","TCGA-A6-5665-01",4.962
"COAD","Tumor","TCGA-CK-6746-01",5.657
"COAD","Tumor","TCGA-CM-6168-01",6.087
"COAD","Tumor","TCGA-QL-A97D-01",5.984
"COAD","Tumor","TCGA-AA-3496-01",5.607
"COAD","Tumor","TCGA-A6-2672-01",3.627
"COAD","Tumor","TCGA-AZ-4616-01",6.083
"COAD","Tumor","TCGA-A6-2686-01",5.272
"COAD","Tumor","TCGA-AD-6548-01",6.397
"COAD","Tumor","TCGA-A6-5661-01",4.349
"COAD","Tumor","TCGA-AA-3662-01",6.274
"COAD","Tumor","TCGA-AA-A01P-01",5.812
"COAD","Tumor","TCGA-AA-A01X-01",5.282
"COAD","Tumor","TCGA-AU-3779-01",5.142
"COAD","Tumor","TCGA-D5-6535-01",5.995
"COAD","Tumor","TCGA-CK-4951-01",5.62
"COAD","Tumor","TCGA-D5-6538-01",6.208
"COAD","Tumor","TCGA-D5-7000-01",6.296
"COAD","Tumor","TCGA-DM-A1D0-01",6.083
"COAD","Tumor","TCGA-CM-6680-01",5.661
"COAD","Tumor","TCGA-F4-6570-01",6.219
"COAD","Tumor","TCGA-AZ-6598-01",6.087
"COAD","Tumor","TCGA-AZ-6603-01",5.834
"COAD","Tumor","TCGA-CM-6171-01",5.332
"COAD","Tumor","TCGA-D5-6920-01",6.35
"COAD","Tumor","TCGA-F4-6854-01",6.706
"COAD","Tumor","TCGA-G4-6625-01",5.75
"COAD","Tumor","TCGA-G4-6314-01",5.89
"COAD","Tumor","TCGA-A6-2684-01",3.924
"COAD","Tumor","TCGA-CM-6677-01",5.372
"COAD","Tumor","TCGA-AD-A5EJ-01",6.078
"COAD","Tumor","TCGA-AY-A54L-01",5.048
"COAD","Tumor","TCGA-CM-6170-01",5.189
"COAD","Tumor","TCGA-G4-6586-01",6.913
"COAD","Tumor","TCGA-DM-A28E-01",6.011
"COAD","Tumor","TCGA-A6-3809-01",2.987
"COAD","Tumor","TCGA-AZ-4614-01",5.659
"COAD","Tumor","TCGA-CK-5916-01",6.117
"COAD","Tumor","TCGA-DM-A0X9-01",5.593
"COAD","Tumor","TCGA-DM-A1DA-01",6.227
"COAD","Tumor","TCGA-DM-A285-01",5.302
"COAD","Tumor","TCGA-NH-A6GB-01",6.02
"COAD","Tumor","TCGA-CM-6172-01",5.636
"COAD","Tumor","TCGA-DM-A280-01",5.637
"COAD","Tumor","TCGA-F4-6855-01",5.422
"COAD","Tumor","TCGA-G4-6295-01",6.004
"COAD","Tumor","TCGA-A6-6650-01",5.331
"COAD","Tumor","TCGA-AU-6004-01",6.124
"COAD","Tumor","TCGA-A6-2677-01",2.923
"COAD","Tumor","TCGA-AM-5821-01",5.601
"COAD","Tumor","TCGA-CK-4950-01",6.363
"COAD","Tumor","TCGA-CM-5349-01",5.711
"COAD","Tumor","TCGA-D5-6533-01",6.357
"COAD","Tumor","TCGA-DM-A0XF-01",6.752
"COAD","Tumor","TCGA-NH-A50T-01",6.297
"COAD","Tumor","TCGA-DM-A1D9-01",5.495
"COAD","Tumor","TCGA-AY-6386-01",6.349
"COAD","Tumor","TCGA-G4-6304-01",6.452
"COAD","Tumor","TCGA-NH-A6GC-01",5.335
"COAD","Tumor","TCGA-A6-6654-01",5.939
"COAD","Tumor","TCGA-AY-5543-01",4.997
"COAD","Tumor","TCGA-QG-A5YV-01",5.944
"COAD","Tumor","TCGA-CM-5861-01",5.472
"COAD","Tumor","TCGA-CM-6678-01",5.72
"COAD","Tumor","TCGA-D5-6534-01",5.615
"COAD","Tumor","TCGA-3L-AA1B-01",6.098
"COAD","Tumor","TCGA-F4-6459-01",5.896
"COAD","Tumor","TCGA-QG-A5YX-01",5.805
"COAD","Tumor","TCGA-CM-5863-01",5.129
"COAD","Tumor","TCGA-D5-5538-01",5.426
"COAD","Tumor","TCGA-DM-A282-01",5.581
"COAD","Tumor","TCGA-G4-6321-01",4.462
"COAD","Tumor","TCGA-AM-5820-01",6.376
"COAD","Tumor","TCGA-CM-5868-01",5.972
"COAD","Tumor","TCGA-F4-6806-01",5.299
"COAD","Tumor","TCGA-CK-5913-01",6.172
"COAD","Tumor","TCGA-F4-6805-01",5.598
"COAD","Tumor","TCGA-G4-6588-01",6.922
"COAD","Tumor","TCGA-CM-6167-01",5.081
"COAD","Tumor","TCGA-A6-6142-01",5.375
"COAD","Tumor","TCGA-A6-6651-01",5.595
"COAD","Tumor","TCGA-A6-A566-01",5.795
"COAD","Tumor","TCGA-AY-A69D-01",5.811
"COAD","Tumor","TCGA-AZ-6608-01",6.254
"COAD","Tumor","TCGA-G4-6297-01",5.141
"COAD","Tumor","TCGA-QG-A5YW-01",5.919
"COAD","Tumor","TCGA-AA-3509-01",5.096
"COAD","Tumor","TCGA-AY-A71X-01",5.614
"COAD","Tumor","TCGA-CA-5256-01",4.648
"COAD","Tumor","TCGA-F4-6808-01",6.122
"COAD","Tumor","TCGA-G4-6303-01",6.009
"COAD","Tumor","TCGA-NH-A8F7-01",6.289
"COAD","Tumor","TCGA-CA-5796-01",5.053
"COAD","Tumor","TCGA-F4-6809-01",5.636
"COAD","Tumor","TCGA-WS-AB45-01",5.322
"COAD","Tumor","TCGA-AA-3660-01",5.263
"COAD","Tumor","TCGA-AZ-4313-01",5.547
"COAD","Tumor","TCGA-AZ-5407-01",5.581
"COAD","Tumor","TCGA-D5-6898-01",6.29
"COAD","Tumor","TCGA-F4-6460-01",5.43
"COAD","Tumor","TCGA-F4-6807-01",5.257
"COAD","Tumor","TCGA-G4-6317-01",6.604
"COAD","Tumor","TCGA-DM-A1D8-01",5.407
"COAD","Tumor","TCGA-D5-6929-01",6.107
"COAD","Tumor","TCGA-G4-6293-01",5.706
"COAD","Tumor","TCGA-A6-2685-01",5.342
"COAD","Tumor","TCGA-CK-4952-01",5.816
"COAD","Tumor","TCGA-CM-6162-01",5.434
"COAD","Tumor","TCGA-CM-6166-01",6.721
"COAD","Tumor","TCGA-CK-4947-01",5.609
"COAD","Tumor","TCGA-CM-6164-01",6.15
"COAD","Tumor","TCGA-CK-4948-01",5.56
"COAD","Tumor","TCGA-CK-6748-01",5.549
"COAD","Tumor","TCGA-D5-6539-01",5.635
"COAD","Tumor","TCGA-SS-A7HO-01",6.135
"COAD","Tumor","TCGA-4T-AA8H-01",5.567
"COAD","Tumor","TCGA-CA-5254-01",5.623
"COAD","Tumor","TCGA-F4-6461-01",5.255
"COAD","Tumor","TCGA-5M-AAT6-01",5.857
"COAD","Tumor","TCGA-A6-5667-01",6.217
"COAD","Tumor","TCGA-G4-6309-01",6.564
"COAD","Tumor","TCGA-CM-5344-01",5.909
"COAD","Tumor","TCGA-G4-6307-01",6.436
"COAD","Tumor","TCGA-CM-6161-01",5.64
"COAD","Tumor","TCGA-A6-A565-01",5.327
"COAD","Tumor","TCGA-5M-AAT5-01",6.355
"COAD","Tumor","TCGA-5M-AATA-01",6.023
"COAD","Normal","TCGA-AA-3525-11",5.005
"COAD","Normal","TCGA-A6-2671-11",5.103
"COAD","Normal","TCGA-A6-5659-11",4.399
"COAD","Normal","TCGA-A6-2675-11",5.041
"COAD","Normal","TCGA-AA-3697-11",5.227
"COAD","Normal","TCGA-AZ-6605-11",4.719
"COAD","Normal","TCGA-AA-3489-11",4.479
"COAD","Normal","TCGA-AZ-6599-11",5.451
"COAD","Normal","TCGA-A6-2682-11",5.238
"COAD","Normal","TCGA-AA-3655-11",4.631
"COAD","Normal","TCGA-AA-3713-11",4.311
"COAD","Normal","TCGA-AZ-6601-11",4.992
"COAD","Normal","TCGA-AA-3522-11",5.082
"COAD","Normal","TCGA-AA-3712-11",4.718
"COAD","Normal","TCGA-AA-3511-11",5.022
"COAD","Normal","TCGA-AZ-6600-11",5.274
"COAD","Normal","TCGA-AA-3517-11",4.657
"COAD","Normal","TCGA-F4-6704-11",5.313
"COAD","Normal","TCGA-A6-5662-11",4.858
"COAD","Normal","TCGA-AA-3663-11",5.174
"COAD","Normal","TCGA-AA-3527-11",4.883
"COAD","Normal","TCGA-AA-3520-11",4.775
"COAD","Normal","TCGA-A6-5665-11",4.313
"COAD","Normal","TCGA-AA-3496-11",4.98
"COAD","Normal","TCGA-A6-2686-11",4.998
"COAD","Normal","TCGA-AA-3514-11",4.799
"COAD","Normal","TCGA-AA-3518-11",4.95
"COAD","Normal","TCGA-AA-3662-11",4.734
"COAD","Normal","TCGA-AA-3534-11",4.946
"COAD","Normal","TCGA-AZ-6598-11",5.38
"COAD","Normal","TCGA-AZ-6603-11",5.228
"COAD","Normal","TCGA-A6-2684-11",4.814
"COAD","Normal","TCGA-AA-3531-11",4.424
"COAD","Normal","TCGA-AA-3516-11",4.341
"COAD","Normal","TCGA-A6-2679-11",5.029
"COAD","Normal","TCGA-A6-2680-11",4.94
"COAD","Normal","TCGA-A6-2683-11",5.079
"COAD","Normal","TCGA-AA-3660-11",4.227
"COAD","Normal","TCGA-A6-2685-11",5.329
"COAD","Normal","TCGA-A6-2678-11",4.873
"COAD","Normal","TCGA-A6-5667-11",5.194
"COAD","Normal","GTEX-13FHP-2426-SM-5KLZ5",5.234
"COAD","Normal","GTEX-11ONC-2026-SM-5HL61",4.985
"COAD","Normal","GTEX-ZYFC-2626-SM-5NQ6S",4.67
"COAD","Normal","GTEX-12KS4-2426-SM-5LU8P",4.603
"COAD","Normal","GTEX-111VG-2226-SM-5N9DU",4.684
"COAD","Normal","GTEX-147JS-2526-SM-5S2Q8",5.073
"COAD","Normal","GTEX-XMK1-1726-SM-4B64Z",5.085
"COAD","Normal","GTEX-Z93S-2426-SM-5HL8N",4.642
"COAD","Normal","GTEX-Y8E4-2426-SM-4WWDN",4.753
"COAD","Normal","GTEX-ZAB4-2226-SM-5HL97",4.856
"COAD","Normal","GTEX-11O72-2226-SM-5PNW2",5.097
"COAD","Normal","GTEX-OXRL-1426-SM-3NM9E",5.011
"COAD","Normal","GTEX-11NSD-1626-SM-5986U",4.762
"COAD","Normal","GTEX-ZVP2-1526-SM-5NQ82",4.468
"COAD","Normal","GTEX-117YX-0826-SM-5H11J",5.199
"COAD","Normal","GTEX-O5YW-1426-SM-3MJHF",4.818
"COAD","Normal","GTEX-145MO-2426-SM-5NQ9W",5.031
"COAD","Normal","GTEX-148VJ-2626-SM-5QGPI",4.811
"COAD","Normal","GTEX-TKQ2-1326-SM-4DXT9",4.707
"COAD","Normal","GTEX-131XE-0826-SM-5HL9W",4.898
"COAD","Normal","GTEX-13OVG-1426-SM-5K7VP",4.471
"COAD","Normal","GTEX-139YR-2126-SM-5KM11",4.919
"COAD","Normal","GTEX-QLQ7-1126-SM-4R1KN",5.159
"COAD","Normal","GTEX-QEL4-1926-SM-4R1JI",5.028
"COAD","Normal","GTEX-VJYA-2026-SM-4KL1K",4.787
"COAD","Normal","GTEX-13OW5-2626-SM-5MR3M",5.235
"COAD","Normal","GTEX-ZEX8-1926-SM-4WKFR",4.763
"COAD","Normal","GTEX-ZY6K-1226-SM-5GZYL",4.879
"COAD","Normal","GTEX-11TUW-2026-SM-5EQL8",5.4
"COAD","Normal","GTEX-XXEK-1926-SM-4BRVD",5.14
"COAD","Normal","GTEX-YEC4-1926-SM-5IFHJ",5.017
"COAD","Normal","GTEX-146FQ-1926-SM-5NQBY",4.933
"COAD","Normal","GTEX-WHWD-1226-SM-4OOS1",4.692
"COAD","Normal","GTEX-11EQ9-1426-SM-5987G",4.998
"COAD","Normal","GTEX-Q2AH-1226-SM-48TZL",5.151
"COAD","Normal","GTEX-ZZ64-0726-SM-5GZX4",4.618
"COAD","Normal","GTEX-ZPU1-1926-SM-57WDT",4.566
"COAD","Normal","GTEX-139T6-1326-SM-5IFFO",4.253
"COAD","Normal","GTEX-145MN-1726-SM-5SIA6",4.439
"COAD","Normal","GTEX-RM2N-0926-SM-48FD1",4.704
"COAD","Normal","GTEX-WOFM-2026-SM-4OOSQ",4.057
"COAD","Normal","GTEX-WQUQ-2526-SM-4MVNO",5.566
"COAD","Normal","GTEX-S4Q7-0826-SM-4AD5E",4.558
"COAD","Normal","GTEX-X3Y1-1726-SM-4PQZL",5.139
"COAD","Normal","GTEX-11DXZ-1726-SM-5H12M",4.221
"COAD","Normal","GTEX-XQ8I-2126-SM-4BOOM",4.829
"COAD","Normal","GTEX-ZV7C-1526-SM-5NQ72",4.661
"COAD","Normal","GTEX-QLQW-0426-SM-447A7",4.966
"COAD","Normal","GTEX-12WSL-1626-SM-5GCMU",5.238
"COAD","Normal","GTEX-QDVN-1326-SM-48TZ3",5.257
"COAD","Normal","GTEX-11P7K-1526-SM-5EGI7",4.522
"COAD","Normal","GTEX-14C38-2626-SM-5RQI4",4.801
"COAD","Normal","GTEX-QDVJ-1326-SM-48U1X",4.932
"COAD","Normal","GTEX-V955-1626-SM-4JBHJ",5.327
"COAD","Normal","GTEX-XGQ4-1226-SM-4AT67",4.996
"COAD","Normal","GTEX-144GM-1226-SM-5LU52",4.487
"COAD","Normal","GTEX-111YS-1626-SM-5GZZ9",4.685
"COAD","Normal","GTEX-12C56-0626-SM-5EGGC",4.285
"COAD","Normal","GTEX-13O61-1626-SM-5KM3T",4.522
"COAD","Normal","GTEX-QMRM-1226-SM-447C6",5.214
"COAD","Normal","GTEX-YB5E-1626-SM-5IFIQ",4.457
"COAD","Normal","GTEX-PLZ5-1126-SM-3P613",4.678
"COAD","Normal","GTEX-YEC3-2426-SM-5IFJR",4.454
"COAD","Normal","GTEX-ZTSS-1126-SM-5985O",4.839
"COAD","Normal","GTEX-OHPM-1426-SM-3TW8Y",4.858
"COAD","Normal","GTEX-117YW-1826-SM-5PNY5",4.235
"COAD","Normal","GTEX-WY7C-1626-SM-4ONC8",4.866
"COAD","Normal","GTEX-QV31-0826-SM-4R1KR",4.827
"COAD","Normal","GTEX-WFG7-1526-SM-4LVMG",4.851
"COAD","Normal","GTEX-13S86-1626-SM-5Q5C5",5.127
"COAD","Normal","GTEX-ZDYS-2326-SM-4WKG6",4.447
"COAD","Normal","GTEX-13O21-2426-SM-5MR4A",4.31
"COAD","Normal","GTEX-WHSB-0926-SM-4M1XJ",4.835
"COAD","Normal","GTEX-OIZH-1426-SM-3NB1O",4.676
"COAD","Normal","GTEX-YF7O-1726-SM-5IFJ9",4.89
"COAD","Normal","GTEX-UJMC-1326-SM-4IHLS",4.812
"COAD","Normal","GTEX-WFON-1426-SM-4LVMT",4.373
"COAD","Normal","GTEX-11P82-1026-SM-5BC5J",3.843
"COAD","Normal","GTEX-NFK9-2026-SM-3LK5K",4.636
"COAD","Normal","GTEX-TKQ1-0626-SM-4DXTS",5.128
"COAD","Normal","GTEX-XBED-1526-SM-4AT5W",4.578
"COAD","Normal","GTEX-Y3I4-1426-SM-4TT9C",4.867
"COAD","Normal","GTEX-13111-0726-SM-5DUVE",4.483
"COAD","Normal","GTEX-R55D-1826-SM-48FEF",4.54
"COAD","Normal","GTEX-SNOS-1226-SM-4DM5H",4.871
"COAD","Normal","GTEX-XAJ8-0426-SM-47JYJ",5.533
"COAD","Normal","GTEX-145LT-0926-SM-5LU9C",4.491
"COAD","Normal","GTEX-XBEW-1926-SM-4SOJO",4.193
"COAD","Normal","GTEX-12BJ1-2126-SM-5BC5O",4.081
"COAD","Normal","GTEX-U3ZM-1126-SM-4DXUB",4.556
"COAD","Normal","GTEX-111CU-1426-SM-5GZYP",4.712
"COAD","Normal","GTEX-WH7G-1326-SM-4LVMS",4.275
"COAD","Normal","GTEX-14DAR-1526-SM-5RQIX",3.87
"COAD","Normal","GTEX-Q2AI-0926-SM-48U1F",5.05
"COAD","Normal","GTEX-1399R-2226-SM-5P9JB",5.243
"COAD","Normal","GTEX-14E6E-1526-SM-5RQIG",4.006
"COAD","Normal","GTEX-SUCS-1026-SM-5CHTC",-9.966
"COAD","Normal","GTEX-WFG8-1526-SM-5CHSI",-9.966
"COAD","Normal","GTEX-WFON-1426-SM-5CHT1",-9.966
"COAD","Normal","GTEX-13W3W-2126-SM-5K7UX",5.494
"COAD","Normal","GTEX-11TTK-2426-SM-5PNYO",4.496
"COAD","Normal","GTEX-13O3O-2526-SM-5L3DR",4.482
"COAD","Normal","GTEX-145LS-2726-SM-5Q5D8",4.955
"COAD","Normal","GTEX-P78B-1726-SM-3P5ZV",5.187
"COAD","Normal","GTEX-11GSP-1626-SM-5986N",4.933
"COAD","Normal","GTEX-11ZVC-2126-SM-5EGJ1",5.146
"COAD","Normal","GTEX-14AS3-1126-SM-5Q5CR",5.055
"COAD","Normal","GTEX-11P81-1126-SM-5GU5G",5.195
"COAD","Normal","GTEX-13U4I-2426-SM-5LU34",5.223
"COAD","Normal","GTEX-145ME-0826-SM-5O9AF",4.981
"COAD","Normal","GTEX-11ILO-2026-SM-5N9CQ",4.964
"COAD","Normal","GTEX-OXRK-1726-SM-3NB16",4.647
"COAD","Normal","GTEX-ZXES-1626-SM-5NQ7L",4.553
"COAD","Normal","GTEX-R53T-1326-SM-48FCQ",5.332
"COAD","Normal","GTEX-PX3G-1426-SM-48U1J",4.743
"COAD","Normal","GTEX-S341-1426-SM-4AD6U",5.122
"COAD","Normal","GTEX-133LE-1526-SM-5IFEN",4.372
"COAD","Normal","GTEX-1128S-1626-SM-5H12O",5.16
"COAD","Normal","GTEX-Y114-1526-SM-4TT79",5.228
"COAD","Normal","GTEX-XV7Q-2126-SM-4BRVX",5.15
"COAD","Normal","GTEX-XYKS-2226-SM-4E3IU",4.962
"COAD","Normal","GTEX-UPIC-1726-SM-4IHKG",4.814
"COAD","Normal","GTEX-Q734-1126-SM-48TZY",5.108
"COAD","Normal","GTEX-ZYFG-1926-SM-5GID5",4.945
"COAD","Normal","GTEX-ZLV1-1226-SM-4WWBX",4.356
"COAD","Normal","GTEX-Y3IK-1826-SM-4WWDS",4.481
"COAD","Normal","GTEX-ZGAY-2126-SM-4YCFB",4.622
"COAD","Normal","GTEX-S7SF-1926-SM-4AT5B",4.675
"COAD","Normal","GTEX-147F3-1926-SM-5SIB9",4.677
"COAD","Normal","GTEX-QCQG-1626-SM-48U26",4.839
"COAD","Normal","GTEX-13D11-0826-SM-5KLZJ",4.232
"COAD","Normal","GTEX-Y8LW-1226-SM-4WWDP",4.665
"COAD","Normal","GTEX-ZYWO-1626-SM-5E44H",4.727
"COAD","Normal","GTEX-ZF29-1726-SM-4WKFV",5.191
"COAD","Normal","GTEX-ZF2S-1926-SM-4WWAN",4.39
"COAD","Normal","GTEX-S4P3-1226-SM-4AD4Y",5.018
"COAD","Normal","GTEX-WEY5-1426-SM-4LMJ3",5.266
"COAD","Normal","GTEX-13FH7-1526-SM-5J2N6",5.406
"COAD","Normal","GTEX-132AR-2726-SM-5PNVN",4.626
"COAD","Normal","GTEX-ZP4G-1726-SM-4WWCM",4.854
"COAD","Normal","GTEX-1399S-1926-SM-5J2M5",4.462
"COAD","Normal","GTEX-PWOO-1326-SM-48TCJ",5.509
"COAD","Normal","GTEX-RU1J-1326-SM-46MUL",5.014
"COAD","Normal","GTEX-T6MO-0826-SM-4DM51",5.008
"COAD","Normal","GTEX-TML8-1326-SM-4DXTO",4.762
"COAD","Normal","GTEX-W5WG-2426-SM-4LMI6",4.355
"COAD","Normal","GTEX-X15G-1326-SM-4PQZJ",5.202
"COAD","Normal","GTEX-XUW1-1926-SM-4BOP1",4.802
"COAD","Normal","GTEX-P4QT-1426-SM-3NMCX",4.756
"COAD","Normal","GTEX-13PL7-2526-SM-5IFGR",4.082
"COAD","Normal","GTEX-XUZC-1326-SM-4BRV2",4.397
"COAD","Normal","GTEX-ZYVF-2826-SM-5GIDK",5.57
"COAD","Normal","GTEX-PWCY-1026-SM-48TD4",4.848
"COAD","Normal","GTEX-13CF3-1426-SM-5K7YY",5.079
"COAD","Normal","GTEX-SE5C-1526-SM-4BRWU",4.812
"COAD","Normal","GTEX-UJHI-1126-SM-4IHLN",4.826
"COAD","Normal","GTEX-T5JW-1126-SM-4DM5V",4.861
"COAD","Normal","GTEX-XUJ4-2026-SM-4BOOW",4.734
"COAD","Normal","GTEX-11I78-1226-SM-5A5K6",4.507
"COAD","Normal","GTEX-Y5LM-1526-SM-4VDTA",4.509
"COAD","Normal","GTEX-1211K-1726-SM-5FQUJ",4.151
"COAD","Normal","GTEX-1122O-1526-SM-5N9CL",4.427
"COAD","Normal","GTEX-R55G-1226-SM-48FDC",4.703
"COAD","Normal","GTEX-PWN1-1426-SM-48TDF",4.679
"COAD","Normal","GTEX-11DXX-1826-SM-5H126",4.47
"COAD","Normal","GTEX-13QBU-1826-SM-5IJG3",4.108
"COAD","Normal","GTEX-12WSJ-1526-SM-5GCNI",4.89
"COAD","Normal","GTEX-132NY-2726-SM-5PNY2",5.305
"COAD","Normal","GTEX-13OW6-2226-SM-5N9FL",4.93
"COAD","Normal","GTEX-12ZZY-2726-SM-5EQ45",5.155
"COAD","Normal","GTEX-XGQ4-1726-SM-4RH4G",5.1
"COAD","Normal","GTEX-11GS4-1826-SM-5HL4T",5.023
"COAD","Normal","GTEX-147JS-2626-SM-5S2UX",5.311
"COAD","Normal","GTEX-148VJ-2426-SM-5NQ9Y",5.11
"COAD","Normal","GTEX-13SLW-2826-SM-5Q5ES",4.893
"COAD","Normal","GTEX-ZYT6-2826-SM-5GICX",5.235
"COAD","Normal","GTEX-1212Z-1826-SM-5FQSH",5.142
"COAD","Normal","GTEX-13FHO-2726-SM-5K7VG",5.126
"COAD","Normal","GTEX-11EI6-2626-SM-5PNVT",5.327
"COAD","Normal","GTEX-ZPU1-1726-SM-4WWFV",5.345
"COAD","Normal","GTEX-YEC3-2026-SM-4WWFL",4.936
"COAD","Normal","GTEX-YECK-2826-SM-5IFHF",5
"COAD","Normal","GTEX-11DXY-2026-SM-5N9CZ",4.693
"COAD","Normal","GTEX-147GR-2826-SM-5RQK8",5.009
"COAD","Normal","GTEX-WHPG-1626-SM-4M1ZL",4.499
"COAD","Normal","GTEX-YJ8A-1726-SM-5P9IQ",5.002
"COAD","Normal","GTEX-WHWD-1526-SM-4OORV",5.225
"COAD","Normal","GTEX-13CF2-1826-SM-5N9GK",4.997
"COAD","Normal","GTEX-13OW8-2726-SM-5L3FZ",5.031
"COAD","Normal","GTEX-11EQ9-1526-SM-5PNY7",4.833
"COAD","Normal","GTEX-11ZU8-1126-SM-5EQ5K",4.748
"COAD","Normal","GTEX-11P82-1226-SM-5HL5P",4.437
"COAD","Normal","GTEX-11PRG-2026-SM-5GU5F",4.947
"COAD","Normal","GTEX-117XS-2226-SM-5GIE1",5.129
"COAD","Normal","GTEX-14A5H-1626-SM-5SIAN",5.047
"COAD","Normal","GTEX-Z93S-2626-SM-57WBX",5.013
"COAD","Normal","GTEX-ZY6K-1326-SM-5GZWP",5.218
"COAD","Normal","GTEX-11DXZ-1626-SM-5GIDI",4.775
"COAD","Normal","GTEX-ZTTD-2626-SM-57WEX",5.636
"COAD","Normal","GTEX-Y5V6-1626-SM-4VDT2",4.718
"COAD","Normal","GTEX-ZAB4-2426-SM-5HL8A",4.996
"COAD","Normal","GTEX-13N2G-2226-SM-5IJCU",5.419
"COAD","Normal","GTEX-14C39-1626-SM-5S2P4",5.263
"COAD","Normal","GTEX-13X6I-2726-SM-5Q5ET",5.374
"COAD","Normal","GTEX-13111-1926-SM-5GCOL",4.788
"COAD","Normal","GTEX-XXEK-1826-SM-4BRVC",4.828
"COAD","Normal","GTEX-YF7O-1626-SM-5IFII",4.856
"COAD","Normal","GTEX-X5EB-1126-SM-46MVV",4.88
"COAD","Normal","GTEX-11TUW-2326-SM-5EQMO",5.509
"COAD","Normal","GTEX-11EQ8-2626-SM-5N9BO",5.74
"COAD","Normal","GTEX-11ONC-1926-SM-5GU75",5.135
"COAD","Normal","GTEX-13G51-2126-SM-5IJD9",4.837
"COAD","Normal","GTEX-1399R-2126-SM-5K7WZ",4.838
"COAD","Normal","GTEX-YEC3-2026-SM-5CVLQ",4.547
"COAD","Normal","GTEX-ZE9C-2126-SM-4WKGY",4.919
"COAD","Normal","GTEX-WH7G-1426-SM-4LVMU",4.175
"COAD","Normal","GTEX-12WSM-1426-SM-5GCPA",5.202
"COAD","Normal","GTEX-ZDTS-2726-SM-5L3E2",4.918
"COAD","Normal","GTEX-111YS-1826-SM-5GIEP",4.825
"COAD","Normal","GTEX-WQUQ-2626-SM-4MVNP",5.52
"COAD","Normal","GTEX-131XE-1026-SM-5EGKE",5.282
"COAD","Normal","GTEX-145MH-2726-SM-5QGQ6",5.335
"COAD","Normal","GTEX-12696-1926-SM-5EGJT",4.764
"COAD","Normal","GTEX-145MO-2626-SM-5QGPD",5.336
"COAD","Normal","GTEX-13O61-1526-SM-5KM3P",4.859
"COAD","Normal","GTEX-XAJ8-0726-SM-47JY5",5.307
"COAD","Normal","GTEX-ZZ64-0826-SM-5E449",4.749
"COAD","Normal","GTEX-ZF28-2526-SM-57WFH",5.307
"COAD","Normal","GTEX-ZQUD-1026-SM-4YCEZ",4.271
"COAD","Normal","GTEX-13PVQ-2726-SM-5L3H7",5.591
"COAD","Normal","GTEX-ZG7Y-1826-SM-4WWD3",5.115
"COAD","Normal","GTEX-WY7C-1926-SM-4ONCI",5.355
"COAD","Normal","GTEX-Y3I4-1126-SM-4TT7Y",5.038
"COAD","Normal","GTEX-117YX-0526-SM-5EGJH",5.326
"COAD","Normal","GTEX-111CU-1226-SM-5EGIN",5.441
"COAD","Normal","GTEX-WOFM-1926-SM-4OOSP",4.344
"COAD","Normal","GTEX-ZYFD-2226-SM-5E43P",5.334
"COAD","Normal","GTEX-ZAB5-1426-SM-5HL9D",5.26
"COAD","Normal","GTEX-13O1R-2426-SM-5KLZZ",5.724
"COAD","Normal","GTEX-12BJ1-2026-SM-5FQUH",4.921
"COAD","Normal","GTEX-ZTSS-1226-SM-51MSZ",4.795
"COAD","Normal","GTEX-1339X-1726-SM-5P9J9",5.145
"COAD","Normal","GTEX-11P7K-1826-SM-5HL5A",5.059
"COAD","Normal","GTEX-ZLFU-1426-SM-4WWEU",5.111
"COAD","Normal","GTEX-WFG8-1726-SM-4LVM6",5.199
"COAD","Normal","GTEX-12WSL-1826-SM-5LZW9",5.601
"COAD","Normal","GTEX-WYJK-2326-SM-4ONDN",4.578
"COAD","Normal","GTEX-11TT1-0926-SM-5GU5M",5.539
"COAD","Normal","GTEX-ZT9W-1726-SM-51MS3",4.666
"COAD","Normal","GTEX-ZVZP-2026-SM-57WB3",4.138
"COAD","Normal","GTEX-ZA64-1426-SM-5CVMC",4.647
"COAD","Normal","GTEX-WFG8-1726-SM-5CHTE",-9.966
"COAD","Normal","GTEX-11ZTS-1526-SM-5N9G7",5.181
"COAD","Normal","GTEX-145LS-2926-SM-5O99G",4.985
"COAD","Normal","GTEX-11EMC-1426-SM-5N9E4",5.097
"COAD","Normal","GTEX-13U4I-2626-SM-5SI9C",4.962
"COAD","Normal","GTEX-WYVS-1126-SM-4SOJX",5.125
"COAD","Normal","GTEX-131YS-2926-SM-5EGKI",4.964
"COAD","Normal","GTEX-ZF2S-1826-SM-4WKFF",4.438
"COAD","Normal","GTEX-ZVT4-2626-SM-5N9GJ",5.248
"COAD","Normal","GTEX-12ZZX-2726-SM-5N9FT",4.931
"COAD","Normal","GTEX-12WSG-2426-SM-5EQLZ",5.224
"COAD","Normal","GTEX-13X6K-2726-SM-5O9DG",4.81
"COAD","Normal","GTEX-X4EO-2726-SM-4E3HS",5.103
"COAD","Normal","GTEX-Y114-1626-SM-4TT7I",5.098
"COAD","Normal","GTEX-11P81-1426-SM-5P9JN",5.105
"COAD","Normal","GTEX-14A5I-2426-SM-5Q5CP",5.189
"COAD","Normal","GTEX-WI4N-2226-SM-4OOS9",5.861
"COAD","Normal","GTEX-146FH-2426-SM-5Q5EW",5.058
"COAD","Normal","GTEX-132AR-2826-SM-5IJFV",5.386
"COAD","Normal","GTEX-1122O-1426-SM-5H11R",5.191
"COAD","Normal","GTEX-11DXX-1926-SM-5EGJK",5.248
"COAD","Normal","GTEX-ZQG8-2426-SM-57WEE",4.777
"COAD","Normal","GTEX-145ME-1126-SM-5SIAT",4.99
"COAD","Normal","GTEX-ZVT3-2826-SM-5GU6A",5.274
"COAD","Normal","GTEX-X15G-1526-SM-4PQZM",5.48
"COAD","Normal","GTEX-ZE7O-2626-SM-51MSS",4.89
"COAD","Normal","GTEX-ZV6S-1126-SM-57WE9",5.431
"COAD","Normal","GTEX-XV7Q-2226-SM-4BRVY",5.395
"COAD","Normal","GTEX-13OVJ-1826-SM-5KM2D",4.853
"COAD","Normal","GTEX-ZP4G-1526-SM-57WE5",5.254
"COAD","Normal","GTEX-ZLV1-1326-SM-4WWER",5.008
"COAD","Normal","GTEX-13113-1426-SM-5EGHU",4.628
"COAD","Normal","GTEX-ZYFG-1826-SM-5GZWX",5.057
"COAD","Normal","GTEX-13OVI-2126-SM-5KM3U",4.777
"COAD","Normal","GTEX-11I78-1326-SM-5PNY9",5.044
"COAD","Normal","GTEX-ZPIC-2626-SM-57WE2",5.047
"COAD","Normal","GTEX-WRHK-1126-SM-4MVOJ",4.918
"COAD","Normal","GTEX-13PVR-1726-SM-5Q5EC",4.777
"COAD","Normal","GTEX-12WSJ-1426-SM-5GCON",5.293
"COAD","Normal","GTEX-Y5LM-1426-SM-5RQJL",4.918
"COAD","Normal","GTEX-ZVZQ-2626-SM-59HLB",3.801
"COAD","Normal","GTEX-W5WG-2026-SM-4LMIB",4.377
"COAD","Normal","GTEX-1211K-1826-SM-5EGJ2",4.988
"COAD","Normal","GTEX-13CF3-1326-SM-5LZXZ",5.277
"COAD","Normal","GTEX-13VXT-2026-SM-5L3EW",5.156
"COAD","Normal","GTEX-ZF29-1826-SM-4WKG8",4.936
"COAD","Normal","GTEX-131XG-1526-SM-5GCNQ",5.635
"COAD","Normal","GTEX-13FH7-1626-SM-5J2O9",5.454
"COAD","Normal","GTEX-11ZTT-1626-SM-5EQKR",4.922
"COAD","Normal","GTEX-ZVT2-1726-SM-51MRO",4.326
"COAD","Normal","GTEX-13W3W-2226-SM-5LU4M",4.816
"COAD","Normal","GTEX-WXYG-1726-SM-4ONCU",5.475
"COAD","Normal","GTEX-ZAJG-2626-SM-5S2NU",5.621
"COAD","Normal","GTEX-14BMU-1326-SM-5RQIH",5.126
"COAD","Normal","GTEX-XUW1-1826-SM-4BOQD",5.51
"COAD","Normal","GTEX-13D11-0626-SM-5LZYY",5.068
"COAD","Normal","GTEX-XUJ4-2126-SM-4BOOX",5.017
"DLBC","Tumor","TCGA-FA-8693-01",5.235
"DLBC","Tumor","TCGA-FF-A7CQ-01",6.309
"DLBC","Tumor","TCGA-FA-A6HN-01",5.218
"DLBC","Tumor","TCGA-FF-A7CW-01",6.357
"DLBC","Tumor","TCGA-GS-A9TT-01",5.963
"DLBC","Tumor","TCGA-G8-6325-01",5.95
"DLBC","Tumor","TCGA-FA-A4BB-01",5.599
"DLBC","Tumor","TCGA-G8-6909-01",6.281
"DLBC","Tumor","TCGA-G8-6914-01",6.275
"DLBC","Tumor","TCGA-RQ-A68N-01",5.934
"DLBC","Tumor","TCGA-FF-A7CR-01",5.221
"DLBC","Tumor","TCGA-G8-6906-01",6.071
"DLBC","Tumor","TCGA-VB-A8QN-01",6.514
"DLBC","Tumor","TCGA-G8-6326-01",5.925
"DLBC","Tumor","TCGA-FF-8046-01",6.814
"DLBC","Tumor","TCGA-GS-A9TZ-01",5.127
"DLBC","Tumor","TCGA-FF-A7CX-01",6.114
"DLBC","Tumor","TCGA-GS-A9TU-01",5.585
"DLBC","Tumor","TCGA-FF-8061-01",6.58
"DLBC","Tumor","TCGA-FA-A4XK-01",5.492
"DLBC","Tumor","TCGA-GS-A9TX-01",5.228
"DLBC","Tumor","TCGA-GR-7353-01",6.14
"DLBC","Tumor","TCGA-GS-A9TY-01",5.667
"DLBC","Tumor","TCGA-GS-A9U3-01",5.565
"DLBC","Tumor","TCGA-FF-8043-01",6.064
"DLBC","Tumor","TCGA-GS-A9TQ-01",5.417
"DLBC","Tumor","TCGA-GR-A4D9-01",6.326
"DLBC","Tumor","TCGA-FA-A86F-01",5.945
"DLBC","Tumor","TCGA-RQ-AAAT-01",5.912
"DLBC","Tumor","TCGA-RQ-A6JB-01",5.539
"DLBC","Tumor","TCGA-FA-A7Q1-01",5.722
"DLBC","Tumor","TCGA-FF-8062-01",6.45
"DLBC","Tumor","TCGA-FA-A6HO-01",5.303
"DLBC","Tumor","TCGA-FF-8042-01",6.742
"DLBC","Tumor","TCGA-G8-6907-01",5.538
"DLBC","Tumor","TCGA-GR-A4D4-01",5.165
"DLBC","Tumor","TCGA-GR-7351-01",6.878
"DLBC","Tumor","TCGA-FA-A7DS-01",6.137
"DLBC","Tumor","TCGA-GR-A4D6-01",6.207
"DLBC","Tumor","TCGA-FA-A82F-01",5.916
"DLBC","Tumor","TCGA-GR-A4D5-01",5.491
"DLBC","Tumor","TCGA-G8-6324-01",5.524
"DLBC","Tumor","TCGA-GS-A9TV-01",5.367
"DLBC","Tumor","TCGA-FF-8047-01",6.376
"DLBC","Tumor","TCGA-FF-8041-01",5.763
"DLBC","Tumor","TCGA-GS-A9U4-01",6.196
"DLBC","Tumor","TCGA-GS-A9TW-01",6.174
"ESCA","Tumor","TCGA-L5-A43J-01",5.294
"ESCA","Tumor","TCGA-L5-A88T-01",4.365
"ESCA","Tumor","TCGA-L5-A88S-01",4.92
"ESCA","Tumor","TCGA-L5-A8NU-01",4.397
"ESCA","Tumor","TCGA-L5-A4OR-01",5.788
"ESCA","Tumor","TCGA-KH-A6WC-01",3.743
"ESCA","Tumor","TCGA-L5-A43C-01",5.225
"ESCA","Tumor","TCGA-L5-A4OE-01",4.706
"ESCA","Tumor","TCGA-L5-A4OU-01",5.303
"ESCA","Tumor","TCGA-L5-A8NN-01",6.419
"ESCA","Tumor","TCGA-2H-A9GQ-01",5.205
"ESCA","Tumor","TCGA-2H-A9GR-01",5.002
"ESCA","Tumor","TCGA-L5-A4OI-01",5.687
"ESCA","Tumor","TCGA-L5-A8NI-01",6.062
"ESCA","Tumor","TCGA-JY-A6FB-01",5.232
"ESCA","Tumor","TCGA-JY-A939-01",4.432
"ESCA","Tumor","TCGA-L5-A43I-01",5.135
"ESCA","Tumor","TCGA-L5-A4OT-01",5.407
"ESCA","Tumor","TCGA-L5-A8NE-01",5.514
"ESCA","Tumor","TCGA-L5-A8NG-01",5.088
"ESCA","Tumor","TCGA-L5-A8NJ-01",5.054
"ESCA","Tumor","TCGA-LN-A49Y-01",5.09
"ESCA","Tumor","TCGA-L5-A88Y-01",4.666
"ESCA","Tumor","TCGA-L5-A8NS-01",4.741
"ESCA","Tumor","TCGA-S8-A6BV-01",4.96
"ESCA","Tumor","TCGA-JY-A938-01",4.725
"ESCA","Tumor","TCGA-L5-A43H-01",5.86
"ESCA","Tumor","TCGA-L5-A4OO-01",4.296
"ESCA","Tumor","TCGA-L5-A4OQ-01",4.404
"ESCA","Tumor","TCGA-L5-A8NV-01",4.858
"ESCA","Tumor","TCGA-2H-A9GL-01",5.127
"ESCA","Tumor","TCGA-L5-A43E-01",5.238
"ESCA","Tumor","TCGA-V5-AASX-01",5.852
"ESCA","Tumor","TCGA-LN-A49W-01",5.359
"ESCA","Tumor","TCGA-VR-A8EQ-01",5.526
"ESCA","Tumor","TCGA-IG-A3Y9-01",5.301
"ESCA","Tumor","TCGA-IG-A5B8-01",4.052
"ESCA","Tumor","TCGA-LN-A7HX-01",4.913
"ESCA","Tumor","TCGA-R6-A8W8-01",5.341
"ESCA","Tumor","TCGA-V5-AASW-01",5.116
"ESCA","Tumor","TCGA-IG-A4QS-01",4.288
"ESCA","Tumor","TCGA-L5-A4OH-01",5.67
"ESCA","Tumor","TCGA-L5-A8NQ-01",4.779
"ESCA","Tumor","TCGA-LN-A49P-01",4.936
"ESCA","Tumor","TCGA-R6-A6Y2-01",5.525
"ESCA","Tumor","TCGA-2H-A9GN-01",5.456
"ESCA","Tumor","TCGA-LN-A9FR-01",5.561
"ESCA","Tumor","TCGA-VR-AA7I-01",5.278
"ESCA","Tumor","TCGA-L5-A8NT-01",5.077
"ESCA","Tumor","TCGA-X8-AAAR-01",4.596
"ESCA","Tumor","TCGA-2H-A9GI-01",4.473
"ESCA","Tumor","TCGA-R6-A6L6-01",4.572
"ESCA","Tumor","TCGA-2H-A9GF-01",5.543
"ESCA","Tumor","TCGA-L5-A88W-01",5.643
"ESCA","Tumor","TCGA-V5-AASV-01",6.132
"ESCA","Tumor","TCGA-2H-A9GG-01",4.581
"ESCA","Tumor","TCGA-LN-A49K-01",5.707
"ESCA","Tumor","TCGA-L5-A4ON-01",5.017
"ESCA","Tumor","TCGA-L7-A56G-01",5.214
"ESCA","Tumor","TCGA-LN-A4A6-01",5.996
"ESCA","Tumor","TCGA-ZR-A9CJ-01",4.413
"ESCA","Tumor","TCGA-R6-A6XG-01",4.797
"ESCA","Tumor","TCGA-VR-A8ET-01",5.367
"ESCA","Tumor","TCGA-IG-A51D-01",5.121
"ESCA","Tumor","TCGA-L5-A4OF-01",5.45
"ESCA","Tumor","TCGA-VR-A8EX-01",5.502
"ESCA","Tumor","TCGA-IG-A3YC-01",4.919
"ESCA","Tumor","TCGA-IG-A8O2-01",4.611
"ESCA","Tumor","TCGA-L7-A6VZ-01",4.957
"ESCA","Tumor","TCGA-LN-A49M-01",5.366
"ESCA","Tumor","TCGA-LN-A9FQ-01",5.621
"ESCA","Tumor","TCGA-IG-A3YB-01",5.816
"ESCA","Tumor","TCGA-JY-A93E-01",5.156
"ESCA","Tumor","TCGA-LN-A4A3-01",5.727
"ESCA","Tumor","TCGA-Q9-A6FW-01",4.501
"ESCA","Tumor","TCGA-IG-A625-01",4.869
"ESCA","Tumor","TCGA-L5-A4OX-01",5.595
"ESCA","Tumor","TCGA-L5-A88V-01",5.447
"ESCA","Tumor","TCGA-LN-A4A1-01",5.718
"ESCA","Tumor","TCGA-R6-A8W5-01",5.883
"ESCA","Tumor","TCGA-R6-A8WG-01",5.327
"ESCA","Tumor","TCGA-VR-A8Q7-01",5.133
"ESCA","Tumor","TCGA-IC-A6RE-01",5.392
"ESCA","Tumor","TCGA-LN-A49S-01",4.879
"ESCA","Tumor","TCGA-LN-A7HW-01",5.784
"ESCA","Tumor","TCGA-V5-A7RB-01",5.735
"ESCA","Tumor","TCGA-2H-A9GO-01",4.169
"ESCA","Tumor","TCGA-IG-A50L-01",5.997
"ESCA","Tumor","TCGA-IG-A97I-01",5.443
"ESCA","Tumor","TCGA-LN-A4A9-01",5.696
"ESCA","Tumor","TCGA-LN-A7HV-01",6.181
"ESCA","Tumor","TCGA-M9-A5M8-01",5.507
"ESCA","Tumor","TCGA-R6-A6DN-01",5.699
"ESCA","Tumor","TCGA-R6-A6XQ-01",4.706
"ESCA","Tumor","TCGA-VR-AA7D-01",6.096
"ESCA","Tumor","TCGA-2H-A9GJ-01",5.412
"ESCA","Tumor","TCGA-L5-A8NF-01",5.263
"ESCA","Tumor","TCGA-LN-A4A2-01",5.726
"ESCA","Tumor","TCGA-LN-A4MR-01",4.703
"ESCA","Tumor","TCGA-LN-A5U5-01",4.673
"ESCA","Tumor","TCGA-VR-A8EW-01",5.308
"ESCA","Tumor","TCGA-Z6-A8JE-01",4.596
"ESCA","Tumor","TCGA-Z6-AAPN-01",5.249
"ESCA","Tumor","TCGA-IG-A4QT-01",4.43
"ESCA","Tumor","TCGA-JY-A6F8-01",5.097
"ESCA","Tumor","TCGA-L5-A8NL-01",5.078
"ESCA","Tumor","TCGA-LN-A8HZ-01",5.745
"ESCA","Tumor","TCGA-R6-A8WC-01",5.151
"ESCA","Tumor","TCGA-L5-A8NW-01",4.489
"ESCA","Tumor","TCGA-V5-A7RC-01",6.139
"ESCA","Tumor","TCGA-IG-A3QL-01",5.821
"ESCA","Tumor","TCGA-IG-A6QS-01",5.324
"ESCA","Tumor","TCGA-L5-A8NH-01",5.212
"ESCA","Tumor","TCGA-LN-A5U6-01",6.203
"ESCA","Tumor","TCGA-R6-A6Y0-01",4.515
"ESCA","Tumor","TCGA-VR-A8ER-01",5.484
"ESCA","Tumor","TCGA-XP-A8T6-01",4.983
"ESCA","Tumor","TCGA-2H-A9GM-01",5.338
"ESCA","Tumor","TCGA-IG-A3YA-01",5.04
"ESCA","Tumor","TCGA-JY-A6FH-01",4.323
"ESCA","Tumor","TCGA-VR-AA4D-01",4.68
"ESCA","Tumor","TCGA-Z6-A8JD-01",5.728
"ESCA","Tumor","TCGA-Z6-A9VB-01",5.41
"ESCA","Tumor","TCGA-LN-A8I0-01",4.796
"ESCA","Tumor","TCGA-JY-A6FA-01",4.838
"ESCA","Tumor","TCGA-JY-A93D-01",4.926
"ESCA","Tumor","TCGA-L5-A891-01",6.842
"ESCA","Tumor","TCGA-S8-A6BW-01",5.712
"ESCA","Tumor","TCGA-VR-A8EP-01",6.169
"ESCA","Tumor","TCGA-VR-A8EU-01",5.378
"ESCA","Tumor","TCGA-JY-A6FG-01",5.407
"ESCA","Tumor","TCGA-LN-A49N-01",5.136
"ESCA","Tumor","TCGA-LN-A7HY-01",5.352
"ESCA","Tumor","TCGA-JY-A6FE-01",5.652
"ESCA","Tumor","TCGA-LN-A49V-01",6.913
"ESCA","Tumor","TCGA-LN-A4A5-01",6.077
"ESCA","Tumor","TCGA-LN-A7HZ-01",5.25
"ESCA","Tumor","TCGA-VR-A8EO-01",5.507
"ESCA","Tumor","TCGA-XP-A8T8-01",5.299
"ESCA","Tumor","TCGA-IG-A4P3-01",4.793
"ESCA","Tumor","TCGA-JY-A93C-01",5.084
"ESCA","Tumor","TCGA-LN-A49O-01",5.6
"ESCA","Tumor","TCGA-LN-A49R-01",5.36
"ESCA","Tumor","TCGA-LN-A4MQ-01",5.293
"ESCA","Tumor","TCGA-LN-A5U7-01",6.091
"ESCA","Tumor","TCGA-V5-A7RE-01",5.1
"ESCA","Tumor","TCGA-2H-A9GH-01",5.013
"ESCA","Tumor","TCGA-LN-A49L-01",6.168
"ESCA","Tumor","TCGA-LN-A49X-01",5.573
"ESCA","Tumor","TCGA-2H-A9GK-01",4.692
"ESCA","Tumor","TCGA-LN-A9FO-01",5.247
"ESCA","Tumor","TCGA-R6-A6KZ-01",5.904
"ESCA","Tumor","TCGA-IG-A97H-01",4.698
"ESCA","Tumor","TCGA-LN-A4A4-01",5.952
"ESCA","Tumor","TCGA-R6-A6L4-01",4.545
"ESCA","Tumor","TCGA-L5-A4OS-01",5.235
"ESCA","Tumor","TCGA-L5-A43M-01",5.341
"ESCA","Tumor","TCGA-L5-A8NK-01",4.512
"ESCA","Tumor","TCGA-L5-A8NM-01",6.031
"ESCA","Tumor","TCGA-L5-A8NR-01",4.907
"ESCA","Tumor","TCGA-L5-A4OG-01",6.531
"ESCA","Tumor","TCGA-R6-A6DQ-01",5.127
"ESCA","Tumor","TCGA-RE-A7BO-01",5.337
"ESCA","Tumor","TCGA-L5-A893-01",5.266
"ESCA","Tumor","TCGA-L5-A4OJ-01",5.757
"ESCA","Tumor","TCGA-L5-A88Z-01",4.922
"ESCA","Tumor","TCGA-IC-A6RF-01",4.961
"ESCA","Tumor","TCGA-IG-A5S3-01",4.927
"ESCA","Tumor","TCGA-L5-A4OP-01",4.317
"ESCA","Tumor","TCGA-LN-A8I1-01",6.118
"ESCA","Tumor","TCGA-VR-AA7B-01",5.581
"ESCA","Tumor","TCGA-LN-A9FP-01",5.24
"ESCA","Tumor","TCGA-JY-A93F-01",5.293
"ESCA","Tumor","TCGA-Q9-A6FU-01",5.234
"ESCA","Tumor","TCGA-L5-A4OW-01",5.01
"ESCA","Tumor","TCGA-L5-A4OM-01",5.476
"ESCA","Tumor","TCGA-IG-A3I8-01",5.801
"ESCA","Tumor","TCGA-JY-A6FD-01",4.86
"ESCA","Tumor","TCGA-VR-AA4G-01",5.07
"ESCA","Tumor","TCGA-IG-A7DP-01",4.605
"ESCA","Tumor","TCGA-VR-A8EY-01",5.429
"ESCA","Normal","TCGA-L5-A4OR-11",3.477
"ESCA","Normal","TCGA-L5-A43C-11",3.207
"ESCA","Normal","TCGA-L5-A4OO-11",4.285
"ESCA","Normal","TCGA-L5-A4OQ-11",5.314
"ESCA","Normal","TCGA-V5-AASX-11",5.786
"ESCA","Normal","TCGA-L5-A4OF-11",4.186
"ESCA","Normal","TCGA-IC-A6RE-11",4.297
"ESCA","Normal","TCGA-V5-A7RE-11",4.517
"ESCA","Normal","TCGA-L5-A4OG-11",3.967
"ESCA","Normal","TCGA-L5-A4OJ-11",3.88
"ESCA","Normal","TCGA-IC-A6RF-11",4.769
"ESCA","Normal","TCGA-L5-A4OM-11",5.022
"ESCA","Normal","TCGA-IG-A3I8-11",5.282
"ESCA","Normal","GTEX-13VXU-1126-SM-5LU3U",5.047
"ESCA","Normal","GTEX-11O72-2026-SM-5N9G8",5.35
"ESCA","Normal","GTEX-ZYFC-2226-SM-5NQ96",4.571
"ESCA","Normal","GTEX-145MF-1526-SM-5LU95",5.324
"ESCA","Normal","GTEX-13OW6-1626-SM-5IJD5",4.937
"ESCA","Normal","GTEX-11DXY-1326-SM-5987Z",4.51
"ESCA","Normal","GTEX-132NY-2026-SM-5L3FM",5.324
"ESCA","Normal","GTEX-Y5V6-1226-SM-4VDTE",4.788
"ESCA","Normal","GTEX-X585-1426-SM-4E3JO",5.101
"ESCA","Normal","GTEX-VUSG-1026-SM-4KKZN",5.153
"ESCA","Normal","GTEX-13OW7-1926-SM-5LUB4",4.625
"ESCA","Normal","GTEX-WZTO-1726-SM-4PQYV",5.005
"ESCA","Normal","GTEX-11DYG-1926-SM-5H12I",5.152
"ESCA","Normal","GTEX-13OW8-2426-SM-5L3ID",4.815
"ESCA","Normal","GTEX-14E7W-1926-SM-5S2R9",5.399
"ESCA","Normal","GTEX-11NUK-1726-SM-5A5L2",4.861
"ESCA","Normal","GTEX-1192W-0826-SM-5EGHE",4.009
"ESCA","Normal","GTEX-13OVH-1826-SM-5K7YW",5.043
"ESCA","Normal","GTEX-ZAB5-1226-SM-5P9FY",4.821
"ESCA","Normal","GTEX-13FLV-1326-SM-5L3EJ",4.994
"ESCA","Normal","GTEX-Y111-1826-SM-4SOIR",5.385
"ESCA","Normal","GTEX-13NYB-1326-SM-5K7Y1",4.936
"ESCA","Normal","GTEX-1497J-2126-SM-5NQB8",5.187
"ESCA","Normal","GTEX-13PVQ-1926-SM-5L3GN",5.265
"ESCA","Normal","GTEX-139YR-1826-SM-5LZXA",5.083
"ESCA","Normal","GTEX-XQ3S-1026-SM-4BOPJ",5.664
"ESCA","Normal","GTEX-13QJ3-1926-SM-5QGQM",4.794
"ESCA","Normal","GTEX-13OVL-2726-SM-5J2MP",4.748
"ESCA","Normal","GTEX-WFON-1026-SM-4LVMD",5.017
"ESCA","Normal","GTEX-YJ8A-1426-SM-5PNV7",5.058
"ESCA","Normal","GTEX-11OF3-2326-SM-5GU73",4.839
"ESCA","Normal","GTEX-1399R-0926-SM-5J2N8",5.076
"ESCA","Normal","GTEX-13N1W-1926-SM-5IJCH",4.838
"ESCA","Normal","GTEX-ZYW4-1626-SM-5GIE6",5.532
"ESCA","Normal","GTEX-11P7K-1426-SM-5EGKY",5.329
"ESCA","Normal","GTEX-WQUQ-1826-SM-4OOSD",5.685
"ESCA","Normal","GTEX-Y8E4-1926-SM-4VBPW",5.18
"ESCA","Normal","GTEX-WL46-1226-SM-4OOS4",4.809
"ESCA","Normal","GTEX-ZPU1-1526-SM-4YCFF",4.688
"ESCA","Normal","GTEX-XBEW-1526-SM-4AT4K",5.193
"ESCA","Normal","GTEX-ZVZP-1626-SM-5GIDJ",5.075
"ESCA","Normal","GTEX-WY7C-0826-SM-4ONCG",4.96
"ESCA","Normal","GTEX-11UD2-1526-SM-5EQLQ",4.748
"ESCA","Normal","GTEX-131XE-1526-SM-5KM1A",5.406
"ESCA","Normal","GTEX-Y3I4-0926-SM-4TT2B",5.151
"ESCA","Normal","GTEX-12BJ1-1526-SM-5LUAQ",4.815
"ESCA","Normal","GTEX-XXEK-0526-SM-4BRWD",5.185
"ESCA","Normal","GTEX-YB5E-1026-SM-5IFI2",5.153
"ESCA","Normal","GTEX-V955-1226-SM-4JBI9",5.103
"ESCA","Normal","GTEX-12696-1526-SM-5EGL6",5.537
"ESCA","Normal","GTEX-139T6-0826-SM-5J1O2",4.99
"ESCA","Normal","GTEX-ZY6K-0826-SM-5A5L7",5.276
"ESCA","Normal","GTEX-WHSB-0626-SM-4M1XP",4.74
"ESCA","Normal","GTEX-ZV7C-1326-SM-5BC7G",5.255
"ESCA","Normal","GTEX-11P82-0426-SM-5HL5D",4.854
"ESCA","Normal","GTEX-XQ8I-1826-SM-4BOOJ",5.745
"ESCA","Normal","GTEX-YEC3-2326-SM-5IFJF",4.866
"ESCA","Normal","GTEX-1192X-1826-SM-5GIE2",4.943
"ESCA","Normal","GTEX-144GM-1626-SM-5O9AG",4.574
"ESCA","Normal","GTEX-ZT9W-1426-SM-4YCD2",4.793
"ESCA","Normal","GTEX-WOFM-0426-SM-4OOSG",4.651
"ESCA","Normal","GTEX-ZVP2-1426-SM-5NQ7P",5.151
"ESCA","Normal","GTEX-13O61-1226-SM-5KM21",4.612
"ESCA","Normal","GTEX-WFG8-1126-SM-4LVN1",5.488
"ESCA","Normal","GTEX-WHPG-1326-SM-4M1ZJ",4.441
"ESCA","Normal","GTEX-ZTSS-0826-SM-5985L",5.052
"ESCA","Normal","GTEX-12C56-0426-SM-5FQU1",4.828
"ESCA","Normal","GTEX-13O21-0726-SM-5L3EG",5.117
"ESCA","Normal","GTEX-111YS-0826-SM-5GZYK",4.626
"ESCA","Normal","GTEX-X4LF-0826-SM-4QASC",5.027
"ESCA","Normal","GTEX-Y9LG-0926-SM-4VDS6",4.798
"ESCA","Normal","GTEX-XGQ4-1626-SM-4AT6J",5.295
"ESCA","Normal","GTEX-11EQ9-0926-SM-5HL6I",4.875
"ESCA","Normal","GTEX-13FTW-1926-SM-5K7Y4",5.122
"ESCA","Normal","GTEX-ZQUD-0626-SM-51MR2",4.68
"ESCA","Normal","GTEX-X3Y1-1126-SM-4PQZ9",5.41
"ESCA","Normal","GTEX-11WQK-2226-SM-5CVL7",5.809
"ESCA","Normal","GTEX-XBED-1126-SM-48TCF",5.358
"ESCA","Normal","GTEX-146FQ-1226-SM-5QGQ4",4.384
"ESCA","Normal","GTEX-14DAR-0726-SM-5RQIA",4.915
"ESCA","Normal","GTEX-132QS-1626-SM-5K7YZ",4.956
"ESCA","Normal","GTEX-131XF-1126-SM-5HL8J",4.632
"ESCA","Normal","GTEX-Z9EW-0326-SM-5CVM8",5.258
"ESCA","Normal","GTEX-12WSN-1826-SM-5LZUT",5.181
"ESCA","Normal","GTEX-13RTK-0426-SM-5RQHT",5.162
"ESCA","Normal","GTEX-YEC4-1226-SM-5CVLX",5.015
"ESCA","Normal","GTEX-1339X-1126-SM-5J2OI",5.432
"ESCA","Normal","GTEX-WFG7-1226-SM-4LMK2",5.114
"ESCA","Normal","GTEX-X5EB-1026-SM-46MVU",5.382
"ESCA","Normal","GTEX-ZVT2-1526-SM-51MQZ",4.302
"ESCA","Normal","GTEX-ZAK1-1826-SM-5HL93",5.27
"ESCA","Normal","GTEX-12WSD-2026-SM-5HL7D",5.445
"ESCA","Normal","GTEX-14DAQ-1626-SM-5S2R1",5.398
"ESCA","Normal","GTEX-11ZTS-2726-SM-5EQLU",4.747
"ESCA","Normal","GTEX-11VI4-0826-SM-5GU5N",4.734
"ESCA","Normal","GTEX-ZYVF-2526-SM-5E45C",4.678
"ESCA","Normal","GTEX-X8HC-1326-SM-46MWB",5.723
"ESCA","Normal","GTEX-YJ8O-0326-SM-5RQJW",4.608
"ESCA","Normal","GTEX-148VI-1226-SM-5RQJR",5.28
"ESCA","Normal","GTEX-13QBU-0826-SM-5IJBU",4.974
"ESCA","Normal","GTEX-11I78-1626-SM-5A5M2",5.424
"ESCA","Normal","GTEX-ZPIC-1926-SM-57WFQ",4.813
"ESCA","Normal","GTEX-ZF2S-1326-SM-4WWAZ",4.569
"ESCA","Normal","GTEX-13113-0626-SM-5GCP2",4.315
"ESCA","Normal","GTEX-Y3IK-1326-SM-4YCD8",5.024
"ESCA","Normal","GTEX-WYBS-1626-SM-4ONCA",5.253
"ESCA","Normal","GTEX-WYVS-1026-SM-4SOJW",4.876
"ESCA","Normal","GTEX-ZGAY-1526-SM-4WWEO",5.211
"ESCA","Normal","GTEX-146FH-1926-SM-5Q5B2",4.987
"ESCA","Normal","GTEX-ZYFG-1226-SM-5GIC7",5.184
"ESCA","Normal","GTEX-11DXX-1226-SM-5GICD",5.052
"ESCA","Normal","GTEX-ZYWO-1126-SM-5U3SH",5.462
"ESCA","Normal","GTEX-WXYG-1026-SM-4ONCD",5.505
"ESCA","Normal","GTEX-13D11-2026-SM-5IJBK",4.827
"ESCA","Normal","GTEX-Y114-1126-SM-4TT7V",5.394
"ESCA","Normal","GTEX-11P81-1026-SM-5GU54",5.22
"ESCA","Normal","GTEX-13FH7-0626-SM-5KLZD",5.221
"ESCA","Normal","GTEX-13OVJ-1426-SM-5K7Z2",4.809
"ESCA","Normal","GTEX-13U4I-1326-SM-5KM25",5.084
"ESCA","Normal","GTEX-1122O-1826-SM-5EGIP",5.203
"ESCA","Normal","GTEX-11XUK-0926-SM-5EQL3",5.204
"ESCA","Normal","GTEX-1399S-1526-SM-5P9JC",5.085
"ESCA","Normal","GTEX-XYKS-1026-SM-4BRVH",5.403
"ESCA","Normal","GTEX-11EM3-0926-SM-5A5KK",5.218
"ESCA","Normal","GTEX-X15G-1026-SM-4PQZF",5.422
"ESCA","Normal","GTEX-132AR-2526-SM-5PNVM",5.536
"ESCA","Normal","GTEX-14BMU-1026-SM-5RQJ5",5.311
"ESCA","Normal","GTEX-13PL7-0526-SM-5J2MQ",4.991
"ESCA","Normal","GTEX-YB5K-0626-SM-5LUB5",5.35
"ESCA","Normal","GTEX-W5WG-2726-SM-4LMIC",4.659
"ESCA","Normal","GTEX-ZP4G-1126-SM-4WWCI",5.371
"ESCA","Normal","GTEX-12WSK-1326-SM-5CVNM",5.062
"ESCA","Normal","GTEX-145ME-0426-SM-5S2QP",4.756
"ESCA","Normal","GTEX-XUZC-0526-SM-4BOPF",4.832
"ESCA","Normal","GTEX-Y5LM-1226-SM-4VDT6",5.264
"ESCA","Normal","GTEX-13X6H-1526-SM-5Q5E2",4.879
"ESCA","Normal","GTEX-13W3W-1826-SM-5IJDE",4.84
"ESCA","Normal","GTEX-ZYFC-1626-SM-5N9EU",5.234
"ESCA","Normal","GTEX-N7MS-1225-SM-3LK5G",5.226
"ESCA","Normal","GTEX-ZZPT-1426-SM-5N9C5",5.037
"ESCA","Normal","GTEX-11DYG-1326-SM-5N9DO",5.162
"ESCA","Normal","GTEX-QDVN-1026-SM-48TZA",4.865
"ESCA","Normal","GTEX-S4Z8-0826-SM-4AD4J",5.236
"ESCA","Normal","GTEX-YEC4-1026-SM-5P9FW",4.164
"ESCA","Normal","GTEX-YJ89-1526-SM-5P9IR",4.282
"ESCA","Normal","GTEX-13FHO-1726-SM-5IFGM",4.579
"ESCA","Normal","GTEX-13O3P-1226-SM-5J2O8",5.578
"ESCA","Normal","GTEX-PLZ5-0926-SM-3TW8L",4.637
"ESCA","Normal","GTEX-P4QS-0626-SM-3NMD1",4.862
"ESCA","Normal","GTEX-117YW-1926-SM-5H121",4.075
"ESCA","Normal","GTEX-OIZI-1426-SM-3NB1T",4.513
"ESCA","Normal","GTEX-WK11-1026-SM-4OOS8",5.226
"ESCA","Normal","GTEX-1212Z-2126-SM-5FQTM",4.994
"ESCA","Normal","GTEX-XLM4-2326-SM-4TT2D",5.012
"ESCA","Normal","GTEX-ZYT6-1126-SM-5GZYR",4.848
"ESCA","Normal","GTEX-139T6-0626-SM-5IFF9",4.529
"ESCA","Normal","GTEX-148VJ-1026-SM-5LU98",4.519
"ESCA","Normal","GTEX-S3XE-0926-SM-4AD4S",4.249
"ESCA","Normal","GTEX-ZEX8-1426-SM-4WKHQ",4.828
"ESCA","Normal","GTEX-12696-1326-SM-5FQTJ",4.413
"ESCA","Normal","GTEX-13G51-0926-SM-5IFFU",4.467
"ESCA","Normal","GTEX-13O21-0626-SM-5IJDI",4.564
"ESCA","Normal","GTEX-144FL-2726-SM-5O98Z",4.975
"ESCA","Normal","GTEX-ZQUD-0426-SM-57WFR",4.287
"ESCA","Normal","GTEX-ZAB5-0926-SM-5CVMV",4.74
"ESCA","Normal","GTEX-ZYW4-1326-SM-5E45N",5.063
"ESCA","Normal","GTEX-RVPV-0526-SM-47JYL",4.429
"ESCA","Normal","GTEX-V955-1126-SM-4JBH3",4.667
"ESCA","Normal","GTEX-VUSG-1226-SM-4KKZF",4.931
"ESCA","Normal","GTEX-ZT9X-0526-SM-5GCOP",4.679
"ESCA","Normal","GTEX-ZZ64-0226-SM-5E44X",4.465
"ESCA","Normal","GTEX-11DZ1-2026-SM-5A5KG",5.13
"ESCA","Normal","GTEX-139TU-1226-SM-5J2NL",5.143
"ESCA","Normal","GTEX-13QJ3-1726-SM-5RQK9",4.397
"ESCA","Normal","GTEX-13X6I-1026-SM-5LU4C",5.417
"ESCA","Normal","GTEX-OXRL-0626-SM-3NM9C",4.832
"ESCA","Normal","GTEX-1314G-0826-SM-5BC6L",4.826
"ESCA","Normal","GTEX-14A6H-1326-SM-5NQBC",3.994
"ESCA","Normal","GTEX-PLZ5-0926-SM-4RGM9",4.471
"ESCA","Normal","GTEX-11P7K-1326-SM-5BC5G",4.031
"ESCA","Normal","GTEX-Q2AI-0626-SM-48TZU",4.405
"ESCA","Normal","GTEX-R55D-1126-SM-48FEB",5.107
"ESCA","Normal","GTEX-NPJ8-1926-SM-3MJGB",5.087
"ESCA","Normal","GTEX-13OVG-0626-SM-5IFEP",4.155
"ESCA","Normal","GTEX-PVOW-1626-SM-48TC9",5.35
"ESCA","Normal","GTEX-144GN-0626-SM-5O9B2",4.438
"ESCA","Normal","GTEX-13W46-1926-SM-5J2MF",4.79
"ESCA","Normal","GTEX-X62O-2226-SM-46MW3",4.501
"ESCA","Normal","GTEX-PLZ6-0526-SM-3P61C",4.168
"ESCA","Normal","GTEX-Y5V6-1026-SM-4VBS2",4.707
"ESCA","Normal","GTEX-U3ZH-1026-SM-4DXUZ",4.976
"ESCA","Normal","GTEX-12WSA-1426-SM-5EGJU",4.925
"ESCA","Normal","GTEX-XBED-1026-SM-48TCB",4.552
"ESCA","Normal","GTEX-XQ8I-1526-SM-4BOOH",4.787
"ESCA","Normal","GTEX-13OW8-2326-SM-5L3I9",4.614
"ESCA","Normal","GTEX-S4Q7-0626-SM-4AD5M",4.36
"ESCA","Normal","GTEX-11DXY-1426-SM-5N9CN",3.703
"ESCA","Normal","GTEX-11NUK-1326-SM-5P9GN",4.866
"ESCA","Normal","GTEX-WVLH-1426-SM-4MVNX",4.698
"ESCA","Normal","GTEX-1399R-0826-SM-5IJEL",4.209
"ESCA","Normal","GTEX-X585-1226-SM-46MW7",4.734
"ESCA","Normal","GTEX-12KS4-0926-SM-5BC5S",4.704
"ESCA","Normal","GTEX-139UW-1126-SM-5IJEJ",5.15
"ESCA","Normal","GTEX-PSDG-1326-SM-48TD2",5.084
"ESCA","Normal","GTEX-YB5E-0926-SM-4WWDQ",4.282
"ESCA","Normal","GTEX-OOBK-0625-SM-3LK5P",4.976
"ESCA","Normal","GTEX-XMK1-1326-SM-4B65Q",4.918
"ESCA","Normal","GTEX-OXRN-1726-SM-3NM9B",4.101
"ESCA","Normal","GTEX-11EQ9-0726-SM-5A5K2",4.38
"ESCA","Normal","GTEX-131XE-1426-SM-5HL7V",4.416
"ESCA","Normal","GTEX-QDVJ-0726-SM-48U1W",4.663
"ESCA","Normal","GTEX-YF7O-0926-SM-5IFIF",4.426
"ESCA","Normal","GTEX-ZPU1-1426-SM-4WWFU",5.08
"ESCA","Normal","GTEX-ZVE2-1326-SM-5NQ94",5.066
"ESCA","Normal","GTEX-OIZG-1026-SM-3LK5X",4.767
"ESCA","Normal","GTEX-WHWD-0926-SM-4OORY",5.605
"ESCA","Normal","GTEX-13O61-0926-SM-5IFFE",4.392
"ESCA","Normal","GTEX-QLQ7-0926-SM-447BC",4.707
"ESCA","Normal","GTEX-1497J-2726-SM-5SI9W",5.083
"ESCA","Normal","GTEX-P4PQ-0626-SM-3NMCU",4.639
"ESCA","Normal","GTEX-QLQW-0526-SM-4R1KS",5.022
"ESCA","Normal","GTEX-RM2N-0726-SM-48FD5",4.592
"ESCA","Normal","GTEX-S33H-0826-SM-4AD5Y",4.948
"ESCA","Normal","GTEX-UPK5-1226-SM-4IHL8",4.822
"ESCA","Normal","GTEX-132Q8-1826-SM-5EGIY",4.877
"ESCA","Normal","GTEX-WHSB-0426-SM-4M1XI",4.249
"ESCA","Normal","GTEX-ZAB4-1126-SM-5HL86",4.812
"ESCA","Normal","GTEX-131XF-0826-SM-5GICG",4.368
"ESCA","Normal","GTEX-XGQ4-1526-SM-4AT6H",5.134
"ESCA","Normal","GTEX-Z9EW-0526-SM-5HL8S",4.618
"ESCA","Normal","GTEX-QEG5-1426-SM-447AS",5.284
"ESCA","Normal","GTEX-132QS-1426-SM-5P9GE",4.83
"ESCA","Normal","GTEX-13FLV-1126-SM-5J2NO",4.65
"ESCA","Normal","GTEX-NFK9-1126-SM-3LK78",4.725
"ESCA","Normal","GTEX-YEC3-2526-SM-4YCDN",4.148
"ESCA","Normal","GTEX-144GO-2726-SM-5O9A2",5.531
"ESCA","Normal","GTEX-QV31-0426-SM-447C4",5.284
"ESCA","Normal","GTEX-WOFM-0626-SM-4OOS3",4.284
"ESCA","Normal","GTEX-1399Q-1126-SM-5P9JA",4.85
"ESCA","Normal","GTEX-13PVQ-1726-SM-5IFF3",5.304
"ESCA","Normal","GTEX-XBEW-1326-SM-4AT63",4.446
"ESCA","Normal","GTEX-13FTW-1626-SM-5KM4N",4.549
"ESCA","Normal","GTEX-ZTX8-0226-SM-5E44D",4.821
"ESCA","Normal","GTEX-13S86-0826-SM-5SI6J",4.766
"ESCA","Normal","GTEX-111CU-0726-SM-5GZYD",4.684
"ESCA","Normal","GTEX-13FHP-1526-SM-5IJGE",3.976
"ESCA","Normal","GTEX-145MN-1026-SM-5NQ9G",4.566
"ESCA","Normal","GTEX-R55C-0826-SM-48FCL",4.612
"ESCA","Normal","GTEX-145MO-1426-SM-5Q5BS",5.029
"ESCA","Normal","GTEX-Y111-1626-SM-57WCY",4.949
"ESCA","Normal","GTEX-ZTSS-0626-SM-59867",4.209
"ESCA","Normal","GTEX-12WSL-1526-SM-5GCP8",4.964
"ESCA","Normal","GTEX-139YR-1726-SM-5IFFK",4.435
"ESCA","Normal","GTEX-XOTO-2126-SM-4B64U",4.545
"ESCA","Normal","GTEX-XQ3S-1126-SM-4BOPK",5.003
"ESCA","Normal","GTEX-12ZZW-1726-SM-5DUVD",5.18
"ESCA","Normal","GTEX-ZE9C-1126-SM-4WWBD",4.638
"ESCA","Normal","GTEX-ZVP2-1326-SM-57WCE",4.286
"ESCA","Normal","GTEX-U8XE-1726-SM-4E3IF",5.449
"ESCA","Normal","GTEX-14C38-2126-SM-5RQJO",5.259
"ESCA","Normal","GTEX-RUSQ-0826-SM-47JWW",5.701
"ESCA","Normal","GTEX-ZDYS-0826-SM-4WWCR",4.82
"ESCA","Normal","GTEX-OIZH-0626-SM-3NB1L",4.595
"ESCA","Normal","GTEX-QV44-1126-SM-4R1KO",4.088
"ESCA","Normal","GTEX-11TUW-1326-SM-5EQKV",5.499
"ESCA","Normal","GTEX-12C56-1226-SM-5FQSU",3.929
"ESCA","Normal","GTEX-Q2AH-0826-SM-48TZN",5.741
"ESCA","Normal","GTEX-SNMC-0526-SM-4DM69",4.279
"ESCA","Normal","GTEX-ZA64-0626-SM-5HL9O",4.299
"ESCA","Normal","GTEX-WFJO-0826-SM-4LVM5",4.721
"ESCA","Normal","GTEX-XXEK-0326-SM-4BRVV",5.36
"ESCA","Normal","GTEX-11LCK-1726-SM-5S2OQ",4.83
"ESCA","Normal","GTEX-Y3I4-1226-SM-4TT8N",4.865
"ESCA","Normal","GTEX-11TT1-0526-SM-5P9JO",5.285
"ESCA","Normal","GTEX-13O1R-1326-SM-5IJF5",5.835
"ESCA","Normal","GTEX-WHSE-1526-SM-4M1XH",5.326
"ESCA","Normal","GTEX-ZY6K-0626-SM-59HJL",4.919
"ESCA","Normal","GTEX-117YX-1626-SM-5GZZG",4.161
"ESCA","Normal","GTEX-13NYB-0926-SM-5IFFA",4.488
"ESCA","Normal","GTEX-TKQ1-0326-SM-4DXSM",4.476
"ESCA","Normal","GTEX-ZT9W-1326-SM-51MTB",3.92
"ESCA","Normal","GTEX-11NSD-1126-SM-5N9BQ",4.595
"ESCA","Normal","GTEX-11ZU8-1526-SM-5EGHX",4.399
"ESCA","Normal","GTEX-U4B1-0826-SM-4DXTW",4.685
"ESCA","Normal","GTEX-X4XY-1726-SM-46MVO",5.363
"ESCA","Normal","GTEX-Y9LG-0626-SM-4WWDH",4.028
"ESCA","Normal","GTEX-T5JC-1726-SM-4DM6U",4.844
"ESCA","Normal","GTEX-11P82-0526-SM-5986P",3.922
"ESCA","Normal","GTEX-WYJK-1926-SM-4ONDP",4.892
"ESCA","Normal","GTEX-Y8E4-1726-SM-5LU9G",4.363
"ESCA","Normal","GTEX-14E6E-0726-SM-5S2R3",4.868
"ESCA","Normal","GTEX-U3ZM-0526-SM-4DXTB",4.34
"ESCA","Normal","GTEX-ZG7Y-1126-SM-4WWEZ",4.431
"ESCA","Normal","GTEX-QESD-0826-SM-47J4G",4.675
"ESCA","Normal","GTEX-111YS-0926-SM-5EGGI",4.422
"ESCA","Normal","GTEX-X3Y1-1326-SM-4PQZB",4.51
"ESCA","Normal","GTEX-R55E-1326-SM-48FCR",4.658
"ESCA","Normal","GTEX-WQUQ-1626-SM-4OOSH",4.948
"ESCA","Normal","GTEX-RN64-1026-SM-48FDX",4.067
"ESCA","Normal","GTEX-VJYA-0726-SM-4KL1T",5.492
"ESCA","Normal","GTEX-POYW-1326-SM-48TCG",4.377
"ESCA","Normal","GTEX-S95S-0426-SM-4B64I",4.88
"ESCA","Normal","GTEX-T8EM-0526-SM-4DM64",4.428
"ESCA","Normal","GTEX-YEC3-2526-SM-5CVLS",4.225
"ESCA","Normal","GTEX-T2YK-1326-SM-4DM6S",4.899
"ESCA","Normal","GTEX-WFG8-1226-SM-5CHTQ",-9.966
"ESCA","Normal","GTEX-OHPL-0726-SM-3TW8U",5.122
"ESCA","Normal","GTEX-13SLX-1726-SM-5Q5E5",4.642
"ESCA","Normal","GTEX-ZVT3-1426-SM-59HLP",4.933
"ESCA","Normal","GTEX-ZP4G-1026-SM-4YCE1",4.562
"ESCA","Normal","GTEX-P4PP-0626-SM-3NM9X",4.539
"ESCA","Normal","GTEX-14DAQ-1426-SM-5RQJD",4.533
"ESCA","Normal","GTEX-R45C-1226-SM-48FEE",5.263
"ESCA","Normal","GTEX-R53T-1126-SM-48FD4",4.798
"ESCA","Normal","GTEX-131YS-1426-SM-5IJF7",4.592
"ESCA","Normal","GTEX-1399S-1326-SM-5P9GH",4.387
"ESCA","Normal","GTEX-X8HC-1426-SM-46MWC",5.353
"ESCA","Normal","GTEX-13OVJ-1226-SM-5L3HA",4.697
"ESCA","Normal","GTEX-1211K-0926-SM-5FQTL",4.517
"ESCA","Normal","GTEX-145LS-1826-SM-5LUAZ",4.976
"ESCA","Normal","GTEX-RTLS-1126-SM-46MUQ",4.482
"ESCA","Normal","GTEX-SE5C-1226-SM-4BRWV",4.42
"ESCA","Normal","GTEX-XV7Q-1126-SM-4BRVS",4.938
"ESCA","Normal","GTEX-11VI4-0526-SM-5EQ48",4.293
"ESCA","Normal","GTEX-13X6K-2126-SM-5O9D4",4.728
"ESCA","Normal","GTEX-11DXX-1126-SM-5GZZK",4.614
"ESCA","Normal","GTEX-WEY5-0926-SM-4LMI4",4.592
"ESCA","Normal","GTEX-13CF3-1626-SM-5IFG9",5.503
"ESCA","Normal","GTEX-11P81-0826-SM-5P9GR",4.549
"ESCA","Normal","GTEX-Y5V5-1626-SM-4VDSG",4.786
"ESCA","Normal","GTEX-13D11-1926-SM-5IFGB",4.104
"ESCA","Normal","GTEX-147F3-0826-SM-5NQA7",4.521
"ESCA","Normal","GTEX-1399U-1026-SM-5J1OC",4.924
"ESCA","Normal","GTEX-ZGAY-1126-SM-4WWBS",4.561
"ESCA","Normal","GTEX-N7MT-0326-SM-48TDP",5.041
"ESCA","Normal","GTEX-12WSD-1826-SM-5GCOA",4.818
"ESCA","Normal","GTEX-P4QT-0626-SM-3NMCP",4.517
"ESCA","Normal","GTEX-RNOR-1226-SM-48FDQ",4.797
"ESCA","Normal","GTEX-145ME-0526-SM-5QGQV",4.833
"ESCA","Normal","GTEX-14BIN-2726-SM-5RQIE",4.726
"ESCA","Normal","GTEX-PLZ4-1626-SM-3P618",5.011
"ESCA","Normal","GTEX-OXRK-1326-SM-3NB1A",4.183
"ESCA","Normal","GTEX-WXYG-1226-SM-4ONCJ",4.418
"ESCA","Normal","GTEX-QCQG-0626-SM-48U21",4.563
"ESCA","Normal","GTEX-13W3W-1626-SM-5LU35",4.404
"ESCA","Normal","GTEX-T2IS-0826-SM-4DM6L",4.584
"ESCA","Normal","GTEX-146FR-0426-SM-5SI97",4.44
"ESCA","Normal","GTEX-RU72-0726-SM-46MUW",4.993
"ESCA","Normal","GTEX-TML8-1526-SM-4DXUX",4.106
"ESCA","Normal","GTEX-X4EO-1226-SM-4QARR",4.963
"ESCA","Normal","GTEX-S4P3-0426-SM-4AD56",4.831
"ESCA","Normal","GTEX-XMD2-1326-SM-4YCET",4.687
"ESCA","Normal","GTEX-133LE-0626-SM-5IFFJ",4.907
"ESCA","Normal","GTEX-X4EP-1626-SM-4QAS6",5.163
"ESCA","Normal","GTEX-ZYVF-2226-SM-5GIDD",4.918
"ESCA","Normal","GTEX-11ZTS-2626-SM-5EGIC",4.811
"ESCA","Normal","GTEX-R3RS-1326-SM-48FE7",5.958
"ESCA","Normal","GTEX-131XG-1026-SM-5GCMX",4.473
"ESCA","Normal","GTEX-O5YV-1026-SM-3LK72",4.611
"ESCA","Normal","GTEX-P78B-1026-SM-3NMC4",5.121
"ESCA","Normal","GTEX-ZF29-1326-SM-4WWB6",4.383
"ESCA","Normal","GTEX-ZF3C-1626-SM-4WWB4",4.936
"ESCA","Normal","GTEX-X15G-0826-SM-4PQZD",4.919
"ESCA","Normal","GTEX-11GSP-1826-SM-5N9DQ",4.843
"ESCA","Normal","GTEX-1122O-1726-SM-5GICM",4.315
"ESCA","Normal","GTEX-12WS9-1526-SM-5FQT4",5.763
"ESCA","Normal","GTEX-13FH7-0526-SM-5IJF8",5.103
"ESCA","Normal","GTEX-XUZC-0426-SM-4BOPE",4.255
"ESCA","Normal","GTEX-132AR-2226-SM-5J2NT",4.637
"ESCA","Normal","GTEX-13X6H-1326-SM-5LU42",5.31
"ESCA","Normal","GTEX-UPIC-1026-SM-4IHLT",4.925
"ESCA","Normal","GTEX-Y8LW-0726-SM-5IFI1",4.529
"ESCA","Normal","GTEX-1269C-1026-SM-5N9EY",4.302
"ESCA","Normal","GTEX-T5JW-1326-SM-4DM5G",4.567
"ESCA","Normal","GTEX-TSE9-1226-SM-4DXTM",5.402
"ESCA","Normal","GTEX-13U4I-1126-SM-5LU3S",4.796
"ESCA","Normal","GTEX-14AS3-0626-SM-5QGQD",4.312
"ESCA","Normal","GTEX-PWCY-0726-SM-48TCS",4.456
"ESCA","Normal","GTEX-W5WG-1626-SM-4LMKG",4.032
"ESCA","Normal","GTEX-Q2AG-1326-SM-43V8K",3.869
"ESCA","Normal","GTEX-Y3IK-1126-SM-51MSV",4.265
"ESCA","Normal","GTEX-S32W-0926-SM-4AD5X",4.865
"ESCA","Normal","GTEX-ZVT2-1326-SM-5E45H",3.918
"ESCA","Normal","GTEX-12ZZX-1326-SM-5DUWI",4.699
"ESCA","Normal","GTEX-XYKS-1526-SM-4BRUP",4.766
"ESCA","Normal","GTEX-YFC4-1226-SM-5LU9R",4.903
"ESCA","Normal","GTEX-ZC5H-1326-SM-5HL7E",4.394
"ESCA","Normal","GTEX-WRHK-0526-SM-4MVOF",4.147
"ESCA","Normal","GTEX-ZPCL-1426-SM-57WEC",4.491
"ESCA","Normal","GTEX-13QBU-1026-SM-5LU3R",4.494
"ESCA","Normal","GTEX-146FH-1726-SM-5QGQ2",4.883
"ESCA","Normal","GTEX-14H4A-1626-SM-5SI69",3.963
"ESCA","Normal","GTEX-WYVS-0726-SM-4ONDO",4.088
"ESCA","Normal","GTEX-PWN1-0626-SM-48TDT",4.172
"ESCA","Normal","GTEX-QVUS-0626-SM-447CC",4.756
"ESCA","Normal","GTEX-R55G-1026-SM-48FDI",4.497
"ESCA","Normal","GTEX-S341-0526-SM-4AD5U",4.444
"ESCA","Normal","GTEX-12WSK-1126-SM-5LZV8",4.447
"ESCA","Normal","GTEX-T6MO-0526-SM-4DM6R",4.295
"ESCA","Normal","GTEX-ZTPG-1626-SM-5DUX2",5.714
"ESCA","Normal","GTEX-14BMU-0926-SM-5S2QB",4.809
"ESCA","Normal","GTEX-13PVR-1826-SM-5Q5CC",3.866
"ESCA","Normal","GTEX-ZLV1-0526-SM-4WWD4",4.183
"ESCA","Normal","GTEX-13FTX-0526-SM-5IFGS",4.33
"ESCA","Normal","GTEX-OXRP-0926-SM-48TC1",4.976
"ESCA","Normal","GTEX-11I78-1526-SM-5A5K7",4.609
"ESCA","Normal","GTEX-ZQG8-2226-SM-5DUWD",5.025
"ESCA","Normal","GTEX-W5X1-1126-SM-5CHTH",-9.966
"ESCA","Normal","GTEX-11ZUS-0926-SM-5FQSY",4.772
"ESCA","Normal","GTEX-13FHP-1626-SM-5N9FK",4.786
"ESCA","Normal","GTEX-YECK-1726-SM-5IFI3",5.114
"ESCA","Normal","GTEX-12ZZY-1526-SM-5LZWF",5.016
"ESCA","Normal","GTEX-13OW6-1426-SM-5L3EU",4.937
"ESCA","Normal","GTEX-117YW-2026-SM-5N9BH",4.498
"ESCA","Normal","GTEX-13X6J-1626-SM-5Q5CV",3.756
"ESCA","Normal","GTEX-OIZG-0926-SM-3LK5Y",5.235
"ESCA","Normal","GTEX-11ONC-1426-SM-5N9F4",4.926
"ESCA","Normal","GTEX-13OW8-2226-SM-5K7Z4",4.743
"ESCA","Normal","GTEX-N7MS-1126-SM-3LK5E",4.938
"ESCA","Normal","GTEX-11DXY-1526-SM-5H129",4.931
"ESCA","Normal","GTEX-14C5O-1726-SM-5RQI9",4.88
"ESCA","Normal","GTEX-14BMV-1426-SM-5S2WA",5.254
"ESCA","Normal","GTEX-13NYB-0826-SM-5MR4V",5.15
"ESCA","Normal","GTEX-ZYFC-1726-SM-5GZYX",5.213
"ESCA","Normal","GTEX-11GS4-1426-SM-5N9D2",4.463
"ESCA","Normal","GTEX-11OF3-2226-SM-5986F",4.119
"ESCA","Normal","GTEX-11DYG-1426-SM-5A5JR",5.041
"ESCA","Normal","GTEX-T6MN-1526-SM-4DM5P",5.47
"ESCA","Normal","GTEX-P4PQ-0726-SM-3NMCR",5.31
"ESCA","Normal","GTEX-13G51-1026-SM-5K7YQ",4.997
"ESCA","Normal","GTEX-RWSA-1326-SM-47JX9",5.349
"ESCA","Normal","GTEX-14753-1926-SM-5NQAA",4.306
"ESCA","Normal","GTEX-WZTO-1526-SM-4PQYQ",5.197
"ESCA","Normal","GTEX-13YAN-2026-SM-5Q5EY",5.264
"ESCA","Normal","GTEX-PLZ5-0826-SM-3P5ZW",5.596
"ESCA","Normal","GTEX-ZYT6-1226-SM-5E44Q",5.155
"ESCA","Normal","GTEX-11NUK-1426-SM-5HL68",4.628
"ESCA","Normal","GTEX-13FLV-1226-SM-5IJBZ",5.084
"ESCA","Normal","GTEX-139YR-1626-SM-5IJGK",5.238
"ESCA","Normal","GTEX-XQ3S-1226-SM-4BOPP",5.361
"ESCA","Normal","GTEX-PLZ5-0826-SM-4E3JR",5.436
"ESCA","Normal","GTEX-13O1R-1526-SM-5J1O7",5.681
"ESCA","Normal","GTEX-VUSG-1126-SM-4KKZQ",5.317
"ESCA","Normal","GTEX-ZYW4-1426-SM-5SIAX",5.155
"ESCA","Normal","GTEX-1212Z-2026-SM-5N9EA",5.299
"ESCA","Normal","GTEX-145MO-1526-SM-5QGQC",5.12
"ESCA","Normal","GTEX-T5JC-1826-SM-4DM6E",4.81
"ESCA","Normal","GTEX-TKQ2-1226-SM-4DXSV",4.812
"ESCA","Normal","GTEX-Y111-1726-SM-4SOIQ",5.328
"ESCA","Normal","GTEX-V1D1-1126-SM-4JBHT",5.133
"ESCA","Normal","GTEX-12KS4-1026-SM-5FQTD",5.056
"ESCA","Normal","GTEX-WHWD-1026-SM-4OORZ",5.264
"ESCA","Normal","GTEX-NPJ8-2026-SM-3TW91",5.486
"ESCA","Normal","GTEX-145MH-1226-SM-5RQJT",5.313
"ESCA","Normal","GTEX-O5YT-0726-SM-3MJHA",5.496
"ESCA","Normal","GTEX-WHPG-1226-SM-4M1ZI",4.498
"ESCA","Normal","GTEX-11UD2-1226-SM-5EQMI",4.966
"ESCA","Normal","GTEX-OHPJ-1326-SM-3MJHG",5.118
"ESCA","Normal","GTEX-QEG5-1326-SM-4R1JS",5.624
"ESCA","Normal","GTEX-REY6-1426-SM-48FDK",5.715
"ESCA","Normal","GTEX-13PVQ-1826-SM-5L3GU",5.31
"ESCA","Normal","GTEX-OXRL-0726-SM-3NM9A",5.359
"ESCA","Normal","GTEX-PLZ6-0626-SM-3P61B",5.107
"ESCA","Normal","GTEX-YJ8A-1226-SM-5IFHH",4.892
"ESCA","Normal","GTEX-1399R-0726-SM-5KM2A",4.879
"ESCA","Normal","GTEX-12696-1426-SM-5EGJ6",5.136
"ESCA","Normal","GTEX-11NSD-1226-SM-5986Q",4.794
"ESCA","Normal","GTEX-U8XE-1826-SM-4E3HV",6.259
"ESCA","Normal","GTEX-ZTTD-1426-SM-4YCEX",5.74
"ESCA","Normal","GTEX-OIZI-1326-SM-3NB1B",5.339
"ESCA","Normal","GTEX-11LCK-1626-SM-5PNYB",5.419
"ESCA","Normal","GTEX-13O3P-1326-SM-5K7Y8",5.596
"ESCA","Normal","GTEX-Y3I4-1026-SM-4TT2C",5.14
"ESCA","Normal","GTEX-ZDYS-0926-SM-4WWCS",5.248
"ESCA","Normal","GTEX-OOBK-0726-SM-3LK5Q",5.101
"ESCA","Normal","GTEX-ZY6K-0526-SM-5GZY9",5.309
"ESCA","Normal","GTEX-139TU-1326-SM-5LZXW",5.253
"ESCA","Normal","GTEX-131XE-1226-SM-5EGKF",5.573
"ESCA","Normal","GTEX-13QJ3-1826-SM-5S2PT",4.745
"ESCA","Normal","GTEX-OHPM-0726-SM-3LK7A",5.427
"ESCA","Normal","GTEX-PSDG-1426-SM-48TD1",5.59
"ESCA","Normal","GTEX-WFJO-0726-SM-4LVM8",5.283
"ESCA","Normal","GTEX-PLZ6-0626-SM-5K7WJ",5.04
"ESCA","Normal","GTEX-S4Q7-0526-SM-4AD5N",5.521
"ESCA","Normal","GTEX-11P82-0626-SM-5PNYK",5.126
"ESCA","Normal","GTEX-ZLFU-1026-SM-5EQMZ",5.237
"ESCA","Normal","GTEX-U4B1-0926-SM-4DXUV",5.467
"ESCA","Normal","GTEX-YEC3-1926-SM-4WWF5",4.749
"ESCA","Normal","GTEX-YEC3-1926-SM-5IFIT",4.549
"ESCA","Normal","GTEX-R55D-1226-SM-48FE9",5.095
"ESCA","Normal","GTEX-ZT9W-1226-SM-57WE4",4.59
"ESCA","Normal","GTEX-QXCU-1126-SM-48FE5",5.438
"ESCA","Normal","GTEX-ZZ64-0326-SM-5E45S",4.768
"ESCA","Normal","GTEX-13FTW-1526-SM-5LZXC",5.413
"ESCA","Normal","GTEX-RM2N-0626-SM-48FD6",5.05
"ESCA","Normal","GTEX-YF7O-0826-SM-4W21F",5.044
"ESCA","Normal","GTEX-QDVN-1126-SM-48TZ7",5.529
"ESCA","Normal","GTEX-12BJ1-1426-SM-5BC5Q",4.669
"ESCA","Normal","GTEX-148VJ-1126-SM-5NQBZ",4.906
"ESCA","Normal","GTEX-WFG8-1026-SM-4LVMZ",5.038
"ESCA","Normal","GTEX-Y5V6-1126-SM-4VDTD",5.255
"ESCA","Normal","GTEX-13111-0926-SM-5DUVQ",4.714
"ESCA","Normal","GTEX-14E6C-0926-SM-5S2V9",5.623
"ESCA","Normal","GTEX-13O21-0826-SM-5J2NU",5.135
"ESCA","Normal","GTEX-U3ZH-1126-SM-4DXUG",5.18
"ESCA","Normal","GTEX-XXEK-0426-SM-4BRVW",5.231
"ESCA","Normal","GTEX-ZQUD-0326-SM-4YCEN",5.017
"ESCA","Normal","GTEX-QV44-1026-SM-447CG",5.192
"ESCA","Normal","GTEX-ZPU1-1326-SM-57WE1",5.247
"ESCA","Normal","GTEX-WHSE-1626-SM-4M1XL",5.082
"ESCA","Normal","GTEX-S95S-0326-SM-4B66U",5.258
"ESCA","Normal","GTEX-VJYA-0626-SM-4KL1S",5.368
"ESCA","Normal","GTEX-11TUW-1226-SM-5GU7C",5.365
"ESCA","Normal","GTEX-13S86-0726-SM-5Q5DH",5.508
"ESCA","Normal","GTEX-TKQ1-0426-SM-4DXT4",5.197
"ESCA","Normal","GTEX-QDVJ-0826-SM-48U1S",5.526
"ESCA","Normal","GTEX-QMRM-0926-SM-447BR",4.837
"ESCA","Normal","GTEX-111YS-1026-SM-5GZYE",4.574
"ESCA","Normal","GTEX-14B4R-0426-SM-5Q5EI",5.326
"ESCA","Normal","GTEX-QLQW-0626-SM-447A6",5.296
"ESCA","Normal","GTEX-Z9EW-0626-SM-5HL95",5.297
"ESCA","Normal","GTEX-R55C-0726-SM-48FCN",5.122
"ESCA","Normal","GTEX-WOFM-0526-SM-4OOS2",4.874
"ESCA","Normal","GTEX-ZTSS-0726-SM-51MSN",4.855
"ESCA","Normal","GTEX-11EQ9-0826-SM-5986Y",4.971
"ESCA","Normal","GTEX-QLQ7-1026-SM-447BB",5.121
"ESCA","Normal","GTEX-V955-1026-SM-4JBHO",4.962
"ESCA","Normal","GTEX-ZAB5-1026-SM-5HL91",5.138
"ESCA","Normal","GTEX-WY7C-1326-SM-4ONCX",4.886
"ESCA","Normal","GTEX-131XF-0926-SM-5BC69",4.581
"ESCA","Normal","GTEX-145LV-1426-SM-5Q5BV",4.972
"ESCA","Normal","GTEX-QESD-0726-SM-4R1KQ",4.429
"ESCA","Normal","GTEX-XPVG-1326-SM-4B65P",5.17
"ESCA","Normal","GTEX-YFCO-0526-SM-4W1ZJ",5.077
"ESCA","Normal","GTEX-12C56-1126-SM-5FQTO",4.868
"ESCA","Normal","GTEX-SNMC-0426-SM-4DM5Y",4.836
"ESCA","Normal","GTEX-QEL4-1526-SM-447AB",5.935
"ESCA","Normal","GTEX-SNOS-0726-SM-4DM5Z",4.81
"ESCA","Normal","GTEX-YEC4-1126-SM-5CVLW",4.878
"ESCA","Normal","GTEX-13OVG-0926-SM-5J2OJ",5.119
"ESCA","Normal","GTEX-XBEW-1426-SM-4AT4J",5.251
"ESCA","Normal","GTEX-ZDTT-1226-SM-4WKG9",4.738
"ESCA","Normal","GTEX-RUSQ-0926-SM-47JWU",5.062
"ESCA","Normal","GTEX-S3XE-0826-SM-4AD4U",5.274
"ESCA","Normal","GTEX-ZTX8-0326-SM-59HLA",5.168
"ESCA","Normal","GTEX-XBED-0926-SM-48TCE",5.34
"ESCA","Normal","GTEX-XQ8I-1626-SM-4BOOI",5.671
"ESCA","Normal","GTEX-11P7K-1226-SM-5HL4X",5.076
"ESCA","Normal","GTEX-P4QS-0726-SM-3NMCZ",5.178
"ESCA","Normal","GTEX-NFK9-1226-SM-3LK79",5.355
"ESCA","Normal","GTEX-SIU7-1326-SM-4BRWW",5.316
"ESCA","Normal","GTEX-WH7G-1026-SM-4LVML",4.844
"ESCA","Normal","GTEX-WHSB-0526-SM-4M1XM",5.067
"ESCA","Normal","GTEX-111CU-0626-SM-5EGHL",5.35
"ESCA","Normal","GTEX-11WQK-1826-SM-5EQM2",5.568
"ESCA","Normal","GTEX-139T6-0726-SM-5PNVK",4.949
"ESCA","Normal","GTEX-X3Y1-1226-SM-4PQZ8",5.228
"ESCA","Normal","GTEX-ZG7Y-1326-SM-4WWBL",5.46
"ESCA","Normal","GTEX-145LT-1226-SM-5Q5BZ",4.392
"ESCA","Normal","GTEX-ZA64-0526-SM-5HL9I",4.823
"ESCA","Normal","GTEX-WFON-0926-SM-4LVMK",4.998
"ESCA","Normal","GTEX-YB5E-0826-SM-4VDRZ",5.067
"ESCA","Normal","GTEX-ZVZP-1426-SM-5NQ7R",4.8
"ESCA","Normal","GTEX-12WSL-1326-SM-5LZVW",5.609
"ESCA","Normal","GTEX-WFG7-1026-SM-4LMK8",5.254
"ESCA","Normal","GTEX-QV31-0526-SM-447C3",4.355
"ESCA","Normal","GTEX-ZGAY-1226-SM-4YCF4",5.084
"ESCA","Normal","GTEX-11GSP-1726-SM-5A5LI",5.071
"ESCA","Normal","GTEX-RNOR-1326-SM-48FDE",5.136
"ESCA","Normal","GTEX-Y3IK-1226-SM-4WWEK",5.119
"ESCA","Normal","GTEX-Q734-0826-SM-48U1G",4.975
"ESCA","Normal","GTEX-ZYY3-1626-SM-5EGJF",5.373
"ESCA","Normal","GTEX-T2IS-0926-SM-4DM5B",5.187
"ESCA","Normal","GTEX-N7MT-0226-SM-48TC3",5.63
"ESCA","Normal","GTEX-139D8-1426-SM-5IJEX",4.921
"ESCA","Normal","GTEX-RU72-0826-SM-46MUS",5.266
"ESCA","Normal","GTEX-POMQ-0626-SM-3P61E",5.301
"ESCA","Normal","GTEX-QDT8-1326-SM-48TYY",5.115
"ESCA","Normal","GTEX-R53T-1026-SM-48FCO",5.479
"ESCA","Normal","GTEX-PX3G-0726-SM-48TZT",4.904
"ESCA","Normal","GTEX-ZYVF-2326-SM-5E44Z",5.105
"ESCA","Normal","GTEX-RTLS-1226-SM-46MUP",5.194
"ESCA","Normal","GTEX-ZF2S-1126-SM-4WKHH",4.479
"ESCA","Normal","GTEX-P78B-1126-SM-3P615",5.193
"ESCA","Normal","GTEX-13PL7-0326-SM-5IJEK",4.855
"ESCA","Normal","GTEX-P4PP-0726-SM-3NM9S",5.267
"ESCA","Normal","GTEX-SE5C-1326-SM-4BRUH",5.519
"ESCA","Normal","GTEX-146FH-1626-SM-5NQ9H",5.379
"ESCA","Normal","GTEX-146FR-0526-SM-5Q5EX",4.931
"ESCA","Normal","GTEX-QCQG-0726-SM-48U1Z",5.304
"ESCA","Normal","GTEX-UPIC-0626-SM-4IHK2",5.388
"ESCA","Normal","GTEX-113JC-0926-SM-5H114",4.57
"ESCA","Normal","GTEX-X15G-0926-SM-4PQZE",5.662
"ESCA","Normal","GTEX-13OVJ-1326-SM-5K7Z9",4.623
"ESCA","Normal","GTEX-XV7Q-1026-SM-4BRVR",5.506
"ESCA","Normal","GTEX-ZLWG-1226-SM-4WWFS",4.959
"ESCA","Normal","GTEX-13U4I-1226-SM-5LU5M",5.135
"ESCA","Normal","GTEX-S4P3-0526-SM-4AD58",5.32
"ESCA","Normal","GTEX-133LE-0726-SM-5P9IZ",4.923
"ESCA","Normal","GTEX-W5WG-1526-SM-4LMIG",4.598
"ESCA","Normal","GTEX-11VI4-0626-SM-5EQLO",4.685
"ESCA","Normal","GTEX-13QBU-0926-SM-5K7WQ",5.082
"ESCA","Normal","GTEX-132AR-2326-SM-5IJDY",5.612
"ESCA","Normal","GTEX-ZYWO-0926-SM-5E43J",5.453
"ESCA","Normal","GTEX-13FH7-0726-SM-5J2NK",5.282
"ESCA","Normal","GTEX-U3ZN-1826-SM-4DXUY",5.089
"ESCA","Normal","GTEX-ZLV1-0626-SM-4WWF6",4.947
"ESCA","Normal","GTEX-UJHI-0926-SM-4IHKF",5.284
"ESCA","Normal","GTEX-WXYG-1126-SM-4ONCH",5.322
"ESCA","Normal","GTEX-ZP4G-0926-SM-4WWF4",5.522
"ESCA","Normal","GTEX-S341-0426-SM-4AD5L",4.976
"ESCA","Normal","GTEX-11P81-0926-SM-59874",5.109
"ESCA","Normal","GTEX-TML8-1426-SM-4DXUT",5.089
"ESCA","Normal","GTEX-145ME-0626-SM-5O99Q",4.985
"ESCA","Normal","GTEX-13113-1026-SM-5LZWM",5.616
"ESCA","Normal","GTEX-XUW1-1526-SM-4BOOY",5.341
"ESCA","Normal","GTEX-ZPIC-1626-SM-57WEB",4.956
"ESCA","Normal","GTEX-13W3W-1726-SM-5LU4A",5.018
"ESCA","Normal","GTEX-ZF29-1226-SM-4WKH1",5.059
"ESCA","Normal","GTEX-ZZPU-1826-SM-5E43L",5.282
"ESCA","Normal","GTEX-OHPL-0626-SM-3MJGJ",4.922
"ESCA","Normal","GTEX-PWCY-0826-SM-48TCR",5.218
"ESCA","Normal","GTEX-11ZTT-0926-SM-5EQMS",5.19
"ESCA","Normal","GTEX-R55G-0926-SM-48FDN",5.501
"ESCA","Normal","GTEX-XYKS-1126-SM-4BRWP",5.143
"ESCA","Normal","GTEX-WRHK-0426-SM-4MVOG",5.072
"ESCA","Normal","GTEX-RWS6-0726-SM-47JXI",5.113
"ESCA","Normal","GTEX-S7SF-1026-SM-4AD4I",5.555
"ESCA","Normal","GTEX-TMMY-1226-SM-4DXT6",5.454
"ESCA","Normal","GTEX-ZVT2-1226-SM-5GU5H",4.826
"ESCA","Normal","GTEX-14AS3-0726-SM-5S2NY",5.131
"ESCA","Normal","GTEX-1399S-1226-SM-5J1O6",4.701
"ESCA","Normal","GTEX-131XG-0926-SM-5LZW5",5.859
"ESCA","Normal","GTEX-XUJ4-0926-SM-4BOPA",4.802
"ESCA","Normal","GTEX-ZXES-1226-SM-5NQ8G",4.911
"ESCA","Normal","GTEX-11I78-1426-SM-5PNVY",4.962
"ESCA","Normal","GTEX-PWOO-1026-SM-48TCN",5.547
"ESCA","Normal","GTEX-12WSJ-0726-SM-5GCN6",5.257
"ESCA","Normal","GTEX-1211K-1026-SM-5EQ4B",4.892
"ESCA","Normal","GTEX-11DXX-1026-SM-5H11E",4.993
"ESCA","Normal","GTEX-PWN1-0726-SM-48TDR",5.29
"ESCA","Normal","GTEX-T5JW-1426-SM-4DM5Q",5.392
"ESCA","Normal","GTEX-WEY5-1026-SM-4LMK9",5.241
"ESCA","Normal","GTEX-Y5LM-1126-SM-4VDT5",5.074
"ESCA","Normal","GTEX-RU1J-0426-SM-46MUK",5.533
"ESCA","Normal","GTEX-ZPCL-1226-SM-4WWFF",5.204
"ESCA","Normal","GTEX-T6MO-0626-SM-4DM6P",4.937
"ESCA","Normal","GTEX-S32W-1026-SM-4AD5W",5.163
"ESCA","Normal","GTEX-Y8LW-0626-SM-4VDS8",5.502
"ESCA","Normal","GTEX-ZTPG-1526-SM-51MTF",5.295
"ESCA","Normal","GTEX-13X6H-1426-SM-5SI91",4.777
"ESCA","Normal","GTEX-TSE9-1326-SM-5CHR5",-9.966
"ESCA","Normal","GTEX-W5X1-1026-SM-5CHSO",-9.966
"GBM","Tumor","TCGA-41-2571-01",5.939
"GBM","Tumor","TCGA-16-0846-01",5.973
"GBM","Tumor","TCGA-06-2559-01",6.136
"GBM","Tumor","TCGA-32-2634-01",5.753
"GBM","Tumor","TCGA-06-2562-01",5.76
"GBM","Tumor","TCGA-32-2632-01",5.856
"GBM","Tumor","TCGA-02-0047-01",5.42
"GBM","Tumor","TCGA-06-2557-01",5.788
"GBM","Tumor","TCGA-76-4925-01",6.38
"GBM","Tumor","TCGA-06-0878-01",5.434
"GBM","Tumor","TCGA-08-0386-01",6.59
"GBM","Tumor","TCGA-26-5132-01",7.096
"GBM","Tumor","TCGA-26-5134-01",3.515
"GBM","Tumor","TCGA-06-0158-01",6.049
"GBM","Tumor","TCGA-28-5204-01",5.97
"GBM","Tumor","TCGA-28-5213-01",4.839
"GBM","Tumor","TCGA-32-1980-01",5.345
"GBM","Tumor","TCGA-06-0644-01",5.926
"GBM","Tumor","TCGA-28-5207-01",5.413
"GBM","Tumor","TCGA-14-1825-01",5.683
"GBM","Tumor","TCGA-19-2620-01",6.081
"GBM","Tumor","TCGA-06-0187-01",5.66
"GBM","Tumor","TCGA-06-0743-01",6.424
"GBM","Tumor","TCGA-14-0787-01",5.771
"GBM","Tumor","TCGA-76-4926-01",5.38
"GBM","Tumor","TCGA-06-0219-01",3.299
"GBM","Tumor","TCGA-06-5413-01",5.315
"GBM","Tumor","TCGA-28-5220-01",5.305
"GBM","Tumor","TCGA-41-2572-01",6.171
"GBM","Tumor","TCGA-06-0744-01",6.125
"GBM","Tumor","TCGA-27-1831-01",3.789
"GBM","Tumor","TCGA-32-5222-01",4.926
"GBM","Tumor","TCGA-06-2567-01",5.914
"GBM","Tumor","TCGA-15-0742-01",6.625
"GBM","Tumor","TCGA-06-0184-01",5.654
"GBM","Tumor","TCGA-06-5859-01",5.415
"GBM","Tumor","TCGA-27-2523-01",5.74
"GBM","Tumor","TCGA-28-5218-01",5.596
"GBM","Tumor","TCGA-06-0141-01",5.089
"GBM","Tumor","TCGA-06-0190-01",6.506
"GBM","Tumor","TCGA-12-0821-01",5.705
"GBM","Tumor","TCGA-27-2528-01",6.033
"GBM","Tumor","TCGA-32-2615-01",6.002
"GBM","Tumor","TCGA-06-5414-01",6.093
"GBM","Tumor","TCGA-06-0646-01",6.243
"GBM","Tumor","TCGA-06-5415-01",5.685
"GBM","Tumor","TCGA-12-0619-01",5.825
"GBM","Tumor","TCGA-12-3652-01",5.659
"GBM","Tumor","TCGA-19-2629-01",6.909
"GBM","Tumor","TCGA-06-0745-01",5.748
"GBM","Tumor","TCGA-06-2565-01",6.07
"GBM","Tumor","TCGA-26-5133-01",7.199
"GBM","Tumor","TCGA-28-2499-01",5.445
"GBM","Tumor","TCGA-32-1970-01",6.262
"GBM","Tumor","TCGA-06-5856-01",5.895
"GBM","Tumor","TCGA-76-4927-01",6.074
"GBM","Tumor","TCGA-06-0156-01",5.373
"GBM","Tumor","TCGA-14-1829-01",3.254
"GBM","Tumor","TCGA-27-1830-01",5.847
"GBM","Tumor","TCGA-19-5960-01",5.722
"GBM","Tumor","TCGA-27-1834-01",5.585
"GBM","Tumor","TCGA-27-2524-01",6.25
"GBM","Tumor","TCGA-06-0130-01",5.589
"GBM","Tumor","TCGA-06-0174-01",6.437
"GBM","Tumor","TCGA-14-0789-01",6.253
"GBM","Tumor","TCGA-02-2485-01",6.452
"GBM","Tumor","TCGA-06-0686-01",6.237
"GBM","Tumor","TCGA-06-0747-01",6.804
"GBM","Tumor","TCGA-28-1753-01",6.341
"GBM","Tumor","TCGA-28-5208-01",5.884
"GBM","Tumor","TCGA-28-5216-01",5.752
"GBM","Tumor","TCGA-06-5411-01",5.103
"GBM","Tumor","TCGA-19-2624-01",6.173
"GBM","Tumor","TCGA-06-0749-01",5.804
"GBM","Tumor","TCGA-06-2564-01",5.633
"GBM","Tumor","TCGA-06-0132-01",4.837
"GBM","Tumor","TCGA-12-0618-01",6.546
"GBM","Tumor","TCGA-14-0781-01",5.767
"GBM","Tumor","TCGA-19-1787-01",5.228
"GBM","Tumor","TCGA-27-2519-01",5.91
"GBM","Tumor","TCGA-41-3915-01",5.83
"GBM","Tumor","TCGA-06-0211-01",5.832
"GBM","Tumor","TCGA-06-0238-01",4.628
"GBM","Tumor","TCGA-12-3650-01",5.825
"GBM","Tumor","TCGA-28-2514-01",6.511
"GBM","Tumor","TCGA-28-1747-01",5.598
"GBM","Tumor","TCGA-02-2483-01",5.921
"GBM","Tumor","TCGA-06-0138-01",4.923
"GBM","Tumor","TCGA-06-0750-01",6.002
"GBM","Tumor","TCGA-26-1442-01",5.793
"GBM","Tumor","TCGA-06-0139-01",4.08
"GBM","Tumor","TCGA-06-0178-01",3.292
"GBM","Tumor","TCGA-19-4065-01",4.684
"GBM","Tumor","TCGA-27-1837-01",5.909
"GBM","Tumor","TCGA-27-2521-01",5.972
"GBM","Tumor","TCGA-06-0129-01",5.941
"GBM","Tumor","TCGA-06-0882-01",5.319
"GBM","Tumor","TCGA-15-1444-01",5.634
"GBM","Tumor","TCGA-76-4928-01",5.24
"GBM","Tumor","TCGA-06-1804-01",6.823
"GBM","Tumor","TCGA-27-2526-01",5.02
"GBM","Tumor","TCGA-06-5412-01",5.637
"GBM","Tumor","TCGA-26-5136-01",5.413
"GBM","Tumor","TCGA-28-2509-01",6.162
"GBM","Tumor","TCGA-19-2625-01",6.364
"GBM","Tumor","TCGA-32-1982-01",5.287
"GBM","Tumor","TCGA-76-4929-01",5.882
"GBM","Tumor","TCGA-06-2558-01",5.561
"GBM","Tumor","TCGA-06-5418-01",6.02
"GBM","Tumor","TCGA-14-0871-01",6.101
"GBM","Tumor","TCGA-06-0649-01",5.236
"GBM","Tumor","TCGA-06-0210-01",5.827
"GBM","Tumor","TCGA-06-2563-01",5.968
"GBM","Tumor","TCGA-06-5410-01",5.205
"GBM","Tumor","TCGA-26-5135-01",6.749
"GBM","Tumor","TCGA-76-4931-01",6.246
"GBM","Tumor","TCGA-14-0817-01",5.052
"GBM","Tumor","TCGA-28-2513-01",6.325
"GBM","Tumor","TCGA-28-5209-01",6.769
"GBM","Tumor","TCGA-26-5139-01",6.372
"GBM","Tumor","TCGA-14-0790-01",5.664
"GBM","Tumor","TCGA-06-0125-01",6.324
"GBM","Tumor","TCGA-06-0157-01",5.694
"GBM","Tumor","TCGA-19-1390-01",6.796
"GBM","Tumor","TCGA-41-4097-01",6.492
"GBM","Tumor","TCGA-02-0055-01",5.473
"GBM","Tumor","TCGA-12-1597-01",4.867
"GBM","Tumor","TCGA-28-5215-01",5.865
"GBM","Tumor","TCGA-12-5295-01",4.775
"GBM","Tumor","TCGA-14-1034-01",5.809
"GBM","Tumor","TCGA-06-0168-01",5.751
"GBM","Tumor","TCGA-27-1832-01",6.184
"GBM","Tumor","TCGA-41-5651-01",6.562
"GBM","Tumor","TCGA-14-1823-01",3.914
"GBM","Tumor","TCGA-12-5299-01",5.59
"GBM","Tumor","TCGA-06-0645-01",6.043
"GBM","Tumor","TCGA-19-2619-01",6.321
"GBM","Tumor","TCGA-06-5408-01",6.278
"GBM","Tumor","TCGA-06-2561-01",5.74
"GBM","Tumor","TCGA-27-1835-01",5.919
"GBM","Tumor","TCGA-14-2554-01",4.905
"GBM","Tumor","TCGA-76-4932-01",5.691
"GBM","Tumor","TCGA-16-1045-01",5.497
"GBM","Tumor","TCGA-32-2616-01",7.037
"GBM","Tumor","TCGA-32-4213-01",4.184
"GBM","Tumor","TCGA-06-5417-01",4.93
"GBM","Tumor","TCGA-06-5858-01",6.555
"GBM","Tumor","TCGA-12-0616-01",5.049
"GBM","Tumor","TCGA-12-3653-01",5.85
"GBM","Tumor","TCGA-06-2569-01",5.903
"GBM","Tumor","TCGA-06-5416-01",5.695
"GBM","Tumor","TCGA-06-2570-01",5.778
"GBM","Tumor","TCGA-28-2510-01",5.84
"GBM","Normal","TCGA-06-0675-11",5.708
"GBM","Normal","TCGA-06-0678-11",5.878
"GBM","Normal","TCGA-06-0680-11",5.765
"GBM","Normal","TCGA-06-0681-11",5.901
"GBM","Normal","TCGA-06-AABW-11",6.157
"GBM","Normal","GTEX-13SLW-0011-R4b-SM-5S2W2",4.012
"GBM","Normal","GTEX-13RTJ-0011-R4b-SM-5PNX1",5.004
"GBM","Normal","GTEX-WVLH-0011-R4A-SM-3MJFS",5.105
"GBM","Normal","GTEX-147GR-0011-R4a-SM-5S2V2",3.596
"GBM","Normal","GTEX-13N2G-0011-R4b-SM-5MR54",5.612
"GBM","Normal","GTEX-13N1W-0011-R4a-SM-5MR52",5.307
"GBM","Normal","GTEX-WHSE-0011-R4A-SM-3P5ZN",5.131
"GBM","Normal","GTEX-14ABY-0011-R4b-SM-5S2VN",4.957
"GBM","Normal","GTEX-13NYS-0011-R4b-SM-5MR3O",5.464
"GBM","Normal","GTEX-1445S-0011-R4a-SM-5PNWN",3.63
"GBM","Normal","GTEX-X585-0011-R4B-SM-46MVH",5.306
"GBM","Normal","GTEX-13OW7-0011-R4b-SM-5O9CX",4.112
"GBM","Normal","GTEX-13OW5-0011-R4b-SM-5L3HS",4.847
"GBM","Normal","GTEX-NPJ8-0011-R4a-SM-2HML3",4.528
"GBM","Normal","GTEX-12WSA-0011-R4a-SM-57WB7",4.109
"GBM","Normal","GTEX-P44G-0011-R4A-SM-2I3FB",4.371
"GBM","Normal","GTEX-N7MS-0011-R4a-SM-2HMKW",5.041
"GBM","Normal","GTEX-13OW6-0011-R4a-SM-5O9DX",3.909
"GBM","Normal","GTEX-S7SE-0011-R4A-SM-2XCDB",5.007
"GBM","Normal","GTEX-13X6J-0011-R4b-SM-5P9K4",4.67
"GBM","Normal","GTEX-13O3Q-0011-R4a-SM-5P9H2",4.78
"GBM","Normal","GTEX-12WSF-0011-R4b-SM-5HL88",4.784
"GBM","Normal","GTEX-13JVG-0011-R4a-SM-5MR4C",3.973
"GBM","Normal","GTEX-QMR6-0011-R4A-SM-32PKU",4.573
"GBM","Normal","GTEX-XLM4-0011-R4B-SM-4AT5C",4.897
"GBM","Normal","GTEX-13VXU-0011-R4b-SM-5O9CI",4.779
"GBM","Normal","GTEX-WZTO-0011-R4A-SM-3NMC7",5.353
"GBM","Normal","GTEX-131XH-0011-R4b-SM-5DUWB",5.402
"GBM","Normal","GTEX-X4XX-0011-R4B-SM-46MWL",4.831
"GBM","Normal","GTEX-13112-0011-R4b-SM-5DUXL",4.265
"GBM","Normal","GTEX-139T8-0011-R4a-SM-5HL54",3.745
"GBM","Normal","GTEX-13CZV-0011-R4b-SM-5J2NY",4.235
"GBM","Normal","GTEX-144GL-0011-R4a-SM-5PNUI",3.335
"GBM","Normal","GTEX-P44H-0011-R4A-SM-2XCEW",4.214
"GBM","Normal","GTEX-1399T-0011-R4b-SM-5DUVX",4.09
"GBM","Normal","GTEX-13OVH-0011-R4a-SM-5KM3W",4.036
"GBM","Normal","GTEX-13OVL-0011-R4b-SM-5L3HV",3.44
"GBM","Normal","GTEX-139UC-0011-R4a-SM-5K7XM",4.141
"GBM","Normal","GTEX-ZE9C-0011-R4a-SM-4WKH6",3.046
"GBM","Normal","GTEX-T6MN-0011-R4A-SM-32QPG",4.495
"GBM","Normal","GTEX-12ZZW-0011-R4a-SM-5DUX9",3.864
"GBM","Normal","GTEX-12ZZZ-0011-R4b-SM-5DUV7",3.149
"GBM","Normal","GTEX-13FLV-0011-R4a-SM-5LZYU",5.134
"GBM","Normal","GTEX-RVPU-0011-R4A-SM-5SI8K",2.452
"GBM","Normal","GTEX-11ZU8-0011-R4a-SM-5BC6Y",2.541
"GBM","Normal","GTEX-RVPU-0011-R4A-SM-2TF6X",2.616
"GBM","Normal","GTEX-T6MN-0011-R4A-SM-5CHSD",-9.966
"GBM","Normal","GTEX-131YS-0011-R4a-SM-5DUVL",5.008
"GBM","Normal","GTEX-X4EP-0011-R4B-SM-3P627",6.094
"GBM","Normal","GTEX-N7MT-0011-R4a-SM-2I3G9",4.487
"GBM","Normal","GTEX-13OVJ-0011-R4b-SM-5P9H5",5.014
"GBM","Normal","GTEX-12WSD-0011-R4b-SM-5LZUA",4.994
"GBM","Normal","GTEX-13SLX-0011-R4a-SM-5O9BJ",4.58
"GBM","Normal","GTEX-Q2AG-0011-R4A-SM-2HMKA",5.41
"GBM","Normal","GTEX-13X6K-0011-R4b-SM-5P9HO",4.868
"GBM","Normal","GTEX-YFC4-0011-R4a-SM-4RGLQ",4.773
"GBM","Normal","GTEX-QVJO-0011-R4A-SM-2S1QL",5.144
"GBM","Normal","GTEX-145LS-0011-R4b-SM-5S2UT",5.125
"GBM","Normal","GTEX-ZVZQ-0011-R4b-SM-57WCZ",4.41
"GBM","Normal","GTEX-1313W-0011-R4b-SM-5KLZV",4.954
"GBM","Normal","GTEX-145MI-0011-R4b-SM-5PNZH",4.066
"GBM","Normal","GTEX-12WS9-0011-R4b-SM-5P9EU",3.671
"GBM","Normal","GTEX-13O3O-0011-R4b-SM-5KM3F",4.751
"GBM","Normal","GTEX-14BIM-0011-R4b-SM-5S2RK",4.99
"GBM","Normal","GTEX-NPJ7-0011-R4a-SM-2I3GJ",4.224
"GBM","Normal","GTEX-RNOR-0011-R4A-SM-3GAD3",5.082
"GBM","Normal","GTEX-13QIC-0011-R4a-SM-5PNX8",5.155
"GBM","Normal","GTEX-11ZVC-0011-R4a-SM-5BC6Z",3.852
"GBM","Normal","GTEX-QVUS-0011-R4A-SM-3GAE7",4.704
"GBM","Normal","GTEX-14ABY-0011-R9a-SM-5PNZK",5.328
"GBM","Normal","GTEX-13FXS-0011-R9a-SM-5K7UI",5.154
"GBM","Normal","GTEX-ZAB4-0011-R9a-SM-4SOKG",4.916
"GBM","Normal","GTEX-139UC-0011-R9a-SM-5K7W7",5.323
"GBM","Normal","GTEX-WL46-0011-R9A-SM-3MJFP",4.996
"GBM","Normal","GTEX-13N2G-0011-R9b-SM-5MR4E",5.556
"GBM","Normal","GTEX-14BIL-0011-R9a-SM-5SI7A",4.999
"GBM","Normal","GTEX-13OVL-0011-R9a-SM-5P9GX",4.687
"GBM","Normal","GTEX-147GR-0011-R9a-SM-5S2UY",4.976
"GBM","Normal","GTEX-12WSC-0011-R9a-SM-5GU4U",4.659
"GBM","Normal","GTEX-RVPU-0011-R9A-SM-3NM8E",4.119
"GBM","Normal","GTEX-YJ89-0011-R9a-SM-4SOK7",4.689
"GBM","Normal","GTEX-ZE9C-0011-R9a-SM-4WWCY",4.753
"GBM","Normal","GTEX-13RTJ-0011-R9a-SM-5Q5AY",5.17
"GBM","Normal","GTEX-13PVQ-0011-R9b-SM-5LU3B",4.481
"GBM","Normal","GTEX-12126-0011-R9b-SM-5BC6P",4.646
"GBM","Normal","GTEX-145LU-0011-R9b-SM-5SI66",4.751
"GBM","Normal","GTEX-13N1W-0011-R9b-SM-5MR4R",5.104
"GBM","Normal","GTEX-NL4W-0011-R9a-SM-2I3G1",4.747
"GBM","Normal","GTEX-13NZA-0011-R9b-SM-5MR5I",4.628
"GBM","Normal","GTEX-NPJ8-0011-R9a-SM-2YUN5",5.024
"GBM","Normal","GTEX-13CIG-0011-R9a-SM-5K7VU",3.763
"GBM","Normal","GTEX-11ONC-0011-R9b-SM-5NQ8J",4.573
"GBM","Normal","GTEX-12WSH-0011-R9b-SM-5LZUG",4.903
"GBM","Normal","GTEX-13CZV-0011-R9a-SM-5LZXT",4.693
"GBM","Normal","GTEX-XLM4-0011-R9A-SM-4AT45",3.741
"GBM","Normal","GTEX-139UW-0011-R9b-SM-5LZYT",4.99
"GBM","Normal","GTEX-13O1R-0011-R9b-SM-5KM33",3.323
"GBM","Normal","GTEX-R55E-0011-R9A-SM-2TC6C",5.351
"GBM","Normal","GTEX-11ZUS-0011-R9b-SM-5BC76",4.462
"GBM","Normal","GTEX-13NYS-0011-R9b-SM-5MR44",5.712
"GBM","Normal","GTEX-148VJ-0011-R9b-SM-5SI77",4.269
"GBM","Normal","GTEX-11WQK-0011-R9b-SM-5BC6N",3.58
"GBM","Normal","GTEX-13RTL-0011-R9a-SM-5Q5BR",2.712
"GBM","Normal","GTEX-OHPN-0011-R9A-SM-2YUMN",5.01
"GBM","Normal","GTEX-YFC4-0011-R9a-SM-4SOK4",4.842
"GBM","Normal","GTEX-OHPN-0011-R9A-SM-4DXUH",4.78
"GBM","Normal","GTEX-OXRO-0011-R9A-SM-3NB1X",3.93
"GBM","Normal","GTEX-13OVJ-0011-R9b-SM-5L3GD",4.954
"GBM","Normal","GTEX-13S7M-0011-R9a-SM-5O9DW",4.171
"GBM","Normal","GTEX-X4EP-0011-R9B-SM-4QASI",5.615
"GBM","Normal","GTEX-TSE9-0011-R9A-SM-3DB7Q",4.649
"GBM","Normal","GTEX-QDT8-0011-R9A-SM-5SI8J",4.745
"GBM","Normal","GTEX-131XW-0011-R9a-SM-5N9EO",4.234
"GBM","Normal","GTEX-ZVZQ-0011-R9a-SM-51MRH",4.542
"GBM","Normal","GTEX-13JUV-0011-R9a-SM-5LZX3",5.136
"GBM","Normal","GTEX-131YS-0011-R9b-SM-5EQLY",4.658
"GBM","Normal","GTEX-13PLJ-0011-R9b-SM-5O9DV",4.988
"GBM","Normal","GTEX-OXRO-0011-R9A-SM-5S2W3",3.52
"GBM","Normal","GTEX-14BIN-0011-R9a-SM-5SI76",4.805
"GBM","Normal","GTEX-139T4-0011-R9b-SM-5HL6S",4.859
"GBM","Normal","GTEX-13SLX-0011-R9b-SM-5SI6X",5.37
"GBM","Normal","GTEX-13PL6-0011-R9b-SM-5O9CH",3.503
"GBM","Normal","GTEX-12WSD-0011-R9a-SM-5GU6W",5.106
"GBM","Normal","GTEX-RNOR-0011-R9A-SM-2TF52",4.978
"GBM","Normal","GTEX-Q2AG-0011-R9A-SM-2HMJ6",3.827
"GBM","Normal","GTEX-NPJ7-0011-R9a-SM-2TC5R",4.562
"GBM","Normal","GTEX-11ZVC-0011-R9a-SM-57WC5",4.227
"GBM","Normal","GTEX-QDT8-0011-R9A-SM-32PKH",4.446
"GBM","Normal","GTEX-13FTY-0011-R9b-SM-5KM2U",4.539
"GBM","Normal","GTEX-NPJ8-0011-R8a-SM-2HMLG",5.345
"GBM","Normal","GTEX-QMR6-0011-R8A-SM-32PKJ",5.119
"GBM","Normal","GTEX-13OW7-0011-R8b-SM-5L3HR",5.542
"GBM","Normal","GTEX-13O3Q-0011-R8b-SM-5KM2J",5.305
"GBM","Normal","GTEX-X4XX-0011-R8B-SM-46MWM",5.35
"GBM","Normal","GTEX-NL4W-0011-R8a-SM-2I3G4",5.063
"GBM","Normal","GTEX-13FXS-0011-R8a-SM-5J1MN",5.446
"GBM","Normal","GTEX-13SLW-0011-R8b-SM-5SI64",5.13
"GBM","Normal","GTEX-11OF3-0011-R8b-SM-57WCS",5.112
"GBM","Normal","GTEX-14ASI-0011-R8b-SM-5S2UB",5.309
"GBM","Normal","GTEX-13CF2-0011-R8b-SM-5IJCX",4.678
"GBM","Normal","GTEX-13NZA-0011-R8b-SM-5KM2Q",4.838
"GBM","Normal","GTEX-13OW6-0011-R8a-SM-5L3GF",5.146
"GBM","Normal","GTEX-13CIG-0011-R8b-SM-5LZX5",5.324
"GBM","Normal","GTEX-X585-0011-R8A-SM-46MUX",5.776
"GBM","Normal","GTEX-12WSM-0011-R8a-SM-5DUWJ",5.07
"GBM","Normal","GTEX-11WQC-0011-R8b-SM-57WCH",5.232
"GBM","Normal","GTEX-13IVO-0011-R8a-SM-5L3DY",5.175
"GBM","Normal","GTEX-R55F-0011-R8A-SM-2TF4F",5.489
"GBM","Normal","GTEX-13RTJ-0011-R8b-SM-5O9DL",5.504
"GBM","Normal","GTEX-1399T-0011-R8b-SM-5IJD8",5.024
"GBM","Normal","GTEX-144GL-0011-R8a-SM-5Q5B1",4.369
"GBM","Normal","GTEX-YJ89-0011-R8b-SM-4SOK8",4.379
"GBM","Normal","GTEX-WZTO-0011-R8A-SM-4E3II",5.351
"GBM","Normal","GTEX-XMD1-0011-R8A-SM-4AT48",5.275
"GBM","Normal","GTEX-X261-0011-R8A-SM-4E3I5",5.3
"GBM","Normal","GTEX-XOTO-0011-R8A-SM-4B65J",4.758
"GBM","Normal","GTEX-11ONC-0011-R8b-SM-5NQ87",5.175
"GBM","Normal","GTEX-147F4-0011-R8b-SM-5S2UN",4.192
"GBM","Normal","GTEX-13OW5-0011-R8a-SM-5L3GQ",5.247
"GBM","Normal","GTEX-ZDXO-0011-R8a-SM-4WWD7",4.747
"GBM","Normal","GTEX-13OVH-0011-R8b-SM-5MR35",5.613
"GBM","Normal","GTEX-13PDP-0011-R8b-SM-5O9CS",4.184
"GBM","Normal","GTEX-13NYB-0011-R8a-SM-5KM4R",5.399
"GBM","Normal","GTEX-13NYS-0011-R8a-SM-5MR5H",5.651
"GBM","Normal","GTEX-13OVL-0011-R8a-SM-5L3HH",4.115
"GBM","Normal","GTEX-WHSE-0011-R8A-SM-3P5Z1",5.36
"GBM","Normal","GTEX-WVLH-0011-R8A-SM-3MJFC",4.316
"GBM","Normal","GTEX-13JVG-0011-R8a-SM-5KM3E",4.968
"GBM","Normal","GTEX-14753-0011-R8b-SM-5S2U1",2.59
"GBM","Normal","GTEX-ZAB4-0011-R8b-SM-4SOKF",5.297
"GBM","Normal","GTEX-11WQK-0011-R8a-SM-5BC7C",3.8
"GBM","Normal","GTEX-N7MS-0011-R8a-SM-2YUMK",5.18
"GBM","Normal","GTEX-XLM4-0011-R8A-SM-4AT44",4.87
"GBM","Normal","GTEX-R55E-0011-R8A-SM-2TC66",4.846
"GBM","Normal","GTEX-1445S-0011-R8a-SM-5PNWX",4.053
"GBM","Normal","GTEX-13FLV-0011-R8a-SM-5LZZE",5.563
"GBM","Normal","GTEX-13FLW-0011-R8b-SM-5J1MZ",5.065
"GBM","Normal","GTEX-ZF28-0011-R8a-SM-4WWFW",4.208
"GBM","Normal","GTEX-13X6I-0011-R8a-SM-5PNZF",5.042
"GBM","Normal","GTEX-ZUA1-0011-R8b-SM-51MST",4.852
"GBM","Normal","GTEX-11H98-0011-R8a-SM-5NQ8V",4.658
"GBM","Normal","GTEX-13X6J-0011-R8b-SM-5PNUA",4.396
"GBM","Normal","GTEX-13OW8-0011-R8a-SM-5L3G5",4.163
"GBM","Normal","GTEX-145MH-0011-R8a-SM-5PNUL",5.168
"GBM","Normal","GTEX-131XH-0011-R8a-SM-5EGLL",5.611
"GBM","Normal","GTEX-RVPU-0011-R8A-SM-5SI8I",3.567
"GBM","Normal","GTEX-12WSA-0011-R8a-SM-5P9EX",5.747
"GBM","Normal","GTEX-11ZUS-0011-R8a-SM-5BC73",5.055
"GBM","Normal","GTEX-X4XY-0011-R8A-SM-46MVC",3.069
"GBM","Normal","GTEX-RVPU-0011-R8A-SM-2TF74",3.783
"GBM","Normal","GTEX-13X6K-0011-R8b-SM-5PNZ4",5.478
"GBM","Normal","GTEX-QVUS-0011-R8A-SM-3GAD7",5.324
"GBM","Normal","GTEX-145LS-0011-R8b-SM-5PNXA",5.481
"GBM","Normal","GTEX-X4EP-0011-R8B-SM-4QASL",6.104
"GBM","Normal","GTEX-OHPN-0011-R8A-SM-33HBT",3.248
"GBM","Normal","GTEX-1313W-0011-R8a-SM-5DUVM",5.191
"GBM","Normal","GTEX-ZVZQ-0011-R8a-SM-51MR5",4.353
"GBM","Normal","GTEX-12ZZX-0011-R8a-SM-5DUW8",5.211
"GBM","Normal","GTEX-ZVT3-0011-R8b-SM-57WDJ",4.697
"GBM","Normal","GTEX-13QIC-0011-R8b-SM-5O9CV",5.128
"GBM","Normal","GTEX-NPJ7-0011-R8a-SM-2I3G2",5.411
"GBM","Normal","GTEX-Q2AG-0011-R8A-SM-2HMK5",5.235
"GBM","Normal","GTEX-11GSP-0011-R8b-SM-5NQ79",4.956
"GBM","Normal","GTEX-13O3O-0011-R8b-SM-5LUAL",4.572
"GBM","Normal","GTEX-13NZ8-0011-R8b-SM-5KM48",4.561
"GBM","Normal","GTEX-13OVJ-0011-R8b-SM-5L3FS",5.107
"GBM","Normal","GTEX-13SLX-0011-R8b-SM-5PNWZ",5.4
"GBM","Normal","GTEX-RU72-0011-R8A-SM-2TF61",5.428
"GBM","Normal","GTEX-QVJO-0011-R8A-SM-447C7",5.192
"GBM","Normal","GTEX-13QJC-0011-R8b-SM-5S2U6",4.03
"GBM","Normal","GTEX-145MI-0011-R8b-SM-5PNZ9",4.436
"GBM","Normal","GTEX-13RTJ-0011-R7b-SM-5P9JS",5.857
"GBM","Normal","GTEX-ZUA1-0011-R7b-SM-4YCDP",4.585
"GBM","Normal","GTEX-ZAB4-0011-R7a-SM-4SOKE",5.742
"GBM","Normal","GTEX-WZTO-0011-R7B-SM-4E3IS",4.89
"GBM","Normal","GTEX-13X6I-0011-R7b-SM-5PNWP",5.036
"GBM","Normal","GTEX-13VXU-0011-R7b-SM-5SI72",4.926
"GBM","Normal","GTEX-139UC-0011-R7a-SM-5IJCV",5.347
"GBM","Normal","GTEX-WVLH-0011-R7A-SM-3MJFB",4.444
"GBM","Normal","GTEX-13112-0011-R7b-SM-5DUVW",4.529
"GBM","Normal","GTEX-139TT-0011-R7b-SM-5J2MN",5.598
"GBM","Normal","GTEX-13X6J-0011-R7b-SM-5PNUC",4.942
"GBM","Normal","GTEX-145MH-0011-R7a-SM-5PNWH",5.453
"GBM","Normal","GTEX-13PVQ-0011-R7a-SM-5L3G3",5.236
"GBM","Normal","GTEX-145MG-0011-R7b-SM-5P9JY",4.631
"GBM","Normal","GTEX-N7MS-0011-R7a-SM-2HMKN",5.179
"GBM","Normal","GTEX-P44G-0011-R7A-SM-2I3F9",4.878
"GBM","Normal","GTEX-XOTO-0011-R7B-SM-4B64R",4.792
"GBM","Normal","GTEX-13FLW-0011-R7b-SM-5L3EZ",4.875
"GBM","Normal","GTEX-R55E-0011-R7A-SM-2TC5Z",5.043
"GBM","Normal","GTEX-12WSC-0011-R7b-SM-5LU9L",5.443
"GBM","Normal","GTEX-13NYB-0011-R7a-SM-5MR5D",4.907
"GBM","Normal","GTEX-11OF3-0011-R7a-SM-57WCG",4.741
"GBM","Normal","GTEX-13OW6-0011-R7b-SM-5L3H4",5.209
"GBM","Normal","GTEX-YJ89-0011-R7a-SM-4V6GO",3.94
"GBM","Normal","GTEX-WL46-0011-R7A-SM-3LK7X",5.083
"GBM","Normal","GTEX-X4XX-0011-R7A-SM-46MWR",4.811
"GBM","Normal","GTEX-13FHO-0011-R7b-SM-5LZXD",5.166
"GBM","Normal","GTEX-X261-0011-R7A-SM-4E3JJ",3.841
"GBM","Normal","GTEX-ZXG5-0011-R7b-SM-57WCC",3.839
"GBM","Normal","GTEX-11NV4-0011-R7a-SM-57WDH",5.103
"GBM","Normal","GTEX-13G51-0011-R7b-SM-5LZXG",5.101
"GBM","Normal","GTEX-11WQC-0011-R7b-SM-5BC7A",3.397
"GBM","Normal","GTEX-12ZZZ-0011-R7b-SM-5EGLE",4.526
"GBM","Normal","GTEX-12WSF-0011-R7b-SM-5HL99",4.909
"GBM","Normal","GTEX-12WSM-0011-R7b-SM-5EGLD",4.743
"GBM","Normal","GTEX-NL3H-0011-R7a-SM-2I3G5",4.063
"GBM","Normal","GTEX-NPJ8-0011-R7a-SM-2HMJV",4.643
"GBM","Normal","GTEX-WHSE-0011-R7A-SM-3P5YZ",5.024
"GBM","Normal","GTEX-13JVG-0011-R7b-SM-5MR3Q",5.147
"GBM","Normal","GTEX-13OW8-0011-R7a-SM-5L3FP",4.775
"GBM","Normal","GTEX-ZDXO-0011-R7a-SM-4WWCU",4.645
"GBM","Normal","GTEX-S7SE-0011-R7A-SM-2XCDI",5.548
"GBM","Normal","GTEX-12ZZW-0011-R7a-SM-5DUWC",4.87
"GBM","Normal","GTEX-147GR-0011-R7a-SM-5S2RP",4.519
"GBM","Normal","GTEX-RVPU-0011-R7A-SM-2XCAB",3.862
"GBM","Normal","GTEX-ZE9C-0011-R7a-SM-4WWCX",5.014
"GBM","Normal","GTEX-ZF28-0011-R7a-SM-4WKF5",3.763
"GBM","Normal","GTEX-12WSA-0011-R7b-SM-5GU5U",5.34
"GBM","Normal","GTEX-12WSE-0011-R7a-SM-5PNWF",2.751
"GBM","Normal","GTEX-13CZV-0011-R7b-SM-5LZXH",4.468
"GBM","Normal","GTEX-13FHP-0011-R7b-SM-5LZYI",4.067
"GBM","Normal","GTEX-139TS-0011-R7a-SM-5K7X7",3.365
"GBM","Normal","GTEX-13CF2-0011-R7b-SM-5K7UV",4.351
"GBM","Normal","GTEX-1445S-0011-R7b-SM-5PNUG",4.326
"GBM","Normal","GTEX-T6MN-0011-R7A-SM-5CHSP",-9.966
"GBM","Normal","GTEX-RNOR-0011-R7A-SM-2TF4V",4.878
"GBM","Normal","GTEX-13OVJ-0011-R7a-SM-5L3G1",5.156
"GBM","Normal","GTEX-11GSP-0011-R7b-SM-57WC3",5.115
"GBM","Normal","GTEX-N7MT-0011-R7a-SM-2I3FZ",5.449
"GBM","Normal","GTEX-13X6K-0011-R7b-SM-5P9K7",5.17
"GBM","Normal","GTEX-X4EP-0011-R7B-SM-4PQZW",6.347
"GBM","Normal","GTEX-ZVZQ-0011-R7b-SM-57WBB",4.654
"GBM","Normal","GTEX-131YS-0011-R7a-SM-5IJDA",5.473
"GBM","Normal","GTEX-WWYW-0011-R7A-SM-3NB3H",5.317
"GBM","Normal","GTEX-Q2AG-0011-R7A-SM-2HMJP",5.17
"GBM","Normal","GTEX-145LS-0011-R7a-SM-5PNWM",5.168
"GBM","Normal","GTEX-13S7M-0011-R7a-SM-5O9DK",4.709
"GBM","Normal","GTEX-13O3O-0011-R7b-SM-5P9GZ",5.133
"GBM","Normal","GTEX-12WSD-0011-R7b-SM-5PNWE",4.768
"GBM","Normal","GTEX-13QJC-0011-R7b-SM-5PNUM",4.331
"GBM","Normal","GTEX-12ZZX-0011-R7b-SM-5DUVV",4.744
"GBM","Normal","GTEX-ZVT3-0011-R7a-SM-57WCO",3.306
"GBM","Normal","GTEX-13JUV-0011-R7b-SM-5LZZG",3.51
"GBM","Normal","GTEX-145MI-0011-R7b-SM-5Q5AZ",2.022
"GBM","Normal","GTEX-ZE7O-0011-R7a-SM-57WCU",4.082
"GBM","Normal","GTEX-ZV68-0011-R7a-SM-51MT4",3.979
"GBM","Normal","GTEX-12WSB-0011-R7b-SM-5GU6V",4.974
"GBM","Normal","GTEX-1313W-0011-R7b-SM-5DUWL",4.611
"GBM","Normal","GTEX-RU72-0011-R7A-SM-2TF5U",4.019
"GBM","Normal","GTEX-QVJO-0011-R7A-SM-2S1QO",5.427
"GBM","Normal","GTEX-TSE9-0011-R7A-SM-5CHS2",-9.966
"GBM","Normal","GTEX-QMR6-0011-R6A-SM-32PKP",4.866
"GBM","Normal","GTEX-NPJ8-0011-R6a-SM-2HMKB",5.372
"GBM","Normal","GTEX-P44H-0011-R6A-SM-2XCF3",4.605
"GBM","Normal","GTEX-NL3H-0011-R6a-SM-2I3G8",5.327
"GBM","Normal","GTEX-WVLH-0011-R6A-SM-3MJFZ",5.293
"GBM","Normal","GTEX-XLM4-0011-R6A-SM-4AT4B",5.22
"GBM","Normal","GTEX-WL46-0011-R6A-SM-3LK6X",5.466
"GBM","Normal","GTEX-13VXU-0011-R6a-SM-5SI71",5.118
"GBM","Normal","GTEX-ZF28-0011-R6a-SM-4WKHI",4.228
"GBM","Normal","GTEX-T6MN-0011-R6A-SM-32QP8",5.275
"GBM","Normal","GTEX-131XH-0011-R6a-SM-5KM2G",5.447
"GBM","Normal","GTEX-144GL-0011-R6a-SM-5P9HW",4.889
"GBM","Normal","GTEX-NL4W-0011-R6a-SM-2I3GA",5.08
"GBM","Normal","GTEX-WZTO-0011-R6B-SM-4E3J6",5.272
"GBM","Normal","GTEX-13OVL-0011-R6a-SM-5L3G4",5.117
"GBM","Normal","GTEX-UTHO-0011-R6A-SM-3GIJW",5.013
"GBM","Normal","GTEX-ZXG5-0011-R6a-SM-57WBZ",4.636
"GBM","Normal","GTEX-13NYS-0011-R6b-SM-5MR3R",5.621
"GBM","Normal","GTEX-N7MS-0011-R6a-SM-2HMJ4",5.698
"GBM","Normal","GTEX-14ABY-0011-R6a-SM-5PNWR",5.314
"GBM","Normal","GTEX-12ZZY-0011-R6b-SM-5EGLA",5.265
"GBM","Normal","GTEX-YJ89-0011-R6a-SM-4V6GN",4.372
"GBM","Normal","GTEX-13N2G-0011-R6b-SM-5MR3P",6.456
"GBM","Normal","GTEX-ZUA1-0011-R6b-SM-4YCDD",4.415
"GBM","Normal","GTEX-13FLW-0011-R6b-SM-5L3EN",5.033
"GBM","Normal","GTEX-13OW5-0011-R6b-SM-5O9BW",4.771
"GBM","Normal","GTEX-Z93S-0011-R6b-SM-4RGNJ",4.927
"GBM","Normal","GTEX-13O3Q-0011-R6a-SM-5KM2V",5.186
"GBM","Normal","GTEX-13FXS-0011-R6b-SM-5L3F7",5.036
"GBM","Normal","GTEX-13NYB-0011-R6b-SM-5MR51",5.412
"GBM","Normal","GTEX-T5JC-0011-R6A-SM-5SI89",4.873
"GBM","Normal","GTEX-13N1W-0011-R6a-SM-5MR43",5.574
"GBM","Normal","GTEX-Y8DK-0011-R6A-SM-4V6EG",5.119
"GBM","Normal","GTEX-XMD1-0011-R6A-SM-4AT5K",4.816
"GBM","Normal","GTEX-ZE9C-0011-R6a-SM-4WWCW",4.921
"GBM","Normal","GTEX-11OF3-0011-R6b-SM-57WBG",4.895
"GBM","Normal","GTEX-13112-0011-R6b-SM-5DUVK",4.552
"GBM","Normal","GTEX-14ASI-0011-R6a-SM-5S2UZ",5.048
"GBM","Normal","GTEX-ZAB4-0011-R6a-SM-4SOKD",5.064
"GBM","Normal","GTEX-13X6J-0011-R6a-SM-5PNUB",4.967
"GBM","Normal","GTEX-147GR-0011-R6b-SM-5S2RO",4.967
"GBM","Normal","GTEX-139UC-0011-R6b-SM-5K7Z1",4.97
"GBM","Normal","GTEX-R55F-0011-R6A-SM-2TF4L",5.429
"GBM","Normal","GTEX-X4XX-0011-R6B-SM-46MWP",5.506
"GBM","Normal","GTEX-12WSE-0011-R6b-SM-5LZV5",4.55
"GBM","Normal","GTEX-WHSE-0011-R6A-SM-3P5ZP",4.953
"GBM","Normal","GTEX-12ZZZ-0011-R6b-SM-5EQ5B",4.379
"GBM","Normal","GTEX-S7SE-0011-R6A-SM-2XCD9",5.126
"GBM","Normal","GTEX-1445S-0011-R6b-SM-5PNUF",3.935
"GBM","Normal","GTEX-11NV4-0011-R6a-SM-57WD5",4.892
"GBM","Normal","GTEX-13OVH-0011-R6b-SM-5LUAX",4.906
"GBM","Normal","GTEX-13G51-0011-R6b-SM-5LZX4",4.962
"GBM","Normal","GTEX-13FLV-0011-R6a-SM-5KLZ4",5.768
"GBM","Normal","GTEX-S7PM-0011-R6A-SM-3NM8F",3.511
"GBM","Normal","GTEX-13OW8-0011-R6b-SM-5L3I3",4.574
"GBM","Normal","GTEX-144GO-0011-R6b-SM-5S2V7",5.158
"GBM","Normal","GTEX-12WSF-0011-R6b-SM-5HL8W",5.235
"GBM","Normal","GTEX-XOTO-0011-R6B-SM-4B65X",4.453
"GBM","Normal","GTEX-11WQC-0011-R6a-SM-5BC77",4.028
"GBM","Normal","GTEX-12WSM-0011-R6b-SM-5EQ6N",4.764
"GBM","Normal","GTEX-12ZZW-0011-R6a-SM-5DUVZ",4.537
"GBM","Normal","GTEX-139TS-0011-R6a-SM-5J2OB",3.563
"GBM","Normal","GTEX-13JVG-0011-R6a-SM-5MR3E",5.238
"GBM","Normal","GTEX-14753-0011-R6b-SM-5S2UD",2.826
"GBM","Normal","GTEX-X261-0011-R6B-SM-4E3J8",3.959
"GBM","Normal","GTEX-12584-0011-R6a-SM-5NQ7C",3.803
"GBM","Normal","GTEX-147F4-0011-R6b-SM-5S2UP",3.951
"GBM","Normal","GTEX-13PDP-0011-R6b-SM-5O9D5",2.696
"GBM","Normal","GTEX-13FHP-0011-R6b-SM-5LZY6",4.31
"GBM","Normal","GTEX-RVPU-0011-R6A-SM-2XCAC",2.678
"GBM","Normal","GTEX-T6MN-0011-R6A-SM-5CHQD",-9.966
"GBM","Normal","GTEX-12WSD-0011-R6b-SM-5P9JU",5.649
"GBM","Normal","GTEX-13X6K-0011-R6a-SM-5P9K6",5.318
"GBM","Normal","GTEX-QVJO-0011-R6A-SM-2S1QN",5.341
"GBM","Normal","GTEX-WWYW-0011-R6A-SM-3NB3G",5.581
"GBM","Normal","GTEX-X4EP-0011-R6A-SM-3P629",6.57
"GBM","Normal","GTEX-QDT8-0011-R6A-SM-32PKI",4.088
"GBM","Normal","GTEX-14BIN-0011-R6a-SM-5S2RH",5.316
"GBM","Normal","GTEX-14BIM-0011-R6b-SM-5S2VB",5.147
"GBM","Normal","GTEX-13OVJ-0011-R6b-SM-5L3GH",5.142
"GBM","Normal","GTEX-N7MT-0011-R6a-SM-2I3G3",5.785
"GBM","Normal","GTEX-T2IS-0011-R6A-SM-32QP2",5.047
"GBM","Normal","GTEX-13SLX-0011-R6a-SM-5PNX4",5.322
"GBM","Normal","GTEX-13O3O-0011-R6b-SM-5P9GY",5.035
"GBM","Normal","GTEX-145LS-0011-R6b-SM-5PNWL",5.365
"GBM","Normal","GTEX-Q2AG-0011-R6A-SM-2HML7",5.561
"GBM","Normal","GTEX-13S7M-0011-R6b-SM-5O9D8",4.728
"GBM","Normal","GTEX-11GSP-0011-R6b-SM-57WBQ",4.87
"GBM","Normal","GTEX-ZVZQ-0011-R6b-SM-57WAY",4.758
"GBM","Normal","GTEX-NPJ7-0011-R6a-SM-2I3G7",5.069
"GBM","Normal","GTEX-YFC4-0011-R6b-SM-4V6E1",4.694
"GBM","Normal","GTEX-13JUV-0011-R6b-SM-5LZYG",4.857
"GBM","Normal","GTEX-12WS9-0011-R6a-SM-5P9EW",5.112
"GBM","Normal","GTEX-1313W-0011-R6a-SM-5K7XO",4.864
"GBM","Normal","GTEX-12ZZX-0011-R6a-SM-5HL8L",5.519
"GBM","Normal","GTEX-ZVT3-0011-R6a-SM-51MSU",3.923
"GBM","Normal","GTEX-13QJC-0011-R6a-SM-5S2VI",5.3
"GBM","Normal","GTEX-ZE7O-0011-R6a-SM-57WCI",4.323
"GBM","Normal","GTEX-QVUS-0011-R6A-SM-3GACX",5.023
"GBM","Normal","GTEX-RU72-0011-R6A-SM-2TF71",4.963
"GBM","Normal","GTEX-13PL6-0011-R6a-SM-5O9C5",3.113
"GBM","Normal","GTEX-12WSB-0011-R6b-SM-5GU6J",4.479
"GBM","Normal","GTEX-131XW-0011-R6b-SM-5K7XY",3.379
"GBM","Normal","GTEX-ZV68-0011-R6a-SM-51MSR",3.895
"GBM","Normal","GTEX-13N2G-0011-R5a-SM-5MR33",6.285
"GBM","Normal","GTEX-13OW6-0011-R5a-SM-5O9BK",4.953
"GBM","Normal","GTEX-13O3Q-0011-R5b-SM-5P9H4",5.485
"GBM","Normal","GTEX-NPJ8-0011-R5a-SM-2HMJY",4.938
"GBM","Normal","GTEX-ZDXO-0011-R5a-SM-4WKG5",4.661
"GBM","Normal","GTEX-WVLH-0011-R5A-SM-3MJFW",5.29
"GBM","Normal","GTEX-13N1W-0011-R5b-SM-5MR5Q",5.35
"GBM","Normal","GTEX-WZTO-0011-R5B-SM-3NMC5",5.149
"GBM","Normal","GTEX-13VXU-0011-R5a-SM-5O9D7",4.943
"GBM","Normal","GTEX-N7MS-0011-R5a-SM-2HMK8",5.696
"GBM","Normal","GTEX-ZAB4-0011-R5a-SM-4SOKC",5.476
"GBM","Normal","GTEX-P44H-0011-R5A-SM-2XCEX",4.687
"GBM","Normal","GTEX-WHSE-0011-R5A-SM-3P5ZO",5.262
"GBM","Normal","GTEX-T6MN-0011-R5A-SM-32QPD",5.614
"GBM","Normal","GTEX-QMR6-0011-R5A-SM-32PKT",4.575
"GBM","Normal","GTEX-13OW7-0011-R5b-SM-5O9DM",4.847
"GBM","Normal","GTEX-13X6I-0011-R5a-SM-5PNWW",5.158
"GBM","Normal","GTEX-13SLW-0011-R5b-SM-5SI6Z",4.714
"GBM","Normal","GTEX-132Q8-0011-R5a-SM-5IJDM",5.404
"GBM","Normal","GTEX-XMD1-0011-R5A-SM-4AT47",5.021
"GBM","Normal","GTEX-12ZZY-0011-R5a-SM-5EGL9",5.228
"GBM","Normal","GTEX-13X6J-0011-R5b-SM-5PNWT",4.803
"GBM","Normal","GTEX-14ABY-0011-R5b-SM-5SI7B",4.839
"GBM","Normal","GTEX-139TS-0011-R5b-SM-5J2MZ",4.149
"GBM","Normal","GTEX-11OF3-0011-R5a-SM-57WB4",4.804
"GBM","Normal","GTEX-13PVQ-0011-R5b-SM-5O9DI",4.476
"GBM","Normal","GTEX-13OVL-0011-R5b-SM-5L3FU",4.636
"GBM","Normal","GTEX-12WSF-0011-R5a-SM-5HL8K",5.063
"GBM","Normal","GTEX-139TU-0011-R5b-SM-5L3E1",3.659
"GBM","Normal","GTEX-1399T-0011-R5b-SM-5IJDK",5.018
"GBM","Normal","GTEX-P44G-0011-R5A-SM-2I3FA",5.099
"GBM","Normal","GTEX-ZXG5-0011-R5b-SM-57WBN",4.403
"GBM","Normal","GTEX-NL4W-0011-R5a-SM-2I3GD",4.936
"GBM","Normal","GTEX-NL3H-0011-R5a-SM-2I3GB",4.819
"GBM","Normal","GTEX-13NYS-0011-R5a-SM-5MR4D",5.601
"GBM","Normal","GTEX-12ZZZ-0011-R5a-SM-5EQ4M",4.931
"GBM","Normal","GTEX-WL46-0011-R5A-SM-3LK6V",5.232
"GBM","Normal","GTEX-X4XX-0011-R5A-SM-46MWN",5.465
"GBM","Normal","GTEX-13FHO-0011-R5b-SM-5LZZ3",5.503
"GBM","Normal","GTEX-13OW5-0011-R5b-SM-5L3FR",5.005
"GBM","Normal","GTEX-11H98-0011-R5b-SM-57WCF",4.929
"GBM","Normal","GTEX-144GO-0011-R5a-SM-5PNUR",4.401
"GBM","Normal","GTEX-S7PM-0011-R5A-SM-3NM8G",3.526
"GBM","Normal","GTEX-Y8DK-0011-R5B-SM-4RTW6",4.824
"GBM","Normal","GTEX-Z93S-0011-R5b-SM-4RGNI",4.713
"GBM","Normal","GTEX-12WSC-0011-R5b-SM-5CVNS",5.226
"GBM","Normal","GTEX-X261-0011-R5A-SM-3NMB4",4.758
"GBM","Normal","GTEX-X585-0011-R5A-SM-46MVI",5.431
"GBM","Normal","GTEX-ZUA1-0011-R5b-SM-51MTG",5.122
"GBM","Normal","GTEX-11NV4-0011-R5a-SM-5NQ88",4.979
"GBM","Normal","GTEX-R55F-0011-R5A-SM-2TF5L",4.791
"GBM","Normal","GTEX-ZE9C-0011-R5a-SM-5EGLO",4.744
"GBM","Normal","GTEX-139UC-0011-R5b-SM-5K7VY",4.953
"GBM","Normal","GTEX-S7SE-0011-R5A-SM-2XCDA",5.011
"GBM","Normal","GTEX-R55E-0011-R5A-SM-2TC5N",5.126
"GBM","Normal","GTEX-13FXS-0011-R5b-SM-5LZYE",5.261
"GBM","Normal","GTEX-13JVG-0011-R5a-SM-5MR4O",5.276
"GBM","Normal","GTEX-12ZZW-0011-R5a-SM-5DUVN",4.964
"GBM","Normal","GTEX-13112-0011-R5b-SM-5DUV8",3.608
"GBM","Normal","GTEX-XOTO-0011-R5A-SM-4B657",4.455
"GBM","Normal","GTEX-13NYB-0011-R5a-SM-5MR45",5.375
"GBM","Normal","GTEX-1445S-0011-R5a-SM-5PNUS",3.997
"GBM","Normal","GTEX-YJ89-0011-R5a-SM-4V6GM",4.051
"GBM","Normal","GTEX-11WQC-0011-R5a-SM-5BC74",4.17
"GBM","Normal","GTEX-13CZV-0011-R5a-SM-5K7XA",5.084
"GBM","Normal","GTEX-13FLW-0011-R5a-SM-5LZX6",5.12
"GBM","Normal","GTEX-13CF2-0011-R5a-SM-5LZWS",3.836
"GBM","Normal","GTEX-13IVO-0011-R5a-SM-5L3CY",4.035
"GBM","Normal","GTEX-RVPV-0011-R5A-SM-2TF69",4.984
"GBM","Normal","GTEX-ZF28-0011-R5a-SM-4WWCZ",4.883
"GBM","Normal","GTEX-139TT-0011-R5b-SM-5K7W8",5.207
"GBM","Normal","GTEX-13FLV-0011-R5a-SM-5LZWT",5.217
"GBM","Normal","GTEX-1477Z-0011-R5b-SM-5PNUO",3.418
"GBM","Normal","GTEX-13FHP-0011-R5b-SM-5LZY2",4.291
"GBM","Normal","GTEX-144GL-0011-R5b-SM-5PNUJ",4.115
"GBM","Normal","GTEX-12WSA-0011-R5b-SM-5GU5I",4.962
"GBM","Normal","GTEX-13CIG-0011-R5b-SM-5L3F2",4.353
"GBM","Normal","GTEX-13NZA-0011-R5b-SM-5KM4K",3.057
"GBM","Normal","GTEX-UTHO-0011-R5A-SM-3GIJD",4.773
"GBM","Normal","GTEX-14753-0011-R5a-SM-5S2VW",2.917
"GBM","Normal","GTEX-145MH-0011-R5a-SM-5P9JT",5.449
"GBM","Normal","GTEX-X4EP-0011-R5A-SM-3P628",6.696
"GBM","Normal","GTEX-13PL6-0011-R5b-SM-5O9BI",3.815
"GBM","Normal","GTEX-145LS-0011-R5a-SM-5SI65",4.989
"GBM","Normal","GTEX-13S7M-0011-R5b-SM-5P9HS",5.106
"GBM","Normal","GTEX-WWYW-0011-R5A-SM-3NB3E",5.545
"GBM","Normal","GTEX-13PLJ-0011-R5a-SM-5O9BG",4.168
"GBM","Normal","GTEX-13OVJ-0011-R5a-SM-5P9H7",5.003
"GBM","Normal","GTEX-Q2AG-0011-R5A-SM-2HMJH",5.64
"GBM","Normal","GTEX-YFC4-0011-R5a-SM-4RGLR",4.352
"GBM","Normal","GTEX-14BIM-0011-R5b-SM-5S2RM",5.472
"GBM","Normal","GTEX-13SLX-0011-R5a-SM-5O9BV",5.402
"GBM","Normal","GTEX-RNOR-0011-R5A-SM-2TF4J",5.519
"GBM","Normal","GTEX-ZE7O-0011-R5a-SM-57WBO",4.833
"GBM","Normal","GTEX-QVJO-0011-R5A-SM-2S1QM",5.223
"GBM","Normal","GTEX-QDT8-0011-R5A-SM-32PKN",4.192
"GBM","Normal","GTEX-11GSP-0011-R5a-SM-57WBE",5.312
"GBM","Normal","GTEX-12WS9-0011-R5b-SM-5P9EV",5.003
"GBM","Normal","GTEX-ZVZQ-0011-R5b-SM-57WDC",4.416
"GBM","Normal","GTEX-1313W-0011-R5b-SM-5L3EP",4.724
"GBM","Normal","GTEX-13O3O-0011-R5b-SM-5KM44",4.984
"GBM","Normal","GTEX-12WSB-0011-R5b-SM-5GU67",4.803
"GBM","Normal","GTEX-11UD1-0011-R5b-SM-5P9FP",4.051
"GBM","Normal","GTEX-12ZZX-0011-R5a-SM-5HL89",4.689
"GBM","Normal","GTEX-13X6K-0011-R5b-SM-5PNUE",5.228
"GBM","Normal","GTEX-145MI-0011-R5a-SM-5Q5B4",3.113
"GBM","Normal","GTEX-RU72-0011-R5A-SM-2TF6U",5.105
"GBM","Normal","GTEX-ZVT3-0011-R5a-SM-51MSI",3.914
"GBM","Normal","GTEX-ZV68-0011-R5a-SM-4YCDW",4.204
"GBM","Normal","GTEX-WVLH-0011-R11A-SM-3MJFO",5.902
"GBM","Normal","GTEX-R55E-0011-R11A-SM-2TC6I",5.659
"GBM","Normal","GTEX-RVPV-0011-R11A-SM-2TF6F",5.515
"GBM","Normal","GTEX-13VXU-0011-R11b-SM-5O9DJ",5.947
"GBM","Normal","GTEX-WHSE-0011-R11A-SM-3P5YY",5.387
"GBM","Normal","GTEX-145LU-0011-R11b-SM-5P9JX",5.819
"GBM","Normal","GTEX-13OW7-0011-R11a-SM-5O9DY",5.871
"GBM","Normal","GTEX-QMR6-0011-R11A-SM-32PKK",5.378
"GBM","Normal","GTEX-XOTO-0011-R11B-SM-4B64O",5.268
"GBM","Normal","GTEX-WZTO-0011-R11A-SM-4E3K9",5.96
"GBM","Normal","GTEX-13OVL-0011-R11b-SM-5L3G7",5.623
"GBM","Normal","GTEX-11OF3-0011-R11a-SM-57WCR",5.813
"GBM","Normal","GTEX-13OW5-0011-R11b-SM-5L3GG",5.614
"GBM","Normal","GTEX-13OW6-0011-R11a-SM-5L3H2",5.879
"GBM","Normal","GTEX-13RTJ-0011-R11a-SM-5O9CK",6.128
"GBM","Normal","GTEX-ZAB4-0011-R11a-SM-4SOKI",6.105
"GBM","Normal","GTEX-12WSI-0011-R11b-SM-5P9EZ",6.006
"GBM","Normal","GTEX-X4XX-0011-R11A-SM-46MWQ",6.247
"GBM","Normal","GTEX-11H98-0011-R11b-SM-5NQ6U",5.806
"GBM","Normal","GTEX-13O3Q-0011-R11b-SM-5KM2W",5.785
"GBM","Normal","GTEX-T5JC-0011-R11A-SM-32PMB",5.813
"GBM","Normal","GTEX-Z93S-0011-R11a-SM-4RGNN",5.774
"GBM","Normal","GTEX-X261-0011-R11A-SM-4E3JY",5.797
"GBM","Normal","GTEX-1399T-0011-R11a-SM-5J2O1",5.948
"GBM","Normal","GTEX-ZUA1-0011-R11b-SM-51MTI",5.42
"GBM","Normal","GTEX-ZDXO-0011-R11a-SM-4WWD9",5.71
"GBM","Normal","GTEX-WL46-0011-R11A-SM-3MJFT",6.042
"GBM","Normal","GTEX-13OW8-0011-R11a-SM-5L3GT",5.529
"GBM","Normal","GTEX-145MH-0011-R11a-SM-5P9HQ",6.241
"GBM","Normal","GTEX-Y8DK-0011-R11A-SM-4SOK2",5.666
"GBM","Normal","GTEX-13FHP-0011-R11b-SM-5LZXP",5.947
"GBM","Normal","GTEX-13CF2-0011-R11b-SM-5LZXO",5.951
"GBM","Normal","GTEX-13N2G-0011-R11a-SM-5MR3F",6.062
"GBM","Normal","GTEX-13JVG-0011-R11a-SM-5KM53",5.823
"GBM","Normal","GTEX-X585-0011-R11B-SM-46MUZ",6.174
"GBM","Normal","GTEX-13X6I-0011-R11a-SM-5P9HN",5.991
"GBM","Normal","GTEX-NPJ8-0011-R11A-SM-2YUMS",5.883
"GBM","Normal","GTEX-13OVH-0011-R11b-SM-5KM4X",5.972
"GBM","Normal","GTEX-13NYS-0011-R11b-SM-5MR4P",6.129
"GBM","Normal","GTEX-13SLW-0011-R11a-SM-5SI8Q",5.914
"GBM","Normal","GTEX-YJ89-0011-R11a-SM-4SOKA",5.809
"GBM","Normal","GTEX-14ABY-0011-R11a-SM-5SI7C",6.129
"GBM","Normal","GTEX-NL3H-0011-R11A-SM-2I3E6",6.225
"GBM","Normal","GTEX-13FHO-0011-R11b-SM-5LZYQ",6.458
"GBM","Normal","GTEX-N7MS-0011-R11A-SM-2HMJS",6.478
"GBM","Normal","GTEX-12126-0011-R11a-SM-5BC6X",5.638
"GBM","Normal","GTEX-144GL-0011-R11b-SM-5P9F6",5.951
"GBM","Normal","GTEX-13NZA-0011-R11b-SM-5KM4W",5.374
"GBM","Normal","GTEX-12WSF-0011-R11a-SM-5LZVT",6.03
"GBM","Normal","GTEX-13IVO-0011-R11b-SM-5LZXQ",5.922
"GBM","Normal","GTEX-139TT-0011-R11b-SM-5LZV1",6.424
"GBM","Normal","GTEX-13X6J-0011-R11a-SM-5P9HE",6.086
"GBM","Normal","GTEX-13N1W-0011-R11a-SM-5MR3D",5.371
"GBM","Normal","GTEX-11WQK-0011-R11a-SM-5BC6W",4.922
"GBM","Normal","GTEX-11WQC-0011-R11b-SM-57WD6",5.592
"GBM","Normal","GTEX-13FXS-0011-R11a-SM-5L3DM",6.099
"GBM","Normal","GTEX-11ZUS-0011-R11b-SM-5BC7B",5.503
"GBM","Normal","GTEX-ZE9C-0011-R11a-SM-4WKGG",5.194
"GBM","Normal","GTEX-13G51-0011-R11b-SM-5J2NE",5.915
"GBM","Normal","GTEX-12WSH-0011-R11a-SM-5LZVM",5.737
"GBM","Normal","GTEX-NL4W-0011-R11A-SM-2I3DW",6.331
"GBM","Normal","GTEX-139UW-0011-R11a-SM-5IJGN",4.243
"GBM","Normal","GTEX-13CZV-0011-R11b-SM-5N9FN",5.173
"GBM","Normal","GTEX-XLM4-0011-R11A-SM-4AT46",5.098
"GBM","Normal","GTEX-ZF28-0011-R11a-SM-4WWEI",4.481
"GBM","Normal","GTEX-139UC-0011-R11a-SM-5KM3J",4.798
"GBM","Normal","GTEX-13FLV-0011-R11a-SM-5LZZ7",6.603
"GBM","Normal","GTEX-RVPU-0011-R11A-SM-2XCAF",3.412
"GBM","Normal","GTEX-QDT8-0011-R11A-SM-32PKD",5.324
"GBM","Normal","GTEX-13OVJ-0011-R11a-SM-5P9H8",5.836
"GBM","Normal","GTEX-T2IS-0011-R11A-SM-32QPC",5.455
"GBM","Normal","GTEX-131YS-0011-R11b-SM-5EGLM",5.936
"GBM","Normal","GTEX-12ZZX-0011-R11a-SM-5DUVJ",5.816
"GBM","Normal","GTEX-Q2AG-0011-R11A-SM-2HMKZ",6.023
"GBM","Normal","GTEX-13SLX-0011-R11b-SM-5O9C8",6.305
"GBM","Normal","GTEX-145MI-0011-R11a-SM-5P9JZ",5.492
"GBM","Normal","GTEX-11GSP-0011-R11b-SM-5NQ7V",5.746
"GBM","Normal","GTEX-YFC4-0011-R11a-SM-4SOK6",5.711
"GBM","Normal","GTEX-13S7M-0011-R11b-SM-5P9HU",6.178
"GBM","Normal","GTEX-NPJ7-0011-R11A-SM-2I3E8",5.944
"GBM","Normal","GTEX-RU72-0011-R11A-SM-5SI8G",5.469
"GBM","Normal","GTEX-13X6K-0011-R11a-SM-5P9F5",5.895
"GBM","Normal","GTEX-WWYW-0011-R11A-SM-3NB38",5.927
"GBM","Normal","GTEX-13O3O-0011-R11b-SM-5KM4G",5.609
"GBM","Normal","GTEX-ZVZQ-0011-R11a-SM-51MS6",5.529
"GBM","Normal","GTEX-X4EP-0011-R11B-SM-4QASK",6.397
"GBM","Normal","GTEX-13QIC-0011-R11b-SM-5O9BU",5.617
"GBM","Normal","GTEX-14BIM-0011-R11b-SM-5S2RN",5.888
"GBM","Normal","GTEX-13PLJ-0011-R11b-SM-5O9BS",4.911
"GBM","Normal","GTEX-14BIN-0011-R11a-SM-5SI79",5.597
"GBM","Normal","GTEX-ZVT3-0011-R11b-SM-57WBI",5.451
"GBM","Normal","GTEX-ZE7O-0011-R11a-SM-57WBC",5.987
"GBM","Normal","GTEX-RU72-0011-R11A-SM-2TF6J",5.407
"GBM","Normal","GTEX-13JUV-0011-R11a-SM-5LZYH",5.942
"GBM","Normal","GTEX-N7MT-0011-R11A-SM-2I3DZ",5.525
"GBM","Normal","GTEX-12WSB-0011-R11b-SM-57WBJ",5.035
"GBM","Normal","GTEX-131XW-0011-R11a-SM-5DUV9",3.887
"GBM","Normal","GTEX-QMR6-0011-R10A-SM-32PKO",4.914
"GBM","Normal","GTEX-12WSE-0011-R10b-SM-5P9JV",5.512
"GBM","Normal","GTEX-WVLH-0011-R10A-SM-3MJFM",5.679
"GBM","Normal","GTEX-T6MN-0011-R10A-SM-32QP7",5.759
"GBM","Normal","GTEX-WZTO-0011-R10B-SM-4E3KB",5.373
"GBM","Normal","GTEX-S7SE-0011-R10A-SM-2XCDF",5.542
"GBM","Normal","GTEX-P44G-0011-R10A-SM-2I3FF",5.46
"GBM","Normal","GTEX-ZF28-0011-R10a-SM-4WWEH",5.683
"GBM","Normal","GTEX-13N2G-0011-R10a-SM-5MR34",6.18
"GBM","Normal","GTEX-N7MS-0011-R10A-SM-2HMJK",5.669
"GBM","Normal","GTEX-NL3H-0011-R10A-SM-2I3E9",6.056
"GBM","Normal","GTEX-131XH-0011-R10a-SM-5EGLJ",5.765
"GBM","Normal","GTEX-NPJ8-0011-R10A-SM-2YUMO",5.912
"GBM","Normal","GTEX-13N1W-0011-R10b-SM-5MR4H",5.886
"GBM","Normal","GTEX-13OW6-0011-R10a-SM-5L3HE",5.526
"GBM","Normal","GTEX-147GR-0011-R10b-SM-5S2UM",5.467
"GBM","Normal","GTEX-13O3Q-0011-R10b-SM-5KM39",5.436
"GBM","Normal","GTEX-14BIL-0011-R10a-SM-5SI75",5.315
"GBM","Normal","GTEX-Z93S-0011-R10a-SM-4RGNM",5.196
"GBM","Normal","GTEX-X261-0011-R10B-SM-4E3JT",4.953
"GBM","Normal","GTEX-X4XX-0011-R10B-SM-46MWO",5.798
"GBM","Normal","GTEX-XLM4-0011-R10A-SM-4AT5P",5.062
"GBM","Normal","GTEX-13OW8-0011-R10a-SM-5L3H6",5.315
"GBM","Normal","GTEX-13RTJ-0011-R10b-SM-5O9CW",5.855
"GBM","Normal","GTEX-145MH-0011-R10b-SM-5PNUK",5.648
"GBM","Normal","GTEX-WL46-0011-R10A-SM-3MJFQ",5.43
"GBM","Normal","GTEX-132Q8-0011-R10b-SM-5DUWZ",5.557
"GBM","Normal","GTEX-13OVL-0011-R10a-SM-5L3GS",5.234
"GBM","Normal","GTEX-13FTZ-0011-R10b-SM-5KLZS",5.078
"GBM","Normal","GTEX-T5JC-0011-R10A-SM-32PM2",5.405
"GBM","Normal","GTEX-13FXS-0011-R10a-SM-5J2MA",5.599
"GBM","Normal","GTEX-12WSF-0011-R10a-SM-5LZVH",5.769
"GBM","Normal","GTEX-ZAB4-0011-R10a-SM-4SOKH",5.532
"GBM","Normal","GTEX-11H98-0011-R10b-SM-5NQ98",5.325
"GBM","Normal","GTEX-12126-0011-R10b-SM-5BC6T",5.012
"GBM","Normal","GTEX-13NZA-0011-R10b-SM-5KM54",4.379
"GBM","Normal","GTEX-Y8DK-0011-R10A-SM-4SOK1",5.232
"GBM","Normal","GTEX-ZDXO-0011-R10a-SM-4WWD8",5.401
"GBM","Normal","GTEX-13X6I-0011-R10a-SM-5PNWI",5.091
"GBM","Normal","GTEX-12WSH-0011-R10a-SM-5LZUS",5.514
"GBM","Normal","GTEX-13NYB-0011-R10a-SM-5KM43",5.377
"GBM","Normal","GTEX-NL4W-0011-R10A-SM-2I3DY",5.041
"GBM","Normal","GTEX-13CZV-0011-R10b-SM-5LZYD",5.903
"GBM","Normal","GTEX-13FLV-0011-R10b-SM-5LZZ2",5.594
"GBM","Normal","GTEX-13X6J-0011-R10b-SM-5PNWA",5.04
"GBM","Normal","GTEX-147F4-0011-R10b-SM-5S2WC",5.05
"GBM","Normal","GTEX-145LU-0011-R10a-SM-5PNWJ",4.884
"GBM","Normal","GTEX-12ZZZ-0011-R10a-SM-5P9HC",5.246
"GBM","Normal","GTEX-P44H-0011-R10A-SM-2XCEK",4.621
"GBM","Normal","GTEX-12WSA-0011-R10b-SM-5P9ET",4.874
"GBM","Normal","GTEX-13G51-0011-R10b-SM-5LZYF",4.867
"GBM","Normal","GTEX-13SLW-0011-R10a-SM-5S2UI",4.821
"GBM","Normal","GTEX-ZXG5-0011-R10a-SM-57WDD",4.307
"GBM","Normal","GTEX-12ZZW-0011-R10b-SM-5HL9X",4.663
"GBM","Normal","GTEX-13NYS-0011-R10a-SM-5MR4S",6.515
"GBM","Normal","GTEX-11WQC-0011-R10a-SM-57WCT",5.088
"GBM","Normal","GTEX-139TS-0011-R10a-SM-5K7TU",4.603
"GBM","Normal","GTEX-11WQK-0011-R10a-SM-5BC6R",4.454
"GBM","Normal","GTEX-13JVG-0011-R10b-SM-5KM2P",5.262
"GBM","Normal","GTEX-XMD1-0011-R10A-SM-4AT4A",4.857
"GBM","Normal","GTEX-12WSC-0011-R10a-SM-5GU57",5.597
"GBM","Normal","GTEX-13IVO-0011-R10a-SM-5LZY3",4.544
"GBM","Normal","GTEX-X4XY-0011-R10B-SM-46MWS",3.05
"GBM","Normal","GTEX-14753-0011-R10b-SM-5S2WE",4.165
"GBM","Normal","GTEX-UTHO-0011-R10A-SM-3GIJQ",5.818
"GBM","Normal","GTEX-12ZZY-0011-R10b-SM-5HL7W",5.571
"GBM","Normal","GTEX-1445S-0011-R10a-SM-5PNWB",4.223
"GBM","Normal","GTEX-1477Z-0011-R10b-SM-5S2RF",4.457
"GBM","Normal","GTEX-T6MN-0011-R10A-SM-5CHQC",-9.966
"GBM","Normal","GTEX-145LS-0011-R10a-SM-5PNUQ",5.286
"GBM","Normal","GTEX-Q2AG-0011-R10A-SM-2HMLA",5.892
"GBM","Normal","GTEX-WWYW-0011-R10A-SM-3NB35",5.892
"GBM","Normal","GTEX-12ZZX-0011-R10b-SM-5DUWK",5.867
"GBM","Normal","GTEX-QVUS-0011-R10A-SM-3GIK3",4.643
"GBM","Normal","GTEX-ZVZQ-0011-R10b-SM-51MRT",5.126
"GBM","Normal","GTEX-13QIC-0011-R10a-SM-5O9C7",5.619
"GBM","Normal","GTEX-YFC4-0011-R10a-SM-4SOK5",5.519
"GBM","Normal","GTEX-QVJO-0011-R10A-SM-2S1QJ",5.331
"GBM","Normal","GTEX-13OVJ-0011-R10b-SM-5L3HT",5.023
"GBM","Normal","GTEX-13JUV-0011-R10b-SM-5LZXR",5.244
"GBM","Normal","GTEX-OHPN-0011-R10A-SM-5S2U3",3.817
"GBM","Normal","GTEX-OHPN-0011-R10A-SM-33HBU",3.294
"GBM","Normal","GTEX-13X6K-0011-R10a-SM-5P9JR",5.668
"GBM","Normal","GTEX-13SLX-0011-R10a-SM-5P9HV",5.97
"GBM","Normal","GTEX-11GSP-0011-R10a-SM-5NQ7J",4.639
"GBM","Normal","GTEX-NPJ7-0011-R10A-SM-2I3E5",4.981
"GBM","Normal","GTEX-131YS-0011-R10b-SM-5EQ5N",5.225
"GBM","Normal","GTEX-1313W-0011-R10b-SM-5DUXA",5.383
"GBM","Normal","GTEX-145MI-0011-R10a-SM-5PNZD",5.202
"GBM","Normal","GTEX-N7MT-0011-R10A-SM-2I3E1",5.706
"GBM","Normal","GTEX-X4EP-0011-R10B-SM-4QASJ",5.817
"GBM","Normal","GTEX-TSE9-0011-R10A-SM-3DB7O",5.213
"GBM","Normal","GTEX-14BIN-0011-R10a-SM-5S2UA",5.393
"GBM","Normal","GTEX-ZE7O-0011-R10a-SM-57WAZ",5.066
"GBM","Normal","GTEX-RU72-0011-R10A-SM-2TF6D",3.498
"GBM","Normal","GTEX-ZVT3-0011-R10b-SM-57WB6",4.92
"GBM","Normal","GTEX-ZV68-0011-R10a-SM-51MT7",4.37
"GBM","Normal","GTEX-13O3O-0011-R10a-SM-5LUA9",5.625
"GBM","Normal","GTEX-131XW-0011-R10a-SM-5DUVA",3.99
"GBM","Normal","GTEX-12WS9-0011-R10a-SM-57WBV",5.39
"GBM","Normal","GTEX-12WSD-0011-R10b-SM-5GU79",4.986
"GBM","Normal","GTEX-13S7M-0011-R10b-SM-5PNZB",5.579
"GBM","Normal","GTEX-PVOW-0011-R3A-SM-32PKX",4.911
"GBM","Normal","GTEX-13N1W-0011-R3a-SM-5MR5E",5.677
"GBM","Normal","GTEX-WZTO-0011-R3B-SM-3NMC6",5.553
"GBM","Normal","GTEX-13N2G-0011-R3b-SM-5MR5G",5.985
"GBM","Normal","GTEX-13X6J-0011-R3b-SM-5P9K5",5.117
"GBM","Normal","GTEX-NL3H-0011-R3a-SM-2I3GL",4.903
"GBM","Normal","GTEX-N7MS-0011-R3a-SM-5SI8H",5.659
"GBM","Normal","GTEX-13VXU-0011-R3b-SM-5O9CU",5.043
"GBM","Normal","GTEX-ZAB4-0011-R3a-SM-4RGNQ",5.402
"GBM","Normal","GTEX-13RTJ-0011-R3a-SM-5PNX7",5.357
"GBM","Normal","GTEX-NPJ8-0011-R3a-SM-2HMIW",5.283
"GBM","Normal","GTEX-145MH-0011-R3b-SM-5P9JQ",5.827
"GBM","Normal","GTEX-ZUA1-0011-R3a-SM-4YCEE",4.59
"GBM","Normal","GTEX-13X6I-0011-R3b-SM-5P9HM",5.096
"GBM","Normal","GTEX-XOTO-0011-R3A-SM-4B64W",5.112
"GBM","Normal","GTEX-12WSF-0011-R3a-SM-5DUW7",4.672
"GBM","Normal","GTEX-P44G-0011-R3A-SM-2I3FC",5.791
"GBM","Normal","GTEX-RVPV-0011-R3A-SM-2TF63",5.04
"GBM","Normal","GTEX-ZDXO-0011-R3a-SM-4WKFS",5.114
"GBM","Normal","GTEX-11GSO-0011-R3b-SM-57WB2",5.457
"GBM","Normal","GTEX-145LU-0011-R3a-SM-5P9K2",4.838
"GBM","Normal","GTEX-131XH-0011-R3b-SM-5DUWM",5.679
"GBM","Normal","GTEX-13OW7-0011-R3a-SM-5O9DA",4.432
"GBM","Normal","GTEX-1445S-0011-R3a-SM-5P9HY",3.989
"GBM","Normal","GTEX-144GL-0011-R3a-SM-5P9HP",5.17
"GBM","Normal","GTEX-12WSC-0011-R3a-SM-5P9F1",5.518
"GBM","Normal","GTEX-13SLW-0011-R3b-SM-5SI6Y",4.135
"GBM","Normal","GTEX-P44H-0011-R3A-SM-5SI8A",4.949
"GBM","Normal","GTEX-Z93S-0011-R3b-SM-4RGNH",5.091
"GBM","Normal","GTEX-X585-0011-R3B-SM-46MVG",5.484
"GBM","Normal","GTEX-Y8DK-0011-R3A-SM-4RTW5",5.002
"GBM","Normal","GTEX-13CZV-0011-R3a-SM-5KM27",5.324
"GBM","Normal","GTEX-ZE9C-0011-R3a-SM-4WKGT",4.882
"GBM","Normal","GTEX-13OVL-0011-R3b-SM-5L3I8",4.857
"GBM","Normal","GTEX-WHSE-0011-R3A-SM-3P5ZM",4.8
"GBM","Normal","GTEX-X4XX-0011-R3B-SM-46MWK",5.566
"GBM","Normal","GTEX-ZF28-0011-R3a-SM-4WWDA",4.479
"GBM","Normal","GTEX-12ZZZ-0011-R3b-SM-5DUXK",4.609
"GBM","Normal","GTEX-13OVH-0011-R3a-SM-5KM49",5.019
"GBM","Normal","GTEX-1477Z-0011-R3b-SM-5PNX9",3.478
"GBM","Normal","GTEX-WL46-0011-R3A-SM-3TW8E",5.823
"GBM","Normal","GTEX-XMD1-0011-R3B-SM-4AT5R",4.685
"GBM","Normal","GTEX-13FHO-0011-R3b-SM-5K7YA",4.871
"GBM","Normal","GTEX-139T8-0011-R3b-SM-5HL4R",3.756
"GBM","Normal","GTEX-13NYS-0011-R3b-SM-5MR41",5.611
"GBM","Normal","GTEX-13IVO-0011-R3b-SM-5IJBJ",3.657
"GBM","Normal","GTEX-13JVG-0011-R3b-SM-5LZXF",5.121
"GBM","Normal","GTEX-12ZZW-0011-R3a-SM-5DUWW",3.858
"GBM","Normal","GTEX-13CIG-0011-R3b-SM-5K7XF",4.446
"GBM","Normal","GTEX-13FLV-0011-R3b-SM-5LZYP",5.113
"GBM","Normal","GTEX-139UC-0011-R3b-SM-5K7VZ",5.031
"GBM","Normal","GTEX-13CF2-0011-R3b-SM-5LZZ6",5.234
"GBM","Normal","GTEX-13OW8-0011-R3a-SM-5L3I4",5.345
"GBM","Normal","GTEX-145MG-0011-R3b-SM-5SI67",4.665
"GBM","Normal","GTEX-13RTL-0011-R3a-SM-5P9JP",3.87
"GBM","Normal","GTEX-139TT-0011-R3b-SM-5K7VL",5.123
"GBM","Normal","GTEX-P44H-0011-R3A-SM-2XCEQ",4.422
"GBM","Normal","GTEX-UTHO-0011-R3A-SM-3GIK8",4.837
"GBM","Normal","GTEX-11ZU8-0011-R3a-SM-5BC6U",3.884
"GBM","Normal","GTEX-RVPU-0011-R3A-SM-2XCAE",4.219
"GBM","Normal","GTEX-X4EP-0011-R3A-SM-3P626",5.911
"GBM","Normal","GTEX-13X6K-0011-R3b-SM-5PNUD",5.381
"GBM","Normal","GTEX-13OVJ-0011-R3b-SM-5P9H6",5.437
"GBM","Normal","GTEX-RNOR-0011-R3A-SM-5SI8E",5.145
"GBM","Normal","GTEX-Q2AG-0011-R3A-SM-2HMJ9",5.659
"GBM","Normal","GTEX-QVUS-0011-R3A-SM-3GAFD",4.795
"GBM","Normal","GTEX-12ZZX-0011-R3b-SM-5EGLH",5.115
"GBM","Normal","GTEX-13QIC-0011-R3a-SM-5P9HT",5.39
"GBM","Normal","GTEX-1313W-0011-R3a-SM-5EGLI",5.054
"GBM","Normal","GTEX-145LS-0011-R3a-SM-5S2VJ",5.075
"GBM","Normal","GTEX-131YS-0011-R3b-SM-5DUXB",5.436
"GBM","Normal","GTEX-ZVZQ-0011-R3a-SM-57WC7",4.982
"GBM","Normal","GTEX-14BIM-0011-R3b-SM-5S2RL",5.7
"GBM","Normal","GTEX-N7MT-0011-R3a-SM-2I3GC",5.204
"GBM","Normal","GTEX-11UD1-0011-R3a-SM-5BC6S",4.406
"GBM","Normal","GTEX-ZVT3-0011-R3b-SM-51MTJ",4.016
"GBM","Normal","GTEX-12WS9-0011-R3a-SM-5CVNF",4.417
"GBM","Normal","GTEX-11ZVC-0011-R3a-SM-5BC6V",3.294
"GBM","Normal","GTEX-13PLJ-0011-R3a-SM-5O9DT",3.79
"GBM","Normal","GTEX-13O3O-0011-R3b-SM-5KM3R",5.009
"GBM","Normal","GTEX-12WSD-0011-R3b-SM-5LZWN",4.777
"GBM","Normal","GTEX-11ZTS-0011-R3a-SM-5BC78",4.084
"GBM","Normal","GTEX-RNOR-0011-R3A-SM-2TF5J",5.153
"GBM","Normal","GTEX-WVLH-0011-R2A-SM-3MJFJ",5.543
"GBM","Normal","GTEX-X4XX-0011-R2A-SM-3P623",5.8
"GBM","Normal","GTEX-139TS-0011-R2b-SM-5J1MX",4.512
"GBM","Normal","GTEX-13FXS-0011-R2b-SM-5K7XX",5.114
"GBM","Normal","GTEX-13X6I-0011-R2b-SM-5PNWQ",4.671
"GBM","Normal","GTEX-13NYB-0011-R2a-SM-5MR3C",5.178
"GBM","Normal","GTEX-WHSE-0011-R2A-SM-3P5ZL",5.282
"GBM","Normal","GTEX-13OW6-0011-R2a-SM-5L3HG",5.216
"GBM","Normal","GTEX-13RTJ-0011-R2a-SM-5PNW9",5.184
"GBM","Normal","GTEX-N7MS-0011-R2a-SM-2HML6",5.868
"GBM","Normal","GTEX-131XH-0011-R2b-SM-5DUVY",5.274
"GBM","Normal","GTEX-132Q8-0011-R2b-SM-5EQ5Z",4.653
"GBM","Normal","GTEX-1399T-0011-R2b-SM-5DUXM",5.025
"GBM","Normal","GTEX-YJ89-0011-R2b-SM-4RGLT",3.21
"GBM","Normal","GTEX-S7SE-0011-R2A-SM-2XCDC",5.293
"GBM","Normal","GTEX-WL46-0011-R2A-SM-3LK6O",5.433
"GBM","Normal","GTEX-ZAB4-0011-R2a-SM-4RGNP",5.14
"GBM","Normal","GTEX-11GSO-0011-R2a-SM-57WDF",4.847
"GBM","Normal","GTEX-147GR-0011-R2b-SM-5S2RQ",5.05
"GBM","Normal","GTEX-13CF2-0011-R2a-SM-5L3DC",4.33
"GBM","Normal","GTEX-13SLW-0011-R2b-SM-5O9C6",4.151
"GBM","Normal","GTEX-1445S-0011-R2b-SM-5PNUH",4.826
"GBM","Normal","GTEX-XMD1-0011-R2B-SM-4AT5N",3.752
"GBM","Normal","GTEX-12WSA-0011-R2a-SM-57WDK",4.855
"GBM","Normal","GTEX-13G51-0011-R2b-SM-5LZXS",4.935
"GBM","Normal","GTEX-XLM4-0011-R2B-SM-4AT5Z",4.827
"GBM","Normal","GTEX-13N2G-0011-R2a-SM-5MR4Q",5.555
"GBM","Normal","GTEX-T6MN-0011-R2A-SM-32QOW",5.47
"GBM","Normal","GTEX-13O3Q-0011-R2b-SM-5KM3K",5.409
"GBM","Normal","GTEX-P44G-0011-R2A-SM-2XCD2",5.005
"GBM","Normal","GTEX-ZE9C-0011-R2a-SM-4WKGH",4.48
"GBM","Normal","GTEX-X585-0011-R2B-SM-46MVF",5.733
"GBM","Normal","GTEX-Z93S-0011-R2a-SM-4RGNG",5.828
"GBM","Normal","GTEX-ZDXO-0011-R2b-SM-4WKFG",4.106
"GBM","Normal","GTEX-12WSH-0011-R2a-SM-5GU68",4.024
"GBM","Normal","GTEX-YFC4-0011-R2a-SM-4V6DZ",4.634
"GBM","Normal","GTEX-T2IS-0011-R2A-SM-32QPF",5.004
"GBM","Normal","GTEX-X4EP-0011-R2B-SM-3P625",6.054
"GBM","Normal","GTEX-13OVJ-0011-R2b-SM-5L3GP",4.727
"GBM","Normal","GTEX-Q2AG-0011-R2A-SM-2HMIT",5.34
"GBM","Normal","GTEX-11ZTS-0011-R2b-SM-5BC75",4.469
"GBM","Normal","GTEX-13X6K-0011-R2b-SM-5P9K3",4.727
"GBM","Normal","GTEX-145LS-0011-R2a-SM-5PNZI",5.345
"GBM","Normal","GTEX-QVJO-0011-R2A-SM-2S1QK",5.04
"GBM","Normal","GTEX-OXRO-0011-R2A-SM-3NB1W",3.992
"GBM","Normal","GTEX-13SLX-0011-R2b-SM-5S2VP",5.148
"GBM","Normal","GTEX-NPJ7-0011-R2a-SM-2I3GF",4.856
"GBM","Normal","GTEX-11UD1-0011-R2b-SM-5BC6O",4.956
"GBM","Normal","GTEX-1313W-0011-R2a-SM-5EGLF",5.207
"GBM","Normal","GTEX-13QJC-0011-R2b-SM-5PNUN",5.086
"GBM","Normal","GTEX-N7MT-0011-R2a-SM-2I3GI",4.969
"GBM","Normal","GTEX-12WS9-0011-R2a-SM-5CVNE",3.763
"GBM","Normal","GTEX-PWO3-0011-R2A-SM-2S1OX",4.5
"GBM","Normal","GTEX-12ZZX-0011-R2a-SM-5EGLG",5.066
"GBM","Normal","GTEX-ZV68-0011-R2a-SM-4YCDK",4.417
"GBM","Normal","GTEX-12WSD-0011-R2a-SM-5LZWB",3.692
"GBM","Normal","GTEX-RU72-0011-R2A-SM-2TF6O",4.706
"GBM","Normal","GTEX-NPJ8-0011-R1a-SM-33HCB",2.892
"GBM","Normal","GTEX-13RTJ-0011-R1a-SM-5O9D9",5.472
"GBM","Normal","GTEX-131XH-0011-R1a-SM-5DUWA",5.339
"GBM","Normal","GTEX-X585-0011-R1B-SM-46MVE",5.309
"GBM","Normal","GTEX-XOTO-0011-R1B-SM-4B65C",4.829
"GBM","Normal","GTEX-13G51-0011-R1a-SM-5LZYR",5.034
"GBM","Normal","GTEX-14ASI-0011-R1b-SM-5S2TY",4.912
"GBM","Normal","GTEX-WHSE-0011-R1A-SM-3P5ZK",4.958
"GBM","Normal","GTEX-13OW6-0011-R1a-SM-5L3HQ",5.048
"GBM","Normal","GTEX-X4XX-0011-R1B-SM-3P622",5.123
"GBM","Normal","GTEX-13FHO-0011-R1b-SM-5KLZG",5.104
"GBM","Normal","GTEX-WVLH-0011-R1A-SM-4MVOK",4.947
"GBM","Normal","GTEX-13OVL-0011-R1a-SM-5L3H5",4.195
"GBM","Normal","GTEX-WZTO-0011-R1B-SM-3NMAR",5.331
"GBM","Normal","GTEX-13N2G-0011-R1b-SM-5MR3G",5.299
"GBM","Normal","GTEX-145MH-0011-R1b-SM-5PNWY",5.194
"GBM","Normal","GTEX-P44H-0011-R1A-SM-3NM8J",5.359
"GBM","Normal","GTEX-ZUA1-0011-R1a-SM-4YCE2",4.257
"GBM","Normal","GTEX-11ONC-0011-R1a-SM-57WD4",4.313
"GBM","Normal","GTEX-YJ89-0011-R1a-SM-4RGLS",2.439
"GBM","Normal","GTEX-NPJ8-0011-R1a-SM-5SI8B",3.866
"GBM","Normal","GTEX-13OW8-0011-R1a-SM-5L3HI",4.144
"GBM","Normal","GTEX-12WSE-0011-R1b-SM-5GU4V",5.271
"GBM","Normal","GTEX-PVOW-0011-R1A-SM-32PL6",4.811
"GBM","Normal","GTEX-ZDXO-0011-R1a-SM-4WKF4",4.759
"GBM","Normal","GTEX-1212Z-0011-R1b-SM-5BC72",3.878
"GBM","Normal","GTEX-XMD1-0011-R1A-SM-4AT4C",4.126
"GBM","Normal","GTEX-N7MS-0011-R1a-SM-2HMJG",5.545
"GBM","Normal","GTEX-P44G-0011-R1A-SM-2I3FE",5.271
"GBM","Normal","GTEX-T5JC-0011-R1A-SM-32PM6",5.078
"GBM","Normal","GTEX-13OW7-0011-R1b-SM-5L3HF",4.843
"GBM","Normal","GTEX-WL46-0011-R1A-SM-3LK6M",5.426
"GBM","Normal","GTEX-Y8DK-0011-R1A-SM-4RGLO",4.063
"GBM","Normal","GTEX-1399T-0011-R1b-SM-5DUWN",4.418
"GBM","Normal","GTEX-13OW5-0011-R1b-SM-5L3GE",5.647
"GBM","Normal","GTEX-T6MN-0011-R1A-SM-32QOY",4.926
"GBM","Normal","GTEX-13RTL-0011-R1a-SM-5PNZ8",4.345
"GBM","Normal","GTEX-13O3Q-0011-R1b-SM-5KM3L",4.857
"GBM","Normal","GTEX-144GL-0011-R1a-SM-5PNZ5",5.183
"GBM","Normal","GTEX-13NYB-0011-R1b-SM-5KM4F",4.709
"GBM","Normal","GTEX-13PDP-0011-R1a-SM-5PNX5",4.25
"GBM","Normal","GTEX-12WSF-0011-R1a-SM-5DUVI",4.946
"GBM","Normal","GTEX-ZF28-0011-R1a-SM-4WWD1",3.842
"GBM","Normal","GTEX-NPJ8-0011-R1a-SM-2HMLC",4.205
"GBM","Normal","GTEX-12WSH-0011-R1a-SM-5GU5V",4.745
"GBM","Normal","GTEX-139TT-0011-R1a-SM-5LZVD",5.252
"GBM","Normal","GTEX-13NZA-0011-R1b-SM-5LUAF",3.405
"GBM","Normal","GTEX-13SLW-0011-R1a-SM-5S2W7",4.234
"GBM","Normal","GTEX-13112-0011-R1b-SM-5HL7K",3.763
"GBM","Normal","GTEX-13CF2-0011-R1a-SM-5LZY1",3.268
"GBM","Normal","GTEX-13FLW-0011-R1b-SM-5LZX2",4.721
"GBM","Normal","GTEX-13X6I-0011-R1b-SM-5PNZC",4.655
"GBM","Normal","GTEX-12WSM-0011-R1a-SM-5LZW6",4.736
"GBM","Normal","GTEX-13FXS-0011-R1a-SM-5K7U6",5.677
"GBM","Normal","GTEX-13NYS-0011-R1b-SM-5MR55",5.291
"GBM","Normal","GTEX-NL3H-0011-R1a-SM-48TDJ",4.28
"GBM","Normal","GTEX-139T8-0011-R1a-SM-5HL75",3.03
"GBM","Normal","GTEX-13FHP-0011-R1b-SM-5K7XL",3.949
"GBM","Normal","GTEX-144GO-0011-R1a-SM-5PNWO",3.018
"GBM","Normal","GTEX-145LU-0011-R1a-SM-5Q5CE",3.319
"GBM","Normal","GTEX-X4EP-0011-R1A-SM-3P624",6.093
"GBM","Normal","GTEX-WWYW-0011-R1A-SM-3TW8G",5.515
"GBM","Normal","GTEX-RNOR-0011-R1A-SM-5SI8F",5.073
"GBM","Normal","GTEX-145LS-0011-R1b-SM-5PNUP",4.459
"GBM","Normal","GTEX-13OVJ-0011-R1b-SM-5L3I6",4.796
"GBM","Normal","GTEX-13QIC-0011-R1a-SM-5O9CJ",5.157
"GBM","Normal","GTEX-Q2AG-0011-R1A-SM-2HMJI",5.755
"GBM","Normal","GTEX-N7MT-0011-R1a-SM-5SI7S",4.911
"GBM","Normal","GTEX-QVJO-0011-R1A-SM-2S1QI",5.036
"GBM","Normal","GTEX-11ZTS-0011-R1a-SM-5BC71",4.019
"GBM","Normal","GTEX-13NZ8-0011-R1b-SM-5KM3V",3.343
"GBM","Normal","GTEX-NPJ7-0011-R1a-SM-3GACT",4.462
"GBM","Normal","GTEX-13JUV-0011-R1a-SM-5LZY4",5.465
"GBM","Normal","GTEX-131YS-0011-R1a-SM-5DUXC",4.199
"GBM","Normal","GTEX-YFC4-0011-R1a-SM-4V6EH",4.777
"GBM","Normal","GTEX-1313W-0011-R1b-SM-5EQ4A",4.788
"GBM","Normal","GTEX-12WSB-0011-R1b-SM-5P9EY",4.072
"GBM","Normal","GTEX-ZE7O-0011-R1a-SM-57WDM",3.099
"GBM","Normal","GTEX-12WSD-0011-R1b-SM-5LZVY",5.055
"GBM","Normal","GTEX-11ZVC-0011-R1b-SM-5BC6M",3.515
"GBM","Normal","GTEX-13O3O-0011-R1b-SM-5KM2K",4.647
"GBM","Normal","GTEX-13FTY-0011-R1a-SM-5LZXE",3.58
"GBM","Normal","GTEX-TSE9-0011-R1A-SM-3DB7E",4.724
"GBM","Normal","GTEX-ZVZQ-0011-R1a-SM-57WBU",3.441
"GBM","Normal","GTEX-13JVG-3226-SM-5IJGJ",5.924
"GBM","Normal","GTEX-WZTO-2826-SM-3NM8P",5.888
"GBM","Normal","GTEX-X4XX-2926-SM-3NMB1",6.319
"GBM","Normal","GTEX-11ZUS-2826-SM-5EQKW",5.81
"GBM","Normal","GTEX-ZYFD-2926-SM-5GID9",5.814
"GBM","Normal","GTEX-YJ89-2926-SM-5P9IT",5.803
"GBM","Normal","GTEX-QMR6-1326-SM-32PLB",5.365
"GBM","Normal","GTEX-UTHO-2926-SM-3P5Z9",6.186
"GBM","Normal","GTEX-13G51-3126-SM-5IJG7",5.889
"GBM","Normal","GTEX-XOTO-2926-SM-4B65G",5.337
"GBM","Normal","GTEX-131XH-2926-SM-5LZU4",6.078
"GBM","Normal","GTEX-ZUA1-2926-SM-59HL3",5.691
"GBM","Normal","GTEX-13OW6-2926-SM-5KM29",5.759
"GBM","Normal","GTEX-13VXU-3026-SM-5LU3K",5.83
"GBM","Normal","GTEX-NPJ8-2626-SM-26GMZ",2.269
"GBM","Normal","GTEX-T5JC-2326-SM-32PMR",5.774
"GBM","Normal","GTEX-145MH-2926-SM-5Q5D2",5.783
"GBM","Normal","GTEX-13O3Q-3026-SM-5IJGD",5.804
"GBM","Normal","GTEX-Z93S-2826-SM-57WBL",5.834
"GBM","Normal","GTEX-WVLH-2926-SM-3MJG5",6.06
"GBM","Normal","GTEX-13OVH-2926-SM-5IJFH",5.871
"GBM","Normal","GTEX-13OW5-3126-SM-5MR3Y",5.724
"GBM","Normal","GTEX-12WSC-2926-SM-5BC5Z",5.787
"GBM","Normal","GTEX-12ZZY-2926-SM-5DUXO",6.161
"GBM","Normal","GTEX-12126-0926-SM-5FQTW",5.943
"GBM","Normal","GTEX-13OW8-2926-SM-5L3FV",5.646
"GBM","Normal","GTEX-11O72-2826-SM-5HL6W",6.035
"GBM","Normal","GTEX-Y111-2826-SM-4TT3O",6.232
"GBM","Normal","GTEX-139TS-3126-SM-5LZWX",5.627
"GBM","Normal","GTEX-13OW7-2926-SM-5MR3Z",5.929
"GBM","Normal","GTEX-13OVL-3026-SM-5IJF1",5.808
"GBM","Normal","GTEX-N7MS-2526-SM-26GMR",2.351
"GBM","Normal","GTEX-139TT-2626-SM-5LZUB",6.101
"GBM","Normal","GTEX-13FHP-2926-SM-5IJG9",5.998
"GBM","Normal","GTEX-11DZ1-2926-SM-5A5KI",5.465
"GBM","Normal","GTEX-117XS-3126-SM-5GIDP",5.957
"GBM","Normal","GTEX-13PDP-2926-SM-5N9E8",5.048
"GBM","Normal","GTEX-11PRG-2826-SM-5BC54",5.722
"GBM","Normal","GTEX-111FC-3326-SM-5GZYV",5.905
"GBM","Normal","GTEX-12WSE-2926-SM-5RQJ9",5.754
"GBM","Normal","GTEX-11EQ8-2826-SM-5N9C1",5.551
"GBM","Normal","GTEX-ZDXO-2926-SM-4WKFM",5.736
"GBM","Normal","GTEX-11GSO-3026-SM-5Q5AL",6.033
"GBM","Normal","GTEX-13FXS-3026-SM-5LZYO",5.957
"GBM","Normal","GTEX-144GL-2926-SM-5O99F",5.743
"GBM","Normal","GTEX-ZAB4-2926-SM-57WCV",5.891
"GBM","Normal","GTEX-139UC-3226-SM-5N9EZ",6.024
"GBM","Normal","GTEX-11DXW-1026-SM-5H11K",5.838
"GBM","Normal","GTEX-12ZZZ-3126-SM-5LZU6",5.533
"GBM","Normal","GTEX-13NYB-3226-SM-5J2ND",6.006
"GBM","Normal","GTEX-11ONC-3026-SM-5985W",5.922
"GBM","Normal","GTEX-132Q8-2926-SM-5IFFP",5.766
"GBM","Normal","GTEX-145LU-2626-SM-5LU9Z",5.646
"GBM","Normal","GTEX-13FHO-2926-SM-5L3ES",6.278
"GBM","Normal","GTEX-12WSH-3126-SM-5LZW8",5.658
"GBM","Normal","GTEX-13X6I-2926-SM-5Q5C3",5.63
"GBM","Normal","GTEX-WHSE-2926-SM-3NMBG",5.61
"GBM","Normal","GTEX-1192X-3226-SM-5987D",5.991
"GBM","Normal","GTEX-NPJ8-2626-SM-2D7W2",5.683
"GBM","Normal","GTEX-WL46-2826-SM-3LK81",6.38
"GBM","Normal","GTEX-11OC5-0626-SM-5HL6M",5.94
"GBM","Normal","GTEX-12WSM-2126-SM-5GCOC",6.093
"GBM","Normal","GTEX-N7MS-2526-SM-2D7W3",6.324
"GBM","Normal","GTEX-13112-2926-SM-5DUWT",5.572
"GBM","Normal","GTEX-R55F-1226-SM-2TF59",5.612
"GBM","Normal","GTEX-R55E-2526-SM-2TC6H",5.764
"GBM","Normal","GTEX-11EI6-2926-SM-5985U",5.571
"GBM","Normal","GTEX-ZF28-2926-SM-4WKG1",5.175
"GBM","Normal","GTEX-13RTJ-3126-SM-5S2Q4",6.085
"GBM","Normal","GTEX-N7MS-2526-SM-26GMA",5.346
"GBM","Normal","GTEX-X261-3126-SM-4PQZC",5.928
"GBM","Normal","GTEX-XLM4-2926-SM-4AT59",5.717
"GBM","Normal","GTEX-ZZPT-2926-SM-5EQ5S",5.614
"GBM","Normal","GTEX-145MG-3126-SM-5Q5D3",5.535
"GBM","Normal","GTEX-NPJ8-2626-SM-26GMI",4.709
"GBM","Normal","GTEX-12696-3026-SM-5FQTU",4.93
"GBM","Normal","GTEX-11OF3-3126-SM-5GU5E",5.189
"GBM","Normal","GTEX-11WQK-3126-SM-5EGI2",5.123
"GBM","Normal","GTEX-12ZZX-2826-SM-5BC6K",5.772
"GBM","Normal","GTEX-QDT8-3026-SM-32PKB",5.659
"GBM","Normal","GTEX-N7MT-1226-SM-26GMT",3.082
"GBM","Normal","GTEX-13OVJ-2726-SM-5IJG6",5.642
"GBM","Normal","GTEX-T2IS-2926-SM-32QPO",5.547
"GBM","Normal","GTEX-11GSP-3126-SM-5A5LL",5.822
"GBM","Normal","GTEX-13X6K-2826-SM-5O9DS",5.755
"GBM","Normal","GTEX-YFC4-3026-SM-5IFJK",5.671
"GBM","Normal","GTEX-14BIN-3326-SM-5Q5E6",5.831
"GBM","Normal","GTEX-RNOR-2226-SM-2TF5O",5.638
"GBM","Normal","GTEX-14BIM-3126-SM-5Q5C7",6.042
"GBM","Normal","GTEX-11ZTS-3226-SM-5EGID",5.641
"GBM","Normal","GTEX-13QIC-3026-SM-5LU58",6.137
"GBM","Normal","GTEX-131YS-3026-SM-5EGHY",5.846
"GBM","Normal","GTEX-13O3O-3026-SM-5KM42",5.461
"GBM","Normal","GTEX-ZAJG-3026-SM-5HL92",6.16
"GBM","Normal","GTEX-12WS9-2826-SM-5FQU9",6.062
"GBM","Normal","GTEX-X4EP-3026-SM-3P5YP",6.719
"GBM","Normal","GTEX-ZYY3-3026-SM-5GIEJ",5.896
"GBM","Normal","GTEX-ZAK1-2926-SM-5HL9S",6.033
"GBM","Normal","GTEX-N7MT-1226-SM-2D7W4",6.098
"GBM","Normal","GTEX-QVUS-2926-SM-3GIJB",5.38
"GBM","Normal","GTEX-14DAQ-3026-SM-5S2QZ",5.898
"GBM","Normal","GTEX-Q2AG-2826-SM-2HMJQ",5.934
"GBM","Normal","GTEX-1313W-3026-SM-5LZUZ",5.828
"GBM","Normal","GTEX-WWYW-3026-SM-3NB36",6.18
"GBM","Normal","GTEX-QVJO-1325-SM-2S1QX",5.706
"GBM","Normal","GTEX-13JUV-3026-SM-5K7WX",5.808
"GBM","Normal","GTEX-11TTK-2826-SM-5GU5K",5.233
"GBM","Normal","GTEX-N7MT-1226-SM-2TC6K",6.197
"GBM","Normal","GTEX-1128S-2826-SM-5N9DI",5.949
"GBM","Normal","GTEX-13NZ8-3026-SM-5L3D4",5.465
"GBM","Normal","GTEX-145MI-3126-SM-5Q5CF",5.515
"GBM","Normal","GTEX-12WSB-3026-SM-59HKM",5.587
"GBM","Normal","GTEX-N7MT-1226-SM-26GMC",5.403
"GBM","Normal","GTEX-RU72-2926-SM-2TF66",5.529
"GBM","Normal","GTEX-1269C-3126-SM-5EGI6",4.999
"GBM","Normal","GTEX-14A5I-2826-SM-5SIBF",5.196
"GBM","Normal","GTEX-TSE9-2926-SM-5CHQO",-9.966
"GBM","Normal","GTEX-11EMC-3326-SM-5P9JH",5.919
"GBM","Normal","GTEX-13S7M-3026-SM-5S2QQ",6.264
"GBM","Normal","GTEX-WZTO-2926-SM-3NM9I",5.617
"GBM","Normal","GTEX-PVOW-2526-SM-2XCF7",4.925
"GBM","Normal","GTEX-13NYS-3126-SM-5KLYV",5.798
"GBM","Normal","GTEX-11NUK-2926-SM-5A5MD",5.28
"GBM","Normal","GTEX-11DXW-1126-SM-5H12Q",5.108
"GBM","Normal","GTEX-13FHO-3026-SM-5J1O9",5.745
"GBM","Normal","GTEX-13NYC-2826-SM-5K7WR",5.823
"GBM","Normal","GTEX-111FC-3126-SM-5GZZ2",5.371
"GBM","Normal","GTEX-NPJ8-1526-SM-26GMY",1.714
"GBM","Normal","GTEX-1399T-3026-SM-5KLZC",5.126
"GBM","Normal","GTEX-13OW6-3026-SM-5J2MI",5.5
"GBM","Normal","GTEX-X4XX-3026-SM-3NMB2",5.929
"GBM","Normal","GTEX-XMD1-2926-SM-4AT42",4.646
"GBM","Normal","GTEX-ZUA1-3026-SM-59HJC",5.126
"GBM","Normal","GTEX-ZYFD-3026-SM-5E44C",5.543
"GBM","Normal","GTEX-12126-1026-SM-5P9JJ",5.5
"GBM","Normal","GTEX-144GL-3026-SM-5Q5CW",5.293
"GBM","Normal","GTEX-1192X-3126-SM-5N9BY",5.826
"GBM","Normal","GTEX-T5JC-2426-SM-3NMDB",5.554
"GBM","Normal","GTEX-13OVH-3026-SM-5MR4N",5.496
"GBM","Normal","GTEX-144FL-3026-SM-5O99C",5.23
"GBM","Normal","GTEX-13FHP-3026-SM-5IJBS",5.31
"GBM","Normal","GTEX-XOTO-3026-SM-4B65M",5.169
"GBM","Normal","GTEX-132Q8-3026-SM-5PNVG",5.343
"GBM","Normal","GTEX-145MH-3026-SM-5Q5DZ",5.413
"GBM","Normal","GTEX-13G51-3026-SM-5IJB8",5.086
"GBM","Normal","GTEX-13VXU-2926-SM-5LU5C",5.396
"GBM","Normal","GTEX-T6MN-2626-SM-32PMQ",5.576
"GBM","Normal","GTEX-139UC-3126-SM-5J1OY",5.393
"GBM","Normal","GTEX-WL46-2926-SM-3LK82",5.778
"GBM","Normal","GTEX-11EI6-3026-SM-5GZZO",5.035
"GBM","Normal","GTEX-12ZZY-3026-SM-5GCOU",5.81
"GBM","Normal","GTEX-12WSH-3026-SM-5CVNI",5.109
"GBM","Normal","GTEX-WHSE-3026-SM-3P5ZH",5.377
"GBM","Normal","GTEX-12WSC-3026-SM-5GCNF",5.511
"GBM","Normal","GTEX-WVLH-3026-SM-3MJG9",5.517
"GBM","Normal","GTEX-11DXY-3226-SM-5GIDE",5.269
"GBM","Normal","GTEX-Y8DK-0826-SM-4TT3T",5.039
"GBM","Normal","GTEX-11ONC-2926-SM-5P9JM",5.752
"GBM","Normal","GTEX-117XS-3026-SM-5N9CA",5.67
"GBM","Normal","GTEX-14BMV-3026-SM-5S2PQ",5.831
"GBM","Normal","GTEX-XLM4-3026-SM-4AT6L",5.131
"GBM","Normal","GTEX-12ZZZ-3026-SM-5BC67",4.919
"GBM","Normal","GTEX-14ASI-3026-SM-5S2PN",5.75
"GBM","Normal","GTEX-11GSO-2926-SM-5HL73",5.768
"GBM","Normal","GTEX-12WSA-2926-SM-5EQ4D",4.403
"GBM","Normal","GTEX-R55F-1326-SM-5S2V4",5.524
"GBM","Normal","GTEX-11WQK-3026-SM-5EQL6",5.16
"GBM","Normal","GTEX-145MF-2726-SM-5O995",5.563
"GBM","Normal","GTEX-ZF28-3026-SM-4WKHP",5.136
"GBM","Normal","GTEX-13X6J-3026-SM-5Q5CU",4.557
"GBM","Normal","GTEX-11O72-2926-SM-5BC4V",4.965
"GBM","Normal","GTEX-12696-2926-SM-5FQTG",5.617
"GBM","Normal","GTEX-X585-3026-SM-46MWF",6.457
"GBM","Normal","GTEX-13NYB-3026-SM-5IJD7",5.377
"GBM","Normal","GTEX-1445S-3026-SM-5O9BR",4.651
"GBM","Normal","GTEX-Z93S-2926-SM-57WB9",5.338
"GBM","Normal","GTEX-11ZUS-2926-SM-5FQSL",5.064
"GBM","Normal","GTEX-ZE9C-3026-SM-4WKHB",5.392
"GBM","Normal","GTEX-NPJ8-1526-SM-2D7VU",5.699
"GBM","Normal","GTEX-11GS4-3126-SM-5A5LH",5.437
"GBM","Normal","GTEX-13IVO-2926-SM-5L3CZ",4.818
"GBM","Normal","GTEX-13FLW-1426-SM-5K7YE",5.371
"GBM","Normal","GTEX-13O3Q-2926-SM-5KM45",5.034
"GBM","Normal","GTEX-13OW7-3026-SM-5L3GY",4.82
"GBM","Normal","GTEX-145MG-3026-SM-5RQJA",5.519
"GBM","Normal","GTEX-ZZPT-3026-SM-5GZXH",5.017
"GBM","Normal","GTEX-11TUW-3126-SM-5GU4Y",5.174
"GBM","Normal","GTEX-12ZZW-2926-SM-5LZUP",5.369
"GBM","Normal","GTEX-11NV4-2126-SM-5N9DS",4.514
"GBM","Normal","GTEX-N7MS-2425-SM-26GMD",4.463
"GBM","Normal","GTEX-NPJ8-1526-SM-26GMH",4.807
"GBM","Normal","GTEX-R55F-1326-SM-2TF5F",5.61
"GBM","Normal","GTEX-ZYY3-3126-SM-5SI9L",5.207
"GBM","Normal","GTEX-TSE9-3026-SM-3DB76",5.095
"GBM","Normal","GTEX-RNOR-2326-SM-2TF4I",5.437
"GBM","Normal","GTEX-T2IS-3026-SM-32QPM",4.933
"GBM","Normal","GTEX-QDT8-2926-SM-32PKC",5.056
"GBM","Normal","GTEX-145LS-3126-SM-5Q5BY",5.354
"GBM","Normal","GTEX-Q2AG-2926-SM-2HMJ3",5.555
"GBM","Normal","GTEX-131YS-3126-SM-5KLYT",5.101
"GBM","Normal","GTEX-13OVJ-2826-SM-5L3GW",5.207
"GBM","Normal","GTEX-ZAK1-3026-SM-5S2MJ",5.36
"GBM","Normal","GTEX-11EMC-3226-SM-5EGKW",4.959
"GBM","Normal","GTEX-ZVT3-3026-SM-5E43N",5.477
"GBM","Normal","GTEX-1128S-2726-SM-5H12C",5.369
"GBM","Normal","GTEX-13O3O-3126-SM-5KM3H",5.184
"GBM","Normal","GTEX-QVUS-2826-SM-3GADB",5.074
"GBM","Normal","GTEX-12ZZX-2926-SM-5GCOQ",5.578
"GBM","Normal","GTEX-1313W-3126-SM-5LZUI",5.351
"GBM","Normal","GTEX-13QIC-2926-SM-5J2NF",5.475
"GBM","Normal","GTEX-WWYW-3126-SM-3NB39",5.703
"GBM","Normal","GTEX-13PL6-3126-SM-5LUAR",5.254
"GBM","Normal","GTEX-14A5I-2926-SM-5Q5CQ",5.209
"GBM","Normal","GTEX-11GSP-3226-SM-5986O",4.794
"GBM","Normal","GTEX-NPJ7-2726-SM-2I3FT",4.732
"GBM","Normal","GTEX-13S7M-3126-SM-5RQJQ",5.22
"GBM","Normal","GTEX-RU72-3026-SM-5SI7Y",4.845
"GBM","Normal","GTEX-12WSD-3126-SM-5HL7P",5.211
"GBM","Normal","GTEX-1117F-3226-SM-5N9CT",5.218
"GBM","Normal","GTEX-ZAJG-3126-SM-5HL9J",5.889
"GBM","Normal","GTEX-11TTK-2926-SM-5PNYP",4.599
"GBM","Normal","GTEX-13SLX-3126-SM-5S2Q5",5.635
"GBM","Normal","GTEX-ZE7O-3126-SM-5HL5X",5.38
"GBM","Normal","GTEX-N7MT-1126-SM-2YUNQ",6.226
"HNSC","Tumor","TCGA-CQ-A4C7-01",5.536
"HNSC","Tumor","TCGA-CQ-5332-01",5.529
"HNSC","Tumor","TCGA-CQ-5334-01",5.544
"HNSC","Tumor","TCGA-CV-6938-01",5.163
"HNSC","Tumor","TCGA-CV-A6JM-01",6.602
"HNSC","Tumor","TCGA-BB-8601-01",5.605
"HNSC","Tumor","TCGA-BA-4078-01",5.293
"HNSC","Tumor","TCGA-CR-7376-01",5.211
"HNSC","Tumor","TCGA-CQ-5323-01",4.552
"HNSC","Tumor","TCGA-CX-7082-01",7.008
"HNSC","Tumor","TCGA-T2-A6X2-01",5.753
"HNSC","Tumor","TCGA-CN-5361-01",4.771
"HNSC","Tumor","TCGA-CV-7101-01",4.628
"HNSC","Tumor","TCGA-UF-A7JF-01",5.976
"HNSC","Tumor","TCGA-CQ-6221-01",6.653
"HNSC","Tumor","TCGA-CV-7432-01",6.046
"HNSC","Tumor","TCGA-CV-A6K2-01",4.885
"HNSC","Tumor","TCGA-T3-A92N-01",5.521
"HNSC","Tumor","TCGA-CN-5370-01",5.158
"HNSC","Tumor","TCGA-CN-6995-01",5.386
"HNSC","Tumor","TCGA-CR-6492-01",5.007
"HNSC","Tumor","TCGA-CV-7414-01",5.876
"HNSC","Tumor","TCGA-CV-A6JE-01",6.528
"HNSC","Tumor","TCGA-BA-A4IG-01",5.145
"HNSC","Tumor","TCGA-CQ-6227-01",5.277
"HNSC","Tumor","TCGA-CV-7437-01",5.93
"HNSC","Tumor","TCGA-CV-7421-01",5.221
"HNSC","Tumor","TCGA-IQ-A61H-01",5.61
"HNSC","Tumor","TCGA-BA-6871-01",6.161
"HNSC","Tumor","TCGA-CN-4741-01",5.21
"HNSC","Tumor","TCGA-CV-A45W-01",5.604
"HNSC","Tumor","TCGA-CV-A45Z-01",6.49
"HNSC","Tumor","TCGA-F7-A622-01",4.918
"HNSC","Tumor","TCGA-UF-A7J9-01",5.931
"HNSC","Tumor","TCGA-CQ-5333-01",5.7
"HNSC","Tumor","TCGA-CV-6943-01",4.572
"HNSC","Tumor","TCGA-CV-7089-01",5.3
"HNSC","Tumor","TCGA-HD-7831-01",5.655
"HNSC","Tumor","TCGA-HD-A633-01",4.91
"HNSC","Tumor","TCGA-MT-A7BN-01",6.992
"HNSC","Tumor","TCGA-BB-4225-01",5.676
"HNSC","Tumor","TCGA-CN-4729-01",4.428
"HNSC","Tumor","TCGA-CN-6023-01",6.141
"HNSC","Tumor","TCGA-CQ-A4CI-01",6.852
"HNSC","Tumor","TCGA-CV-5431-01",4.924
"HNSC","Tumor","TCGA-D6-6825-01",4.691
"HNSC","Tumor","TCGA-DQ-5630-01",4.595
"HNSC","Tumor","TCGA-F7-A624-01",5.934
"HNSC","Tumor","TCGA-BA-5151-01",4.58
"HNSC","Tumor","TCGA-CV-A460-01",5.456
"HNSC","Tumor","TCGA-F7-A50I-01",5.722
"HNSC","Tumor","TCGA-BA-5559-01",5.891
"HNSC","Tumor","TCGA-CN-4739-01",5.046
"HNSC","Tumor","TCGA-CN-A49B-01",5.959
"HNSC","Tumor","TCGA-CR-5250-01",5.092
"HNSC","Tumor","TCGA-CV-6937-01",5.235
"HNSC","Tumor","TCGA-D6-A6EN-01",6.052
"HNSC","Tumor","TCGA-QK-A6IJ-01",5.032
"HNSC","Tumor","TCGA-UF-A7JD-01",5.529
"HNSC","Tumor","TCGA-CN-4734-01",5.117
"HNSC","Tumor","TCGA-CR-7394-01",4.736
"HNSC","Tumor","TCGA-DQ-7589-01",5.162
"HNSC","Tumor","TCGA-F7-A623-01",4.917
"HNSC","Tumor","TCGA-BA-4074-01",3.482
"HNSC","Tumor","TCGA-CQ-6220-01",4.71
"HNSC","Tumor","TCGA-CQ-6223-01",4.134
"HNSC","Tumor","TCGA-CQ-A4CD-01",4.773
"HNSC","Tumor","TCGA-CR-6493-01",5.958
"HNSC","Tumor","TCGA-CR-7386-01",4.581
"HNSC","Tumor","TCGA-CV-A6JO-01",5.181
"HNSC","Tumor","TCGA-CV-A6JY-01",5.076
"HNSC","Tumor","TCGA-D6-6516-01",5.402
"HNSC","Tumor","TCGA-HD-7754-01",5.796
"HNSC","Tumor","TCGA-QK-A6IG-01",5.551
"HNSC","Tumor","TCGA-QK-AA3J-01",5.411
"HNSC","Tumor","TCGA-WA-A7H4-01",5.316
"HNSC","Tumor","TCGA-BB-4217-01",5.644
"HNSC","Tumor","TCGA-CN-4726-01",4.476
"HNSC","Tumor","TCGA-CN-5360-01",5.609
"HNSC","Tumor","TCGA-CR-6473-01",6.194
"HNSC","Tumor","TCGA-CR-7402-01",4.933
"HNSC","Tumor","TCGA-CV-5432-01",6.461
"HNSC","Tumor","TCGA-CV-6936-01",7.396
"HNSC","Tumor","TCGA-CV-A6JZ-01",5.599
"HNSC","Tumor","TCGA-MZ-A6I9-01",6.057
"HNSC","Tumor","TCGA-QK-A8ZB-01",4.412
"HNSC","Tumor","TCGA-UF-A7JJ-01",5.079
"HNSC","Tumor","TCGA-BB-7862-01",5.655
"HNSC","Tumor","TCGA-CN-4723-01",5.475
"HNSC","Tumor","TCGA-CN-6994-01",5.349
"HNSC","Tumor","TCGA-CN-A49C-01",5.958
"HNSC","Tumor","TCGA-CQ-5326-01",4.586
"HNSC","Tumor","TCGA-CR-7390-01",5.509
"HNSC","Tumor","TCGA-CV-6935-01",5.604
"HNSC","Tumor","TCGA-CV-6956-01",4.94
"HNSC","Tumor","TCGA-CV-7235-01",5.665
"HNSC","Tumor","TCGA-CV-7424-01",5.818
"HNSC","Tumor","TCGA-D6-A6EK-01",5.78
"HNSC","Tumor","TCGA-D6-A74Q-01",5.766
"HNSC","Tumor","TCGA-P3-A6SX-01",5.551
"HNSC","Tumor","TCGA-UF-A71A-01",5.743
"HNSC","Tumor","TCGA-4P-AA8J-01",4.931
"HNSC","Tumor","TCGA-BB-4227-01",4.863
"HNSC","Tumor","TCGA-CN-6012-01",5.341
"HNSC","Tumor","TCGA-CN-6024-01",6.226
"HNSC","Tumor","TCGA-CN-6997-01",5.973
"HNSC","Tumor","TCGA-CR-7364-01",5.153
"HNSC","Tumor","TCGA-CR-7373-01",5.128
"HNSC","Tumor","TCGA-CV-5977-01",5.836
"HNSC","Tumor","TCGA-CV-7100-01",5.218
"HNSC","Tumor","TCGA-CV-7446-01",5.048
"HNSC","Tumor","TCGA-DQ-7588-01",5.55
"HNSC","Tumor","TCGA-QK-A6VB-01",6.641
"HNSC","Tumor","TCGA-BA-5558-01",4.802
"HNSC","Tumor","TCGA-BB-A5HZ-01",4.711
"HNSC","Tumor","TCGA-CQ-5325-01",4.699
"HNSC","Tumor","TCGA-CQ-6225-01",5.151
"HNSC","Tumor","TCGA-CV-5436-01",5.922
"HNSC","Tumor","TCGA-CV-6962-01",6.871
"HNSC","Tumor","TCGA-CV-7423-01",5.136
"HNSC","Tumor","TCGA-CV-A461-01",5.97
"HNSC","Tumor","TCGA-CV-A6JT-01",5.727
"HNSC","Tumor","TCGA-CV-A6K1-01",6.505
"HNSC","Tumor","TCGA-HL-7533-01",5.024
"HNSC","Tumor","TCGA-BB-A5HY-01",5.524
"HNSC","Tumor","TCGA-CN-5355-01",5.681
"HNSC","Tumor","TCGA-CN-6016-01",5.573
"HNSC","Tumor","TCGA-CN-6989-01",6.045
"HNSC","Tumor","TCGA-CR-7401-01",5.269
"HNSC","Tumor","TCGA-CV-5444-01",6.028
"HNSC","Tumor","TCGA-CV-6950-01",5.428
"HNSC","Tumor","TCGA-CV-7250-01",5.419
"HNSC","Tumor","TCGA-CV-7263-01",6.009
"HNSC","Tumor","TCGA-CV-7434-01",5.491
"HNSC","Tumor","TCGA-DQ-5629-01",5.387
"HNSC","Tumor","TCGA-BB-7872-01",3.563
"HNSC","Tumor","TCGA-CN-A497-01",5.696
"HNSC","Tumor","TCGA-CQ-6222-01",5.306
"HNSC","Tumor","TCGA-CQ-A4C6-01",4.875
"HNSC","Tumor","TCGA-CV-5443-01",5.403
"HNSC","Tumor","TCGA-HD-8224-01",5.455
"HNSC","Tumor","TCGA-IQ-A61I-01",6.569
"HNSC","Tumor","TCGA-UF-A71E-01",5.745
"HNSC","Tumor","TCGA-BA-6869-01",5.413
"HNSC","Tumor","TCGA-BA-A6DI-01",4.607
"HNSC","Tumor","TCGA-BA-A6DJ-01",5.346
"HNSC","Tumor","TCGA-CN-4730-01",4.528
"HNSC","Tumor","TCGA-CR-6482-01",5.724
"HNSC","Tumor","TCGA-CV-5439-01",4.188
"HNSC","Tumor","TCGA-CV-6436-01",4.963
"HNSC","Tumor","TCGA-CV-7245-01",5.613
"HNSC","Tumor","TCGA-CV-7418-01",5.9
"HNSC","Tumor","TCGA-D6-8568-01",5.453
"HNSC","Tumor","TCGA-D6-A6EP-01",6.31
"HNSC","Tumor","TCGA-DQ-7591-01",4.679
"HNSC","Tumor","TCGA-F7-A61S-01",5.233
"HNSC","Tumor","TCGA-HD-7753-01",5.522
"HNSC","Tumor","TCGA-HD-7917-01",4.908
"HNSC","Tumor","TCGA-UF-A718-01",6.32
"HNSC","Tumor","TCGA-BA-7269-01",6.419
"HNSC","Tumor","TCGA-BB-7864-01",5.352
"HNSC","Tumor","TCGA-CN-4733-01",4.584
"HNSC","Tumor","TCGA-CN-6019-01",5.332
"HNSC","Tumor","TCGA-CN-6992-01",5.914
"HNSC","Tumor","TCGA-CN-A6V3-01",4.272
"HNSC","Tumor","TCGA-CQ-6229-01",4.694
"HNSC","Tumor","TCGA-CV-5430-01",5.576
"HNSC","Tumor","TCGA-CV-6961-01",4.645
"HNSC","Tumor","TCGA-CV-7410-01",5.091
"HNSC","Tumor","TCGA-CV-A45Y-01",5.595
"HNSC","Tumor","TCGA-D6-6824-01",5.155
"HNSC","Tumor","TCGA-D6-A4ZB-01",5.419
"HNSC","Tumor","TCGA-QK-A6IF-01",5.2
"HNSC","Tumor","TCGA-CN-4725-01",4.95
"HNSC","Tumor","TCGA-CN-5358-01",5.18
"HNSC","Tumor","TCGA-CN-A49A-01",5.427
"HNSC","Tumor","TCGA-CN-A63T-01",4.999
"HNSC","Tumor","TCGA-CR-6491-01",5.102
"HNSC","Tumor","TCGA-CR-7365-01",5.048
"HNSC","Tumor","TCGA-CV-5434-01",6.075
"HNSC","Tumor","TCGA-CV-5971-01",5.389
"HNSC","Tumor","TCGA-CV-6441-01",5.673
"HNSC","Tumor","TCGA-CV-6939-01",5.489
"HNSC","Tumor","TCGA-CV-7415-01",5.65
"HNSC","Tumor","TCGA-HD-7229-01",5.062
"HNSC","Tumor","TCGA-QK-A652-01",4.924
"HNSC","Tumor","TCGA-QK-A8ZA-01",6.429
"HNSC","Tumor","TCGA-QK-AA3K-01",5.878
"HNSC","Tumor","TCGA-BA-A4IF-01",4.865
"HNSC","Tumor","TCGA-BA-A6D8-01",6.907
"HNSC","Tumor","TCGA-BA-A6DL-01",4.803
"HNSC","Tumor","TCGA-CN-5359-01",4.922
"HNSC","Tumor","TCGA-CN-A63V-01",5.921
"HNSC","Tumor","TCGA-CN-A6V1-01",5.586
"HNSC","Tumor","TCGA-CN-A6V6-01",5.771
"HNSC","Tumor","TCGA-CQ-5324-01",4.853
"HNSC","Tumor","TCGA-CQ-A4CB-01",5.695
"HNSC","Tumor","TCGA-CR-6467-01",6.357
"HNSC","Tumor","TCGA-CR-6472-01",5.09
"HNSC","Tumor","TCGA-CR-7369-01",5.662
"HNSC","Tumor","TCGA-CV-5970-01",4.301
"HNSC","Tumor","TCGA-CV-6954-01",5.635
"HNSC","Tumor","TCGA-CV-A45U-01",5.402
"HNSC","Tumor","TCGA-D6-6517-01",5.397
"HNSC","Tumor","TCGA-D6-A4Z9-01",5.584
"HNSC","Tumor","TCGA-QK-A8Z7-01",6.56
"HNSC","Tumor","TCGA-TN-A7HL-01",6.182
"HNSC","Tumor","TCGA-UF-A7JH-01",6.002
"HNSC","Tumor","TCGA-UF-A7JK-01",5.025
"HNSC","Tumor","TCGA-UF-A7JS-01",6.043
"HNSC","Tumor","TCGA-BB-7870-01",5.769
"HNSC","Tumor","TCGA-CN-6020-01",5.447
"HNSC","Tumor","TCGA-CQ-A4CH-01",5.298
"HNSC","Tumor","TCGA-CR-6471-01",5.53
"HNSC","Tumor","TCGA-CR-7377-01",4.751
"HNSC","Tumor","TCGA-CR-7380-01",5.404
"HNSC","Tumor","TCGA-CV-5441-01",6.458
"HNSC","Tumor","TCGA-CV-7253-01",5.039
"HNSC","Tumor","TCGA-CV-A6K0-01",5.003
"HNSC","Tumor","TCGA-DQ-7593-01",4.608
"HNSC","Tumor","TCGA-F7-8298-01",6.072
"HNSC","Tumor","TCGA-HD-8314-01",5.734
"HNSC","Tumor","TCGA-RS-A6TP-01",6.412
"HNSC","Tumor","TCGA-UP-A6WW-01",5.753
"HNSC","Tumor","TCGA-WA-A7GZ-01",5.344
"HNSC","Tumor","TCGA-BA-A4IH-01",5.132
"HNSC","Tumor","TCGA-CN-6011-01",6.068
"HNSC","Tumor","TCGA-CN-A642-01",5.529
"HNSC","Tumor","TCGA-CN-A6UY-01",5.626
"HNSC","Tumor","TCGA-CV-5435-01",6.12
"HNSC","Tumor","TCGA-CV-6951-01",5.189
"HNSC","Tumor","TCGA-CV-7261-01",5.295
"HNSC","Tumor","TCGA-CV-A45O-01",3.997
"HNSC","Tumor","TCGA-D6-A6EQ-01",5.326
"HNSC","Tumor","TCGA-DQ-7592-01",5.338
"HNSC","Tumor","TCGA-H7-A76A-01",5.351
"HNSC","Tumor","TCGA-IQ-A61G-01",5.662
"HNSC","Tumor","TCGA-BA-5152-01",4.522
"HNSC","Tumor","TCGA-BB-7861-01",5.357
"HNSC","Tumor","TCGA-CN-4727-01",6.127
"HNSC","Tumor","TCGA-CN-4728-01",5.523
"HNSC","Tumor","TCGA-CN-5356-01",5.494
"HNSC","Tumor","TCGA-CN-6013-01",5.656
"HNSC","Tumor","TCGA-CQ-A4C9-01",5.235
"HNSC","Tumor","TCGA-CV-7430-01",4.227
"HNSC","Tumor","TCGA-CX-A4AQ-01",6.134
"HNSC","Tumor","TCGA-HD-A634-01",6.08
"HNSC","Tumor","TCGA-HD-A6I0-01",6.104
"HNSC","Tumor","TCGA-QK-A6V9-01",6.272
"HNSC","Tumor","TCGA-QK-A8Z9-01",5.542
"HNSC","Tumor","TCGA-TN-A7HI-01",6.256
"HNSC","Tumor","TCGA-CN-5364-01",4.814
"HNSC","Tumor","TCGA-CN-6017-01",5.247
"HNSC","Tumor","TCGA-CR-7389-01",5.173
"HNSC","Tumor","TCGA-CV-7247-01",5.925
"HNSC","Tumor","TCGA-CV-7254-01",4.767
"HNSC","Tumor","TCGA-CV-7429-01",5.544
"HNSC","Tumor","TCGA-IQ-A6SH-01",5.265
"HNSC","Tumor","TCGA-MT-A67D-01",5.38
"HNSC","Tumor","TCGA-P3-A6T7-01",5.669
"HNSC","Tumor","TCGA-BA-5555-01",5.663
"HNSC","Tumor","TCGA-CR-7368-01",5.277
"HNSC","Tumor","TCGA-CV-7091-01",5.74
"HNSC","Tumor","TCGA-F7-A61V-01",5.067
"HNSC","Tumor","TCGA-H7-8501-01",4.77
"HNSC","Tumor","TCGA-IQ-A61J-01",4.459
"HNSC","Tumor","TCGA-P3-A5Q5-01",5.631
"HNSC","Tumor","TCGA-P3-A6T4-01",4.538
"HNSC","Tumor","TCGA-P3-A6T8-01",5.267
"HNSC","Tumor","TCGA-UF-A719-01",4.823
"HNSC","Tumor","TCGA-BA-6868-01",5.283
"HNSC","Tumor","TCGA-CN-4738-01",5.158
"HNSC","Tumor","TCGA-CN-6010-01",5.731
"HNSC","Tumor","TCGA-CN-6998-01",5.37
"HNSC","Tumor","TCGA-CR-5248-01",5.369
"HNSC","Tumor","TCGA-CR-6480-01",5.249
"HNSC","Tumor","TCGA-CR-7404-01",6.033
"HNSC","Tumor","TCGA-CV-6933-01",5.398
"HNSC","Tumor","TCGA-CV-7097-01",5.854
"HNSC","Tumor","TCGA-CV-7183-01",4.981
"HNSC","Tumor","TCGA-CV-A6JN-01",5.119
"HNSC","Tumor","TCGA-CX-7086-01",5.868
"HNSC","Tumor","TCGA-DQ-7595-01",4.426
"HNSC","Tumor","TCGA-MZ-A5BI-01",5.979
"HNSC","Tumor","TCGA-P3-A6T6-01",5.755
"HNSC","Tumor","TCGA-T2-A6WZ-01",6.244
"HNSC","Tumor","TCGA-BB-4224-01",5.671
"HNSC","Tumor","TCGA-BB-A6UM-01",6.129
"HNSC","Tumor","TCGA-CN-4735-01",4.82
"HNSC","Tumor","TCGA-CQ-6224-01",5.365
"HNSC","Tumor","TCGA-CR-7367-01",5.773
"HNSC","Tumor","TCGA-CV-5440-01",5.793
"HNSC","Tumor","TCGA-D6-8569-01",5.144
"HNSC","Tumor","TCGA-DQ-5631-01",5.335
"HNSC","Tumor","TCGA-HD-7832-01",5.737
"HNSC","Tumor","TCGA-QK-A6II-01",5.806
"HNSC","Tumor","TCGA-T3-A92M-01",5.908
"HNSC","Tumor","TCGA-BA-5153-01",5.277
"HNSC","Tumor","TCGA-CN-5366-01",5.178
"HNSC","Tumor","TCGA-CQ-7072-01",5.516
"HNSC","Tumor","TCGA-CR-5243-01",5.26
"HNSC","Tumor","TCGA-CR-6474-01",5.381
"HNSC","Tumor","TCGA-CV-6941-01",5.742
"HNSC","Tumor","TCGA-DQ-7590-01",5.693
"HNSC","Tumor","TCGA-F7-A61W-01",4.928
"HNSC","Tumor","TCGA-MZ-A7D7-01",3.498
"HNSC","Tumor","TCGA-TN-A7HJ-01",5.326
"HNSC","Tumor","TCGA-BA-A8YP-01",6.032
"HNSC","Tumor","TCGA-BB-4228-01",4.969
"HNSC","Tumor","TCGA-CN-A63U-01",5.786
"HNSC","Tumor","TCGA-CR-6487-01",5.752
"HNSC","Tumor","TCGA-CV-5976-01",5.569
"HNSC","Tumor","TCGA-CV-7243-01",5.072
"HNSC","Tumor","TCGA-D6-6823-01",6.048
"HNSC","Tumor","TCGA-D6-A6ES-01",5.056
"HNSC","Tumor","TCGA-H7-8502-01",5.288
"HNSC","Tumor","TCGA-P3-A6SW-01",5.378
"HNSC","Tumor","TCGA-UF-A71B-01",6.1
"HNSC","Tumor","TCGA-BA-4075-01",3.532
"HNSC","Tumor","TCGA-BA-A6DG-01",5.424
"HNSC","Tumor","TCGA-CN-6022-01",5.5
"HNSC","Tumor","TCGA-CR-7382-01",5.301
"HNSC","Tumor","TCGA-CV-6960-01",6.026
"HNSC","Tumor","TCGA-CV-7103-01",5.725
"HNSC","Tumor","TCGA-CV-7406-01",5.663
"HNSC","Tumor","TCGA-CV-7433-01",5.715
"HNSC","Tumor","TCGA-IQ-7630-01",5.555
"HNSC","Tumor","TCGA-P3-A5Q6-01",5.745
"HNSC","Tumor","TCGA-P3-A5QE-01",5.185
"HNSC","Tumor","TCGA-P3-A5QF-01",5.735
"HNSC","Tumor","TCGA-P3-A6T3-01",5.426
"HNSC","Tumor","TCGA-T2-A6X0-01",5.826
"HNSC","Tumor","TCGA-BB-4223-01",5.881
"HNSC","Tumor","TCGA-CN-5363-01",5.149
"HNSC","Tumor","TCGA-CR-5247-01",5.569
"HNSC","Tumor","TCGA-CV-6959-01",5.269
"HNSC","Tumor","TCGA-CV-A464-01",5.729
"HNSC","Tumor","TCGA-DQ-7596-01",4.901
"HNSC","Tumor","TCGA-F7-8489-01",5.297
"HNSC","Tumor","TCGA-BA-5149-01",4.852
"HNSC","Tumor","TCGA-BA-6872-01",5.464
"HNSC","Tumor","TCGA-BB-A5HU-01",5.081
"HNSC","Tumor","TCGA-CN-6988-01",5.427
"HNSC","Tumor","TCGA-CN-A641-01",4.413
"HNSC","Tumor","TCGA-CR-6481-01",5.251
"HNSC","Tumor","TCGA-CV-7428-01",4.984
"HNSC","Tumor","TCGA-CV-A45X-01",4.83
"HNSC","Tumor","TCGA-CX-7219-01",5.697
"HNSC","Tumor","TCGA-DQ-7594-01",5.529
"HNSC","Tumor","TCGA-F7-7848-01",5.234
"HNSC","Tumor","TCGA-F7-A620-01",5.065
"HNSC","Tumor","TCGA-BA-A4II-01",5.339
"HNSC","Tumor","TCGA-CV-A45R-01",5.064
"HNSC","Tumor","TCGA-CR-7372-01",5.719
"HNSC","Tumor","TCGA-P3-A6T2-01",5.124
"HNSC","Tumor","TCGA-BA-A6DD-01",5.301
"HNSC","Tumor","TCGA-CR-7397-01",5.199
"HNSC","Tumor","TCGA-D6-A6EO-01",5.945
"HNSC","Tumor","TCGA-CV-7409-01",5.354
"HNSC","Tumor","TCGA-IQ-A61O-01",5.656
"HNSC","Tumor","TCGA-CR-7385-01",5.415
"HNSC","Tumor","TCGA-CV-A468-01",5.247
"HNSC","Tumor","TCGA-UF-A7JC-01",5.292
"HNSC","Tumor","TCGA-CV-6945-01",5.676
"HNSC","Tumor","TCGA-KU-A6H8-01",5.466
"HNSC","Tumor","TCGA-P3-A5QA-01",5.183
"HNSC","Tumor","TCGA-BB-7866-01",5.603
"HNSC","Tumor","TCGA-CN-A6V7-01",7.253
"HNSC","Tumor","TCGA-CQ-7065-01",4.81
"HNSC","Tumor","TCGA-BA-4076-01",4.782
"HNSC","Tumor","TCGA-CV-7090-01",5.283
"HNSC","Tumor","TCGA-CN-5365-01",5.067
"HNSC","Tumor","TCGA-CR-6470-01",5.857
"HNSC","Tumor","TCGA-CV-7440-01",5.075
"HNSC","Tumor","TCGA-CV-7180-01",4.984
"HNSC","Tumor","TCGA-MT-A51X-01",4.439
"HNSC","Tumor","TCGA-BA-6873-01",5.72
"HNSC","Tumor","TCGA-CR-7393-01",5.03
"HNSC","Tumor","TCGA-CV-5979-01",5.326
"HNSC","Tumor","TCGA-CV-A465-01",4.358
"HNSC","Tumor","TCGA-CN-4737-01",5.826
"HNSC","Tumor","TCGA-CQ-A4CA-01",5.496
"HNSC","Tumor","TCGA-CN-5369-01",5.181
"HNSC","Tumor","TCGA-CV-7095-01",5.245
"HNSC","Tumor","TCGA-CV-7438-01",5.651
"HNSC","Tumor","TCGA-CV-A45V-01",5.182
"HNSC","Tumor","TCGA-CN-6018-01",5.616
"HNSC","Tumor","TCGA-CV-7099-01",5.249
"HNSC","Tumor","TCGA-MT-A67A-01",4.833
"HNSC","Tumor","TCGA-CV-7177-01",5.619
"HNSC","Tumor","TCGA-CV-A45P-01",4.882
"HNSC","Tumor","TCGA-CV-A463-01",5.307
"HNSC","Tumor","TCGA-CV-A6JD-01",5.803
"HNSC","Tumor","TCGA-D6-6515-01",5.004
"HNSC","Tumor","TCGA-RS-A6TO-01",5.502
"HNSC","Tumor","TCGA-CQ-7068-01",5.656
"HNSC","Tumor","TCGA-CR-7395-01",5.354
"HNSC","Tumor","TCGA-CV-6940-01",5.561
"HNSC","Tumor","TCGA-CV-6953-01",4.906
"HNSC","Tumor","TCGA-CN-4740-01",5.121
"HNSC","Tumor","TCGA-CR-7383-01",5.798
"HNSC","Tumor","TCGA-CV-6948-01",5.513
"HNSC","Tumor","TCGA-HD-A6HZ-01",4.438
"HNSC","Tumor","TCGA-P3-A6T5-01",5.926
"HNSC","Tumor","TCGA-QK-A64Z-01",5.414
"HNSC","Tumor","TCGA-UF-A7JO-01",5.694
"HNSC","Tumor","TCGA-CQ-A4CG-01",4.893
"HNSC","Tumor","TCGA-CR-7379-01",5.446
"HNSC","Tumor","TCGA-CQ-7069-01",5.014
"HNSC","Tumor","TCGA-CV-7236-01",5.177
"HNSC","Tumor","TCGA-CV-7425-01",5.116
"HNSC","Tumor","TCGA-CX-7085-01",4.438
"HNSC","Tumor","TCGA-CQ-7071-01",4.515
"HNSC","Tumor","TCGA-CQ-A4CE-01",4.773
"HNSC","Tumor","TCGA-CV-5442-01",5.486
"HNSC","Tumor","TCGA-CV-7102-01",5.337
"HNSC","Tumor","TCGA-CQ-7067-01",5.275
"HNSC","Tumor","TCGA-H7-7774-01",5.011
"HNSC","Tumor","TCGA-CV-6955-01",4.513
"HNSC","Tumor","TCGA-CV-7413-01",4.76
"HNSC","Tumor","TCGA-CQ-5331-01",5.314
"HNSC","Tumor","TCGA-CV-6942-01",5.294
"HNSC","Tumor","TCGA-CV-7427-01",4.82
"HNSC","Tumor","TCGA-T2-A6WX-01",5.615
"HNSC","Tumor","TCGA-C9-A47Z-01",5.088
"HNSC","Tumor","TCGA-CR-7370-01",6.1
"HNSC","Tumor","TCGA-UF-A7JT-01",5.716
"HNSC","Tumor","TCGA-CQ-6228-01",5.705
"HNSC","Tumor","TCGA-BA-A6DE-01",5.9
"HNSC","Tumor","TCGA-CN-4736-01",5.083
"HNSC","Tumor","TCGA-CR-7388-01",5.211
"HNSC","Tumor","TCGA-BB-8596-01",5.291
"HNSC","Tumor","TCGA-CQ-5330-01",5.568
"HNSC","Tumor","TCGA-CV-7238-01",5.294
"HNSC","Tumor","TCGA-CV-A45Q-01",5.245
"HNSC","Tumor","TCGA-KU-A66S-01",5.519
"HNSC","Tumor","TCGA-CR-6488-01",5.497
"HNSC","Tumor","TCGA-IQ-7632-01",5.01
"HNSC","Tumor","TCGA-CR-6484-01",4.876
"HNSC","Tumor","TCGA-CR-7374-01",5.647
"HNSC","Tumor","TCGA-CR-7392-01",4.874
"HNSC","Tumor","TCGA-CV-7407-01",5.209
"HNSC","Tumor","TCGA-F7-A50J-01",4.419
"HNSC","Tumor","TCGA-CR-6478-01",5.887
"HNSC","Tumor","TCGA-CV-6934-01",5.453
"HNSC","Tumor","TCGA-UF-A7JA-01",6.336
"HNSC","Tumor","TCGA-CV-6952-01",4.347
"HNSC","Tumor","TCGA-D6-A6EM-01",5.827
"HNSC","Tumor","TCGA-QK-A6IH-01",6.518
"HNSC","Tumor","TCGA-BB-7871-01",6.185
"HNSC","Tumor","TCGA-CV-7178-01",5.749
"HNSC","Tumor","TCGA-CV-7411-01",4.805
"HNSC","Tumor","TCGA-CV-A45T-01",5.137
"HNSC","Tumor","TCGA-D6-6826-01",5.213
"HNSC","Tumor","TCGA-CN-4731-01",4.762
"HNSC","Tumor","TCGA-CN-6021-01",6.079
"HNSC","Tumor","TCGA-CV-5966-01",5.173
"HNSC","Tumor","TCGA-CV-7248-01",5.754
"HNSC","Tumor","TCGA-CV-5973-01",5.287
"HNSC","Tumor","TCGA-CV-7252-01",5.797
"HNSC","Tumor","TCGA-QK-A6VC-01",5.283
"HNSC","Tumor","TCGA-UF-A7JV-01",5.69
"HNSC","Tumor","TCGA-BB-A6UO-01",5.825
"HNSC","Tumor","TCGA-CN-4722-01",4.552
"HNSC","Tumor","TCGA-CN-A498-01",5.74
"HNSC","Tumor","TCGA-CQ-5327-01",5.022
"HNSC","Tumor","TCGA-CV-7104-01",4.503
"HNSC","Tumor","TCGA-CV-A6JU-01",6.731
"HNSC","Tumor","TCGA-HD-8635-01",4.755
"HNSC","Tumor","TCGA-IQ-A6SG-01",5.295
"HNSC","Tumor","TCGA-BA-6870-01",4.62
"HNSC","Tumor","TCGA-CN-5367-01",5.053
"HNSC","Tumor","TCGA-CN-A499-01",5.418
"HNSC","Tumor","TCGA-CR-7399-01",5.679
"HNSC","Tumor","TCGA-CV-7242-01",5.34
"HNSC","Tumor","TCGA-CV-7422-01",5.534
"HNSC","Tumor","TCGA-IQ-7631-01",5.254
"HNSC","Tumor","TCGA-MT-A67F-01",4.776
"HNSC","Tumor","TCGA-QK-A8Z8-01",4.859
"HNSC","Tumor","TCGA-CQ-7063-01",5.21
"HNSC","Tumor","TCGA-BA-5556-01",5.089
"HNSC","Tumor","TCGA-CN-6996-01",5.172
"HNSC","Tumor","TCGA-CV-7435-01",5.443
"HNSC","Tumor","TCGA-CN-5374-01",5.311
"HNSC","Tumor","TCGA-CR-6477-01",5.481
"HNSC","Tumor","TCGA-CN-5373-01",4.985
"HNSC","Tumor","TCGA-D6-6827-01",6.041
"HNSC","Tumor","TCGA-IQ-A61E-01",5.155
"HNSC","Tumor","TCGA-KU-A6H7-01",6.106
"HNSC","Tumor","TCGA-UF-A71D-01",5.369
"HNSC","Tumor","TCGA-CR-7398-01",5.961
"HNSC","Tumor","TCGA-CV-5978-01",5.703
"HNSC","Tumor","TCGA-KU-A66T-01",7.436
"HNSC","Tumor","TCGA-CQ-6218-01",4.859
"HNSC","Tumor","TCGA-DQ-5625-01",5.201
"HNSC","Tumor","TCGA-MT-A51W-01",5.165
"HNSC","Tumor","TCGA-HD-8634-01",5.157
"HNSC","Tumor","TCGA-CQ-6219-01",5.338
"HNSC","Tumor","TCGA-CV-6003-01",5.648
"HNSC","Tumor","TCGA-CN-4742-01",4.168
"HNSC","Tumor","TCGA-CN-A63W-01",5.36
"HNSC","Tumor","TCGA-CV-7568-01",4.758
"HNSC","Tumor","TCGA-P3-A6T0-01",5.914
"HNSC","Tumor","TCGA-CQ-5329-01",4.676
"HNSC","Tumor","TCGA-BA-4077-01",4.832
"HNSC","Tumor","TCGA-C9-A480-01",4.685
"HNSC","Tumor","TCGA-CR-7371-01",5.508
"HNSC","Tumor","TCGA-BB-7863-01",4.995
"HNSC","Tumor","TCGA-DQ-5624-01",5.386
"HNSC","Tumor","TCGA-BA-5557-01",4.901
"HNSC","Tumor","TCGA-BA-A6DA-01",5.434
"HNSC","Tumor","TCGA-HD-A4C1-01",5.24
"HNSC","Tumor","TCGA-CR-7391-01",4.556
"HNSC","Tumor","TCGA-CR-5249-01",5.302
"HNSC","Tumor","TCGA-H7-A6C4-01",4.761
"HNSC","Tumor","TCGA-CV-7255-01",5.26
"HNSC","Tumor","TCGA-CV-7416-01",5.002
"HNSC","Tumor","TCGA-BA-A6DB-01",4.872
"HNSC","Normal","TCGA-CV-6938-11",5.138
"HNSC","Normal","TCGA-CV-7101-11",4.428
"HNSC","Normal","TCGA-CV-7432-11",5.001
"HNSC","Normal","TCGA-CV-7437-11",4.7
"HNSC","Normal","TCGA-CV-6943-11",3.959
"HNSC","Normal","TCGA-CV-6936-11",4.694
"HNSC","Normal","TCGA-CV-6935-11",4.547
"HNSC","Normal","TCGA-CV-6956-11",5.005
"HNSC","Normal","TCGA-CV-7235-11",4.919
"HNSC","Normal","TCGA-CV-7424-11",4.615
"HNSC","Normal","TCGA-CV-6962-11",4.496
"HNSC","Normal","TCGA-CV-7423-11",4.879
"HNSC","Normal","TCGA-H7-A6C5-11",4.826
"HNSC","Normal","TCGA-CV-7250-11",4.83
"HNSC","Normal","TCGA-CV-7434-11",5.126
"HNSC","Normal","TCGA-CV-7245-11",5.157
"HNSC","Normal","TCGA-CV-6961-11",4.096
"HNSC","Normal","TCGA-CV-6939-11",4.931
"HNSC","Normal","TCGA-WA-A7GZ-11",5.063
"HNSC","Normal","TCGA-CV-7261-11",4.586
"HNSC","Normal","TCGA-HD-A6I0-11",5.985
"HNSC","Normal","TCGA-CV-7091-11",5.309
"HNSC","Normal","TCGA-CV-6933-11",2.98
"HNSC","Normal","TCGA-CV-7097-11",4.603
"HNSC","Normal","TCGA-CV-7183-11",3.023
"HNSC","Normal","TCGA-CV-6960-11",5.188
"HNSC","Normal","TCGA-CV-7103-11",4.418
"HNSC","Normal","TCGA-CV-7406-11",4.872
"HNSC","Normal","TCGA-CV-6959-11",4.611
"HNSC","Normal","TCGA-CV-7440-11",4.768
"HNSC","Normal","TCGA-CV-7438-11",4.882
"HNSC","Normal","TCGA-CV-7177-11",4.197
"HNSC","Normal","TCGA-HD-A6HZ-11",4.67
"HNSC","Normal","TCGA-CV-7425-11",4.91
"HNSC","Normal","TCGA-CV-6955-11",4.863
"HNSC","Normal","TCGA-CV-7238-11",4.57
"HNSC","Normal","TCGA-CV-6934-11",5.306
"HNSC","Normal","TCGA-CV-7178-11",5.254
"HNSC","Normal","TCGA-CV-7252-11",4.572
"HNSC","Normal","TCGA-HD-8635-11",4.633
"HNSC","Normal","TCGA-CV-7242-11",4.707
"HNSC","Normal","TCGA-H7-A6C4-11",4.66
"HNSC","Normal","TCGA-CV-7255-11",4.938
"HNSC","Normal","TCGA-CV-7416-11",4.714
"KICH","Tumor","TCGA-KO-8404-01",6.955
"KICH","Tumor","TCGA-KL-8345-01",6.148
"KICH","Tumor","TCGA-KN-8430-01",6.443
"KICH","Tumor","TCGA-KL-8343-01",5.989
"KICH","Tumor","TCGA-KN-8428-01",6.584
"KICH","Tumor","TCGA-KL-8326-01",5.703
"KICH","Tumor","TCGA-KL-8333-01",5.969
"KICH","Tumor","TCGA-KO-8409-01",6.452
"KICH","Tumor","TCGA-KL-8335-01",6.2
"KICH","Tumor","TCGA-KL-8339-01",6.806
"KICH","Tumor","TCGA-KM-8639-01",6.328
"KICH","Tumor","TCGA-KL-8346-01",6.654
"KICH","Tumor","TCGA-KN-8436-01",6.608
"KICH","Tumor","TCGA-KL-8328-01",6.665
"KICH","Tumor","TCGA-KN-8435-01",6.808
"KICH","Tumor","TCGA-KO-8411-01",5.903
"KICH","Tumor","TCGA-KM-8443-01",5.868
"KICH","Tumor","TCGA-KM-8477-01",4.841
"KICH","Tumor","TCGA-KL-8332-01",5.944
"KICH","Tumor","TCGA-KN-8427-01",5.476
"KICH","Tumor","TCGA-KN-8425-01",5.94
"KICH","Tumor","TCGA-KL-8338-01",6.26
"KICH","Tumor","TCGA-KL-8344-01",5.994
"KICH","Tumor","TCGA-KN-8426-01",6.899
"KICH","Tumor","TCGA-KO-8403-01",5.885
"KICH","Tumor","TCGA-KM-8476-01",5.95
"KICH","Tumor","TCGA-KO-8408-01",6.858
"KICH","Tumor","TCGA-KO-8413-01",6.153
"KICH","Tumor","TCGA-KN-8423-01",6.621
"KICH","Tumor","TCGA-KN-8419-01",5.599
"KICH","Tumor","TCGA-KO-8407-01",6.368
"KICH","Tumor","TCGA-KL-8341-01",7.028
"KICH","Tumor","TCGA-KO-8416-01",5.861
"KICH","Tumor","TCGA-KM-8442-01",7.094
"KICH","Tumor","TCGA-KM-8440-01",6.027
"KICH","Tumor","TCGA-KL-8340-01",6.024
"KICH","Tumor","TCGA-KM-8439-01",5.914
"KICH","Tumor","TCGA-KO-8405-01",5.606
"KICH","Tumor","TCGA-KL-8337-01",6.542
"KICH","Tumor","TCGA-KN-8432-01",6.876
"KICH","Tumor","TCGA-KO-8410-01",5.682
"KICH","Tumor","TCGA-KL-8324-01",6.578
"KICH","Tumor","TCGA-KN-8434-01",6.401
"KICH","Tumor","TCGA-KM-8441-01",6.914
"KICH","Tumor","TCGA-KL-8323-01",6.205
"KICH","Tumor","TCGA-KL-8329-01",6.497
"KICH","Tumor","TCGA-KL-8325-01",6.11
"KICH","Tumor","TCGA-KL-8336-01",5.591
"KICH","Tumor","TCGA-KO-8414-01",7.261
"KICH","Tumor","TCGA-KL-8331-01",6.718
"KICH","Tumor","TCGA-KN-8421-01",6.497
"KICH","Tumor","TCGA-KL-8327-01",5.898
"KICH","Tumor","TCGA-KN-8433-01",6.345
"KICH","Tumor","TCGA-KL-8342-01",6.356
"KICH","Tumor","TCGA-KM-8438-01",7.049
"KICH","Tumor","TCGA-KL-8330-01",6.769
"KICH","Tumor","TCGA-KO-8415-01",7.045
"KICH","Tumor","TCGA-KN-8424-01",6.201
"KICH","Tumor","TCGA-KN-8437-01",6.271
"KICH","Tumor","TCGA-KN-8418-01",6.475
"KICH","Tumor","TCGA-KN-8429-01",6.187
"KICH","Tumor","TCGA-KL-8334-01",6.188
"KICH","Tumor","TCGA-KN-8431-01",5.815
"KICH","Tumor","TCGA-KO-8417-01",6.364
"KICH","Tumor","TCGA-KN-8422-01",5.421
"KICH","Tumor","TCGA-KO-8406-01",6.29
"KICH","Normal","TCGA-GL-A59R-11",6.006
"KICH","Normal","TCGA-BQ-7045-11",6.086
"KICH","Normal","TCGA-BQ-7051-11",5.801
"KICH","Normal","TCGA-GL-A9DE-11",6.016
"KICH","Normal","TCGA-BQ-7044-11",5.877
"KICH","Normal","TCGA-BQ-7055-11",5.894
"KICH","Normal","TCGA-BQ-7059-11",5.867
"KICH","Normal","TCGA-BQ-5890-11",5.951
"KICH","Normal","TCGA-DZ-6132-11",5.933
"KICH","Normal","TCGA-DZ-6134-11",5.824
"KICH","Normal","TCGA-Y8-A8RY-11",6.076
"KICH","Normal","TCGA-BQ-7046-11",6.054
"KICH","Normal","TCGA-BQ-5877-11",5.781
"KICH","Normal","TCGA-A4-A57E-11",5.613
"KICH","Normal","TCGA-P4-A5E8-11",5.867
"KICH","Normal","TCGA-BQ-5882-11",6.312
"KICH","Normal","TCGA-BQ-5887-11",5.91
"KICH","Normal","TCGA-B9-4115-11",5.752
"KICH","Normal","TCGA-GL-6846-11",5.905
"KICH","Normal","TCGA-P4-A5ED-11",5.705
"KICH","Normal","TCGA-BQ-5894-11",5.888
"KICH","Normal","TCGA-DZ-6131-11",5.444
"KICH","Normal","TCGA-BQ-7061-11",5.214
"KICH","Normal","TCGA-BQ-5878-11",5.864
"KICH","Normal","TCGA-BQ-5888-11",5.661
"KICH","Normal","TCGA-A4-A4ZT-11",6.027
"KICH","Normal","TCGA-BQ-5875-11",5.611
"KICH","Normal","TCGA-DZ-6133-11",5.924
"KICH","Normal","TCGA-BQ-5884-11",6.049
"KICH","Normal","TCGA-BQ-5891-11",5.958
"KICH","Normal","TCGA-BQ-5879-11",6.02
"KICH","Normal","TCGA-GL-7966-11",5.306
"KICH","Normal","TCGA-CJ-5689-11",5.388
"KICH","Normal","TCGA-CZ-4864-11",5.403
"KICH","Normal","TCGA-CJ-5672-11",5.378
"KICH","Normal","TCGA-CZ-5468-11",5.674
"KICH","Normal","TCGA-CZ-5462-11",5.227
"KICH","Normal","TCGA-B2-5636-11",5.479
"KICH","Normal","TCGA-B2-5641-11",5.461
"KICH","Normal","TCGA-B0-4712-11",5.549
"KICH","Normal","TCGA-CZ-5463-11",5.18
"KICH","Normal","TCGA-CW-5584-11",5.652
"KICH","Normal","TCGA-CZ-5451-11",5.566
"KICH","Normal","TCGA-B0-5703-11",5.19
"KICH","Normal","TCGA-CJ-5679-11",5.375
"KICH","Normal","TCGA-B0-5694-11",5.271
"KICH","Normal","TCGA-B0-5696-11",5.79
"KICH","Normal","TCGA-CZ-5452-11",5.436
"KICH","Normal","TCGA-CW-6090-11",5.428
"KICH","Normal","TCGA-CZ-5453-11",5.057
"KICH","Normal","TCGA-CZ-5466-11",5.057
"KICH","Normal","TCGA-B0-5701-11",5.262
"KICH","Normal","TCGA-CJ-6030-11",5.821
"KICH","Normal","TCGA-B0-5402-11",5.034
"KICH","Normal","TCGA-CZ-5454-11",5.511
"KICH","Normal","TCGA-CZ-5455-11",5.095
"KICH","Normal","TCGA-CJ-5678-11",4.952
"KICH","Normal","TCGA-CZ-5457-11",5.545
"KICH","Normal","TCGA-CW-6087-11",4.785
"KICH","Normal","TCGA-CZ-5986-11",4.988
"KICH","Normal","TCGA-B0-4700-11",4.719
"KICH","Normal","TCGA-CW-6088-11",5.299
"KICH","Normal","TCGA-CZ-5987-11",5.063
"KICH","Normal","TCGA-CZ-5989-11",5.182
"KICH","Normal","TCGA-B8-4619-11",4.693
"KICH","Normal","TCGA-CZ-5985-11",4.964
"KICH","Normal","TCGA-B8-4622-11",4.591
"KICH","Normal","TCGA-CZ-5456-11",5.194
"KICH","Normal","TCGA-CW-5591-11",5.429
"KICH","Normal","TCGA-B0-5699-11",5.341
"KICH","Normal","TCGA-B8-5549-11",5.464
"KICH","Normal","TCGA-CW-5589-11",5.745
"KICH","Normal","TCGA-CZ-5461-11",5.123
"KICH","Normal","TCGA-CW-5585-11",5.854
"KICH","Normal","TCGA-CZ-5984-11",5.178
"KICH","Normal","TCGA-B0-5697-11",5.635
"KICH","Normal","TCGA-B0-5711-11",5.193
"KICH","Normal","TCGA-A3-3387-11",5.118
"KICH","Normal","TCGA-CJ-5676-11",5.235
"KICH","Normal","TCGA-B0-5706-11",5.193
"KICH","Normal","TCGA-CW-5581-11",5.767
"KICH","Normal","TCGA-CZ-5458-11",5.443
"KICH","Normal","TCGA-CZ-5469-11",5.546
"KICH","Normal","TCGA-CZ-5988-11",5.052
"KICH","Normal","TCGA-CZ-5467-11",5.385
"KICH","Normal","TCGA-CZ-5465-11",5.067
"KICH","Normal","TCGA-CW-5580-11",5.363
"KICH","Normal","TCGA-CZ-5470-11",4.948
"KICH","Normal","TCGA-B8-4620-11",4.753
"KICH","Normal","TCGA-CZ-4865-11",5.071
"KICH","Normal","TCGA-B0-5712-11",5.092
"KICH","Normal","TCGA-B0-5691-11",5.422
"KICH","Normal","TCGA-B0-5705-11",5.402
"KICH","Normal","TCGA-CJ-5680-11",5.771
"KICH","Normal","TCGA-B0-5709-11",5.354
"KICH","Normal","TCGA-CW-5587-11",5.847
"KICH","Normal","TCGA-CZ-5982-11",5.286
"KICH","Normal","TCGA-A3-3358-11",4.761
"KICH","Normal","TCGA-CJ-5677-11",5.482
"KICH","Normal","TCGA-CJ-6033-11",5.552
"KICH","Normal","TCGA-B0-5690-11",5.481
"KICH","Normal","TCGA-CZ-4863-11",4.885
"KICH","Normal","TCGA-CJ-5681-11",5.514
"KICH","Normal","TCGA-B8-5552-11",4.418
"KICH","Normal","TCGA-KN-8430-11",5.845
"KICH","Normal","TCGA-KN-8428-11",5.825
"KICH","Normal","TCGA-KL-8326-11",5.533
"KICH","Normal","TCGA-KL-8339-11",5.321
"KICH","Normal","TCGA-KN-8436-11",5.909
"KICH","Normal","TCGA-KN-8435-11",5.95
"KICH","Normal","TCGA-KL-8332-11",4.926
"KICH","Normal","TCGA-KN-8427-11",5.749
"KICH","Normal","TCGA-KN-8425-11",5.761
"KICH","Normal","TCGA-KN-8426-11",5.727
"KICH","Normal","TCGA-KO-8403-11",5.808
"KICH","Normal","TCGA-KN-8423-11",5.62
"KICH","Normal","TCGA-KN-8419-11",5.205
"KICH","Normal","TCGA-KN-8432-11",4.256
"KICH","Normal","TCGA-KL-8324-11",5.865
"KICH","Normal","TCGA-KN-8434-11",6.068
"KICH","Normal","TCGA-KL-8329-11",5.899
"KICH","Normal","TCGA-KL-8336-11",5.722
"KICH","Normal","TCGA-KN-8433-11",5.685
"KICH","Normal","TCGA-KO-8415-11",5.498
"KICH","Normal","TCGA-KN-8424-11",5.448
"KICH","Normal","TCGA-KN-8437-11",5.351
"KICH","Normal","TCGA-KN-8429-11",5.225
"KICH","Normal","TCGA-KN-8431-11",5.713
"KICH","Normal","TCGA-KN-8422-11",5.877
"KICH","Normal","GTEX-ZE9C-1426-SM-4WKGM",5.464
"KICH","Normal","GTEX-11PRG-2226-SM-5GU5R",3.578
"KICH","Normal","GTEX-147F4-2626-SM-5Q5CS",4.903
"KICH","Normal","GTEX-ZLFU-0926-SM-5P9F8",5.365
"KICH","Normal","GTEX-13NYB-1726-SM-5N9G2",5.556
"KICH","Normal","GTEX-13112-2126-SM-5GCO4",4.878
"KICH","Normal","GTEX-12696-0926-SM-5FQTV",5.198
"KICH","Normal","GTEX-XPVG-0526-SM-4B65N",5.18
"KICH","Normal","GTEX-ZYT6-2226-SM-5GIC9",5.127
"KICH","Normal","GTEX-13OW6-1826-SM-5N9F9",3.691
"KICH","Normal","GTEX-1497J-0826-SM-5NQAJ",5.333
"KICH","Normal","GTEX-ZDXO-0226-SM-4WKH7",4.069
"KICH","Normal","GTEX-11OF3-1326-SM-5N9FJ",4.216
"KICH","Normal","GTEX-QLQW-1626-SM-4R1K1",5.678
"KICH","Normal","GTEX-T5JC-1526-SM-4DM68",4.547
"KICH","Normal","GTEX-13O1R-2526-SM-5N9FW",5.597
"KICH","Normal","GTEX-N7MS-1626-SM-3LK5F",5.308
"KICH","Normal","GTEX-145MN-0326-SM-5QGQI",5.503
"KICH","Normal","GTEX-Y5V6-2026-SM-5IFHO",4.69
"KICH","Normal","GTEX-NPJ8-2226-SM-3TW8D",4.076
"KICH","Normal","GTEX-13RTJ-2226-SM-5S2Q1",5.403
"KICH","Normal","GTEX-ZYFD-1526-SM-5NQ7T",3.805
"KICH","Normal","GTEX-T6MN-1826-SM-5CHQB",-9.966
"KICH","Normal","GTEX-1399S-0526-SM-5IJG8",5.342
"KICH","Normal","GTEX-ZYFG-1626-SM-5GZYY",5.277
"KICH","Normal","GTEX-ZC5H-1726-SM-5HL7X",5.036
"KICH","Normal","GTEX-12WSG-0826-SM-5EQ5A",5.347
"KICH","Normal","GTEX-WI4N-2026-SM-4OOS7",2.412
"KIRC","Tumor","TCGA-CJ-5689-01",5.87
"KIRC","Tumor","TCGA-B0-4823-01",5.389
"KIRC","Tumor","TCGA-CZ-4864-01",5.327
"KIRC","Tumor","TCGA-AK-3454-01",5.69
"KIRC","Tumor","TCGA-CJ-5672-01",5.416
"KIRC","Tumor","TCGA-CZ-5468-01",6.301
"KIRC","Tumor","TCGA-AK-3447-01",3.547
"KIRC","Tumor","TCGA-B2-4099-01",3.959
"KIRC","Tumor","TCGA-CZ-5462-01",5.633
"KIRC","Tumor","TCGA-CZ-4853-01",5.652
"KIRC","Tumor","TCGA-B0-4714-01",5.471
"KIRC","Tumor","TCGA-B0-4817-01",5.791
"KIRC","Tumor","TCGA-B0-5095-01",5.538
"KIRC","Tumor","TCGA-EU-5907-01",6.043
"KIRC","Tumor","TCGA-A3-3328-01",5.893
"KIRC","Tumor","TCGA-A3-3343-01",5.606
"KIRC","Tumor","TCGA-B0-4828-01",5.523
"KIRC","Tumor","TCGA-B2-5636-01",5.723
"KIRC","Tumor","TCGA-B2-5641-01",5.834
"KIRC","Tumor","TCGA-BP-4342-01",6.048
"KIRC","Tumor","TCGA-BP-4803-01",5.186
"KIRC","Tumor","TCGA-BP-5191-01",5.04
"KIRC","Tumor","TCGA-A3-A6NN-01",6.248
"KIRC","Tumor","TCGA-B0-4822-01",6.308
"KIRC","Tumor","TCGA-BP-4781-01",5.369
"KIRC","Tumor","TCGA-CJ-5683-01",5.918
"KIRC","Tumor","TCGA-B0-5077-01",5.789
"KIRC","Tumor","TCGA-B0-5698-01",5.411
"KIRC","Tumor","TCGA-B0-5700-01",6.034
"KIRC","Tumor","TCGA-BP-4976-01",5.73
"KIRC","Tumor","TCGA-CJ-6027-01",5.356
"KIRC","Tumor","TCGA-B0-4712-01",5.377
"KIRC","Tumor","TCGA-BP-4790-01",5.332
"KIRC","Tumor","TCGA-BP-4967-01",5.964
"KIRC","Tumor","TCGA-CZ-5463-01",5.123
"KIRC","Tumor","TCGA-A3-3329-01",5.609
"KIRC","Tumor","TCGA-A3-A8OV-01",6.795
"KIRC","Tumor","TCGA-B0-4698-01",5.519
"KIRC","Tumor","TCGA-BP-4329-01",5.113
"KIRC","Tumor","TCGA-BP-4986-01",5.271
"KIRC","Tumor","TCGA-BP-5168-01",5.608
"KIRC","Tumor","TCGA-BP-5173-01",5.493
"KIRC","Tumor","TCGA-BP-5195-01",5.502
"KIRC","Tumor","TCGA-BP-5202-01",6.014
"KIRC","Tumor","TCGA-A3-3352-01",5.349
"KIRC","Tumor","TCGA-B0-4699-01",5.775
"KIRC","Tumor","TCGA-B2-5635-01",4.206
"KIRC","Tumor","TCGA-B8-4153-01",5.294
"KIRC","Tumor","TCGA-BP-4161-01",5.729
"KIRC","Tumor","TCGA-BP-4347-01",5.334
"KIRC","Tumor","TCGA-BP-4798-01",4.539
"KIRC","Tumor","TCGA-CW-5584-01",5.545
"KIRC","Tumor","TCGA-CZ-5451-01",5.835
"KIRC","Tumor","TCGA-B0-5703-01",5.942
"KIRC","Tumor","TCGA-B2-3924-01",4.066
"KIRC","Tumor","TCGA-CJ-5679-01",6.446
"KIRC","Tumor","TCGA-CW-6093-01",5.604
"KIRC","Tumor","TCGA-A3-3367-01",4.975
"KIRC","Tumor","TCGA-AK-3434-01",5.361
"KIRC","Tumor","TCGA-AK-3461-01",5.585
"KIRC","Tumor","TCGA-B0-4694-01",6.027
"KIRC","Tumor","TCGA-B0-5100-01",6.16
"KIRC","Tumor","TCGA-BP-4985-01",4.995
"KIRC","Tumor","TCGA-BP-4988-01",5.806
"KIRC","Tumor","TCGA-BP-5198-01",5.18
"KIRC","Tumor","TCGA-CJ-4890-01",4.313
"KIRC","Tumor","TCGA-B0-5694-01",5.44
"KIRC","Tumor","TCGA-B0-5702-01",5.405
"KIRC","Tumor","TCGA-B8-5550-01",5.929
"KIRC","Tumor","TCGA-BP-5178-01",5.515
"KIRC","Tumor","TCGA-A3-3319-01",5.811
"KIRC","Tumor","TCGA-B0-4845-01",5.599
"KIRC","Tumor","TCGA-BP-4159-01",4.787
"KIRC","Tumor","TCGA-BP-4799-01",3.293
"KIRC","Tumor","TCGA-BP-5169-01",5.302
"KIRC","Tumor","TCGA-CJ-5675-01",6.018
"KIRC","Tumor","TCGA-3Z-A93Z-01",6.472
"KIRC","Tumor","TCGA-A3-3382-01",6.217
"KIRC","Tumor","TCGA-AK-3445-01",5.836
"KIRC","Tumor","TCGA-B0-5109-01",5.057
"KIRC","Tumor","TCGA-B0-5696-01",6.535
"KIRC","Tumor","TCGA-B8-A54D-01",5.298
"KIRC","Tumor","TCGA-BP-4158-01",5.274
"KIRC","Tumor","TCGA-BP-4166-01",4.75
"KIRC","Tumor","TCGA-BP-4760-01",5.135
"KIRC","Tumor","TCGA-CZ-5452-01",6.44
"KIRC","Tumor","TCGA-CZ-5464-01",5.51
"KIRC","Tumor","TCGA-A3-3346-01",6.686
"KIRC","Tumor","TCGA-AK-3425-01",5.677
"KIRC","Tumor","TCGA-B0-4813-01",5.54
"KIRC","Tumor","TCGA-BP-4995-01",5.966
"KIRC","Tumor","TCGA-CW-6090-01",4.59
"KIRC","Tumor","TCGA-CZ-4854-01",5.548
"KIRC","Tumor","TCGA-MM-A564-01",5.615
"KIRC","Tumor","TCGA-A3-3306-01",5.032
"KIRC","Tumor","TCGA-A3-3317-01",5.838
"KIRC","Tumor","TCGA-BP-4160-01",5.353
"KIRC","Tumor","TCGA-BP-4341-01",6.006
"KIRC","Tumor","TCGA-CJ-4875-01",4.746
"KIRC","Tumor","TCGA-CZ-5453-01",6.24
"KIRC","Tumor","TCGA-CZ-5466-01",6.115
"KIRC","Tumor","TCGA-A3-3307-01",5.132
"KIRC","Tumor","TCGA-BP-4992-01",5.37
"KIRC","Tumor","TCGA-AK-3427-01",4.237
"KIRC","Tumor","TCGA-B0-4690-01",6.354
"KIRC","Tumor","TCGA-B0-4815-01",5.12
"KIRC","Tumor","TCGA-B0-5701-01",6.114
"KIRC","Tumor","TCGA-B4-5832-01",2.539
"KIRC","Tumor","TCGA-B8-5164-01",5.318
"KIRC","Tumor","TCGA-BP-4177-01",5.151
"KIRC","Tumor","TCGA-CJ-6030-01",4.973
"KIRC","Tumor","TCGA-A3-3372-01",5.561
"KIRC","Tumor","TCGA-B0-5106-01",5.079
"KIRC","Tumor","TCGA-B0-5402-01",5.441
"KIRC","Tumor","TCGA-BP-4176-01",5.113
"KIRC","Tumor","TCGA-BP-4343-01",4.153
"KIRC","Tumor","TCGA-CJ-4885-01",5.163
"KIRC","Tumor","TCGA-CJ-4918-01",4.592
"KIRC","Tumor","TCGA-AS-3777-01",5.034
"KIRC","Tumor","TCGA-B0-4707-01",5.131
"KIRC","Tumor","TCGA-B0-4837-01",5.945
"KIRC","Tumor","TCGA-B0-4841-01",5.046
"KIRC","Tumor","TCGA-B0-5080-01",5.16
"KIRC","Tumor","TCGA-B0-5083-01",5.156
"KIRC","Tumor","TCGA-B8-4621-01",5.705
"KIRC","Tumor","TCGA-BP-4769-01",6.308
"KIRC","Tumor","TCGA-BP-4963-01",5.622
"KIRC","Tumor","TCGA-BP-5010-01",5.359
"KIRC","Tumor","TCGA-BP-5201-01",5.307
"KIRC","Tumor","TCGA-CJ-4871-01",5.318
"KIRC","Tumor","TCGA-CZ-4861-01",5.126
"KIRC","Tumor","TCGA-CZ-5454-01",5.284
"KIRC","Tumor","TCGA-CZ-5455-01",5.16
"KIRC","Tumor","TCGA-CZ-5459-01",5.771
"KIRC","Tumor","TCGA-A3-3357-01",5.302
"KIRC","Tumor","TCGA-AK-3428-01",5.119
"KIRC","Tumor","TCGA-B0-5094-01",5.8
"KIRC","Tumor","TCGA-B4-5378-01",5.558
"KIRC","Tumor","TCGA-B8-5162-01",4.365
"KIRC","Tumor","TCGA-BP-4345-01",5.063
"KIRC","Tumor","TCGA-BP-4771-01",5.459
"KIRC","Tumor","TCGA-CJ-4895-01",6.202
"KIRC","Tumor","TCGA-CJ-5678-01",5.461
"KIRC","Tumor","TCGA-CZ-5457-01",5.492
"KIRC","Tumor","TCGA-B0-4706-01",5.456
"KIRC","Tumor","TCGA-B0-4836-01",5.724
"KIRC","Tumor","TCGA-B2-4102-01",5.248
"KIRC","Tumor","TCGA-B2-A4SR-01",5.49
"KIRC","Tumor","TCGA-B8-A54K-01",5.795
"KIRC","Tumor","TCGA-BP-4353-01",4.938
"KIRC","Tumor","TCGA-BP-5006-01",5.343
"KIRC","Tumor","TCGA-BP-5190-01",5.223
"KIRC","Tumor","TCGA-CJ-4902-01",5.011
"KIRC","Tumor","TCGA-CJ-4912-01",5.078
"KIRC","Tumor","TCGA-CJ-5684-01",5.461
"KIRC","Tumor","TCGA-CW-6087-01",5.318
"KIRC","Tumor","TCGA-CZ-5986-01",5.771
"KIRC","Tumor","TCGA-A3-3378-01",5.789
"KIRC","Tumor","TCGA-B0-4700-01",5.684
"KIRC","Tumor","TCGA-B0-4844-01",6.158
"KIRC","Tumor","TCGA-B0-4847-01",5.35
"KIRC","Tumor","TCGA-B8-A54J-01",5.915
"KIRC","Tumor","TCGA-BP-5175-01",5.562
"KIRC","Tumor","TCGA-BP-5189-01",5.895
"KIRC","Tumor","TCGA-CJ-5682-01",5.359
"KIRC","Tumor","TCGA-CW-6088-01",5.658
"KIRC","Tumor","TCGA-CZ-4860-01",5.585
"KIRC","Tumor","TCGA-CZ-5987-01",5.698
"KIRC","Tumor","TCGA-CZ-5989-01",1.872
"KIRC","Tumor","TCGA-A3-3313-01",6.045
"KIRC","Tumor","TCGA-B2-3923-01",4.661
"KIRC","Tumor","TCGA-B4-5834-01",5.359
"KIRC","Tumor","TCGA-BP-4167-01",5.299
"KIRC","Tumor","TCGA-BP-4804-01",5.354
"KIRC","Tumor","TCGA-BP-5192-01",5.837
"KIRC","Tumor","TCGA-CJ-4888-01",5.892
"KIRC","Tumor","TCGA-DV-5565-01",5.861
"KIRC","Tumor","TCGA-DV-A4VX-01",5.601
"KIRC","Tumor","TCGA-AK-3440-01",6.161
"KIRC","Tumor","TCGA-AK-3460-01",5.302
"KIRC","Tumor","TCGA-B0-4696-01",5.16
"KIRC","Tumor","TCGA-B0-4814-01",5.372
"KIRC","Tumor","TCGA-B8-4619-01",5.23
"KIRC","Tumor","TCGA-BP-4962-01",5.439
"KIRC","Tumor","TCGA-BP-4974-01",5.401
"KIRC","Tumor","TCGA-BP-4989-01",4.908
"KIRC","Tumor","TCGA-BP-4993-01",5.868
"KIRC","Tumor","TCGA-BP-5199-01",6.065
"KIRC","Tumor","TCGA-CJ-4894-01",4.797
"KIRC","Tumor","TCGA-CJ-4907-01",5.292
"KIRC","Tumor","TCGA-CJ-6028-01",5.115
"KIRC","Tumor","TCGA-CZ-5985-01",5.413
"KIRC","Tumor","TCGA-A3-3311-01",5.271
"KIRC","Tumor","TCGA-A3-3316-01",5.478
"KIRC","Tumor","TCGA-B0-4718-01",6.385
"KIRC","Tumor","TCGA-B0-4843-01",4.93
"KIRC","Tumor","TCGA-B0-5710-01",4.759
"KIRC","Tumor","TCGA-B8-4622-01",5.197
"KIRC","Tumor","TCGA-BP-4346-01",5.276
"KIRC","Tumor","TCGA-BP-4761-01",6.994
"KIRC","Tumor","TCGA-BP-4801-01",5.482
"KIRC","Tumor","TCGA-BP-4977-01",5.146
"KIRC","Tumor","TCGA-BP-5183-01",6.096
"KIRC","Tumor","TCGA-CJ-4876-01",5.838
"KIRC","Tumor","TCGA-CJ-4882-01",5.536
"KIRC","Tumor","TCGA-CZ-5456-01",5.543
"KIRC","Tumor","TCGA-B0-5121-01",4.914
"KIRC","Tumor","TCGA-B2-5633-01",4.315
"KIRC","Tumor","TCGA-B8-5158-01",6.044
"KIRC","Tumor","TCGA-BP-4334-01",6.269
"KIRC","Tumor","TCGA-BP-4999-01",4.998
"KIRC","Tumor","TCGA-BP-5182-01",5.488
"KIRC","Tumor","TCGA-BP-5185-01",5.497
"KIRC","Tumor","TCGA-CW-5591-01",5.595
"KIRC","Tumor","TCGA-CZ-4857-01",5.881
"KIRC","Tumor","TCGA-B0-4691-01",5.551
"KIRC","Tumor","TCGA-BP-5170-01",4.983
"KIRC","Tumor","TCGA-CZ-5460-01",6.58
"KIRC","Tumor","TCGA-DV-A4W0-01",5.814
"KIRC","Tumor","TCGA-EU-5906-01",5.509
"KIRC","Tumor","TCGA-G6-A8L6-01",6.023
"KIRC","Tumor","TCGA-A3-3380-01",5.288
"KIRC","Tumor","TCGA-B0-4848-01",5.556
"KIRC","Tumor","TCGA-B0-5108-01",5.35
"KIRC","Tumor","TCGA-BP-4991-01",5.375
"KIRC","Tumor","TCGA-BP-4994-01",5.994
"KIRC","Tumor","TCGA-BP-5184-01",5.598
"KIRC","Tumor","TCGA-BP-5187-01",5.233
"KIRC","Tumor","TCGA-CJ-6031-01",5.193
"KIRC","Tumor","TCGA-A3-3323-01",5.398
"KIRC","Tumor","TCGA-B0-5088-01",5.906
"KIRC","Tumor","TCGA-B0-5699-01",5.427
"KIRC","Tumor","TCGA-B0-5812-01",5.256
"KIRC","Tumor","TCGA-B8-5549-01",5.468
"KIRC","Tumor","TCGA-BP-5004-01",5.36
"KIRC","Tumor","TCGA-BP-5180-01",5.728
"KIRC","Tumor","TCGA-BP-5196-01",5.716
"KIRC","Tumor","TCGA-DV-A4VZ-01",5.339
"KIRC","Tumor","TCGA-A3-3325-01",5.498
"KIRC","Tumor","TCGA-A3-3383-01",5.947
"KIRC","Tumor","TCGA-B0-4846-01",5.34
"KIRC","Tumor","TCGA-B0-5116-01",5.026
"KIRC","Tumor","TCGA-B2-4101-01",5.394
"KIRC","Tumor","TCGA-B4-5838-01",6.018
"KIRC","Tumor","TCGA-BP-4331-01",5.795
"KIRC","Tumor","TCGA-BP-4776-01",6.043
"KIRC","Tumor","TCGA-BP-5009-01",5.312
"KIRC","Tumor","TCGA-CW-5589-01",5.647
"KIRC","Tumor","TCGA-CZ-5461-01",5.604
"KIRC","Tumor","TCGA-A3-3322-01",5.555
"KIRC","Tumor","TCGA-A3-3324-01",5.054
"KIRC","Tumor","TCGA-A3-3376-01",5.295
"KIRC","Tumor","TCGA-B0-4703-01",5.195
"KIRC","Tumor","TCGA-B0-4849-01",5.694
"KIRC","Tumor","TCGA-CJ-4636-01",5.129
"KIRC","Tumor","TCGA-CJ-4872-01",4.643
"KIRC","Tumor","TCGA-CJ-5671-01",5.501
"KIRC","Tumor","TCGA-CW-5585-01",6.058
"KIRC","Tumor","TCGA-CW-5590-01",5.739
"KIRC","Tumor","TCGA-CZ-5984-01",5.051
"KIRC","Tumor","TCGA-A3-3363-01",4.499
"KIRC","Tumor","TCGA-B0-5697-01",5.457
"KIRC","Tumor","TCGA-B0-5711-01",5.111
"KIRC","Tumor","TCGA-B8-A54G-01",5.394
"KIRC","Tumor","TCGA-BP-4759-01",4.775
"KIRC","Tumor","TCGA-CJ-4903-01",5.258
"KIRC","Tumor","TCGA-A3-3387-01",5.42
"KIRC","Tumor","TCGA-B0-4816-01",5.659
"KIRC","Tumor","TCGA-B0-4834-01",4.934
"KIRC","Tumor","TCGA-BP-4174-01",5.203
"KIRC","Tumor","TCGA-BP-4959-01",5.28
"KIRC","Tumor","TCGA-BP-4998-01",5.476
"KIRC","Tumor","TCGA-CJ-4640-01",5.209
"KIRC","Tumor","TCGA-CJ-4869-01",6.004
"KIRC","Tumor","TCGA-AK-3451-01",5.112
"KIRC","Tumor","TCGA-AK-3456-01",5.336
"KIRC","Tumor","TCGA-AK-3458-01",4.582
"KIRC","Tumor","TCGA-B0-4811-01",5.259
"KIRC","Tumor","TCGA-B8-A54I-01",4.898
"KIRC","Tumor","TCGA-BP-4789-01",5.297
"KIRC","Tumor","TCGA-CJ-4635-01",6.207
"KIRC","Tumor","TCGA-CJ-4887-01",5.88
"KIRC","Tumor","TCGA-A3-3326-01",5.517
"KIRC","Tumor","TCGA-A3-A6NI-01",6.498
"KIRC","Tumor","TCGA-B0-4810-01",6.48
"KIRC","Tumor","TCGA-BP-4173-01",5.47
"KIRC","Tumor","TCGA-BP-4961-01",5.301
"KIRC","Tumor","TCGA-BP-4973-01",5.724
"KIRC","Tumor","TCGA-CJ-4642-01",3.903
"KIRC","Tumor","TCGA-CJ-4901-01",4.855
"KIRC","Tumor","TCGA-CJ-5676-01",5.279
"KIRC","Tumor","TCGA-A3-3365-01",4.878
"KIRC","Tumor","TCGA-B0-4688-01",5.374
"KIRC","Tumor","TCGA-B0-5399-01",5.57
"KIRC","Tumor","TCGA-B2-5639-01",5.285
"KIRC","Tumor","TCGA-BP-4777-01",5.435
"KIRC","Tumor","TCGA-BP-4960-01",5.927
"KIRC","Tumor","TCGA-BP-4965-01",4.991
"KIRC","Tumor","TCGA-BP-5008-01",5.246
"KIRC","Tumor","TCGA-CZ-4862-01",5.701
"KIRC","Tumor","TCGA-AK-3443-01",5.765
"KIRC","Tumor","TCGA-B0-5706-01",4.733
"KIRC","Tumor","TCGA-B4-5843-01",5.469
"KIRC","Tumor","TCGA-BP-5007-01",5.502
"KIRC","Tumor","TCGA-BP-4970-01",5.204
"KIRC","Tumor","TCGA-BP-5200-01",5.491
"KIRC","Tumor","TCGA-CW-5581-01",5.883
"KIRC","Tumor","TCGA-B0-5115-01",5.916
"KIRC","Tumor","TCGA-B8-5165-01",5.161
"KIRC","Tumor","TCGA-BP-4338-01",5.059
"KIRC","Tumor","TCGA-BP-4765-01",5.921
"KIRC","Tumor","TCGA-CZ-5458-01",5.648
"KIRC","Tumor","TCGA-A3-3351-01",5.427
"KIRC","Tumor","TCGA-B8-5545-01",5.681
"KIRC","Tumor","TCGA-BP-4762-01",4.876
"KIRC","Tumor","TCGA-BP-4807-01",5.466
"KIRC","Tumor","TCGA-BP-4982-01",5.475
"KIRC","Tumor","TCGA-CJ-4868-01",5.57
"KIRC","Tumor","TCGA-CJ-4899-01",5.468
"KIRC","Tumor","TCGA-A3-3335-01",5.884
"KIRC","Tumor","TCGA-CJ-4881-01",5.889
"KIRC","Tumor","TCGA-CZ-5469-01",6.297
"KIRC","Tumor","TCGA-DV-5573-01",5.044
"KIRC","Tumor","TCGA-MM-A563-01",6.086
"KIRC","Tumor","TCGA-AK-3436-01",5.119
"KIRC","Tumor","TCGA-B0-5117-01",5.389
"KIRC","Tumor","TCGA-BP-4758-01",5.038
"KIRC","Tumor","TCGA-BP-4968-01",5.751
"KIRC","Tumor","TCGA-BP-4971-01",5.039
"KIRC","Tumor","TCGA-BP-4975-01",5.391
"KIRC","Tumor","TCGA-BP-5000-01",5.205
"KIRC","Tumor","TCGA-BP-5194-01",5.125
"KIRC","Tumor","TCGA-CZ-4858-01",5.497
"KIRC","Tumor","TCGA-CJ-4908-01",5.475
"KIRC","Tumor","TCGA-CZ-5988-01",5.187
"KIRC","Tumor","TCGA-A3-A8OW-01",6.153
"KIRC","Tumor","TCGA-AK-3426-01",5.324
"KIRC","Tumor","TCGA-DV-5574-01",4.821
"KIRC","Tumor","TCGA-BP-4332-01",5.116
"KIRC","Tumor","TCGA-AS-3778-01",6.205
"KIRC","Tumor","TCGA-BP-4797-01",5.562
"KIRC","Tumor","TCGA-B0-5084-01",5.089
"KIRC","Tumor","TCGA-CW-6097-01",5.464
"KIRC","Tumor","TCGA-DV-5568-01",5.978
"KIRC","Tumor","TCGA-B0-5104-01",5.422
"KIRC","Tumor","TCGA-B0-5099-01",5.96
"KIRC","Tumor","TCGA-A3-3331-01",5.497
"KIRC","Tumor","TCGA-CZ-5467-01",5.53
"KIRC","Tumor","TCGA-AK-3450-01",5.768
"KIRC","Tumor","TCGA-CJ-4873-01",5.862
"KIRC","Tumor","TCGA-A3-3359-01",4.767
"KIRC","Tumor","TCGA-B0-4833-01",5.447
"KIRC","Tumor","TCGA-G6-A8L7-01",7.317
"KIRC","Tumor","TCGA-AK-3444-01",5.751
"KIRC","Tumor","TCGA-B0-4839-01",5.332
"KIRC","Tumor","TCGA-B0-5081-01",4.696
"KIRC","Tumor","TCGA-BP-4763-01",4.695
"KIRC","Tumor","TCGA-CJ-4897-01",5.101
"KIRC","Tumor","TCGA-CZ-4866-01",5.824
"KIRC","Tumor","TCGA-B0-4852-01",4.732
"KIRC","Tumor","TCGA-BP-5176-01",5.835
"KIRC","Tumor","TCGA-CW-5588-01",4.867
"KIRC","Tumor","TCGA-A3-3308-01",5.802
"KIRC","Tumor","TCGA-B0-4827-01",6.388
"KIRC","Tumor","TCGA-B0-5075-01",5.48
"KIRC","Tumor","TCGA-A3-3347-01",5.628
"KIRC","Tumor","TCGA-B0-4713-01",5.445
"KIRC","Tumor","TCGA-B0-5085-01",5.816
"KIRC","Tumor","TCGA-BP-4169-01",5.212
"KIRC","Tumor","TCGA-BP-4337-01",5.468
"KIRC","Tumor","TCGA-CJ-4893-01",5.436
"KIRC","Tumor","TCGA-CZ-5465-01",5.508
"KIRC","Tumor","TCGA-GK-A6C7-01",5.581
"KIRC","Tumor","TCGA-B0-4710-01",5.781
"KIRC","Tumor","TCGA-B0-4945-01",4.85
"KIRC","Tumor","TCGA-B0-5713-01",5.345
"KIRC","Tumor","TCGA-BP-4327-01",5.995
"KIRC","Tumor","TCGA-BP-4344-01",5.121
"KIRC","Tumor","TCGA-BP-4981-01",5.631
"KIRC","Tumor","TCGA-A3-A8OU-01",6.504
"KIRC","Tumor","TCGA-B0-5102-01",5.893
"KIRC","Tumor","TCGA-BP-4352-01",6.59
"KIRC","Tumor","TCGA-BP-4795-01",4.936
"KIRC","Tumor","TCGA-B0-4842-01",6.756
"KIRC","Tumor","TCGA-B8-4154-01",4.089
"KIRC","Tumor","TCGA-BP-4770-01",5.179
"KIRC","Tumor","TCGA-CJ-4874-01",5.066
"KIRC","Tumor","TCGA-CW-5580-01",5.22
"KIRC","Tumor","TCGA-B0-4693-01",5.714
"KIRC","Tumor","TCGA-B0-5096-01",5.434
"KIRC","Tumor","TCGA-B0-5120-01",5.576
"KIRC","Tumor","TCGA-B2-4098-01",5.174
"KIRC","Tumor","TCGA-BP-4170-01",5.145
"KIRC","Tumor","TCGA-BP-4768-01",6.222
"KIRC","Tumor","TCGA-CJ-4884-01",5.378
"KIRC","Tumor","TCGA-CZ-5470-01",5.754
"KIRC","Tumor","TCGA-MW-A4EC-01",5.805
"KIRC","Tumor","TCGA-AK-3455-01",4.695
"KIRC","Tumor","TCGA-AK-3465-01",5.31
"KIRC","Tumor","TCGA-B0-5110-01",5.202
"KIRC","Tumor","TCGA-CJ-4878-01",5.702
"KIRC","Tumor","TCGA-B8-4620-01",5.227
"KIRC","Tumor","TCGA-BP-4340-01",5.666
"KIRC","Tumor","TCGA-CZ-4865-01",5.365
"KIRC","Tumor","TCGA-B0-4838-01",5.18
"KIRC","Tumor","TCGA-B0-5113-01",5.211
"KIRC","Tumor","TCGA-B8-A54H-01",5.375
"KIRC","Tumor","TCGA-CJ-4900-01",5.367
"KIRC","Tumor","TCGA-CJ-4916-01",5.489
"KIRC","Tumor","TCGA-6D-AA2E-01",6.106
"KIRC","Tumor","TCGA-B0-4818-01",5.859
"KIRC","Tumor","TCGA-B0-4821-01",5.957
"KIRC","Tumor","TCGA-B0-5712-01",5.667
"KIRC","Tumor","TCGA-B4-5377-01",5.913
"KIRC","Tumor","TCGA-BP-4349-01",5.62
"KIRC","Tumor","TCGA-B8-5553-01",5.691
"KIRC","Tumor","TCGA-BP-4784-01",5.168
"KIRC","Tumor","TCGA-BP-4983-01",5.987
"KIRC","Tumor","TCGA-CJ-4643-01",5.548
"KIRC","Tumor","TCGA-DV-5566-01",5.797
"KIRC","Tumor","TCGA-EU-5905-01",5.243
"KIRC","Tumor","TCGA-B0-4701-01",5.994
"KIRC","Tumor","TCGA-B0-5691-01",5.988
"KIRC","Tumor","TCGA-B0-5692-01",5.734
"KIRC","Tumor","TCGA-B8-4143-01",5.279
"KIRC","Tumor","TCGA-A3-A8OX-01",6.26
"KIRC","Tumor","TCGA-B0-5107-01",6.536
"KIRC","Tumor","TCGA-B0-5705-01",5.549
"KIRC","Tumor","TCGA-B8-5551-01",5.3
"KIRC","Tumor","TCGA-BP-4162-01",5.378
"KIRC","Tumor","TCGA-BP-4335-01",5.566
"KIRC","Tumor","TCGA-CJ-4892-01",5.651
"KIRC","Tumor","TCGA-CJ-5680-01",6.747
"KIRC","Tumor","TCGA-B4-5835-01",5.546
"KIRC","Tumor","TCGA-BP-4165-01",5.623
"KIRC","Tumor","TCGA-BP-4325-01",5.549
"KIRC","Tumor","TCGA-CJ-4920-01",5.372
"KIRC","Tumor","TCGA-B8-4148-01",5.48
"KIRC","Tumor","TCGA-B8-5163-01",4.969
"KIRC","Tumor","TCGA-BP-4969-01",5.735
"KIRC","Tumor","TCGA-CJ-4889-01",5.31
"KIRC","Tumor","TCGA-CJ-4923-01",6.11
"KIRC","Tumor","TCGA-CJ-6032-01",5.76
"KIRC","Tumor","TCGA-AK-3431-01",4.679
"KIRC","Tumor","TCGA-B0-5709-01",5.395
"KIRC","Tumor","TCGA-B8-A54E-01",6.61
"KIRC","Tumor","TCGA-BP-4756-01",5.631
"KIRC","Tumor","TCGA-CJ-4905-01",5.803
"KIRC","Tumor","TCGA-CW-5587-01",5.69
"KIRC","Tumor","TCGA-CZ-4856-01",5.126
"KIRC","Tumor","TCGA-G6-A8L8-01",6.409
"KIRC","Tumor","TCGA-B0-5119-01",5.568
"KIRC","Tumor","TCGA-B0-5695-01",5.711
"KIRC","Tumor","TCGA-B4-5836-01",5.577
"KIRC","Tumor","TCGA-B4-5844-01",5.587
"KIRC","Tumor","TCGA-B8-5159-01",5.5
"KIRC","Tumor","TCGA-A3-3362-01",5.919
"KIRC","Tumor","TCGA-B8-A8YJ-01",5.324
"KIRC","Tumor","TCGA-BP-4163-01",5.726
"KIRC","Tumor","TCGA-BP-4330-01",5.401
"KIRC","Tumor","TCGA-CJ-4634-01",5.651
"KIRC","Tumor","TCGA-CJ-4904-01",5.347
"KIRC","Tumor","TCGA-A3-A8CQ-01",6.057
"KIRC","Tumor","TCGA-B0-5097-01",5.092
"KIRC","Tumor","TCGA-B0-5400-01",6.578
"KIRC","Tumor","TCGA-BP-4355-01",5.419
"KIRC","Tumor","TCGA-BP-4787-01",5.32
"KIRC","Tumor","TCGA-CJ-5686-01",5.111
"KIRC","Tumor","TCGA-CZ-4859-01",6.034
"KIRC","Tumor","TCGA-CZ-5982-01",6
"KIRC","Tumor","TCGA-AK-3453-01",5.201
"KIRC","Tumor","TCGA-BP-5181-01",5.766
"KIRC","Tumor","TCGA-CJ-4870-01",5.114
"KIRC","Tumor","TCGA-MM-A84U-01",6.301
"KIRC","Tumor","TCGA-A3-3358-01",4.614
"KIRC","Tumor","TCGA-A3-A6NJ-01",6.051
"KIRC","Tumor","TCGA-BP-4774-01",6.031
"KIRC","Tumor","TCGA-CJ-4891-01",6.258
"KIRC","Tumor","TCGA-BP-4775-01",6.116
"KIRC","Tumor","TCGA-BP-4782-01",5.75
"KIRC","Tumor","TCGA-CJ-4641-01",5.33
"KIRC","Tumor","TCGA-DV-5576-01",5.635
"KIRC","Tumor","TCGA-A3-3373-01",5.358
"KIRC","Tumor","TCGA-AK-3429-01",4.905
"KIRC","Tumor","TCGA-B8-A7U6-01",6.282
"KIRC","Tumor","TCGA-BP-4964-01",5.128
"KIRC","Tumor","TCGA-CJ-5677-01",5.667
"KIRC","Tumor","TCGA-CJ-6033-01",5.874
"KIRC","Tumor","TCGA-G6-A5PC-01",6.759
"KIRC","Tumor","TCGA-B0-5092-01",5.567
"KIRC","Tumor","TCGA-B0-5098-01",5.225
"KIRC","Tumor","TCGA-B0-5690-01",5.351
"KIRC","Tumor","TCGA-BP-4326-01",5.424
"KIRC","Tumor","TCGA-A3-3320-01",5.649
"KIRC","Tumor","TCGA-CJ-4637-01",5.296
"KIRC","Tumor","TCGA-DV-5575-01",5.76
"KIRC","Tumor","TCGA-A3-3374-01",5.539
"KIRC","Tumor","TCGA-B8-4151-01",4.969
"KIRC","Tumor","TCGA-BP-4164-01",5.69
"KIRC","Tumor","TCGA-BP-4351-01",6.115
"KIRC","Tumor","TCGA-CW-5583-01",5.949
"KIRC","Tumor","TCGA-CZ-4863-01",5.119
"KIRC","Tumor","TCGA-BP-5186-01",5.708
"KIRC","Tumor","TCGA-B0-4824-01",6.159
"KIRC","Tumor","TCGA-B8-A54F-01",5.602
"KIRC","Tumor","TCGA-CJ-4639-01",5.596
"KIRC","Tumor","TCGA-A3-3370-01",5.656
"KIRC","Tumor","TCGA-AK-3433-01",5.497
"KIRC","Tumor","TCGA-CJ-4644-01",5.587
"KIRC","Tumor","TCGA-B0-5693-01",6.092
"KIRC","Tumor","TCGA-EU-5904-01",5.347
"KIRC","Tumor","TCGA-T7-A92I-01",6.431
"KIRC","Tumor","TCGA-A3-3385-01",5.492
"KIRC","Tumor","TCGA-B0-4697-01",4.036
"KIRC","Tumor","TCGA-BP-5177-01",5.389
"KIRC","Tumor","TCGA-CJ-4638-01",6.283
"KIRC","Tumor","TCGA-BP-5174-01",6.109
"KIRC","Tumor","TCGA-CJ-5681-01",5.808
"KIRC","Tumor","TCGA-BP-4766-01",6.161
"KIRC","Tumor","TCGA-BP-4972-01",5.295
"KIRC","Tumor","TCGA-BP-5001-01",6.077
"KIRC","Tumor","TCGA-CJ-4886-01",5.229
"KIRC","Tumor","TCGA-B8-4146-01",3.376
"KIRC","Tumor","TCGA-B8-5552-01",5.32
"KIRC","Tumor","TCGA-BP-4987-01",5.723
"KIRC","Tumor","TCGA-DV-5567-01",5.463
"KIRC","Tumor","TCGA-B0-5707-01",5.923
"KIRC","Tumor","TCGA-B8-5546-01",6.09
"KIRC","Tumor","TCGA-A3-3349-01",5.415
"KIRC","Tumor","TCGA-DV-5569-01",5.684
"KIRC","Normal","TCGA-GL-A59R-11",6.006
"KIRC","Normal","TCGA-BQ-7045-11",6.086
"KIRC","Normal","TCGA-BQ-7051-11",5.801
"KIRC","Normal","TCGA-GL-A9DE-11",6.016
"KIRC","Normal","TCGA-BQ-7044-11",5.877
"KIRC","Normal","TCGA-BQ-7055-11",5.894
"KIRC","Normal","TCGA-BQ-7059-11",5.867
"KIRC","Normal","TCGA-BQ-5890-11",5.951
"KIRC","Normal","TCGA-DZ-6132-11",5.933
"KIRC","Normal","TCGA-DZ-6134-11",5.824
"KIRC","Normal","TCGA-Y8-A8RY-11",6.076
"KIRC","Normal","TCGA-BQ-7046-11",6.054
"KIRC","Normal","TCGA-BQ-5877-11",5.781
"KIRC","Normal","TCGA-A4-A57E-11",5.613
"KIRC","Normal","TCGA-P4-A5E8-11",5.867
"KIRC","Normal","TCGA-BQ-5882-11",6.312
"KIRC","Normal","TCGA-BQ-5887-11",5.91
"KIRC","Normal","TCGA-B9-4115-11",5.752
"KIRC","Normal","TCGA-GL-6846-11",5.905
"KIRC","Normal","TCGA-P4-A5ED-11",5.705
"KIRC","Normal","TCGA-BQ-5894-11",5.888
"KIRC","Normal","TCGA-DZ-6131-11",5.444
"KIRC","Normal","TCGA-BQ-7061-11",5.214
"KIRC","Normal","TCGA-BQ-5878-11",5.864
"KIRC","Normal","TCGA-BQ-5888-11",5.661
"KIRC","Normal","TCGA-A4-A4ZT-11",6.027
"KIRC","Normal","TCGA-BQ-5875-11",5.611
"KIRC","Normal","TCGA-DZ-6133-11",5.924
"KIRC","Normal","TCGA-BQ-5884-11",6.049
"KIRC","Normal","TCGA-BQ-5891-11",5.958
"KIRC","Normal","TCGA-BQ-5879-11",6.02
"KIRC","Normal","TCGA-GL-7966-11",5.306
"KIRC","Normal","TCGA-CJ-5689-11",5.388
"KIRC","Normal","TCGA-CZ-4864-11",5.403
"KIRC","Normal","TCGA-CJ-5672-11",5.378
"KIRC","Normal","TCGA-CZ-5468-11",5.674
"KIRC","Normal","TCGA-CZ-5462-11",5.227
"KIRC","Normal","TCGA-B2-5636-11",5.479
"KIRC","Normal","TCGA-B2-5641-11",5.461
"KIRC","Normal","TCGA-B0-4712-11",5.549
"KIRC","Normal","TCGA-CZ-5463-11",5.18
"KIRC","Normal","TCGA-CW-5584-11",5.652
"KIRC","Normal","TCGA-CZ-5451-11",5.566
"KIRC","Normal","TCGA-B0-5703-11",5.19
"KIRC","Normal","TCGA-CJ-5679-11",5.375
"KIRC","Normal","TCGA-B0-5694-11",5.271
"KIRC","Normal","TCGA-B0-5696-11",5.79
"KIRC","Normal","TCGA-CZ-5452-11",5.436
"KIRC","Normal","TCGA-CW-6090-11",5.428
"KIRC","Normal","TCGA-CZ-5453-11",5.057
"KIRC","Normal","TCGA-CZ-5466-11",5.057
"KIRC","Normal","TCGA-B0-5701-11",5.262
"KIRC","Normal","TCGA-CJ-6030-11",5.821
"KIRC","Normal","TCGA-B0-5402-11",5.034
"KIRC","Normal","TCGA-CZ-5454-11",5.511
"KIRC","Normal","TCGA-CZ-5455-11",5.095
"KIRC","Normal","TCGA-CJ-5678-11",4.952
"KIRC","Normal","TCGA-CZ-5457-11",5.545
"KIRC","Normal","TCGA-CW-6087-11",4.785
"KIRC","Normal","TCGA-CZ-5986-11",4.988
"KIRC","Normal","TCGA-B0-4700-11",4.719
"KIRC","Normal","TCGA-CW-6088-11",5.299
"KIRC","Normal","TCGA-CZ-5987-11",5.063
"KIRC","Normal","TCGA-CZ-5989-11",5.182
"KIRC","Normal","TCGA-B8-4619-11",4.693
"KIRC","Normal","TCGA-CZ-5985-11",4.964
"KIRC","Normal","TCGA-B8-4622-11",4.591
"KIRC","Normal","TCGA-CZ-5456-11",5.194
"KIRC","Normal","TCGA-CW-5591-11",5.429
"KIRC","Normal","TCGA-B0-5699-11",5.341
"KIRC","Normal","TCGA-B8-5549-11",5.464
"KIRC","Normal","TCGA-CW-5589-11",5.745
"KIRC","Normal","TCGA-CZ-5461-11",5.123
"KIRC","Normal","TCGA-CW-5585-11",5.854
"KIRC","Normal","TCGA-CZ-5984-11",5.178
"KIRC","Normal","TCGA-B0-5697-11",5.635
"KIRC","Normal","TCGA-B0-5711-11",5.193
"KIRC","Normal","TCGA-A3-3387-11",5.118
"KIRC","Normal","TCGA-CJ-5676-11",5.235
"KIRC","Normal","TCGA-B0-5706-11",5.193
"KIRC","Normal","TCGA-CW-5581-11",5.767
"KIRC","Normal","TCGA-CZ-5458-11",5.443
"KIRC","Normal","TCGA-CZ-5469-11",5.546
"KIRC","Normal","TCGA-CZ-5988-11",5.052
"KIRC","Normal","TCGA-CZ-5467-11",5.385
"KIRC","Normal","TCGA-CZ-5465-11",5.067
"KIRC","Normal","TCGA-CW-5580-11",5.363
"KIRC","Normal","TCGA-CZ-5470-11",4.948
"KIRC","Normal","TCGA-B8-4620-11",4.753
"KIRC","Normal","TCGA-CZ-4865-11",5.071
"KIRC","Normal","TCGA-B0-5712-11",5.092
"KIRC","Normal","TCGA-B0-5691-11",5.422
"KIRC","Normal","TCGA-B0-5705-11",5.402
"KIRC","Normal","TCGA-CJ-5680-11",5.771
"KIRC","Normal","TCGA-B0-5709-11",5.354
"KIRC","Normal","TCGA-CW-5587-11",5.847
"KIRC","Normal","TCGA-CZ-5982-11",5.286
"KIRC","Normal","TCGA-A3-3358-11",4.761
"KIRC","Normal","TCGA-CJ-5677-11",5.482
"KIRC","Normal","TCGA-CJ-6033-11",5.552
"KIRC","Normal","TCGA-B0-5690-11",5.481
"KIRC","Normal","TCGA-CZ-4863-11",4.885
"KIRC","Normal","TCGA-CJ-5681-11",5.514
"KIRC","Normal","TCGA-B8-5552-11",4.418
"KIRC","Normal","TCGA-KN-8430-11",5.845
"KIRC","Normal","TCGA-KN-8428-11",5.825
"KIRC","Normal","TCGA-KL-8326-11",5.533
"KIRC","Normal","TCGA-KL-8339-11",5.321
"KIRC","Normal","TCGA-KN-8436-11",5.909
"KIRC","Normal","TCGA-KN-8435-11",5.95
"KIRC","Normal","TCGA-KL-8332-11",4.926
"KIRC","Normal","TCGA-KN-8427-11",5.749
"KIRC","Normal","TCGA-KN-8425-11",5.761
"KIRC","Normal","TCGA-KN-8426-11",5.727
"KIRC","Normal","TCGA-KO-8403-11",5.808
"KIRC","Normal","TCGA-KN-8423-11",5.62
"KIRC","Normal","TCGA-KN-8419-11",5.205
"KIRC","Normal","TCGA-KN-8432-11",4.256
"KIRC","Normal","TCGA-KL-8324-11",5.865
"KIRC","Normal","TCGA-KN-8434-11",6.068
"KIRC","Normal","TCGA-KL-8329-11",5.899
"KIRC","Normal","TCGA-KL-8336-11",5.722
"KIRC","Normal","TCGA-KN-8433-11",5.685
"KIRC","Normal","TCGA-KO-8415-11",5.498
"KIRC","Normal","TCGA-KN-8424-11",5.448
"KIRC","Normal","TCGA-KN-8437-11",5.351
"KIRC","Normal","TCGA-KN-8429-11",5.225
"KIRC","Normal","TCGA-KN-8431-11",5.713
"KIRC","Normal","TCGA-KN-8422-11",5.877
"KIRC","Normal","GTEX-ZE9C-1426-SM-4WKGM",5.464
"KIRC","Normal","GTEX-11PRG-2226-SM-5GU5R",3.578
"KIRC","Normal","GTEX-147F4-2626-SM-5Q5CS",4.903
"KIRC","Normal","GTEX-ZLFU-0926-SM-5P9F8",5.365
"KIRC","Normal","GTEX-13NYB-1726-SM-5N9G2",5.556
"KIRC","Normal","GTEX-13112-2126-SM-5GCO4",4.878
"KIRC","Normal","GTEX-12696-0926-SM-5FQTV",5.198
"KIRC","Normal","GTEX-XPVG-0526-SM-4B65N",5.18
"KIRC","Normal","GTEX-ZYT6-2226-SM-5GIC9",5.127
"KIRC","Normal","GTEX-13OW6-1826-SM-5N9F9",3.691
"KIRC","Normal","GTEX-1497J-0826-SM-5NQAJ",5.333
"KIRC","Normal","GTEX-ZDXO-0226-SM-4WKH7",4.069
"KIRC","Normal","GTEX-11OF3-1326-SM-5N9FJ",4.216
"KIRC","Normal","GTEX-QLQW-1626-SM-4R1K1",5.678
"KIRC","Normal","GTEX-T5JC-1526-SM-4DM68",4.547
"KIRC","Normal","GTEX-13O1R-2526-SM-5N9FW",5.597
"KIRC","Normal","GTEX-N7MS-1626-SM-3LK5F",5.308
"KIRC","Normal","GTEX-145MN-0326-SM-5QGQI",5.503
"KIRC","Normal","GTEX-Y5V6-2026-SM-5IFHO",4.69
"KIRC","Normal","GTEX-NPJ8-2226-SM-3TW8D",4.076
"KIRC","Normal","GTEX-13RTJ-2226-SM-5S2Q1",5.403
"KIRC","Normal","GTEX-ZYFD-1526-SM-5NQ7T",3.805
"KIRC","Normal","GTEX-T6MN-1826-SM-5CHQB",-9.966
"KIRC","Normal","GTEX-1399S-0526-SM-5IJG8",5.342
"KIRC","Normal","GTEX-ZYFG-1626-SM-5GZYY",5.277
"KIRC","Normal","GTEX-ZC5H-1726-SM-5HL7X",5.036
"KIRC","Normal","GTEX-12WSG-0826-SM-5EQ5A",5.347
"KIRC","Normal","GTEX-WI4N-2026-SM-4OOS7",2.412
"KIRP","Tumor","TCGA-KV-A6GD-01",5.866
"KIRP","Tumor","TCGA-P4-AAVL-01",6.445
"KIRP","Tumor","TCGA-A4-A48D-01",6.015
"KIRP","Tumor","TCGA-UZ-A9PR-01",5.747
"KIRP","Tumor","TCGA-G7-7502-01",5.544
"KIRP","Tumor","TCGA-P4-A5EB-01",5.786
"KIRP","Tumor","TCGA-HE-A5NK-01",5.603
"KIRP","Tumor","TCGA-IZ-8195-01",5.514
"KIRP","Tumor","TCGA-5P-A9JU-01",6.372
"KIRP","Tumor","TCGA-BQ-7058-01",5.372
"KIRP","Tumor","TCGA-IA-A83S-01",6.246
"KIRP","Tumor","TCGA-2Z-A9J5-01",6.416
"KIRP","Tumor","TCGA-IA-A83T-01",6.281
"KIRP","Tumor","TCGA-SX-A71V-01",5.916
"KIRP","Tumor","TCGA-UZ-A9PO-01",6.274
"KIRP","Tumor","TCGA-5P-A9JY-01",5.956
"KIRP","Tumor","TCGA-B1-A47M-01",6.347
"KIRP","Tumor","TCGA-B9-A8YI-01",6.492
"KIRP","Tumor","TCGA-BQ-5880-01",5.905
"KIRP","Tumor","TCGA-F9-A97G-01",7.15
"KIRP","Tumor","TCGA-GL-A59R-01",6.351
"KIRP","Tumor","TCGA-BQ-7045-01",6.323
"KIRP","Tumor","TCGA-UZ-A9PJ-01",5.5
"KIRP","Tumor","TCGA-2Z-A9J9-01",5.947
"KIRP","Tumor","TCGA-5P-A9KH-01",6.043
"KIRP","Tumor","TCGA-AT-A5NU-01",5.869
"KIRP","Tumor","TCGA-UZ-A9PU-01",5.85
"KIRP","Tumor","TCGA-5P-A9K0-01",6.244
"KIRP","Tumor","TCGA-A4-A5Y1-01",5.607
"KIRP","Tumor","TCGA-B3-4104-01",5.163
"KIRP","Tumor","TCGA-BQ-5876-01",5.526
"KIRP","Tumor","TCGA-BQ-5886-01",5.362
"KIRP","Tumor","TCGA-J7-A8I2-01",4.876
"KIRP","Tumor","TCGA-2Z-A9JS-01",5.869
"KIRP","Tumor","TCGA-AL-3468-01",5.085
"KIRP","Tumor","TCGA-AL-3471-01",5.114
"KIRP","Tumor","TCGA-BQ-7051-01",6.708
"KIRP","Tumor","TCGA-GL-A9DE-01",5.913
"KIRP","Tumor","TCGA-P4-AAVK-01",6.296
"KIRP","Tumor","TCGA-SX-A7SL-01",6.253
"KIRP","Tumor","TCGA-Y8-A895-01",5.984
"KIRP","Tumor","TCGA-A4-8098-01",5.858
"KIRP","Tumor","TCGA-B1-5398-01",6.083
"KIRP","Tumor","TCGA-BQ-7044-01",5.945
"KIRP","Tumor","TCGA-BQ-7055-01",5.742
"KIRP","Tumor","TCGA-HE-A5NI-01",5.761
"KIRP","Tumor","TCGA-UZ-A9PX-01",5.797
"KIRP","Tumor","TCGA-2Z-A9J1-01",6.45
"KIRP","Tumor","TCGA-2Z-A9JT-01",6.451
"KIRP","Tumor","TCGA-A4-8517-01",5.84
"KIRP","Tumor","TCGA-A4-A7UZ-01",5.818
"KIRP","Tumor","TCGA-B9-5155-01",5.853
"KIRP","Tumor","TCGA-B9-A69E-01",7.219
"KIRP","Tumor","TCGA-BQ-7059-01",5.741
"KIRP","Tumor","TCGA-G7-A8LD-01",6.15
"KIRP","Tumor","TCGA-UZ-A9PK-01",6.015
"KIRP","Tumor","TCGA-5P-A9KE-01",6.057
"KIRP","Tumor","TCGA-B9-A44B-01",6.16
"KIRP","Tumor","TCGA-G7-A8LB-01",5.66
"KIRP","Tumor","TCGA-IA-A83W-01",6.006
"KIRP","Tumor","TCGA-BQ-5881-01",6.086
"KIRP","Tumor","TCGA-BQ-5890-01",5.852
"KIRP","Tumor","TCGA-DZ-6132-01",5.662
"KIRP","Tumor","TCGA-DZ-6134-01",5.813
"KIRP","Tumor","TCGA-GL-A9DD-01",6.117
"KIRP","Tumor","TCGA-IZ-A6M8-01",6.908
"KIRP","Tumor","TCGA-P4-AAVM-01",6.501
"KIRP","Tumor","TCGA-P4-AAVO-01",6.688
"KIRP","Tumor","TCGA-Y8-A898-01",6.132
"KIRP","Tumor","TCGA-2Z-A9J3-01",6.305
"KIRP","Tumor","TCGA-A4-7585-01",5.946
"KIRP","Tumor","TCGA-A4-7997-01",5.776
"KIRP","Tumor","TCGA-P4-A5E6-01",6.418
"KIRP","Tumor","TCGA-SX-A7SS-01",5.153
"KIRP","Tumor","TCGA-V9-A7HT-01",6.302
"KIRP","Tumor","TCGA-2Z-A9JD-01",5.932
"KIRP","Tumor","TCGA-2Z-A9JQ-01",5.235
"KIRP","Tumor","TCGA-A4-A6HP-01",6.521
"KIRP","Tumor","TCGA-DW-7838-01",5.515
"KIRP","Tumor","TCGA-MH-A561-01",6.122
"KIRP","Tumor","TCGA-SX-A71W-01",5.994
"KIRP","Tumor","TCGA-SX-A7SR-01",5.818
"KIRP","Tumor","TCGA-KV-A6GE-01",6.366
"KIRP","Tumor","TCGA-MH-A55Z-01",5.859
"KIRP","Tumor","TCGA-2Z-A9JG-01",5.929
"KIRP","Tumor","TCGA-5P-A9JW-01",6.237
"KIRP","Tumor","TCGA-5P-A9K6-01",6.036
"KIRP","Tumor","TCGA-B1-A656-01",5.979
"KIRP","Tumor","TCGA-B9-4113-01",5.137
"KIRP","Tumor","TCGA-BQ-7048-01",5.934
"KIRP","Tumor","TCGA-BQ-7062-01",5.984
"KIRP","Tumor","TCGA-SX-A7SO-01",5.765
"KIRP","Tumor","TCGA-UZ-A9PV-01",6.385
"KIRP","Tumor","TCGA-UZ-A9PZ-01",6.16
"KIRP","Tumor","TCGA-2Z-A9J7-01",6.535
"KIRP","Tumor","TCGA-2Z-A9JP-01",6.411
"KIRP","Tumor","TCGA-BQ-5885-01",6.019
"KIRP","Tumor","TCGA-BQ-5889-01",5.674
"KIRP","Tumor","TCGA-GL-7773-01",6.045
"KIRP","Tumor","TCGA-GL-8500-01",6.052
"KIRP","Tumor","TCGA-IA-A83V-01",5.946
"KIRP","Tumor","TCGA-IZ-A6M9-01",6.431
"KIRP","Tumor","TCGA-MH-A857-01",6.014
"KIRP","Tumor","TCGA-Y8-A8RY-01",6.025
"KIRP","Tumor","TCGA-5P-A9K2-01",5.425
"KIRP","Tumor","TCGA-A4-8516-01",5.867
"KIRP","Tumor","TCGA-B1-A47N-01",5.172
"KIRP","Tumor","TCGA-G7-A8LE-01",5.549
"KIRP","Tumor","TCGA-HE-A5NH-01",6.058
"KIRP","Tumor","TCGA-MH-A560-01",6.456
"KIRP","Tumor","TCGA-UZ-A9PM-01",6.109
"KIRP","Tumor","TCGA-Y8-A896-01",5.755
"KIRP","Tumor","TCGA-5P-A9KA-01",5.644
"KIRP","Tumor","TCGA-BQ-5893-01",6.103
"KIRP","Tumor","TCGA-BQ-7046-01",6.396
"KIRP","Tumor","TCGA-DW-7841-01",5.865
"KIRP","Tumor","TCGA-G7-A8LC-01",6.322
"KIRP","Tumor","TCGA-GL-A4EM-01",6.106
"KIRP","Tumor","TCGA-Y8-A8S1-01",6.534
"KIRP","Tumor","TCGA-2Z-A9J6-01",6.32
"KIRP","Tumor","TCGA-A4-7583-01",6.071
"KIRP","Tumor","TCGA-A4-8311-01",5.134
"KIRP","Tumor","TCGA-A4-8312-01",6.109
"KIRP","Tumor","TCGA-BQ-5877-01",6.056
"KIRP","Tumor","TCGA-DW-7840-01",5.992
"KIRP","Tumor","TCGA-SX-A7SM-01",6.122
"KIRP","Tumor","TCGA-UZ-A9PP-01",6.046
"KIRP","Tumor","TCGA-UZ-A9Q0-01",5.62
"KIRP","Tumor","TCGA-2Z-A9JE-01",6.223
"KIRP","Tumor","TCGA-5P-A9K3-01",6.144
"KIRP","Tumor","TCGA-A4-7584-01",5.538
"KIRP","Tumor","TCGA-A4-A57E-01",6.156
"KIRP","Tumor","TCGA-B9-7268-01",5.722
"KIRP","Tumor","TCGA-UZ-A9PL-01",6.648
"KIRP","Tumor","TCGA-UZ-A9PQ-01",6.226
"KIRP","Tumor","TCGA-4A-A93X-01",6.317
"KIRP","Tumor","TCGA-A4-8310-01",6.482
"KIRP","Tumor","TCGA-EV-5902-01",6.103
"KIRP","Tumor","TCGA-G7-6796-01",6.107
"KIRP","Tumor","TCGA-HE-A5NF-01",6.245
"KIRP","Tumor","TCGA-HE-A5NJ-01",5.765
"KIRP","Tumor","TCGA-Y8-A8S0-01",5.736
"KIRP","Tumor","TCGA-2Z-A9JR-01",6.241
"KIRP","Tumor","TCGA-AL-3472-01",5.72
"KIRP","Tumor","TCGA-EV-5903-01",5.622
"KIRP","Tumor","TCGA-G7-6790-01",6.369
"KIRP","Tumor","TCGA-MH-A562-01",6.606
"KIRP","Tumor","TCGA-P4-A5E8-01",6.437
"KIRP","Tumor","TCGA-SX-A71U-01",6.108
"KIRP","Tumor","TCGA-B3-4103-01",5.503
"KIRP","Tumor","TCGA-G7-6795-01",6.198
"KIRP","Tumor","TCGA-IA-A40U-01",6.241
"KIRP","Tumor","TCGA-A4-7732-01",5.271
"KIRP","Tumor","TCGA-AL-3473-01",4.559
"KIRP","Tumor","TCGA-DW-7836-01",5.38
"KIRP","Tumor","TCGA-WN-A9G9-01",5.611
"KIRP","Tumor","TCGA-Y8-A8RZ-01",6.337
"KIRP","Tumor","TCGA-5P-A9K4-01",6.164
"KIRP","Tumor","TCGA-B1-A657-01",6.162
"KIRP","Tumor","TCGA-BQ-5882-01",7.596
"KIRP","Tumor","TCGA-BQ-5887-01",7.575
"KIRP","Tumor","TCGA-MH-A856-01",5.912
"KIRP","Tumor","TCGA-UZ-A9PN-01",5.397
"KIRP","Tumor","TCGA-2K-A9WE-01",5.798
"KIRP","Tumor","TCGA-5P-A9KF-01",6.002
"KIRP","Tumor","TCGA-B9-4115-01",4.975
"KIRP","Tumor","TCGA-BQ-7060-01",6.04
"KIRP","Tumor","TCGA-DW-7834-01",5.271
"KIRP","Tumor","TCGA-B3-3925-01",5.489
"KIRP","Tumor","TCGA-B9-A8YH-01",5.867
"KIRP","Tumor","TCGA-DW-7842-01",5.764
"KIRP","Tumor","TCGA-GL-6846-01",5.681
"KIRP","Tumor","TCGA-SX-A7SN-01",5.96
"KIRP","Tumor","TCGA-B9-5156-01",6.167
"KIRP","Tumor","TCGA-BQ-5892-01",6.193
"KIRP","Tumor","TCGA-DW-5561-01",5.559
"KIRP","Tumor","TCGA-HE-A5NL-01",5.628
"KIRP","Tumor","TCGA-P4-A5ED-01",5.776
"KIRP","Tumor","TCGA-SX-A71R-01",5.901
"KIRP","Tumor","TCGA-2Z-A9J8-01",6.385
"KIRP","Tumor","TCGA-2Z-A9JK-01",5.904
"KIRP","Tumor","TCGA-B9-A5W8-01",5.786
"KIRP","Tumor","TCGA-IZ-8196-01",5.584
"KIRP","Tumor","TCGA-MH-A55W-01",5.957
"KIRP","Tumor","TCGA-5P-A9JV-01",6.179
"KIRP","Tumor","TCGA-B9-4114-01",4.671
"KIRP","Tumor","TCGA-SX-A7SQ-01",5.93
"KIRP","Tumor","TCGA-2Z-A9JL-01",5.695
"KIRP","Tumor","TCGA-A4-8515-01",5.958
"KIRP","Tumor","TCGA-B9-A5W7-01",6.33
"KIRP","Tumor","TCGA-SX-A7SU-01",5.786
"KIRP","Tumor","TCGA-G7-6797-01",6.025
"KIRP","Tumor","TCGA-GL-A59T-01",6.147
"KIRP","Tumor","TCGA-DZ-6135-01",5.487
"KIRP","Tumor","TCGA-O9-A75Z-01",5.779
"KIRP","Tumor","TCGA-B3-A6W5-01",6.284
"KIRP","Tumor","TCGA-DW-7837-01",5.489
"KIRP","Tumor","TCGA-DW-7963-01",5.521
"KIRP","Tumor","TCGA-A4-7286-01",6.157
"KIRP","Tumor","TCGA-BQ-5894-01",6.332
"KIRP","Tumor","TCGA-J7-6720-01",5.515
"KIRP","Tumor","TCGA-AL-3466-01",4.782
"KIRP","Tumor","TCGA-B9-4617-01",5.038
"KIRP","Tumor","TCGA-B9-A5W9-01",5.996
"KIRP","Tumor","TCGA-G7-6792-01",5.969
"KIRP","Tumor","TCGA-G7-A4TM-01",6.038
"KIRP","Tumor","TCGA-KV-A74V-01",6.44
"KIRP","Tumor","TCGA-A4-A772-01",6.476
"KIRP","Tumor","TCGA-2Z-A9JI-01",5.672
"KIRP","Tumor","TCGA-DZ-6131-01",5.943
"KIRP","Tumor","TCGA-2Z-A9JM-01",5.869
"KIRP","Tumor","TCGA-HE-7128-01",5.754
"KIRP","Tumor","TCGA-HE-7129-01",6.295
"KIRP","Tumor","TCGA-UZ-A9Q1-01",6.491
"KIRP","Tumor","TCGA-BQ-7061-01",6.2
"KIRP","Tumor","TCGA-PJ-A5Z9-01",6.047
"KIRP","Tumor","TCGA-BQ-5878-01",5.967
"KIRP","Tumor","TCGA-BQ-5883-01",6.962
"KIRP","Tumor","TCGA-B1-A655-01",6.016
"KIRP","Tumor","TCGA-UN-AAZ9-01",6.145
"KIRP","Tumor","TCGA-A4-7287-01",5.841
"KIRP","Tumor","TCGA-B9-4116-01",6.268
"KIRP","Tumor","TCGA-BQ-7056-01",5.766
"KIRP","Tumor","TCGA-F9-A7VF-01",6.981
"KIRP","Tumor","TCGA-A4-7828-01",5.581
"KIRP","Tumor","TCGA-BQ-5888-01",6.315
"KIRP","Tumor","TCGA-P4-A5E7-01",5.941
"KIRP","Tumor","TCGA-AL-7173-01",6.588
"KIRP","Tumor","TCGA-2Z-A9J2-01",6.902
"KIRP","Tumor","TCGA-A4-7288-01",6.13
"KIRP","Tumor","TCGA-A4-A4ZT-01",5.968
"KIRP","Tumor","TCGA-2Z-A9JJ-01",5.527
"KIRP","Tumor","TCGA-Y8-A897-01",5.637
"KIRP","Tumor","TCGA-4A-A93W-01",5.884
"KIRP","Tumor","TCGA-BQ-5875-01",6.557
"KIRP","Tumor","TCGA-DZ-6133-01",6.575
"KIRP","Tumor","TCGA-GL-A9DC-01",6.352
"KIRP","Tumor","TCGA-SX-A71S-01",5.887
"KIRP","Tumor","TCGA-SX-A7SP-01",6.108
"KIRP","Tumor","TCGA-A4-A5XZ-01",5.92
"KIRP","Tumor","TCGA-4A-A93Y-01",5.694
"KIRP","Tumor","TCGA-MH-A854-01",6.283
"KIRP","Tumor","TCGA-UZ-A9PS-01",6.54
"KIRP","Tumor","TCGA-A4-A5Y0-01",6.244
"KIRP","Tumor","TCGA-Q2-A5QZ-01",5.921
"KIRP","Tumor","TCGA-B1-7332-01",5.494
"KIRP","Tumor","TCGA-G7-6793-01",6.853
"KIRP","Tumor","TCGA-IA-A40Y-01",6.334
"KIRP","Tumor","TCGA-PJ-A5Z8-01",5.945
"KIRP","Tumor","TCGA-WN-AB4C-01",6.389
"KIRP","Tumor","TCGA-5P-A9K9-01",5.99
"KIRP","Tumor","TCGA-A4-8630-01",5.583
"KIRP","Tumor","TCGA-B3-3926-01",5.498
"KIRP","Tumor","TCGA-BQ-5884-01",6.538
"KIRP","Tumor","TCGA-DW-7839-01",5.398
"KIRP","Tumor","TCGA-BQ-5891-01",6.391
"KIRP","Tumor","TCGA-BQ-7053-01",5.809
"KIRP","Tumor","TCGA-Y8-A894-01",5.684
"KIRP","Tumor","TCGA-2Z-A9JO-01",6.943
"KIRP","Tumor","TCGA-G7-7501-01",5.993
"KIRP","Tumor","TCGA-AL-3467-01",5.2
"KIRP","Tumor","TCGA-AL-A5DJ-01",6.902
"KIRP","Tumor","TCGA-B1-A47O-01",6.218
"KIRP","Tumor","TCGA-P4-A5EA-01",5.466
"KIRP","Tumor","TCGA-A4-7734-01",5.709
"KIRP","Tumor","TCGA-BQ-7050-01",6.551
"KIRP","Tumor","TCGA-G7-6789-01",6.191
"KIRP","Tumor","TCGA-MH-A855-01",5.672
"KIRP","Tumor","TCGA-5P-A9JZ-01",6.358
"KIRP","Tumor","TCGA-5P-A9K8-01",6.316
"KIRP","Tumor","TCGA-5P-A9KC-01",5.908
"KIRP","Tumor","TCGA-2Z-A9JN-01",5.943
"KIRP","Tumor","TCGA-IA-A40X-01",5.896
"KIRP","Tumor","TCGA-B3-8121-01",5.717
"KIRP","Tumor","TCGA-B9-4117-01",5.034
"KIRP","Tumor","TCGA-EV-5901-01",5.601
"KIRP","Tumor","TCGA-A4-A5DU-01",5.818
"KIRP","Tumor","TCGA-BQ-7049-01",5.372
"KIRP","Tumor","TCGA-B1-A654-01",6.294
"KIRP","Tumor","TCGA-DW-5560-01",6.134
"KIRP","Tumor","TCGA-F9-A8NY-01",7.264
"KIRP","Tumor","TCGA-F9-A7Q0-01",6.414
"KIRP","Tumor","TCGA-J7-8537-01",6.272
"KIRP","Tumor","TCGA-A4-7915-01",6.086
"KIRP","Tumor","TCGA-F9-A4JJ-01",7.046
"KIRP","Tumor","TCGA-BQ-5879-01",6.705
"KIRP","Tumor","TCGA-GL-7966-01",6.861
"KIRP","Tumor","TCGA-HE-7130-01",5.485
"KIRP","Normal","TCGA-GL-A59R-11",6.006
"KIRP","Normal","TCGA-BQ-7045-11",6.086
"KIRP","Normal","TCGA-BQ-7051-11",5.801
"KIRP","Normal","TCGA-GL-A9DE-11",6.016
"KIRP","Normal","TCGA-BQ-7044-11",5.877
"KIRP","Normal","TCGA-BQ-7055-11",5.894
"KIRP","Normal","TCGA-BQ-7059-11",5.867
"KIRP","Normal","TCGA-BQ-5890-11",5.951
"KIRP","Normal","TCGA-DZ-6132-11",5.933
"KIRP","Normal","TCGA-DZ-6134-11",5.824
"KIRP","Normal","TCGA-Y8-A8RY-11",6.076
"KIRP","Normal","TCGA-BQ-7046-11",6.054
"KIRP","Normal","TCGA-BQ-5877-11",5.781
"KIRP","Normal","TCGA-A4-A57E-11",5.613
"KIRP","Normal","TCGA-P4-A5E8-11",5.867
"KIRP","Normal","TCGA-BQ-5882-11",6.312
"KIRP","Normal","TCGA-BQ-5887-11",5.91
"KIRP","Normal","TCGA-B9-4115-11",5.752
"KIRP","Normal","TCGA-GL-6846-11",5.905
"KIRP","Normal","TCGA-P4-A5ED-11",5.705
"KIRP","Normal","TCGA-BQ-5894-11",5.888
"KIRP","Normal","TCGA-DZ-6131-11",5.444
"KIRP","Normal","TCGA-BQ-7061-11",5.214
"KIRP","Normal","TCGA-BQ-5878-11",5.864
"KIRP","Normal","TCGA-BQ-5888-11",5.661
"KIRP","Normal","TCGA-A4-A4ZT-11",6.027
"KIRP","Normal","TCGA-BQ-5875-11",5.611
"KIRP","Normal","TCGA-DZ-6133-11",5.924
"KIRP","Normal","TCGA-BQ-5884-11",6.049
"KIRP","Normal","TCGA-BQ-5891-11",5.958
"KIRP","Normal","TCGA-BQ-5879-11",6.02
"KIRP","Normal","TCGA-GL-7966-11",5.306
"KIRP","Normal","TCGA-CJ-5689-11",5.388
"KIRP","Normal","TCGA-CZ-4864-11",5.403
"KIRP","Normal","TCGA-CJ-5672-11",5.378
"KIRP","Normal","TCGA-CZ-5468-11",5.674
"KIRP","Normal","TCGA-CZ-5462-11",5.227
"KIRP","Normal","TCGA-B2-5636-11",5.479
"KIRP","Normal","TCGA-B2-5641-11",5.461
"KIRP","Normal","TCGA-B0-4712-11",5.549
"KIRP","Normal","TCGA-CZ-5463-11",5.18
"KIRP","Normal","TCGA-CW-5584-11",5.652
"KIRP","Normal","TCGA-CZ-5451-11",5.566
"KIRP","Normal","TCGA-B0-5703-11",5.19
"KIRP","Normal","TCGA-CJ-5679-11",5.375
"KIRP","Normal","TCGA-B0-5694-11",5.271
"KIRP","Normal","TCGA-B0-5696-11",5.79
"KIRP","Normal","TCGA-CZ-5452-11",5.436
"KIRP","Normal","TCGA-CW-6090-11",5.428
"KIRP","Normal","TCGA-CZ-5453-11",5.057
"KIRP","Normal","TCGA-CZ-5466-11",5.057
"KIRP","Normal","TCGA-B0-5701-11",5.262
"KIRP","Normal","TCGA-CJ-6030-11",5.821
"KIRP","Normal","TCGA-B0-5402-11",5.034
"KIRP","Normal","TCGA-CZ-5454-11",5.511
"KIRP","Normal","TCGA-CZ-5455-11",5.095
"KIRP","Normal","TCGA-CJ-5678-11",4.952
"KIRP","Normal","TCGA-CZ-5457-11",5.545
"KIRP","Normal","TCGA-CW-6087-11",4.785
"KIRP","Normal","TCGA-CZ-5986-11",4.988
"KIRP","Normal","TCGA-B0-4700-11",4.719
"KIRP","Normal","TCGA-CW-6088-11",5.299
"KIRP","Normal","TCGA-CZ-5987-11",5.063
"KIRP","Normal","TCGA-CZ-5989-11",5.182
"KIRP","Normal","TCGA-B8-4619-11",4.693
"KIRP","Normal","TCGA-CZ-5985-11",4.964
"KIRP","Normal","TCGA-B8-4622-11",4.591
"KIRP","Normal","TCGA-CZ-5456-11",5.194
"KIRP","Normal","TCGA-CW-5591-11",5.429
"KIRP","Normal","TCGA-B0-5699-11",5.341
"KIRP","Normal","TCGA-B8-5549-11",5.464
"KIRP","Normal","TCGA-CW-5589-11",5.745
"KIRP","Normal","TCGA-CZ-5461-11",5.123
"KIRP","Normal","TCGA-CW-5585-11",5.854
"KIRP","Normal","TCGA-CZ-5984-11",5.178
"KIRP","Normal","TCGA-B0-5697-11",5.635
"KIRP","Normal","TCGA-B0-5711-11",5.193
"KIRP","Normal","TCGA-A3-3387-11",5.118
"KIRP","Normal","TCGA-CJ-5676-11",5.235
"KIRP","Normal","TCGA-B0-5706-11",5.193
"KIRP","Normal","TCGA-CW-5581-11",5.767
"KIRP","Normal","TCGA-CZ-5458-11",5.443
"KIRP","Normal","TCGA-CZ-5469-11",5.546
"KIRP","Normal","TCGA-CZ-5988-11",5.052
"KIRP","Normal","TCGA-CZ-5467-11",5.385
"KIRP","Normal","TCGA-CZ-5465-11",5.067
"KIRP","Normal","TCGA-CW-5580-11",5.363
"KIRP","Normal","TCGA-CZ-5470-11",4.948
"KIRP","Normal","TCGA-B8-4620-11",4.753
"KIRP","Normal","TCGA-CZ-4865-11",5.071
"KIRP","Normal","TCGA-B0-5712-11",5.092
"KIRP","Normal","TCGA-B0-5691-11",5.422
"KIRP","Normal","TCGA-B0-5705-11",5.402
"KIRP","Normal","TCGA-CJ-5680-11",5.771
"KIRP","Normal","TCGA-B0-5709-11",5.354
"KIRP","Normal","TCGA-CW-5587-11",5.847
"KIRP","Normal","TCGA-CZ-5982-11",5.286
"KIRP","Normal","TCGA-A3-3358-11",4.761
"KIRP","Normal","TCGA-CJ-5677-11",5.482
"KIRP","Normal","TCGA-CJ-6033-11",5.552
"KIRP","Normal","TCGA-B0-5690-11",5.481
"KIRP","Normal","TCGA-CZ-4863-11",4.885
"KIRP","Normal","TCGA-CJ-5681-11",5.514
"KIRP","Normal","TCGA-B8-5552-11",4.418
"KIRP","Normal","TCGA-KN-8430-11",5.845
"KIRP","Normal","TCGA-KN-8428-11",5.825
"KIRP","Normal","TCGA-KL-8326-11",5.533
"KIRP","Normal","TCGA-KL-8339-11",5.321
"KIRP","Normal","TCGA-KN-8436-11",5.909
"KIRP","Normal","TCGA-KN-8435-11",5.95
"KIRP","Normal","TCGA-KL-8332-11",4.926
"KIRP","Normal","TCGA-KN-8427-11",5.749
"KIRP","Normal","TCGA-KN-8425-11",5.761
"KIRP","Normal","TCGA-KN-8426-11",5.727
"KIRP","Normal","TCGA-KO-8403-11",5.808
"KIRP","Normal","TCGA-KN-8423-11",5.62
"KIRP","Normal","TCGA-KN-8419-11",5.205
"KIRP","Normal","TCGA-KN-8432-11",4.256
"KIRP","Normal","TCGA-KL-8324-11",5.865
"KIRP","Normal","TCGA-KN-8434-11",6.068
"KIRP","Normal","TCGA-KL-8329-11",5.899
"KIRP","Normal","TCGA-KL-8336-11",5.722
"KIRP","Normal","TCGA-KN-8433-11",5.685
"KIRP","Normal","TCGA-KO-8415-11",5.498
"KIRP","Normal","TCGA-KN-8424-11",5.448
"KIRP","Normal","TCGA-KN-8437-11",5.351
"KIRP","Normal","TCGA-KN-8429-11",5.225
"KIRP","Normal","TCGA-KN-8431-11",5.713
"KIRP","Normal","TCGA-KN-8422-11",5.877
"KIRP","Normal","GTEX-ZE9C-1426-SM-4WKGM",5.464
"KIRP","Normal","GTEX-11PRG-2226-SM-5GU5R",3.578
"KIRP","Normal","GTEX-147F4-2626-SM-5Q5CS",4.903
"KIRP","Normal","GTEX-ZLFU-0926-SM-5P9F8",5.365
"KIRP","Normal","GTEX-13NYB-1726-SM-5N9G2",5.556
"KIRP","Normal","GTEX-13112-2126-SM-5GCO4",4.878
"KIRP","Normal","GTEX-12696-0926-SM-5FQTV",5.198
"KIRP","Normal","GTEX-XPVG-0526-SM-4B65N",5.18
"KIRP","Normal","GTEX-ZYT6-2226-SM-5GIC9",5.127
"KIRP","Normal","GTEX-13OW6-1826-SM-5N9F9",3.691
"KIRP","Normal","GTEX-1497J-0826-SM-5NQAJ",5.333
"KIRP","Normal","GTEX-ZDXO-0226-SM-4WKH7",4.069
"KIRP","Normal","GTEX-11OF3-1326-SM-5N9FJ",4.216
"KIRP","Normal","GTEX-QLQW-1626-SM-4R1K1",5.678
"KIRP","Normal","GTEX-T5JC-1526-SM-4DM68",4.547
"KIRP","Normal","GTEX-13O1R-2526-SM-5N9FW",5.597
"KIRP","Normal","GTEX-N7MS-1626-SM-3LK5F",5.308
"KIRP","Normal","GTEX-145MN-0326-SM-5QGQI",5.503
"KIRP","Normal","GTEX-Y5V6-2026-SM-5IFHO",4.69
"KIRP","Normal","GTEX-NPJ8-2226-SM-3TW8D",4.076
"KIRP","Normal","GTEX-13RTJ-2226-SM-5S2Q1",5.403
"KIRP","Normal","GTEX-ZYFD-1526-SM-5NQ7T",3.805
"KIRP","Normal","GTEX-T6MN-1826-SM-5CHQB",-9.966
"KIRP","Normal","GTEX-1399S-0526-SM-5IJG8",5.342
"KIRP","Normal","GTEX-ZYFG-1626-SM-5GZYY",5.277
"KIRP","Normal","GTEX-ZC5H-1726-SM-5HL7X",5.036
"KIRP","Normal","GTEX-12WSG-0826-SM-5EQ5A",5.347
"KIRP","Normal","GTEX-WI4N-2026-SM-4OOS7",2.412
"LGG","Tumor","TCGA-DU-A76K-01",6.502
"LGG","Tumor","TCGA-HT-7616-01",5.994
"LGG","Tumor","TCGA-HT-7687-01",5.984
"LGG","Tumor","TCGA-E1-A7YS-01",6.277
"LGG","Tumor","TCGA-DH-A669-01",6.913
"LGG","Tumor","TCGA-DU-A5TT-01",6.095
"LGG","Tumor","TCGA-FG-6690-01",5.476
"LGG","Tumor","TCGA-S9-A89V-01",5.705
"LGG","Tumor","TCGA-DU-7292-01",5.766
"LGG","Tumor","TCGA-S9-A7R2-01",5.93
"LGG","Tumor","TCGA-HW-A5KJ-01",5.884
"LGG","Tumor","TCGA-CS-4941-01",5.89
"LGG","Tumor","TCGA-DU-7306-01",6.598
"LGG","Tumor","TCGA-HT-7475-01",5.688
"LGG","Tumor","TCGA-DU-6393-01",6.305
"LGG","Tumor","TCGA-HT-7882-01",5.685
"LGG","Tumor","TCGA-HT-A61C-01",6.853
"LGG","Tumor","TCGA-QH-A6CX-01",6.374
"LGG","Tumor","TCGA-S9-A6UA-01",5.716
"LGG","Tumor","TCGA-TQ-A7RP-01",6.795
"LGG","Tumor","TCGA-VW-A8FI-01",6.09
"LGG","Tumor","TCGA-WH-A86K-01",5.797
"LGG","Tumor","TCGA-HT-8109-01",5.346
"LGG","Tumor","TCGA-HW-A5KK-01",5.716
"LGG","Tumor","TCGA-E1-A7YM-01",5.925
"LGG","Tumor","TCGA-FG-6692-01",6.556
"LGG","Tumor","TCGA-FG-A4MW-01",6.758
"LGG","Tumor","TCGA-TM-A84J-01",5.912
"LGG","Tumor","TCGA-FG-5964-01",5.969
"LGG","Tumor","TCGA-HT-7477-01",6.54
"LGG","Tumor","TCGA-HT-7854-01",5.328
"LGG","Tumor","TCGA-HT-8107-01",5.662
"LGG","Tumor","TCGA-HT-A74H-01",5.757
"LGG","Tumor","TCGA-IK-8125-01",5.532
"LGG","Tumor","TCGA-DB-5281-01",5.936
"LGG","Tumor","TCGA-HT-7608-01",5.798
"LGG","Tumor","TCGA-DU-A6S3-01",5.715
"LGG","Tumor","TCGA-FG-A6IZ-01",7.017
"LGG","Tumor","TCGA-HT-7694-01",5.922
"LGG","Tumor","TCGA-WY-A85D-01",6.562
"LGG","Tumor","TCGA-DB-5279-01",5.893
"LGG","Tumor","TCGA-DB-A64O-01",6.3
"LGG","Tumor","TCGA-DU-7013-01",5.84
"LGG","Tumor","TCGA-DU-7014-01",5.576
"LGG","Tumor","TCGA-HT-7688-01",5.679
"LGG","Tumor","TCGA-CS-6186-01",6.551
"LGG","Tumor","TCGA-FG-A4MU-01",6.845
"LGG","Tumor","TCGA-HT-7684-01",5.872
"LGG","Tumor","TCGA-S9-A6WD-01",6.143
"LGG","Tumor","TCGA-VM-A8CD-01",6.446
"LGG","Tumor","TCGA-E1-A7YD-01",6.103
"LGG","Tumor","TCGA-HT-8110-01",5.83
"LGG","Tumor","TCGA-S9-A7IX-01",5.932
"LGG","Tumor","TCGA-DU-6410-01",5.668
"LGG","Tumor","TCGA-DU-A7TB-01",5.923
"LGG","Tumor","TCGA-HT-7875-01",6.015
"LGG","Tumor","TCGA-DU-A7TJ-01",6.719
"LGG","Tumor","TCGA-E1-A7YJ-01",7.128
"LGG","Tumor","TCGA-HT-8011-01",6.419
"LGG","Tumor","TCGA-DB-A64V-01",6.052
"LGG","Tumor","TCGA-DU-6399-01",5.918
"LGG","Tumor","TCGA-DU-A76L-01",6.02
"LGG","Tumor","TCGA-FG-5962-01",6.071
"LGG","Tumor","TCGA-HT-7467-01",5.679
"LGG","Tumor","TCGA-HT-8105-01",5.917
"LGG","Tumor","TCGA-QH-A65Z-01",6.429
"LGG","Tumor","TCGA-VM-A8CA-01",6.486
"LGG","Tumor","TCGA-DU-6394-01",6.118
"LGG","Tumor","TCGA-DU-7301-01",5.15
"LGG","Tumor","TCGA-HT-7677-01",6.111
"LGG","Tumor","TCGA-HT-8106-01",5.193
"LGG","Tumor","TCGA-DH-A66B-01",6.301
"LGG","Tumor","TCGA-DU-6402-01",6.396
"LGG","Tumor","TCGA-DU-A7TD-01",5.99
"LGG","Tumor","TCGA-E1-A7YK-01",5.754
"LGG","Tumor","TCGA-HT-7474-01",5.706
"LGG","Tumor","TCGA-R8-A6ML-01",5.902
"LGG","Tumor","TCGA-S9-A6UB-01",6.523
"LGG","Tumor","TCGA-S9-A6WL-01",6.332
"LGG","Tumor","TCGA-DU-8164-01",5.854
"LGG","Tumor","TCGA-DU-A5TR-01",5.894
"LGG","Tumor","TCGA-DU-A76R-01",5.827
"LGG","Tumor","TCGA-QH-A6CV-01",7.117
"LGG","Tumor","TCGA-TQ-A7RU-01",6.442
"LGG","Tumor","TCGA-CS-4944-01",5.459
"LGG","Tumor","TCGA-DH-A7US-01",6.385
"LGG","Tumor","TCGA-HT-7604-01",6.07
"LGG","Tumor","TCGA-S9-A6TV-01",6.316
"LGG","Tumor","TCGA-S9-A6TY-01",5.79
"LGG","Tumor","TCGA-DH-A66F-01",6.078
"LGG","Tumor","TCGA-DH-A7UV-01",6.28
"LGG","Tumor","TCGA-FG-7637-01",5.77
"LGG","Tumor","TCGA-CS-6188-01",6.177
"LGG","Tumor","TCGA-DU-5849-01",6.005
"LGG","Tumor","TCGA-FG-7636-01",5.905
"LGG","Tumor","TCGA-QH-A6XC-01",6.786
"LGG","Tumor","TCGA-TM-A84F-01",6.017
"LGG","Tumor","TCGA-DB-A75M-01",6.477
"LGG","Tumor","TCGA-FG-A4MX-01",7.083
"LGG","Tumor","TCGA-HT-8564-01",5.638
"LGG","Tumor","TCGA-HT-A614-01",6.113
"LGG","Tumor","TCGA-HT-A617-01",5.814
"LGG","Tumor","TCGA-P5-A737-01",6.019
"LGG","Tumor","TCGA-QH-A6X4-01",6.46
"LGG","Tumor","TCGA-RY-A840-01",6.542
"LGG","Tumor","TCGA-W9-A837-01",6.101
"LGG","Tumor","TCGA-E1-A7YL-01",7.18
"LGG","Tumor","TCGA-S9-A6TX-01",6.449
"LGG","Tumor","TCGA-S9-A6U0-01",6.102
"LGG","Tumor","TCGA-S9-A7R4-01",5.607
"LGG","Tumor","TCGA-TM-A84R-01",6.103
"LGG","Tumor","TCGA-E1-A7YO-01",6.258
"LGG","Tumor","TCGA-RY-A83Y-01",6.788
"LGG","Tumor","TCGA-RY-A847-01",5.616
"LGG","Tumor","TCGA-F6-A8O4-01",6.2
"LGG","Tumor","TCGA-HT-7479-01",5.225
"LGG","Tumor","TCGA-TM-A7CA-01",6.013
"LGG","Tumor","TCGA-VV-A829-01",6.014
"LGG","Tumor","TCGA-CS-5395-01",6.249
"LGG","Tumor","TCGA-CS-6670-01",5.615
"LGG","Tumor","TCGA-DB-5280-01",5.858
"LGG","Tumor","TCGA-DH-A7UU-01",6.174
"LGG","Tumor","TCGA-HT-7692-01",5.743
"LGG","Tumor","TCGA-IK-7675-01",5.762
"LGG","Tumor","TCGA-QH-A6CW-01",6.533
"LGG","Tumor","TCGA-S9-A7J1-01",6.243
"LGG","Tumor","TCGA-DU-A5TS-01",6.103
"LGG","Tumor","TCGA-E1-5304-01",6.429
"LGG","Tumor","TCGA-E1-A7YU-01",5.864
"LGG","Tumor","TCGA-HT-7485-01",5.695
"LGG","Tumor","TCGA-S9-A6WP-01",6.297
"LGG","Tumor","TCGA-E1-5302-01",5.652
"LGG","Tumor","TCGA-FG-8188-01",6.158
"LGG","Tumor","TCGA-HW-7490-01",5.928
"LGG","Tumor","TCGA-QH-A6CS-01",5.933
"LGG","Tumor","TCGA-S9-A7QZ-01",6.245
"LGG","Tumor","TCGA-CS-5394-01",5.884
"LGG","Tumor","TCGA-DB-A64P-01",6.152
"LGG","Tumor","TCGA-DU-A7TG-01",5.638
"LGG","Tumor","TCGA-HT-7620-01",5.506
"LGG","Tumor","TCGA-R8-A6MK-01",5.99
"LGG","Tumor","TCGA-S9-A6TW-01",5.275
"LGG","Tumor","TCGA-S9-A89Z-01",6.05
"LGG","Tumor","TCGA-TM-A84B-01",6.974
"LGG","Tumor","TCGA-TM-A84M-01",6.357
"LGG","Tumor","TCGA-CS-5393-01",5.216
"LGG","Tumor","TCGA-DU-7019-01",5.739
"LGG","Tumor","TCGA-HT-7481-01",5.606
"LGG","Tumor","TCGA-HT-7855-01",5.69
"LGG","Tumor","TCGA-HW-7487-01",5.804
"LGG","Tumor","TCGA-HW-8322-01",6.007
"LGG","Tumor","TCGA-P5-A5EV-01",6.012
"LGG","Tumor","TCGA-P5-A5EZ-01",5.164
"LGG","Tumor","TCGA-S9-A7IY-01",5.951
"LGG","Tumor","TCGA-TQ-A7RH-01",6.189
"LGG","Tumor","TCGA-DB-A4XB-01",6.235
"LGG","Tumor","TCGA-E1-5303-01",5.103
"LGG","Tumor","TCGA-HT-7472-01",5.506
"LGG","Tumor","TCGA-HT-7605-01",5.662
"LGG","Tumor","TCGA-HT-7881-01",5.777
"LGG","Tumor","TCGA-HW-7489-01",5.876
"LGG","Tumor","TCGA-QH-A6CY-01",5.682
"LGG","Tumor","TCGA-QH-A6CZ-01",5.946
"LGG","Tumor","TCGA-S9-A6TU-01",6.26
"LGG","Tumor","TCGA-TQ-A7RR-01",5.523
"LGG","Tumor","TCGA-CS-4943-01",5.672
"LGG","Tumor","TCGA-FG-8185-01",5.949
"LGG","Tumor","TCGA-HT-7470-01",5.663
"LGG","Tumor","TCGA-HW-7486-01",5.749
"LGG","Tumor","TCGA-DB-5275-01",6.17
"LGG","Tumor","TCGA-HT-7478-01",4.935
"LGG","Tumor","TCGA-HT-7611-01",5.804
"LGG","Tumor","TCGA-HT-8114-01",5.626
"LGG","Tumor","TCGA-HW-8320-01",5.826
"LGG","Tumor","TCGA-S9-A6U9-01",5.829
"LGG","Tumor","TCGA-TM-A84S-01",5.874
"LGG","Tumor","TCGA-TQ-A7RG-01",6.28
"LGG","Tumor","TCGA-WY-A85C-01",5.845
"LGG","Tumor","TCGA-DU-A7T8-01",6.022
"LGG","Tumor","TCGA-E1-A7Z4-01",6.253
"LGG","Tumor","TCGA-FG-8182-01",5.396
"LGG","Tumor","TCGA-HT-7856-01",5.929
"LGG","Tumor","TCGA-HW-7491-01",5.905
"LGG","Tumor","TCGA-HW-A5KM-01",5.777
"LGG","Tumor","TCGA-P5-A5EU-01",6.687
"LGG","Tumor","TCGA-P5-A72W-01",6.709
"LGG","Tumor","TCGA-S9-A7R1-01",6.321
"LGG","Tumor","TCGA-DB-5277-01",6.319
"LGG","Tumor","TCGA-DB-A4XG-01",6.165
"LGG","Tumor","TCGA-E1-5305-01",5.73
"LGG","Tumor","TCGA-F6-A8O3-01",6.166
"LGG","Tumor","TCGA-HT-7609-01",5.685
"LGG","Tumor","TCGA-HT-A74O-01",6.474
"LGG","Tumor","TCGA-S9-A6WE-01",6.261
"LGG","Tumor","TCGA-DB-5273-01",5.691
"LGG","Tumor","TCGA-DU-7007-01",5.942
"LGG","Tumor","TCGA-DU-7299-01",5.771
"LGG","Tumor","TCGA-DU-A5TP-01",6.251
"LGG","Tumor","TCGA-HT-7480-01",5.719
"LGG","Tumor","TCGA-HT-A74J-01",6.033
"LGG","Tumor","TCGA-P5-A5F0-01",5.873
"LGG","Tumor","TCGA-QH-A86X-01",6.137
"LGG","Tumor","TCGA-S9-A6U5-01",6.222
"LGG","Tumor","TCGA-VM-A8CB-01",6.86
"LGG","Tumor","TCGA-DB-5276-01",5.663
"LGG","Tumor","TCGA-DB-A4XD-01",6.242
"LGG","Tumor","TCGA-DH-5141-01",5.759
"LGG","Tumor","TCGA-DU-A7TA-01",6.397
"LGG","Tumor","TCGA-DU-A7TC-01",6.107
"LGG","Tumor","TCGA-DU-A7TI-01",5.827
"LGG","Tumor","TCGA-HT-8111-01",5.586
"LGG","Tumor","TCGA-TM-A84C-01",6.001
"LGG","Tumor","TCGA-TQ-A7RN-01",6.292
"LGG","Tumor","TCGA-TQ-A7RW-01",5.668
"LGG","Tumor","TCGA-CS-6290-01",5.501
"LGG","Tumor","TCGA-DU-6395-01",5.91
"LGG","Tumor","TCGA-E1-5311-01",5.894
"LGG","Tumor","TCGA-FG-7641-01",5.83
"LGG","Tumor","TCGA-FG-8187-01",5.779
"LGG","Tumor","TCGA-HT-7879-01",5.97
"LGG","Tumor","TCGA-HW-8321-01",5.8
"LGG","Tumor","TCGA-S9-A6WG-01",5.877
"LGG","Tumor","TCGA-TM-A84L-01",5.887
"LGG","Tumor","TCGA-TM-A84Q-01",5.991
"LGG","Tumor","TCGA-DB-A4XA-01",6.13
"LGG","Tumor","TCGA-DH-5143-01",5.671
"LGG","Tumor","TCGA-DH-A7UT-01",6.158
"LGG","Tumor","TCGA-DU-A76O-01",6.167
"LGG","Tumor","TCGA-FG-6689-01",5.63
"LGG","Tumor","TCGA-FG-8191-01",5.388
"LGG","Tumor","TCGA-HT-7468-01",5.891
"LGG","Tumor","TCGA-HT-7469-01",6.03
"LGG","Tumor","TCGA-HT-7880-01",5.601
"LGG","Tumor","TCGA-P5-A5F1-01",6.193
"LGG","Tumor","TCGA-RY-A843-01",5.659
"LGG","Tumor","TCGA-TM-A7C5-01",5.518
"LGG","Tumor","TCGA-TM-A84I-01",5.996
"LGG","Tumor","TCGA-DB-A75O-01",6.368
"LGG","Tumor","TCGA-DH-5142-01",6.076
"LGG","Tumor","TCGA-DU-5853-01",5.666
"LGG","Tumor","TCGA-DU-8163-01",5.501
"LGG","Tumor","TCGA-HT-7603-01",5.706
"LGG","Tumor","TCGA-HT-7690-01",6.03
"LGG","Tumor","TCGA-HT-7873-01",5.733
"LGG","Tumor","TCGA-S9-A6WO-01",5.82
"LGG","Tumor","TCGA-TQ-A7RK-01",6.501
"LGG","Tumor","TCGA-TQ-A7RO-01",6.046
"LGG","Tumor","TCGA-E1-A7YW-01",5.989
"LGG","Tumor","TCGA-FG-7634-01",5.698
"LGG","Tumor","TCGA-HT-7473-01",5.346
"LGG","Tumor","TCGA-HT-7858-01",5.904
"LGG","Tumor","TCGA-S9-A6U6-01",6.217
"LGG","Tumor","TCGA-P5-A5ET-01",6.415
"LGG","Tumor","TCGA-QH-A6X3-01",5.621
"LGG","Tumor","TCGA-S9-A7R7-01",6.137
"LGG","Tumor","TCGA-TQ-A7RV-01",6.305
"LGG","Tumor","TCGA-DB-A4XC-01",6.002
"LGG","Tumor","TCGA-HT-7476-01",5.305
"LGG","Tumor","TCGA-HT-7676-01",5.397
"LGG","Tumor","TCGA-KT-A74X-01",5.923
"LGG","Tumor","TCGA-P5-A5F6-01",5.216
"LGG","Tumor","TCGA-DU-6542-01",5.941
"LGG","Tumor","TCGA-DU-7011-01",4.979
"LGG","Tumor","TCGA-FN-7833-01",5.867
"LGG","Tumor","TCGA-S9-A7J2-01",6.306
"LGG","Tumor","TCGA-VM-A8CE-01",6.247
"LGG","Tumor","TCGA-HT-A5RB-01",5.796
"LGG","Tumor","TCGA-S9-A6U8-01",5.781
"LGG","Tumor","TCGA-WY-A85B-01",5.725
"LGG","Tumor","TCGA-FG-5963-01",6.168
"LGG","Tumor","TCGA-FG-8181-01",5.367
"LGG","Tumor","TCGA-CS-6666-01",6.044
"LGG","Tumor","TCGA-HT-A61B-01",6.288
"LGG","Tumor","TCGA-P5-A730-01",6.003
"LGG","Tumor","TCGA-HT-7602-01",5.441
"LGG","Tumor","TCGA-HT-8015-01",5.373
"LGG","Tumor","TCGA-P5-A5EY-01",5.519
"LGG","Tumor","TCGA-P5-A72X-01",5.936
"LGG","Tumor","TCGA-DB-A64S-01",5.809
"LGG","Tumor","TCGA-WY-A85A-01",5.831
"LGG","Tumor","TCGA-TM-A84T-01",5.938
"LGG","Tumor","TCGA-DB-5278-01",5.928
"LGG","Tumor","TCGA-HT-7483-01",5.644
"LGG","Tumor","TCGA-DU-7012-01",5.65
"LGG","Tumor","TCGA-DU-A6S8-01",6.426
"LGG","Tumor","TCGA-FG-A713-01",5.946
"LGG","Tumor","TCGA-DU-A7T6-01",6.339
"LGG","Tumor","TCGA-QH-A6X9-01",6.025
"LGG","Tumor","TCGA-S9-A6WH-01",6.555
"LGG","Tumor","TCGA-P5-A72U-01",6.729
"LGG","Tumor","TCGA-HT-A5RC-01",6.375
"LGG","Tumor","TCGA-DU-8167-01",5.729
"LGG","Tumor","TCGA-DB-A64L-01",6.296
"LGG","Tumor","TCGA-DU-6400-01",5.974
"LGG","Tumor","TCGA-DB-A64W-01",6.292
"LGG","Tumor","TCGA-HT-A5RA-01",6.608
"LGG","Tumor","TCGA-HT-8010-01",5.594
"LGG","Tumor","TCGA-P5-A72Z-01",6.421
"LGG","Tumor","TCGA-DU-8161-01",6.099
"LGG","Tumor","TCGA-E1-A7YN-01",6.113
"LGG","Tumor","TCGA-DU-5874-01",6.262
"LGG","Tumor","TCGA-DU-A5TU-01",6.145
"LGG","Tumor","TCGA-E1-5307-01",5.57
"LGG","Tumor","TCGA-DU-5852-01",5.877
"LGG","Tumor","TCGA-DU-8162-01",5.348
"LGG","Tumor","TCGA-FG-A87Q-01",6.015
"LGG","Tumor","TCGA-HT-7607-01",5.805
"LGG","Tumor","TCGA-TM-A84O-01",5.915
"LGG","Tumor","TCGA-DU-6403-01",5.394
"LGG","Tumor","TCGA-DU-7006-01",6.12
"LGG","Tumor","TCGA-DU-8165-01",5.944
"LGG","Tumor","TCGA-HT-7860-01",6.239
"LGG","Tumor","TCGA-DH-A7UR-01",6.519
"LGG","Tumor","TCGA-DU-6406-01",6.403
"LGG","Tumor","TCGA-FG-6688-01",5.918
"LGG","Tumor","TCGA-P5-A731-01",5.889
"LGG","Tumor","TCGA-S9-A6WM-01",6.81
"LGG","Tumor","TCGA-DU-7010-01",5.568
"LGG","Tumor","TCGA-E1-A7YQ-01",6.794
"LGG","Tumor","TCGA-E1-A7Z2-01",6.465
"LGG","Tumor","TCGA-HT-7689-01",5.555
"LGG","Tumor","TCGA-HT-A74K-01",7.328
"LGG","Tumor","TCGA-QH-A6X5-01",6.042
"LGG","Tumor","TCGA-CS-6668-01",6.044
"LGG","Tumor","TCGA-DU-5854-01",5.904
"LGG","Tumor","TCGA-DU-7018-01",5.674
"LGG","Tumor","TCGA-DU-8158-01",5.739
"LGG","Tumor","TCGA-DB-A64X-01",6.093
"LGG","Tumor","TCGA-DH-5144-01",5.951
"LGG","Tumor","TCGA-QH-A6X8-01",6.446
"LGG","Tumor","TCGA-S9-A6WI-01",6.142
"LGG","Tumor","TCGA-DB-A75K-01",6.863
"LGG","Tumor","TCGA-DU-8168-01",6.252
"LGG","Tumor","TCGA-HT-A4DS-01",6.706
"LGG","Tumor","TCGA-P5-A77X-01",5.504
"LGG","Tumor","TCGA-CS-5397-01",5.743
"LGG","Tumor","TCGA-RY-A83Z-01",6.959
"LGG","Tumor","TCGA-S9-A7QW-01",6.083
"LGG","Tumor","TCGA-TM-A84G-01",6.478
"LGG","Tumor","TCGA-CS-5396-01",6.049
"LGG","Tumor","TCGA-DB-A4XH-01",5.363
"LGG","Tumor","TCGA-DU-7294-01",5.516
"LGG","Tumor","TCGA-DU-7300-01",5.762
"LGG","Tumor","TCGA-FG-A70Z-01",6.249
"LGG","Tumor","TCGA-R8-A6MO-01",6.398
"LGG","Tumor","TCGA-FG-A6J3-01",6.269
"LGG","Tumor","TCGA-P5-A733-01",5.343
"LGG","Tumor","TCGA-QH-A6CU-01",5.75
"LGG","Tumor","TCGA-S9-A7J3-01",6.102
"LGG","Tumor","TCGA-DU-6405-01",5.769
"LGG","Tumor","TCGA-HT-7693-01",6.659
"LGG","Tumor","TCGA-HT-8104-01",6.464
"LGG","Tumor","TCGA-HT-A4DV-01",6.679
"LGG","Tumor","TCGA-HT-A619-01",6.181
"LGG","Tumor","TCGA-FG-A710-01",5.985
"LGG","Tumor","TCGA-VM-A8C8-01",6.133
"LGG","Tumor","TCGA-DU-5855-01",5.91
"LGG","Tumor","TCGA-FG-7643-01",5.921
"LGG","Tumor","TCGA-HT-8113-01",5.717
"LGG","Tumor","TCGA-DU-7302-01",5.849
"LGG","Tumor","TCGA-E1-5319-01",5.762
"LGG","Tumor","TCGA-HT-A5R9-01",5.953
"LGG","Tumor","TCGA-R8-A73M-01",6.939
"LGG","Tumor","TCGA-S9-A6TS-01",6.392
"LGG","Tumor","TCGA-S9-A6U2-01",6.176
"LGG","Tumor","TCGA-S9-A7IZ-01",6.007
"LGG","Tumor","TCGA-WY-A85E-01",5.645
"LGG","Tumor","TCGA-CS-5390-01",6.07
"LGG","Tumor","TCGA-E1-A7YH-01",6.319
"LGG","Tumor","TCGA-EZ-7264-01",6.032
"LGG","Tumor","TCGA-FG-A60J-01",5.897
"LGG","Tumor","TCGA-DU-A5TY-01",5.315
"LGG","Tumor","TCGA-RY-A83X-01",6.507
"LGG","Tumor","TCGA-DU-7290-01",5.617
"LGG","Tumor","TCGA-HW-7495-01",5.984
"LGG","Tumor","TCGA-KT-A7W1-01",6.776
"LGG","Tumor","TCGA-S9-A7IQ-01",6.393
"LGG","Tumor","TCGA-CS-4942-01",5.728
"LGG","Tumor","TCGA-FG-A4MY-01",5.882
"LGG","Tumor","TCGA-FG-A6J1-01",6.911
"LGG","Tumor","TCGA-HT-7884-01",6.009
"LGG","Tumor","TCGA-P5-A736-01",5.88
"LGG","Tumor","TCGA-P5-A780-01",5.337
"LGG","Tumor","TCGA-S9-A7R8-01",5.98
"LGG","Tumor","TCGA-TM-A84H-01",5.912
"LGG","Tumor","TCGA-VM-A8CF-01",6.201
"LGG","Tumor","TCGA-DH-A66D-01",6.07
"LGG","Tumor","TCGA-DU-5872-01",5.929
"LGG","Tumor","TCGA-QH-A65V-01",6.305
"LGG","Tumor","TCGA-TM-A7C3-01",6.266
"LGG","Tumor","TCGA-E1-5318-01",6.047
"LGG","Tumor","TCGA-FG-8186-01",6.053
"LGG","Tumor","TCGA-HW-A5KL-01",5.191
"LGG","Tumor","TCGA-TQ-A8XE-01",6.216
"LGG","Tumor","TCGA-DB-A4XF-01",5.496
"LGG","Tumor","TCGA-DU-7008-01",6.095
"LGG","Tumor","TCGA-DU-7015-01",5.464
"LGG","Tumor","TCGA-DU-7309-01",5.82
"LGG","Tumor","TCGA-E1-A7Z6-01",5.935
"LGG","Tumor","TCGA-HT-7874-01",5.734
"LGG","Tumor","TCGA-P5-A5EX-01",6.666
"LGG","Tumor","TCGA-TM-A7CF-01",5.632
"LGG","Tumor","TCGA-TQ-A7RM-01",6.321
"LGG","Tumor","TCGA-HT-8018-01",5.665
"LGG","Tumor","TCGA-HW-7493-01",5.421
"LGG","Tumor","TCGA-RY-A845-01",5.948
"LGG","Tumor","TCGA-CS-6667-01",5.567
"LGG","Tumor","TCGA-FG-5965-01",5.908
"LGG","Tumor","TCGA-S9-A6TZ-01",5.83
"LGG","Tumor","TCGA-TM-A7C4-01",5.563
"LGG","Tumor","TCGA-DB-5270-01",5.851
"LGG","Tumor","TCGA-DB-A64U-01",6.024
"LGG","Tumor","TCGA-DH-5140-01",5.902
"LGG","Tumor","TCGA-DU-7298-01",6.077
"LGG","Tumor","TCGA-E1-5322-01",5.567
"LGG","Tumor","TCGA-HT-A615-01",5.929
"LGG","Tumor","TCGA-P5-A735-01",6.504
"LGG","Tumor","TCGA-QH-A65R-01",6.079
"LGG","Tumor","TCGA-QH-A870-01",6.191
"LGG","Tumor","TCGA-S9-A6WN-01",6.151
"LGG","Tumor","TCGA-TQ-A7RQ-01",6.271
"LGG","Tumor","TCGA-DB-5274-01",6.122
"LGG","Tumor","TCGA-DU-5871-01",5.652
"LGG","Tumor","TCGA-DU-A6S2-01",5.917
"LGG","Tumor","TCGA-FG-A87N-01",6.226
"LGG","Tumor","TCGA-HT-7471-01",6.237
"LGG","Tumor","TCGA-HT-A618-01",5.509
"LGG","Tumor","TCGA-P5-A77W-01",5.389
"LGG","Tumor","TCGA-TQ-A7RI-01",6.041
"LGG","Tumor","TCGA-VM-A8C9-01",6.249
"LGG","Tumor","TCGA-DB-A75L-01",6.072
"LGG","Tumor","TCGA-HT-A616-01",5.664
"LGG","Tumor","TCGA-P5-A5F2-01",5.865
"LGG","Tumor","TCGA-S9-A7QX-01",6.165
"LGG","Tumor","TCGA-VV-A86M-01",5.9
"LGG","Tumor","TCGA-DU-6392-01",5.569
"LGG","Tumor","TCGA-DU-6407-01",5.781
"LGG","Tumor","TCGA-DU-A6S6-01",6.574
"LGG","Tumor","TCGA-P5-A5F4-01",6.061
"LGG","Tumor","TCGA-S9-A7QY-01",6.127
"LGG","Tumor","TCGA-VW-A7QS-01",7.561
"LGG","Tumor","TCGA-DU-5847-01",6.082
"LGG","Tumor","TCGA-DU-5870-01",5.966
"LGG","Tumor","TCGA-FG-A60K-01",5.937
"LGG","Tumor","TCGA-FG-A60L-01",6.425
"LGG","Tumor","TCGA-HT-8019-01",5.419
"LGG","Tumor","TCGA-HW-8319-01",5.56
"LGG","Tumor","TCGA-P5-A781-01",5.661
"LGG","Tumor","TCGA-WY-A859-01",6.502
"LGG","Tumor","TCGA-DB-A4X9-01",6.44
"LGG","Tumor","TCGA-DU-A5TW-01",6.087
"LGG","Tumor","TCGA-E1-A7YI-01",6.445
"LGG","Tumor","TCGA-FG-8189-01",5.905
"LGG","Tumor","TCGA-FG-A711-01",6.418
"LGG","Tumor","TCGA-HT-A5R5-01",5.896
"LGG","Tumor","TCGA-HT-A5R7-01",5.989
"LGG","Tumor","TCGA-S9-A7IS-01",6.314
"LGG","Tumor","TCGA-DU-7009-01",5.787
"LGG","Tumor","TCGA-E1-A7YE-01",6.142
"LGG","Tumor","TCGA-HT-7680-01",5.093
"LGG","Tumor","TCGA-QH-A65S-01",5.886
"LGG","Tumor","TCGA-WY-A858-01",5.612
"LGG","Tumor","TCGA-CS-4938-01",5.61
"LGG","Tumor","TCGA-DB-A64Q-01",6.342
"LGG","Tumor","TCGA-DU-6396-01",5.718
"LGG","Tumor","TCGA-DU-6401-01",5.754
"LGG","Tumor","TCGA-E1-A7Z3-01",6.026
"LGG","Tumor","TCGA-FG-7638-01",5.486
"LGG","Tumor","TCGA-HT-7691-01",5.389
"LGG","Tumor","TCGA-HT-7601-01",5.656
"LGG","Tumor","TCGA-HT-7606-01",6.226
"LGG","Tumor","TCGA-HT-7902-01",5.957
"LGG","Tumor","TCGA-HT-8012-01",6.035
"LGG","Tumor","TCGA-HT-8563-01",5.908
"LGG","Tumor","TCGA-S9-A7J0-01",6.431
"LGG","Tumor","TCGA-DU-8166-01",5.511
"LGG","Tumor","TCGA-HT-7681-01",6.151
"LGG","Tumor","TCGA-HT-7686-01",5.574
"LGG","Tumor","TCGA-HT-7695-01",5.781
"LGG","Tumor","TCGA-HT-8558-01",5.701
"LGG","Tumor","TCGA-QH-A65X-01",7.113
"LGG","Tumor","TCGA-S9-A7R3-01",6.004
"LGG","Tumor","TCGA-DB-A4XE-01",5.617
"LGG","Tumor","TCGA-DU-A6S7-01",6.389
"LGG","Tumor","TCGA-E1-A7YY-01",6.11
"LGG","Tumor","TCGA-FG-A4MT-01",6.438
"LGG","Tumor","TCGA-TQ-A7RF-01",6.431
"LGG","Tumor","TCGA-CS-6669-01",5.404
"LGG","Tumor","TCGA-E1-A7YV-01",5.93
"LGG","Tumor","TCGA-HT-8108-01",5.598
"LGG","Tumor","TCGA-DB-A75P-01",6.004
"LGG","Tumor","TCGA-HT-7610-01",5.71
"LGG","Tumor","TCGA-TQ-A7RJ-01",6.052
"LGG","Tumor","TCGA-TQ-A7RS-01",6.49
"LGG","Tumor","TCGA-DB-A64R-01",6.1
"LGG","Tumor","TCGA-DU-6404-01",5.96
"LGG","Tumor","TCGA-HT-7857-01",5.28
"LGG","Tumor","TCGA-VM-A8CH-01",5.987
"LGG","Tumor","TCGA-DU-6408-01",5.914
"LGG","Tumor","TCGA-FG-6691-01",5.422
"LGG","Tumor","TCGA-QH-A6XA-01",5.736
"LGG","Tumor","TCGA-HT-A74L-01",5.929
"LGG","Tumor","TCGA-S9-A6U1-01",6.298
"LGG","Tumor","TCGA-FG-A70Y-01",5.929
"LGG","Tumor","TCGA-HT-7877-01",5.668
"LGG","Tumor","TCGA-HT-A61A-01",5.599
"LGG","Tumor","TCGA-P5-A5EW-01",5.997
"LGG","Tumor","TCGA-HT-7482-01",5.123
"LGG","Tumor","TCGA-R8-A6YH-01",6.214
"LGG","Normal","TCGA-06-0675-11",5.708
"LGG","Normal","TCGA-06-0678-11",5.878
"LGG","Normal","TCGA-06-0680-11",5.765
"LGG","Normal","TCGA-06-0681-11",5.901
"LGG","Normal","TCGA-06-AABW-11",6.157
"LGG","Normal","GTEX-13SLW-0011-R4b-SM-5S2W2",4.012
"LGG","Normal","GTEX-13RTJ-0011-R4b-SM-5PNX1",5.004
"LGG","Normal","GTEX-WVLH-0011-R4A-SM-3MJFS",5.105
"LGG","Normal","GTEX-147GR-0011-R4a-SM-5S2V2",3.596
"LGG","Normal","GTEX-13N2G-0011-R4b-SM-5MR54",5.612
"LGG","Normal","GTEX-13N1W-0011-R4a-SM-5MR52",5.307
"LGG","Normal","GTEX-WHSE-0011-R4A-SM-3P5ZN",5.131
"LGG","Normal","GTEX-14ABY-0011-R4b-SM-5S2VN",4.957
"LGG","Normal","GTEX-13NYS-0011-R4b-SM-5MR3O",5.464
"LGG","Normal","GTEX-1445S-0011-R4a-SM-5PNWN",3.63
"LGG","Normal","GTEX-X585-0011-R4B-SM-46MVH",5.306
"LGG","Normal","GTEX-13OW7-0011-R4b-SM-5O9CX",4.112
"LGG","Normal","GTEX-13OW5-0011-R4b-SM-5L3HS",4.847
"LGG","Normal","GTEX-NPJ8-0011-R4a-SM-2HML3",4.528
"LGG","Normal","GTEX-12WSA-0011-R4a-SM-57WB7",4.109
"LGG","Normal","GTEX-P44G-0011-R4A-SM-2I3FB",4.371
"LGG","Normal","GTEX-N7MS-0011-R4a-SM-2HMKW",5.041
"LGG","Normal","GTEX-13OW6-0011-R4a-SM-5O9DX",3.909
"LGG","Normal","GTEX-S7SE-0011-R4A-SM-2XCDB",5.007
"LGG","Normal","GTEX-13X6J-0011-R4b-SM-5P9K4",4.67
"LGG","Normal","GTEX-13O3Q-0011-R4a-SM-5P9H2",4.78
"LGG","Normal","GTEX-12WSF-0011-R4b-SM-5HL88",4.784
"LGG","Normal","GTEX-13JVG-0011-R4a-SM-5MR4C",3.973
"LGG","Normal","GTEX-QMR6-0011-R4A-SM-32PKU",4.573
"LGG","Normal","GTEX-XLM4-0011-R4B-SM-4AT5C",4.897
"LGG","Normal","GTEX-13VXU-0011-R4b-SM-5O9CI",4.779
"LGG","Normal","GTEX-WZTO-0011-R4A-SM-3NMC7",5.353
"LGG","Normal","GTEX-131XH-0011-R4b-SM-5DUWB",5.402
"LGG","Normal","GTEX-X4XX-0011-R4B-SM-46MWL",4.831
"LGG","Normal","GTEX-13112-0011-R4b-SM-5DUXL",4.265
"LGG","Normal","GTEX-139T8-0011-R4a-SM-5HL54",3.745
"LGG","Normal","GTEX-13CZV-0011-R4b-SM-5J2NY",4.235
"LGG","Normal","GTEX-144GL-0011-R4a-SM-5PNUI",3.335
"LGG","Normal","GTEX-P44H-0011-R4A-SM-2XCEW",4.214
"LGG","Normal","GTEX-1399T-0011-R4b-SM-5DUVX",4.09
"LGG","Normal","GTEX-13OVH-0011-R4a-SM-5KM3W",4.036
"LGG","Normal","GTEX-13OVL-0011-R4b-SM-5L3HV",3.44
"LGG","Normal","GTEX-139UC-0011-R4a-SM-5K7XM",4.141
"LGG","Normal","GTEX-ZE9C-0011-R4a-SM-4WKH6",3.046
"LGG","Normal","GTEX-T6MN-0011-R4A-SM-32QPG",4.495
"LGG","Normal","GTEX-12ZZW-0011-R4a-SM-5DUX9",3.864
"LGG","Normal","GTEX-12ZZZ-0011-R4b-SM-5DUV7",3.149
"LGG","Normal","GTEX-13FLV-0011-R4a-SM-5LZYU",5.134
"LGG","Normal","GTEX-RVPU-0011-R4A-SM-5SI8K",2.452
"LGG","Normal","GTEX-11ZU8-0011-R4a-SM-5BC6Y",2.541
"LGG","Normal","GTEX-RVPU-0011-R4A-SM-2TF6X",2.616
"LGG","Normal","GTEX-T6MN-0011-R4A-SM-5CHSD",-9.966
"LGG","Normal","GTEX-131YS-0011-R4a-SM-5DUVL",5.008
"LGG","Normal","GTEX-X4EP-0011-R4B-SM-3P627",6.094
"LGG","Normal","GTEX-N7MT-0011-R4a-SM-2I3G9",4.487
"LGG","Normal","GTEX-13OVJ-0011-R4b-SM-5P9H5",5.014
"LGG","Normal","GTEX-12WSD-0011-R4b-SM-5LZUA",4.994
"LGG","Normal","GTEX-13SLX-0011-R4a-SM-5O9BJ",4.58
"LGG","Normal","GTEX-Q2AG-0011-R4A-SM-2HMKA",5.41
"LGG","Normal","GTEX-13X6K-0011-R4b-SM-5P9HO",4.868
"LGG","Normal","GTEX-YFC4-0011-R4a-SM-4RGLQ",4.773
"LGG","Normal","GTEX-QVJO-0011-R4A-SM-2S1QL",5.144
"LGG","Normal","GTEX-145LS-0011-R4b-SM-5S2UT",5.125
"LGG","Normal","GTEX-ZVZQ-0011-R4b-SM-57WCZ",4.41
"LGG","Normal","GTEX-1313W-0011-R4b-SM-5KLZV",4.954
"LGG","Normal","GTEX-145MI-0011-R4b-SM-5PNZH",4.066
"LGG","Normal","GTEX-12WS9-0011-R4b-SM-5P9EU",3.671
"LGG","Normal","GTEX-13O3O-0011-R4b-SM-5KM3F",4.751
"LGG","Normal","GTEX-14BIM-0011-R4b-SM-5S2RK",4.99
"LGG","Normal","GTEX-NPJ7-0011-R4a-SM-2I3GJ",4.224
"LGG","Normal","GTEX-RNOR-0011-R4A-SM-3GAD3",5.082
"LGG","Normal","GTEX-13QIC-0011-R4a-SM-5PNX8",5.155
"LGG","Normal","GTEX-11ZVC-0011-R4a-SM-5BC6Z",3.852
"LGG","Normal","GTEX-QVUS-0011-R4A-SM-3GAE7",4.704
"LGG","Normal","GTEX-14ABY-0011-R9a-SM-5PNZK",5.328
"LGG","Normal","GTEX-13FXS-0011-R9a-SM-5K7UI",5.154
"LGG","Normal","GTEX-ZAB4-0011-R9a-SM-4SOKG",4.916
"LGG","Normal","GTEX-139UC-0011-R9a-SM-5K7W7",5.323
"LGG","Normal","GTEX-WL46-0011-R9A-SM-3MJFP",4.996
"LGG","Normal","GTEX-13N2G-0011-R9b-SM-5MR4E",5.556
"LGG","Normal","GTEX-14BIL-0011-R9a-SM-5SI7A",4.999
"LGG","Normal","GTEX-13OVL-0011-R9a-SM-5P9GX",4.687
"LGG","Normal","GTEX-147GR-0011-R9a-SM-5S2UY",4.976
"LGG","Normal","GTEX-12WSC-0011-R9a-SM-5GU4U",4.659
"LGG","Normal","GTEX-RVPU-0011-R9A-SM-3NM8E",4.119
"LGG","Normal","GTEX-YJ89-0011-R9a-SM-4SOK7",4.689
"LGG","Normal","GTEX-ZE9C-0011-R9a-SM-4WWCY",4.753
"LGG","Normal","GTEX-13RTJ-0011-R9a-SM-5Q5AY",5.17
"LGG","Normal","GTEX-13PVQ-0011-R9b-SM-5LU3B",4.481
"LGG","Normal","GTEX-12126-0011-R9b-SM-5BC6P",4.646
"LGG","Normal","GTEX-145LU-0011-R9b-SM-5SI66",4.751
"LGG","Normal","GTEX-13N1W-0011-R9b-SM-5MR4R",5.104
"LGG","Normal","GTEX-NL4W-0011-R9a-SM-2I3G1",4.747
"LGG","Normal","GTEX-13NZA-0011-R9b-SM-5MR5I",4.628
"LGG","Normal","GTEX-NPJ8-0011-R9a-SM-2YUN5",5.024
"LGG","Normal","GTEX-13CIG-0011-R9a-SM-5K7VU",3.763
"LGG","Normal","GTEX-11ONC-0011-R9b-SM-5NQ8J",4.573
"LGG","Normal","GTEX-12WSH-0011-R9b-SM-5LZUG",4.903
"LGG","Normal","GTEX-13CZV-0011-R9a-SM-5LZXT",4.693
"LGG","Normal","GTEX-XLM4-0011-R9A-SM-4AT45",3.741
"LGG","Normal","GTEX-139UW-0011-R9b-SM-5LZYT",4.99
"LGG","Normal","GTEX-13O1R-0011-R9b-SM-5KM33",3.323
"LGG","Normal","GTEX-R55E-0011-R9A-SM-2TC6C",5.351
"LGG","Normal","GTEX-11ZUS-0011-R9b-SM-5BC76",4.462
"LGG","Normal","GTEX-13NYS-0011-R9b-SM-5MR44",5.712
"LGG","Normal","GTEX-148VJ-0011-R9b-SM-5SI77",4.269
"LGG","Normal","GTEX-11WQK-0011-R9b-SM-5BC6N",3.58
"LGG","Normal","GTEX-13RTL-0011-R9a-SM-5Q5BR",2.712
"LGG","Normal","GTEX-OHPN-0011-R9A-SM-2YUMN",5.01
"LGG","Normal","GTEX-YFC4-0011-R9a-SM-4SOK4",4.842
"LGG","Normal","GTEX-OHPN-0011-R9A-SM-4DXUH",4.78
"LGG","Normal","GTEX-OXRO-0011-R9A-SM-3NB1X",3.93
"LGG","Normal","GTEX-13OVJ-0011-R9b-SM-5L3GD",4.954
"LGG","Normal","GTEX-13S7M-0011-R9a-SM-5O9DW",4.171
"LGG","Normal","GTEX-X4EP-0011-R9B-SM-4QASI",5.615
"LGG","Normal","GTEX-TSE9-0011-R9A-SM-3DB7Q",4.649
"LGG","Normal","GTEX-QDT8-0011-R9A-SM-5SI8J",4.745
"LGG","Normal","GTEX-131XW-0011-R9a-SM-5N9EO",4.234
"LGG","Normal","GTEX-ZVZQ-0011-R9a-SM-51MRH",4.542
"LGG","Normal","GTEX-13JUV-0011-R9a-SM-5LZX3",5.136
"LGG","Normal","GTEX-131YS-0011-R9b-SM-5EQLY",4.658
"LGG","Normal","GTEX-13PLJ-0011-R9b-SM-5O9DV",4.988
"LGG","Normal","GTEX-OXRO-0011-R9A-SM-5S2W3",3.52
"LGG","Normal","GTEX-14BIN-0011-R9a-SM-5SI76",4.805
"LGG","Normal","GTEX-139T4-0011-R9b-SM-5HL6S",4.859
"LGG","Normal","GTEX-13SLX-0011-R9b-SM-5SI6X",5.37
"LGG","Normal","GTEX-13PL6-0011-R9b-SM-5O9CH",3.503
"LGG","Normal","GTEX-12WSD-0011-R9a-SM-5GU6W",5.106
"LGG","Normal","GTEX-RNOR-0011-R9A-SM-2TF52",4.978
"LGG","Normal","GTEX-Q2AG-0011-R9A-SM-2HMJ6",3.827
"LGG","Normal","GTEX-NPJ7-0011-R9a-SM-2TC5R",4.562
"LGG","Normal","GTEX-11ZVC-0011-R9a-SM-57WC5",4.227
"LGG","Normal","GTEX-QDT8-0011-R9A-SM-32PKH",4.446
"LGG","Normal","GTEX-13FTY-0011-R9b-SM-5KM2U",4.539
"LGG","Normal","GTEX-NPJ8-0011-R8a-SM-2HMLG",5.345
"LGG","Normal","GTEX-QMR6-0011-R8A-SM-32PKJ",5.119
"LGG","Normal","GTEX-13OW7-0011-R8b-SM-5L3HR",5.542
"LGG","Normal","GTEX-13O3Q-0011-R8b-SM-5KM2J",5.305
"LGG","Normal","GTEX-X4XX-0011-R8B-SM-46MWM",5.35
"LGG","Normal","GTEX-NL4W-0011-R8a-SM-2I3G4",5.063
"LGG","Normal","GTEX-13FXS-0011-R8a-SM-5J1MN",5.446
"LGG","Normal","GTEX-13SLW-0011-R8b-SM-5SI64",5.13
"LGG","Normal","GTEX-11OF3-0011-R8b-SM-57WCS",5.112
"LGG","Normal","GTEX-14ASI-0011-R8b-SM-5S2UB",5.309
"LGG","Normal","GTEX-13CF2-0011-R8b-SM-5IJCX",4.678
"LGG","Normal","GTEX-13NZA-0011-R8b-SM-5KM2Q",4.838
"LGG","Normal","GTEX-13OW6-0011-R8a-SM-5L3GF",5.146
"LGG","Normal","GTEX-13CIG-0011-R8b-SM-5LZX5",5.324
"LGG","Normal","GTEX-X585-0011-R8A-SM-46MUX",5.776
"LGG","Normal","GTEX-12WSM-0011-R8a-SM-5DUWJ",5.07
"LGG","Normal","GTEX-11WQC-0011-R8b-SM-57WCH",5.232
"LGG","Normal","GTEX-13IVO-0011-R8a-SM-5L3DY",5.175
"LGG","Normal","GTEX-R55F-0011-R8A-SM-2TF4F",5.489
"LGG","Normal","GTEX-13RTJ-0011-R8b-SM-5O9DL",5.504
"LGG","Normal","GTEX-1399T-0011-R8b-SM-5IJD8",5.024
"LGG","Normal","GTEX-144GL-0011-R8a-SM-5Q5B1",4.369
"LGG","Normal","GTEX-YJ89-0011-R8b-SM-4SOK8",4.379
"LGG","Normal","GTEX-WZTO-0011-R8A-SM-4E3II",5.351
"LGG","Normal","GTEX-XMD1-0011-R8A-SM-4AT48",5.275
"LGG","Normal","GTEX-X261-0011-R8A-SM-4E3I5",5.3
"LGG","Normal","GTEX-XOTO-0011-R8A-SM-4B65J",4.758
"LGG","Normal","GTEX-11ONC-0011-R8b-SM-5NQ87",5.175
"LGG","Normal","GTEX-147F4-0011-R8b-SM-5S2UN",4.192
"LGG","Normal","GTEX-13OW5-0011-R8a-SM-5L3GQ",5.247
"LGG","Normal","GTEX-ZDXO-0011-R8a-SM-4WWD7",4.747
"LGG","Normal","GTEX-13OVH-0011-R8b-SM-5MR35",5.613
"LGG","Normal","GTEX-13PDP-0011-R8b-SM-5O9CS",4.184
"LGG","Normal","GTEX-13NYB-0011-R8a-SM-5KM4R",5.399
"LGG","Normal","GTEX-13NYS-0011-R8a-SM-5MR5H",5.651
"LGG","Normal","GTEX-13OVL-0011-R8a-SM-5L3HH",4.115
"LGG","Normal","GTEX-WHSE-0011-R8A-SM-3P5Z1",5.36
"LGG","Normal","GTEX-WVLH-0011-R8A-SM-3MJFC",4.316
"LGG","Normal","GTEX-13JVG-0011-R8a-SM-5KM3E",4.968
"LGG","Normal","GTEX-14753-0011-R8b-SM-5S2U1",2.59
"LGG","Normal","GTEX-ZAB4-0011-R8b-SM-4SOKF",5.297
"LGG","Normal","GTEX-11WQK-0011-R8a-SM-5BC7C",3.8
"LGG","Normal","GTEX-N7MS-0011-R8a-SM-2YUMK",5.18
"LGG","Normal","GTEX-XLM4-0011-R8A-SM-4AT44",4.87
"LGG","Normal","GTEX-R55E-0011-R8A-SM-2TC66",4.846
"LGG","Normal","GTEX-1445S-0011-R8a-SM-5PNWX",4.053
"LGG","Normal","GTEX-13FLV-0011-R8a-SM-5LZZE",5.563
"LGG","Normal","GTEX-13FLW-0011-R8b-SM-5J1MZ",5.065
"LGG","Normal","GTEX-ZF28-0011-R8a-SM-4WWFW",4.208
"LGG","Normal","GTEX-13X6I-0011-R8a-SM-5PNZF",5.042
"LGG","Normal","GTEX-ZUA1-0011-R8b-SM-51MST",4.852
"LGG","Normal","GTEX-11H98-0011-R8a-SM-5NQ8V",4.658
"LGG","Normal","GTEX-13X6J-0011-R8b-SM-5PNUA",4.396
"LGG","Normal","GTEX-13OW8-0011-R8a-SM-5L3G5",4.163
"LGG","Normal","GTEX-145MH-0011-R8a-SM-5PNUL",5.168
"LGG","Normal","GTEX-131XH-0011-R8a-SM-5EGLL",5.611
"LGG","Normal","GTEX-RVPU-0011-R8A-SM-5SI8I",3.567
"LGG","Normal","GTEX-12WSA-0011-R8a-SM-5P9EX",5.747
"LGG","Normal","GTEX-11ZUS-0011-R8a-SM-5BC73",5.055
"LGG","Normal","GTEX-X4XY-0011-R8A-SM-46MVC",3.069
"LGG","Normal","GTEX-RVPU-0011-R8A-SM-2TF74",3.783
"LGG","Normal","GTEX-13X6K-0011-R8b-SM-5PNZ4",5.478
"LGG","Normal","GTEX-QVUS-0011-R8A-SM-3GAD7",5.324
"LGG","Normal","GTEX-145LS-0011-R8b-SM-5PNXA",5.481
"LGG","Normal","GTEX-X4EP-0011-R8B-SM-4QASL",6.104
"LGG","Normal","GTEX-OHPN-0011-R8A-SM-33HBT",3.248
"LGG","Normal","GTEX-1313W-0011-R8a-SM-5DUVM",5.191
"LGG","Normal","GTEX-ZVZQ-0011-R8a-SM-51MR5",4.353
"LGG","Normal","GTEX-12ZZX-0011-R8a-SM-5DUW8",5.211
"LGG","Normal","GTEX-ZVT3-0011-R8b-SM-57WDJ",4.697
"LGG","Normal","GTEX-13QIC-0011-R8b-SM-5O9CV",5.128
"LGG","Normal","GTEX-NPJ7-0011-R8a-SM-2I3G2",5.411
"LGG","Normal","GTEX-Q2AG-0011-R8A-SM-2HMK5",5.235
"LGG","Normal","GTEX-11GSP-0011-R8b-SM-5NQ79",4.956
"LGG","Normal","GTEX-13O3O-0011-R8b-SM-5LUAL",4.572
"LGG","Normal","GTEX-13NZ8-0011-R8b-SM-5KM48",4.561
"LGG","Normal","GTEX-13OVJ-0011-R8b-SM-5L3FS",5.107
"LGG","Normal","GTEX-13SLX-0011-R8b-SM-5PNWZ",5.4
"LGG","Normal","GTEX-RU72-0011-R8A-SM-2TF61",5.428
"LGG","Normal","GTEX-QVJO-0011-R8A-SM-447C7",5.192
"LGG","Normal","GTEX-13QJC-0011-R8b-SM-5S2U6",4.03
"LGG","Normal","GTEX-145MI-0011-R8b-SM-5PNZ9",4.436
"LGG","Normal","GTEX-13RTJ-0011-R7b-SM-5P9JS",5.857
"LGG","Normal","GTEX-ZUA1-0011-R7b-SM-4YCDP",4.585
"LGG","Normal","GTEX-ZAB4-0011-R7a-SM-4SOKE",5.742
"LGG","Normal","GTEX-WZTO-0011-R7B-SM-4E3IS",4.89
"LGG","Normal","GTEX-13X6I-0011-R7b-SM-5PNWP",5.036
"LGG","Normal","GTEX-13VXU-0011-R7b-SM-5SI72",4.926
"LGG","Normal","GTEX-139UC-0011-R7a-SM-5IJCV",5.347
"LGG","Normal","GTEX-WVLH-0011-R7A-SM-3MJFB",4.444
"LGG","Normal","GTEX-13112-0011-R7b-SM-5DUVW",4.529
"LGG","Normal","GTEX-139TT-0011-R7b-SM-5J2MN",5.598
"LGG","Normal","GTEX-13X6J-0011-R7b-SM-5PNUC",4.942
"LGG","Normal","GTEX-145MH-0011-R7a-SM-5PNWH",5.453
"LGG","Normal","GTEX-13PVQ-0011-R7a-SM-5L3G3",5.236
"LGG","Normal","GTEX-145MG-0011-R7b-SM-5P9JY",4.631
"LGG","Normal","GTEX-N7MS-0011-R7a-SM-2HMKN",5.179
"LGG","Normal","GTEX-P44G-0011-R7A-SM-2I3F9",4.878
"LGG","Normal","GTEX-XOTO-0011-R7B-SM-4B64R",4.792
"LGG","Normal","GTEX-13FLW-0011-R7b-SM-5L3EZ",4.875
"LGG","Normal","GTEX-R55E-0011-R7A-SM-2TC5Z",5.043
"LGG","Normal","GTEX-12WSC-0011-R7b-SM-5LU9L",5.443
"LGG","Normal","GTEX-13NYB-0011-R7a-SM-5MR5D",4.907
"LGG","Normal","GTEX-11OF3-0011-R7a-SM-57WCG",4.741
"LGG","Normal","GTEX-13OW6-0011-R7b-SM-5L3H4",5.209
"LGG","Normal","GTEX-YJ89-0011-R7a-SM-4V6GO",3.94
"LGG","Normal","GTEX-WL46-0011-R7A-SM-3LK7X",5.083
"LGG","Normal","GTEX-X4XX-0011-R7A-SM-46MWR",4.811
"LGG","Normal","GTEX-13FHO-0011-R7b-SM-5LZXD",5.166
"LGG","Normal","GTEX-X261-0011-R7A-SM-4E3JJ",3.841
"LGG","Normal","GTEX-ZXG5-0011-R7b-SM-57WCC",3.839
"LGG","Normal","GTEX-11NV4-0011-R7a-SM-57WDH",5.103
"LGG","Normal","GTEX-13G51-0011-R7b-SM-5LZXG",5.101
"LGG","Normal","GTEX-11WQC-0011-R7b-SM-5BC7A",3.397
"LGG","Normal","GTEX-12ZZZ-0011-R7b-SM-5EGLE",4.526
"LGG","Normal","GTEX-12WSF-0011-R7b-SM-5HL99",4.909
"LGG","Normal","GTEX-12WSM-0011-R7b-SM-5EGLD",4.743
"LGG","Normal","GTEX-NL3H-0011-R7a-SM-2I3G5",4.063
"LGG","Normal","GTEX-NPJ8-0011-R7a-SM-2HMJV",4.643
"LGG","Normal","GTEX-WHSE-0011-R7A-SM-3P5YZ",5.024
"LGG","Normal","GTEX-13JVG-0011-R7b-SM-5MR3Q",5.147
"LGG","Normal","GTEX-13OW8-0011-R7a-SM-5L3FP",4.775
"LGG","Normal","GTEX-ZDXO-0011-R7a-SM-4WWCU",4.645
"LGG","Normal","GTEX-S7SE-0011-R7A-SM-2XCDI",5.548
"LGG","Normal","GTEX-12ZZW-0011-R7a-SM-5DUWC",4.87
"LGG","Normal","GTEX-147GR-0011-R7a-SM-5S2RP",4.519
"LGG","Normal","GTEX-RVPU-0011-R7A-SM-2XCAB",3.862
"LGG","Normal","GTEX-ZE9C-0011-R7a-SM-4WWCX",5.014
"LGG","Normal","GTEX-ZF28-0011-R7a-SM-4WKF5",3.763
"LGG","Normal","GTEX-12WSA-0011-R7b-SM-5GU5U",5.34
"LGG","Normal","GTEX-12WSE-0011-R7a-SM-5PNWF",2.751
"LGG","Normal","GTEX-13CZV-0011-R7b-SM-5LZXH",4.468
"LGG","Normal","GTEX-13FHP-0011-R7b-SM-5LZYI",4.067
"LGG","Normal","GTEX-139TS-0011-R7a-SM-5K7X7",3.365
"LGG","Normal","GTEX-13CF2-0011-R7b-SM-5K7UV",4.351
"LGG","Normal","GTEX-1445S-0011-R7b-SM-5PNUG",4.326
"LGG","Normal","GTEX-T6MN-0011-R7A-SM-5CHSP",-9.966
"LGG","Normal","GTEX-RNOR-0011-R7A-SM-2TF4V",4.878
"LGG","Normal","GTEX-13OVJ-0011-R7a-SM-5L3G1",5.156
"LGG","Normal","GTEX-11GSP-0011-R7b-SM-57WC3",5.115
"LGG","Normal","GTEX-N7MT-0011-R7a-SM-2I3FZ",5.449
"LGG","Normal","GTEX-13X6K-0011-R7b-SM-5P9K7",5.17
"LGG","Normal","GTEX-X4EP-0011-R7B-SM-4PQZW",6.347
"LGG","Normal","GTEX-ZVZQ-0011-R7b-SM-57WBB",4.654
"LGG","Normal","GTEX-131YS-0011-R7a-SM-5IJDA",5.473
"LGG","Normal","GTEX-WWYW-0011-R7A-SM-3NB3H",5.317
"LGG","Normal","GTEX-Q2AG-0011-R7A-SM-2HMJP",5.17
"LGG","Normal","GTEX-145LS-0011-R7a-SM-5PNWM",5.168
"LGG","Normal","GTEX-13S7M-0011-R7a-SM-5O9DK",4.709
"LGG","Normal","GTEX-13O3O-0011-R7b-SM-5P9GZ",5.133
"LGG","Normal","GTEX-12WSD-0011-R7b-SM-5PNWE",4.768
"LGG","Normal","GTEX-13QJC-0011-R7b-SM-5PNUM",4.331
"LGG","Normal","GTEX-12ZZX-0011-R7b-SM-5DUVV",4.744
"LGG","Normal","GTEX-ZVT3-0011-R7a-SM-57WCO",3.306
"LGG","Normal","GTEX-13JUV-0011-R7b-SM-5LZZG",3.51
"LGG","Normal","GTEX-145MI-0011-R7b-SM-5Q5AZ",2.022
"LGG","Normal","GTEX-ZE7O-0011-R7a-SM-57WCU",4.082
"LGG","Normal","GTEX-ZV68-0011-R7a-SM-51MT4",3.979
"LGG","Normal","GTEX-12WSB-0011-R7b-SM-5GU6V",4.974
"LGG","Normal","GTEX-1313W-0011-R7b-SM-5DUWL",4.611
"LGG","Normal","GTEX-RU72-0011-R7A-SM-2TF5U",4.019
"LGG","Normal","GTEX-QVJO-0011-R7A-SM-2S1QO",5.427
"LGG","Normal","GTEX-TSE9-0011-R7A-SM-5CHS2",-9.966
"LGG","Normal","GTEX-QMR6-0011-R6A-SM-32PKP",4.866
"LGG","Normal","GTEX-NPJ8-0011-R6a-SM-2HMKB",5.372
"LGG","Normal","GTEX-P44H-0011-R6A-SM-2XCF3",4.605
"LGG","Normal","GTEX-NL3H-0011-R6a-SM-2I3G8",5.327
"LGG","Normal","GTEX-WVLH-0011-R6A-SM-3MJFZ",5.293
"LGG","Normal","GTEX-XLM4-0011-R6A-SM-4AT4B",5.22
"LGG","Normal","GTEX-WL46-0011-R6A-SM-3LK6X",5.466
"LGG","Normal","GTEX-13VXU-0011-R6a-SM-5SI71",5.118
"LGG","Normal","GTEX-ZF28-0011-R6a-SM-4WKHI",4.228
"LGG","Normal","GTEX-T6MN-0011-R6A-SM-32QP8",5.275
"LGG","Normal","GTEX-131XH-0011-R6a-SM-5KM2G",5.447
"LGG","Normal","GTEX-144GL-0011-R6a-SM-5P9HW",4.889
"LGG","Normal","GTEX-NL4W-0011-R6a-SM-2I3GA",5.08
"LGG","Normal","GTEX-WZTO-0011-R6B-SM-4E3J6",5.272
"LGG","Normal","GTEX-13OVL-0011-R6a-SM-5L3G4",5.117
"LGG","Normal","GTEX-UTHO-0011-R6A-SM-3GIJW",5.013
"LGG","Normal","GTEX-ZXG5-0011-R6a-SM-57WBZ",4.636
"LGG","Normal","GTEX-13NYS-0011-R6b-SM-5MR3R",5.621
"LGG","Normal","GTEX-N7MS-0011-R6a-SM-2HMJ4",5.698
"LGG","Normal","GTEX-14ABY-0011-R6a-SM-5PNWR",5.314
"LGG","Normal","GTEX-12ZZY-0011-R6b-SM-5EGLA",5.265
"LGG","Normal","GTEX-YJ89-0011-R6a-SM-4V6GN",4.372
"LGG","Normal","GTEX-13N2G-0011-R6b-SM-5MR3P",6.456
"LGG","Normal","GTEX-ZUA1-0011-R6b-SM-4YCDD",4.415
"LGG","Normal","GTEX-13FLW-0011-R6b-SM-5L3EN",5.033
"LGG","Normal","GTEX-13OW5-0011-R6b-SM-5O9BW",4.771
"LGG","Normal","GTEX-Z93S-0011-R6b-SM-4RGNJ",4.927
"LGG","Normal","GTEX-13O3Q-0011-R6a-SM-5KM2V",5.186
"LGG","Normal","GTEX-13FXS-0011-R6b-SM-5L3F7",5.036
"LGG","Normal","GTEX-13NYB-0011-R6b-SM-5MR51",5.412
"LGG","Normal","GTEX-T5JC-0011-R6A-SM-5SI89",4.873
"LGG","Normal","GTEX-13N1W-0011-R6a-SM-5MR43",5.574
"LGG","Normal","GTEX-Y8DK-0011-R6A-SM-4V6EG",5.119
"LGG","Normal","GTEX-XMD1-0011-R6A-SM-4AT5K",4.816
"LGG","Normal","GTEX-ZE9C-0011-R6a-SM-4WWCW",4.921
"LGG","Normal","GTEX-11OF3-0011-R6b-SM-57WBG",4.895
"LGG","Normal","GTEX-13112-0011-R6b-SM-5DUVK",4.552
"LGG","Normal","GTEX-14ASI-0011-R6a-SM-5S2UZ",5.048
"LGG","Normal","GTEX-ZAB4-0011-R6a-SM-4SOKD",5.064
"LGG","Normal","GTEX-13X6J-0011-R6a-SM-5PNUB",4.967
"LGG","Normal","GTEX-147GR-0011-R6b-SM-5S2RO",4.967
"LGG","Normal","GTEX-139UC-0011-R6b-SM-5K7Z1",4.97
"LGG","Normal","GTEX-R55F-0011-R6A-SM-2TF4L",5.429
"LGG","Normal","GTEX-X4XX-0011-R6B-SM-46MWP",5.506
"LGG","Normal","GTEX-12WSE-0011-R6b-SM-5LZV5",4.55
"LGG","Normal","GTEX-WHSE-0011-R6A-SM-3P5ZP",4.953
"LGG","Normal","GTEX-12ZZZ-0011-R6b-SM-5EQ5B",4.379
"LGG","Normal","GTEX-S7SE-0011-R6A-SM-2XCD9",5.126
"LGG","Normal","GTEX-1445S-0011-R6b-SM-5PNUF",3.935
"LGG","Normal","GTEX-11NV4-0011-R6a-SM-57WD5",4.892
"LGG","Normal","GTEX-13OVH-0011-R6b-SM-5LUAX",4.906
"LGG","Normal","GTEX-13G51-0011-R6b-SM-5LZX4",4.962
"LGG","Normal","GTEX-13FLV-0011-R6a-SM-5KLZ4",5.768
"LGG","Normal","GTEX-S7PM-0011-R6A-SM-3NM8F",3.511
"LGG","Normal","GTEX-13OW8-0011-R6b-SM-5L3I3",4.574
"LGG","Normal","GTEX-144GO-0011-R6b-SM-5S2V7",5.158
"LGG","Normal","GTEX-12WSF-0011-R6b-SM-5HL8W",5.235
"LGG","Normal","GTEX-XOTO-0011-R6B-SM-4B65X",4.453
"LGG","Normal","GTEX-11WQC-0011-R6a-SM-5BC77",4.028
"LGG","Normal","GTEX-12WSM-0011-R6b-SM-5EQ6N",4.764
"LGG","Normal","GTEX-12ZZW-0011-R6a-SM-5DUVZ",4.537
"LGG","Normal","GTEX-139TS-0011-R6a-SM-5J2OB",3.563
"LGG","Normal","GTEX-13JVG-0011-R6a-SM-5MR3E",5.238
"LGG","Normal","GTEX-14753-0011-R6b-SM-5S2UD",2.826
"LGG","Normal","GTEX-X261-0011-R6B-SM-4E3J8",3.959
"LGG","Normal","GTEX-12584-0011-R6a-SM-5NQ7C",3.803
"LGG","Normal","GTEX-147F4-0011-R6b-SM-5S2UP",3.951
"LGG","Normal","GTEX-13PDP-0011-R6b-SM-5O9D5",2.696
"LGG","Normal","GTEX-13FHP-0011-R6b-SM-5LZY6",4.31
"LGG","Normal","GTEX-RVPU-0011-R6A-SM-2XCAC",2.678
"LGG","Normal","GTEX-T6MN-0011-R6A-SM-5CHQD",-9.966
"LGG","Normal","GTEX-12WSD-0011-R6b-SM-5P9JU",5.649
"LGG","Normal","GTEX-13X6K-0011-R6a-SM-5P9K6",5.318
"LGG","Normal","GTEX-QVJO-0011-R6A-SM-2S1QN",5.341
"LGG","Normal","GTEX-WWYW-0011-R6A-SM-3NB3G",5.581
"LGG","Normal","GTEX-X4EP-0011-R6A-SM-3P629",6.57
"LGG","Normal","GTEX-QDT8-0011-R6A-SM-32PKI",4.088
"LGG","Normal","GTEX-14BIN-0011-R6a-SM-5S2RH",5.316
"LGG","Normal","GTEX-14BIM-0011-R6b-SM-5S2VB",5.147
"LGG","Normal","GTEX-13OVJ-0011-R6b-SM-5L3GH",5.142
"LGG","Normal","GTEX-N7MT-0011-R6a-SM-2I3G3",5.785
"LGG","Normal","GTEX-T2IS-0011-R6A-SM-32QP2",5.047
"LGG","Normal","GTEX-13SLX-0011-R6a-SM-5PNX4",5.322
"LGG","Normal","GTEX-13O3O-0011-R6b-SM-5P9GY",5.035
"LGG","Normal","GTEX-145LS-0011-R6b-SM-5PNWL",5.365
"LGG","Normal","GTEX-Q2AG-0011-R6A-SM-2HML7",5.561
"LGG","Normal","GTEX-13S7M-0011-R6b-SM-5O9D8",4.728
"LGG","Normal","GTEX-11GSP-0011-R6b-SM-57WBQ",4.87
"LGG","Normal","GTEX-ZVZQ-0011-R6b-SM-57WAY",4.758
"LGG","Normal","GTEX-NPJ7-0011-R6a-SM-2I3G7",5.069
"LGG","Normal","GTEX-YFC4-0011-R6b-SM-4V6E1",4.694
"LGG","Normal","GTEX-13JUV-0011-R6b-SM-5LZYG",4.857
"LGG","Normal","GTEX-12WS9-0011-R6a-SM-5P9EW",5.112
"LGG","Normal","GTEX-1313W-0011-R6a-SM-5K7XO",4.864
"LGG","Normal","GTEX-12ZZX-0011-R6a-SM-5HL8L",5.519
"LGG","Normal","GTEX-ZVT3-0011-R6a-SM-51MSU",3.923
"LGG","Normal","GTEX-13QJC-0011-R6a-SM-5S2VI",5.3
"LGG","Normal","GTEX-ZE7O-0011-R6a-SM-57WCI",4.323
"LGG","Normal","GTEX-QVUS-0011-R6A-SM-3GACX",5.023
"LGG","Normal","GTEX-RU72-0011-R6A-SM-2TF71",4.963
"LGG","Normal","GTEX-13PL6-0011-R6a-SM-5O9C5",3.113
"LGG","Normal","GTEX-12WSB-0011-R6b-SM-5GU6J",4.479
"LGG","Normal","GTEX-131XW-0011-R6b-SM-5K7XY",3.379
"LGG","Normal","GTEX-ZV68-0011-R6a-SM-51MSR",3.895
"LGG","Normal","GTEX-13N2G-0011-R5a-SM-5MR33",6.285
"LGG","Normal","GTEX-13OW6-0011-R5a-SM-5O9BK",4.953
"LGG","Normal","GTEX-13O3Q-0011-R5b-SM-5P9H4",5.485
"LGG","Normal","GTEX-NPJ8-0011-R5a-SM-2HMJY",4.938
"LGG","Normal","GTEX-ZDXO-0011-R5a-SM-4WKG5",4.661
"LGG","Normal","GTEX-WVLH-0011-R5A-SM-3MJFW",5.29
"LGG","Normal","GTEX-13N1W-0011-R5b-SM-5MR5Q",5.35
"LGG","Normal","GTEX-WZTO-0011-R5B-SM-3NMC5",5.149
"LGG","Normal","GTEX-13VXU-0011-R5a-SM-5O9D7",4.943
"LGG","Normal","GTEX-N7MS-0011-R5a-SM-2HMK8",5.696
"LGG","Normal","GTEX-ZAB4-0011-R5a-SM-4SOKC",5.476
"LGG","Normal","GTEX-P44H-0011-R5A-SM-2XCEX",4.687
"LGG","Normal","GTEX-WHSE-0011-R5A-SM-3P5ZO",5.262
"LGG","Normal","GTEX-T6MN-0011-R5A-SM-32QPD",5.614
"LGG","Normal","GTEX-QMR6-0011-R5A-SM-32PKT",4.575
"LGG","Normal","GTEX-13OW7-0011-R5b-SM-5O9DM",4.847
"LGG","Normal","GTEX-13X6I-0011-R5a-SM-5PNWW",5.158
"LGG","Normal","GTEX-13SLW-0011-R5b-SM-5SI6Z",4.714
"LGG","Normal","GTEX-132Q8-0011-R5a-SM-5IJDM",5.404
"LGG","Normal","GTEX-XMD1-0011-R5A-SM-4AT47",5.021
"LGG","Normal","GTEX-12ZZY-0011-R5a-SM-5EGL9",5.228
"LGG","Normal","GTEX-13X6J-0011-R5b-SM-5PNWT",4.803
"LGG","Normal","GTEX-14ABY-0011-R5b-SM-5SI7B",4.839
"LGG","Normal","GTEX-139TS-0011-R5b-SM-5J2MZ",4.149
"LGG","Normal","GTEX-11OF3-0011-R5a-SM-57WB4",4.804
"LGG","Normal","GTEX-13PVQ-0011-R5b-SM-5O9DI",4.476
"LGG","Normal","GTEX-13OVL-0011-R5b-SM-5L3FU",4.636
"LGG","Normal","GTEX-12WSF-0011-R5a-SM-5HL8K",5.063
"LGG","Normal","GTEX-139TU-0011-R5b-SM-5L3E1",3.659
"LGG","Normal","GTEX-1399T-0011-R5b-SM-5IJDK",5.018
"LGG","Normal","GTEX-P44G-0011-R5A-SM-2I3FA",5.099
"LGG","Normal","GTEX-ZXG5-0011-R5b-SM-57WBN",4.403
"LGG","Normal","GTEX-NL4W-0011-R5a-SM-2I3GD",4.936
"LGG","Normal","GTEX-NL3H-0011-R5a-SM-2I3GB",4.819
"LGG","Normal","GTEX-13NYS-0011-R5a-SM-5MR4D",5.601
"LGG","Normal","GTEX-12ZZZ-0011-R5a-SM-5EQ4M",4.931
"LGG","Normal","GTEX-WL46-0011-R5A-SM-3LK6V",5.232
"LGG","Normal","GTEX-X4XX-0011-R5A-SM-46MWN",5.465
"LGG","Normal","GTEX-13FHO-0011-R5b-SM-5LZZ3",5.503
"LGG","Normal","GTEX-13OW5-0011-R5b-SM-5L3FR",5.005
"LGG","Normal","GTEX-11H98-0011-R5b-SM-57WCF",4.929
"LGG","Normal","GTEX-144GO-0011-R5a-SM-5PNUR",4.401
"LGG","Normal","GTEX-S7PM-0011-R5A-SM-3NM8G",3.526
"LGG","Normal","GTEX-Y8DK-0011-R5B-SM-4RTW6",4.824
"LGG","Normal","GTEX-Z93S-0011-R5b-SM-4RGNI",4.713
"LGG","Normal","GTEX-12WSC-0011-R5b-SM-5CVNS",5.226
"LGG","Normal","GTEX-X261-0011-R5A-SM-3NMB4",4.758
"LGG","Normal","GTEX-X585-0011-R5A-SM-46MVI",5.431
"LGG","Normal","GTEX-ZUA1-0011-R5b-SM-51MTG",5.122
"LGG","Normal","GTEX-11NV4-0011-R5a-SM-5NQ88",4.979
"LGG","Normal","GTEX-R55F-0011-R5A-SM-2TF5L",4.791
"LGG","Normal","GTEX-ZE9C-0011-R5a-SM-5EGLO",4.744
"LGG","Normal","GTEX-139UC-0011-R5b-SM-5K7VY",4.953
"LGG","Normal","GTEX-S7SE-0011-R5A-SM-2XCDA",5.011
"LGG","Normal","GTEX-R55E-0011-R5A-SM-2TC5N",5.126
"LGG","Normal","GTEX-13FXS-0011-R5b-SM-5LZYE",5.261
"LGG","Normal","GTEX-13JVG-0011-R5a-SM-5MR4O",5.276
"LGG","Normal","GTEX-12ZZW-0011-R5a-SM-5DUVN",4.964
"LGG","Normal","GTEX-13112-0011-R5b-SM-5DUV8",3.608
"LGG","Normal","GTEX-XOTO-0011-R5A-SM-4B657",4.455
"LGG","Normal","GTEX-13NYB-0011-R5a-SM-5MR45",5.375
"LGG","Normal","GTEX-1445S-0011-R5a-SM-5PNUS",3.997
"LGG","Normal","GTEX-YJ89-0011-R5a-SM-4V6GM",4.051
"LGG","Normal","GTEX-11WQC-0011-R5a-SM-5BC74",4.17
"LGG","Normal","GTEX-13CZV-0011-R5a-SM-5K7XA",5.084
"LGG","Normal","GTEX-13FLW-0011-R5a-SM-5LZX6",5.12
"LGG","Normal","GTEX-13CF2-0011-R5a-SM-5LZWS",3.836
"LGG","Normal","GTEX-13IVO-0011-R5a-SM-5L3CY",4.035
"LGG","Normal","GTEX-RVPV-0011-R5A-SM-2TF69",4.984
"LGG","Normal","GTEX-ZF28-0011-R5a-SM-4WWCZ",4.883
"LGG","Normal","GTEX-139TT-0011-R5b-SM-5K7W8",5.207
"LGG","Normal","GTEX-13FLV-0011-R5a-SM-5LZWT",5.217
"LGG","Normal","GTEX-1477Z-0011-R5b-SM-5PNUO",3.418
"LGG","Normal","GTEX-13FHP-0011-R5b-SM-5LZY2",4.291
"LGG","Normal","GTEX-144GL-0011-R5b-SM-5PNUJ",4.115
"LGG","Normal","GTEX-12WSA-0011-R5b-SM-5GU5I",4.962
"LGG","Normal","GTEX-13CIG-0011-R5b-SM-5L3F2",4.353
"LGG","Normal","GTEX-13NZA-0011-R5b-SM-5KM4K",3.057
"LGG","Normal","GTEX-UTHO-0011-R5A-SM-3GIJD",4.773
"LGG","Normal","GTEX-14753-0011-R5a-SM-5S2VW",2.917
"LGG","Normal","GTEX-145MH-0011-R5a-SM-5P9JT",5.449
"LGG","Normal","GTEX-X4EP-0011-R5A-SM-3P628",6.696
"LGG","Normal","GTEX-13PL6-0011-R5b-SM-5O9BI",3.815
"LGG","Normal","GTEX-145LS-0011-R5a-SM-5SI65",4.989
"LGG","Normal","GTEX-13S7M-0011-R5b-SM-5P9HS",5.106
"LGG","Normal","GTEX-WWYW-0011-R5A-SM-3NB3E",5.545
"LGG","Normal","GTEX-13PLJ-0011-R5a-SM-5O9BG",4.168
"LGG","Normal","GTEX-13OVJ-0011-R5a-SM-5P9H7",5.003
"LGG","Normal","GTEX-Q2AG-0011-R5A-SM-2HMJH",5.64
"LGG","Normal","GTEX-YFC4-0011-R5a-SM-4RGLR",4.352
"LGG","Normal","GTEX-14BIM-0011-R5b-SM-5S2RM",5.472
"LGG","Normal","GTEX-13SLX-0011-R5a-SM-5O9BV",5.402
"LGG","Normal","GTEX-RNOR-0011-R5A-SM-2TF4J",5.519
"LGG","Normal","GTEX-ZE7O-0011-R5a-SM-57WBO",4.833
"LGG","Normal","GTEX-QVJO-0011-R5A-SM-2S1QM",5.223
"LGG","Normal","GTEX-QDT8-0011-R5A-SM-32PKN",4.192
"LGG","Normal","GTEX-11GSP-0011-R5a-SM-57WBE",5.312
"LGG","Normal","GTEX-12WS9-0011-R5b-SM-5P9EV",5.003
"LGG","Normal","GTEX-ZVZQ-0011-R5b-SM-57WDC",4.416
"LGG","Normal","GTEX-1313W-0011-R5b-SM-5L3EP",4.724
"LGG","Normal","GTEX-13O3O-0011-R5b-SM-5KM44",4.984
"LGG","Normal","GTEX-12WSB-0011-R5b-SM-5GU67",4.803
"LGG","Normal","GTEX-11UD1-0011-R5b-SM-5P9FP",4.051
"LGG","Normal","GTEX-12ZZX-0011-R5a-SM-5HL89",4.689
"LGG","Normal","GTEX-13X6K-0011-R5b-SM-5PNUE",5.228
"LGG","Normal","GTEX-145MI-0011-R5a-SM-5Q5B4",3.113
"LGG","Normal","GTEX-RU72-0011-R5A-SM-2TF6U",5.105
"LGG","Normal","GTEX-ZVT3-0011-R5a-SM-51MSI",3.914
"LGG","Normal","GTEX-ZV68-0011-R5a-SM-4YCDW",4.204
"LGG","Normal","GTEX-WVLH-0011-R11A-SM-3MJFO",5.902
"LGG","Normal","GTEX-R55E-0011-R11A-SM-2TC6I",5.659
"LGG","Normal","GTEX-RVPV-0011-R11A-SM-2TF6F",5.515
"LGG","Normal","GTEX-13VXU-0011-R11b-SM-5O9DJ",5.947
"LGG","Normal","GTEX-WHSE-0011-R11A-SM-3P5YY",5.387
"LGG","Normal","GTEX-145LU-0011-R11b-SM-5P9JX",5.819
"LGG","Normal","GTEX-13OW7-0011-R11a-SM-5O9DY",5.871
"LGG","Normal","GTEX-QMR6-0011-R11A-SM-32PKK",5.378
"LGG","Normal","GTEX-XOTO-0011-R11B-SM-4B64O",5.268
"LGG","Normal","GTEX-WZTO-0011-R11A-SM-4E3K9",5.96
"LGG","Normal","GTEX-13OVL-0011-R11b-SM-5L3G7",5.623
"LGG","Normal","GTEX-11OF3-0011-R11a-SM-57WCR",5.813
"LGG","Normal","GTEX-13OW5-0011-R11b-SM-5L3GG",5.614
"LGG","Normal","GTEX-13OW6-0011-R11a-SM-5L3H2",5.879
"LGG","Normal","GTEX-13RTJ-0011-R11a-SM-5O9CK",6.128
"LGG","Normal","GTEX-ZAB4-0011-R11a-SM-4SOKI",6.105
"LGG","Normal","GTEX-12WSI-0011-R11b-SM-5P9EZ",6.006
"LGG","Normal","GTEX-X4XX-0011-R11A-SM-46MWQ",6.247
"LGG","Normal","GTEX-11H98-0011-R11b-SM-5NQ6U",5.806
"LGG","Normal","GTEX-13O3Q-0011-R11b-SM-5KM2W",5.785
"LGG","Normal","GTEX-T5JC-0011-R11A-SM-32PMB",5.813
"LGG","Normal","GTEX-Z93S-0011-R11a-SM-4RGNN",5.774
"LGG","Normal","GTEX-X261-0011-R11A-SM-4E3JY",5.797
"LGG","Normal","GTEX-1399T-0011-R11a-SM-5J2O1",5.948
"LGG","Normal","GTEX-ZUA1-0011-R11b-SM-51MTI",5.42
"LGG","Normal","GTEX-ZDXO-0011-R11a-SM-4WWD9",5.71
"LGG","Normal","GTEX-WL46-0011-R11A-SM-3MJFT",6.042
"LGG","Normal","GTEX-13OW8-0011-R11a-SM-5L3GT",5.529
"LGG","Normal","GTEX-145MH-0011-R11a-SM-5P9HQ",6.241
"LGG","Normal","GTEX-Y8DK-0011-R11A-SM-4SOK2",5.666
"LGG","Normal","GTEX-13FHP-0011-R11b-SM-5LZXP",5.947
"LGG","Normal","GTEX-13CF2-0011-R11b-SM-5LZXO",5.951
"LGG","Normal","GTEX-13N2G-0011-R11a-SM-5MR3F",6.062
"LGG","Normal","GTEX-13JVG-0011-R11a-SM-5KM53",5.823
"LGG","Normal","GTEX-X585-0011-R11B-SM-46MUZ",6.174
"LGG","Normal","GTEX-13X6I-0011-R11a-SM-5P9HN",5.991
"LGG","Normal","GTEX-NPJ8-0011-R11A-SM-2YUMS",5.883
"LGG","Normal","GTEX-13OVH-0011-R11b-SM-5KM4X",5.972
"LGG","Normal","GTEX-13NYS-0011-R11b-SM-5MR4P",6.129
"LGG","Normal","GTEX-13SLW-0011-R11a-SM-5SI8Q",5.914
"LGG","Normal","GTEX-YJ89-0011-R11a-SM-4SOKA",5.809
"LGG","Normal","GTEX-14ABY-0011-R11a-SM-5SI7C",6.129
"LGG","Normal","GTEX-NL3H-0011-R11A-SM-2I3E6",6.225
"LGG","Normal","GTEX-13FHO-0011-R11b-SM-5LZYQ",6.458
"LGG","Normal","GTEX-N7MS-0011-R11A-SM-2HMJS",6.478
"LGG","Normal","GTEX-12126-0011-R11a-SM-5BC6X",5.638
"LGG","Normal","GTEX-144GL-0011-R11b-SM-5P9F6",5.951
"LGG","Normal","GTEX-13NZA-0011-R11b-SM-5KM4W",5.374
"LGG","Normal","GTEX-12WSF-0011-R11a-SM-5LZVT",6.03
"LGG","Normal","GTEX-13IVO-0011-R11b-SM-5LZXQ",5.922
"LGG","Normal","GTEX-139TT-0011-R11b-SM-5LZV1",6.424
"LGG","Normal","GTEX-13X6J-0011-R11a-SM-5P9HE",6.086
"LGG","Normal","GTEX-13N1W-0011-R11a-SM-5MR3D",5.371
"LGG","Normal","GTEX-11WQK-0011-R11a-SM-5BC6W",4.922
"LGG","Normal","GTEX-11WQC-0011-R11b-SM-57WD6",5.592
"LGG","Normal","GTEX-13FXS-0011-R11a-SM-5L3DM",6.099
"LGG","Normal","GTEX-11ZUS-0011-R11b-SM-5BC7B",5.503
"LGG","Normal","GTEX-ZE9C-0011-R11a-SM-4WKGG",5.194
"LGG","Normal","GTEX-13G51-0011-R11b-SM-5J2NE",5.915
"LGG","Normal","GTEX-12WSH-0011-R11a-SM-5LZVM",5.737
"LGG","Normal","GTEX-NL4W-0011-R11A-SM-2I3DW",6.331
"LGG","Normal","GTEX-139UW-0011-R11a-SM-5IJGN",4.243
"LGG","Normal","GTEX-13CZV-0011-R11b-SM-5N9FN",5.173
"LGG","Normal","GTEX-XLM4-0011-R11A-SM-4AT46",5.098
"LGG","Normal","GTEX-ZF28-0011-R11a-SM-4WWEI",4.481
"LGG","Normal","GTEX-139UC-0011-R11a-SM-5KM3J",4.798
"LGG","Normal","GTEX-13FLV-0011-R11a-SM-5LZZ7",6.603
"LGG","Normal","GTEX-RVPU-0011-R11A-SM-2XCAF",3.412
"LGG","Normal","GTEX-QDT8-0011-R11A-SM-32PKD",5.324
"LGG","Normal","GTEX-13OVJ-0011-R11a-SM-5P9H8",5.836
"LGG","Normal","GTEX-T2IS-0011-R11A-SM-32QPC",5.455
"LGG","Normal","GTEX-131YS-0011-R11b-SM-5EGLM",5.936
"LGG","Normal","GTEX-12ZZX-0011-R11a-SM-5DUVJ",5.816
"LGG","Normal","GTEX-Q2AG-0011-R11A-SM-2HMKZ",6.023
"LGG","Normal","GTEX-13SLX-0011-R11b-SM-5O9C8",6.305
"LGG","Normal","GTEX-145MI-0011-R11a-SM-5P9JZ",5.492
"LGG","Normal","GTEX-11GSP-0011-R11b-SM-5NQ7V",5.746
"LGG","Normal","GTEX-YFC4-0011-R11a-SM-4SOK6",5.711
"LGG","Normal","GTEX-13S7M-0011-R11b-SM-5P9HU",6.178
"LGG","Normal","GTEX-NPJ7-0011-R11A-SM-2I3E8",5.944
"LGG","Normal","GTEX-RU72-0011-R11A-SM-5SI8G",5.469
"LGG","Normal","GTEX-13X6K-0011-R11a-SM-5P9F5",5.895
"LGG","Normal","GTEX-WWYW-0011-R11A-SM-3NB38",5.927
"LGG","Normal","GTEX-13O3O-0011-R11b-SM-5KM4G",5.609
"LGG","Normal","GTEX-ZVZQ-0011-R11a-SM-51MS6",5.529
"LGG","Normal","GTEX-X4EP-0011-R11B-SM-4QASK",6.397
"LGG","Normal","GTEX-13QIC-0011-R11b-SM-5O9BU",5.617
"LGG","Normal","GTEX-14BIM-0011-R11b-SM-5S2RN",5.888
"LGG","Normal","GTEX-13PLJ-0011-R11b-SM-5O9BS",4.911
"LGG","Normal","GTEX-14BIN-0011-R11a-SM-5SI79",5.597
"LGG","Normal","GTEX-ZVT3-0011-R11b-SM-57WBI",5.451
"LGG","Normal","GTEX-ZE7O-0011-R11a-SM-57WBC",5.987
"LGG","Normal","GTEX-RU72-0011-R11A-SM-2TF6J",5.407
"LGG","Normal","GTEX-13JUV-0011-R11a-SM-5LZYH",5.942
"LGG","Normal","GTEX-N7MT-0011-R11A-SM-2I3DZ",5.525
"LGG","Normal","GTEX-12WSB-0011-R11b-SM-57WBJ",5.035
"LGG","Normal","GTEX-131XW-0011-R11a-SM-5DUV9",3.887
"LGG","Normal","GTEX-QMR6-0011-R10A-SM-32PKO",4.914
"LGG","Normal","GTEX-12WSE-0011-R10b-SM-5P9JV",5.512
"LGG","Normal","GTEX-WVLH-0011-R10A-SM-3MJFM",5.679
"LGG","Normal","GTEX-T6MN-0011-R10A-SM-32QP7",5.759
"LGG","Normal","GTEX-WZTO-0011-R10B-SM-4E3KB",5.373
"LGG","Normal","GTEX-S7SE-0011-R10A-SM-2XCDF",5.542
"LGG","Normal","GTEX-P44G-0011-R10A-SM-2I3FF",5.46
"LGG","Normal","GTEX-ZF28-0011-R10a-SM-4WWEH",5.683
"LGG","Normal","GTEX-13N2G-0011-R10a-SM-5MR34",6.18
"LGG","Normal","GTEX-N7MS-0011-R10A-SM-2HMJK",5.669
"LGG","Normal","GTEX-NL3H-0011-R10A-SM-2I3E9",6.056
"LGG","Normal","GTEX-131XH-0011-R10a-SM-5EGLJ",5.765
"LGG","Normal","GTEX-NPJ8-0011-R10A-SM-2YUMO",5.912
"LGG","Normal","GTEX-13N1W-0011-R10b-SM-5MR4H",5.886
"LGG","Normal","GTEX-13OW6-0011-R10a-SM-5L3HE",5.526
"LGG","Normal","GTEX-147GR-0011-R10b-SM-5S2UM",5.467
"LGG","Normal","GTEX-13O3Q-0011-R10b-SM-5KM39",5.436
"LGG","Normal","GTEX-14BIL-0011-R10a-SM-5SI75",5.315
"LGG","Normal","GTEX-Z93S-0011-R10a-SM-4RGNM",5.196
"LGG","Normal","GTEX-X261-0011-R10B-SM-4E3JT",4.953
"LGG","Normal","GTEX-X4XX-0011-R10B-SM-46MWO",5.798
"LGG","Normal","GTEX-XLM4-0011-R10A-SM-4AT5P",5.062
"LGG","Normal","GTEX-13OW8-0011-R10a-SM-5L3H6",5.315
"LGG","Normal","GTEX-13RTJ-0011-R10b-SM-5O9CW",5.855
"LGG","Normal","GTEX-145MH-0011-R10b-SM-5PNUK",5.648
"LGG","Normal","GTEX-WL46-0011-R10A-SM-3MJFQ",5.43
"LGG","Normal","GTEX-132Q8-0011-R10b-SM-5DUWZ",5.557
"LGG","Normal","GTEX-13OVL-0011-R10a-SM-5L3GS",5.234
"LGG","Normal","GTEX-13FTZ-0011-R10b-SM-5KLZS",5.078
"LGG","Normal","GTEX-T5JC-0011-R10A-SM-32PM2",5.405
"LGG","Normal","GTEX-13FXS-0011-R10a-SM-5J2MA",5.599
"LGG","Normal","GTEX-12WSF-0011-R10a-SM-5LZVH",5.769
"LGG","Normal","GTEX-ZAB4-0011-R10a-SM-4SOKH",5.532
"LGG","Normal","GTEX-11H98-0011-R10b-SM-5NQ98",5.325
"LGG","Normal","GTEX-12126-0011-R10b-SM-5BC6T",5.012
"LGG","Normal","GTEX-13NZA-0011-R10b-SM-5KM54",4.379
"LGG","Normal","GTEX-Y8DK-0011-R10A-SM-4SOK1",5.232
"LGG","Normal","GTEX-ZDXO-0011-R10a-SM-4WWD8",5.401
"LGG","Normal","GTEX-13X6I-0011-R10a-SM-5PNWI",5.091
"LGG","Normal","GTEX-12WSH-0011-R10a-SM-5LZUS",5.514
"LGG","Normal","GTEX-13NYB-0011-R10a-SM-5KM43",5.377
"LGG","Normal","GTEX-NL4W-0011-R10A-SM-2I3DY",5.041
"LGG","Normal","GTEX-13CZV-0011-R10b-SM-5LZYD",5.903
"LGG","Normal","GTEX-13FLV-0011-R10b-SM-5LZZ2",5.594
"LGG","Normal","GTEX-13X6J-0011-R10b-SM-5PNWA",5.04
"LGG","Normal","GTEX-147F4-0011-R10b-SM-5S2WC",5.05
"LGG","Normal","GTEX-145LU-0011-R10a-SM-5PNWJ",4.884
"LGG","Normal","GTEX-12ZZZ-0011-R10a-SM-5P9HC",5.246
"LGG","Normal","GTEX-P44H-0011-R10A-SM-2XCEK",4.621
"LGG","Normal","GTEX-12WSA-0011-R10b-SM-5P9ET",4.874
"LGG","Normal","GTEX-13G51-0011-R10b-SM-5LZYF",4.867
"LGG","Normal","GTEX-13SLW-0011-R10a-SM-5S2UI",4.821
"LGG","Normal","GTEX-ZXG5-0011-R10a-SM-57WDD",4.307
"LGG","Normal","GTEX-12ZZW-0011-R10b-SM-5HL9X",4.663
"LGG","Normal","GTEX-13NYS-0011-R10a-SM-5MR4S",6.515
"LGG","Normal","GTEX-11WQC-0011-R10a-SM-57WCT",5.088
"LGG","Normal","GTEX-139TS-0011-R10a-SM-5K7TU",4.603
"LGG","Normal","GTEX-11WQK-0011-R10a-SM-5BC6R",4.454
"LGG","Normal","GTEX-13JVG-0011-R10b-SM-5KM2P",5.262
"LGG","Normal","GTEX-XMD1-0011-R10A-SM-4AT4A",4.857
"LGG","Normal","GTEX-12WSC-0011-R10a-SM-5GU57",5.597
"LGG","Normal","GTEX-13IVO-0011-R10a-SM-5LZY3",4.544
"LGG","Normal","GTEX-X4XY-0011-R10B-SM-46MWS",3.05
"LGG","Normal","GTEX-14753-0011-R10b-SM-5S2WE",4.165
"LGG","Normal","GTEX-UTHO-0011-R10A-SM-3GIJQ",5.818
"LGG","Normal","GTEX-12ZZY-0011-R10b-SM-5HL7W",5.571
"LGG","Normal","GTEX-1445S-0011-R10a-SM-5PNWB",4.223
"LGG","Normal","GTEX-1477Z-0011-R10b-SM-5S2RF",4.457
"LGG","Normal","GTEX-T6MN-0011-R10A-SM-5CHQC",-9.966
"LGG","Normal","GTEX-145LS-0011-R10a-SM-5PNUQ",5.286
"LGG","Normal","GTEX-Q2AG-0011-R10A-SM-2HMLA",5.892
"LGG","Normal","GTEX-WWYW-0011-R10A-SM-3NB35",5.892
"LGG","Normal","GTEX-12ZZX-0011-R10b-SM-5DUWK",5.867
"LGG","Normal","GTEX-QVUS-0011-R10A-SM-3GIK3",4.643
"LGG","Normal","GTEX-ZVZQ-0011-R10b-SM-51MRT",5.126
"LGG","Normal","GTEX-13QIC-0011-R10a-SM-5O9C7",5.619
"LGG","Normal","GTEX-YFC4-0011-R10a-SM-4SOK5",5.519
"LGG","Normal","GTEX-QVJO-0011-R10A-SM-2S1QJ",5.331
"LGG","Normal","GTEX-13OVJ-0011-R10b-SM-5L3HT",5.023
"LGG","Normal","GTEX-13JUV-0011-R10b-SM-5LZXR",5.244
"LGG","Normal","GTEX-OHPN-0011-R10A-SM-5S2U3",3.817
"LGG","Normal","GTEX-OHPN-0011-R10A-SM-33HBU",3.294
"LGG","Normal","GTEX-13X6K-0011-R10a-SM-5P9JR",5.668
"LGG","Normal","GTEX-13SLX-0011-R10a-SM-5P9HV",5.97
"LGG","Normal","GTEX-11GSP-0011-R10a-SM-5NQ7J",4.639
"LGG","Normal","GTEX-NPJ7-0011-R10A-SM-2I3E5",4.981
"LGG","Normal","GTEX-131YS-0011-R10b-SM-5EQ5N",5.225
"LGG","Normal","GTEX-1313W-0011-R10b-SM-5DUXA",5.383
"LGG","Normal","GTEX-145MI-0011-R10a-SM-5PNZD",5.202
"LGG","Normal","GTEX-N7MT-0011-R10A-SM-2I3E1",5.706
"LGG","Normal","GTEX-X4EP-0011-R10B-SM-4QASJ",5.817
"LGG","Normal","GTEX-TSE9-0011-R10A-SM-3DB7O",5.213
"LGG","Normal","GTEX-14BIN-0011-R10a-SM-5S2UA",5.393
"LGG","Normal","GTEX-ZE7O-0011-R10a-SM-57WAZ",5.066
"LGG","Normal","GTEX-RU72-0011-R10A-SM-2TF6D",3.498
"LGG","Normal","GTEX-ZVT3-0011-R10b-SM-57WB6",4.92
"LGG","Normal","GTEX-ZV68-0011-R10a-SM-51MT7",4.37
"LGG","Normal","GTEX-13O3O-0011-R10a-SM-5LUA9",5.625
"LGG","Normal","GTEX-131XW-0011-R10a-SM-5DUVA",3.99
"LGG","Normal","GTEX-12WS9-0011-R10a-SM-57WBV",5.39
"LGG","Normal","GTEX-12WSD-0011-R10b-SM-5GU79",4.986
"LGG","Normal","GTEX-13S7M-0011-R10b-SM-5PNZB",5.579
"LGG","Normal","GTEX-PVOW-0011-R3A-SM-32PKX",4.911
"LGG","Normal","GTEX-13N1W-0011-R3a-SM-5MR5E",5.677
"LGG","Normal","GTEX-WZTO-0011-R3B-SM-3NMC6",5.553
"LGG","Normal","GTEX-13N2G-0011-R3b-SM-5MR5G",5.985
"LGG","Normal","GTEX-13X6J-0011-R3b-SM-5P9K5",5.117
"LGG","Normal","GTEX-NL3H-0011-R3a-SM-2I3GL",4.903
"LGG","Normal","GTEX-N7MS-0011-R3a-SM-5SI8H",5.659
"LGG","Normal","GTEX-13VXU-0011-R3b-SM-5O9CU",5.043
"LGG","Normal","GTEX-ZAB4-0011-R3a-SM-4RGNQ",5.402
"LGG","Normal","GTEX-13RTJ-0011-R3a-SM-5PNX7",5.357
"LGG","Normal","GTEX-NPJ8-0011-R3a-SM-2HMIW",5.283
"LGG","Normal","GTEX-145MH-0011-R3b-SM-5P9JQ",5.827
"LGG","Normal","GTEX-ZUA1-0011-R3a-SM-4YCEE",4.59
"LGG","Normal","GTEX-13X6I-0011-R3b-SM-5P9HM",5.096
"LGG","Normal","GTEX-XOTO-0011-R3A-SM-4B64W",5.112
"LGG","Normal","GTEX-12WSF-0011-R3a-SM-5DUW7",4.672
"LGG","Normal","GTEX-P44G-0011-R3A-SM-2I3FC",5.791
"LGG","Normal","GTEX-RVPV-0011-R3A-SM-2TF63",5.04
"LGG","Normal","GTEX-ZDXO-0011-R3a-SM-4WKFS",5.114
"LGG","Normal","GTEX-11GSO-0011-R3b-SM-57WB2",5.457
"LGG","Normal","GTEX-145LU-0011-R3a-SM-5P9K2",4.838
"LGG","Normal","GTEX-131XH-0011-R3b-SM-5DUWM",5.679
"LGG","Normal","GTEX-13OW7-0011-R3a-SM-5O9DA",4.432
"LGG","Normal","GTEX-1445S-0011-R3a-SM-5P9HY",3.989
"LGG","Normal","GTEX-144GL-0011-R3a-SM-5P9HP",5.17
"LGG","Normal","GTEX-12WSC-0011-R3a-SM-5P9F1",5.518
"LGG","Normal","GTEX-13SLW-0011-R3b-SM-5SI6Y",4.135
"LGG","Normal","GTEX-P44H-0011-R3A-SM-5SI8A",4.949
"LGG","Normal","GTEX-Z93S-0011-R3b-SM-4RGNH",5.091
"LGG","Normal","GTEX-X585-0011-R3B-SM-46MVG",5.484
"LGG","Normal","GTEX-Y8DK-0011-R3A-SM-4RTW5",5.002
"LGG","Normal","GTEX-13CZV-0011-R3a-SM-5KM27",5.324
"LGG","Normal","GTEX-ZE9C-0011-R3a-SM-4WKGT",4.882
"LGG","Normal","GTEX-13OVL-0011-R3b-SM-5L3I8",4.857
"LGG","Normal","GTEX-WHSE-0011-R3A-SM-3P5ZM",4.8
"LGG","Normal","GTEX-X4XX-0011-R3B-SM-46MWK",5.566
"LGG","Normal","GTEX-ZF28-0011-R3a-SM-4WWDA",4.479
"LGG","Normal","GTEX-12ZZZ-0011-R3b-SM-5DUXK",4.609
"LGG","Normal","GTEX-13OVH-0011-R3a-SM-5KM49",5.019
"LGG","Normal","GTEX-1477Z-0011-R3b-SM-5PNX9",3.478
"LGG","Normal","GTEX-WL46-0011-R3A-SM-3TW8E",5.823
"LGG","Normal","GTEX-XMD1-0011-R3B-SM-4AT5R",4.685
"LGG","Normal","GTEX-13FHO-0011-R3b-SM-5K7YA",4.871
"LGG","Normal","GTEX-139T8-0011-R3b-SM-5HL4R",3.756
"LGG","Normal","GTEX-13NYS-0011-R3b-SM-5MR41",5.611
"LGG","Normal","GTEX-13IVO-0011-R3b-SM-5IJBJ",3.657
"LGG","Normal","GTEX-13JVG-0011-R3b-SM-5LZXF",5.121
"LGG","Normal","GTEX-12ZZW-0011-R3a-SM-5DUWW",3.858
"LGG","Normal","GTEX-13CIG-0011-R3b-SM-5K7XF",4.446
"LGG","Normal","GTEX-13FLV-0011-R3b-SM-5LZYP",5.113
"LGG","Normal","GTEX-139UC-0011-R3b-SM-5K7VZ",5.031
"LGG","Normal","GTEX-13CF2-0011-R3b-SM-5LZZ6",5.234
"LGG","Normal","GTEX-13OW8-0011-R3a-SM-5L3I4",5.345
"LGG","Normal","GTEX-145MG-0011-R3b-SM-5SI67",4.665
"LGG","Normal","GTEX-13RTL-0011-R3a-SM-5P9JP",3.87
"LGG","Normal","GTEX-139TT-0011-R3b-SM-5K7VL",5.123
"LGG","Normal","GTEX-P44H-0011-R3A-SM-2XCEQ",4.422
"LGG","Normal","GTEX-UTHO-0011-R3A-SM-3GIK8",4.837
"LGG","Normal","GTEX-11ZU8-0011-R3a-SM-5BC6U",3.884
"LGG","Normal","GTEX-RVPU-0011-R3A-SM-2XCAE",4.219
"LGG","Normal","GTEX-X4EP-0011-R3A-SM-3P626",5.911
"LGG","Normal","GTEX-13X6K-0011-R3b-SM-5PNUD",5.381
"LGG","Normal","GTEX-13OVJ-0011-R3b-SM-5P9H6",5.437
"LGG","Normal","GTEX-RNOR-0011-R3A-SM-5SI8E",5.145
"LGG","Normal","GTEX-Q2AG-0011-R3A-SM-2HMJ9",5.659
"LGG","Normal","GTEX-QVUS-0011-R3A-SM-3GAFD",4.795
"LGG","Normal","GTEX-12ZZX-0011-R3b-SM-5EGLH",5.115
"LGG","Normal","GTEX-13QIC-0011-R3a-SM-5P9HT",5.39
"LGG","Normal","GTEX-1313W-0011-R3a-SM-5EGLI",5.054
"LGG","Normal","GTEX-145LS-0011-R3a-SM-5S2VJ",5.075
"LGG","Normal","GTEX-131YS-0011-R3b-SM-5DUXB",5.436
"LGG","Normal","GTEX-ZVZQ-0011-R3a-SM-57WC7",4.982
"LGG","Normal","GTEX-14BIM-0011-R3b-SM-5S2RL",5.7
"LGG","Normal","GTEX-N7MT-0011-R3a-SM-2I3GC",5.204
"LGG","Normal","GTEX-11UD1-0011-R3a-SM-5BC6S",4.406
"LGG","Normal","GTEX-ZVT3-0011-R3b-SM-51MTJ",4.016
"LGG","Normal","GTEX-12WS9-0011-R3a-SM-5CVNF",4.417
"LGG","Normal","GTEX-11ZVC-0011-R3a-SM-5BC6V",3.294
"LGG","Normal","GTEX-13PLJ-0011-R3a-SM-5O9DT",3.79
"LGG","Normal","GTEX-13O3O-0011-R3b-SM-5KM3R",5.009
"LGG","Normal","GTEX-12WSD-0011-R3b-SM-5LZWN",4.777
"LGG","Normal","GTEX-11ZTS-0011-R3a-SM-5BC78",4.084
"LGG","Normal","GTEX-RNOR-0011-R3A-SM-2TF5J",5.153
"LGG","Normal","GTEX-WVLH-0011-R2A-SM-3MJFJ",5.543
"LGG","Normal","GTEX-X4XX-0011-R2A-SM-3P623",5.8
"LGG","Normal","GTEX-139TS-0011-R2b-SM-5J1MX",4.512
"LGG","Normal","GTEX-13FXS-0011-R2b-SM-5K7XX",5.114
"LGG","Normal","GTEX-13X6I-0011-R2b-SM-5PNWQ",4.671
"LGG","Normal","GTEX-13NYB-0011-R2a-SM-5MR3C",5.178
"LGG","Normal","GTEX-WHSE-0011-R2A-SM-3P5ZL",5.282
"LGG","Normal","GTEX-13OW6-0011-R2a-SM-5L3HG",5.216
"LGG","Normal","GTEX-13RTJ-0011-R2a-SM-5PNW9",5.184
"LGG","Normal","GTEX-N7MS-0011-R2a-SM-2HML6",5.868
"LGG","Normal","GTEX-131XH-0011-R2b-SM-5DUVY",5.274
"LGG","Normal","GTEX-132Q8-0011-R2b-SM-5EQ5Z",4.653
"LGG","Normal","GTEX-1399T-0011-R2b-SM-5DUXM",5.025
"LGG","Normal","GTEX-YJ89-0011-R2b-SM-4RGLT",3.21
"LGG","Normal","GTEX-S7SE-0011-R2A-SM-2XCDC",5.293
"LGG","Normal","GTEX-WL46-0011-R2A-SM-3LK6O",5.433
"LGG","Normal","GTEX-ZAB4-0011-R2a-SM-4RGNP",5.14
"LGG","Normal","GTEX-11GSO-0011-R2a-SM-57WDF",4.847
"LGG","Normal","GTEX-147GR-0011-R2b-SM-5S2RQ",5.05
"LGG","Normal","GTEX-13CF2-0011-R2a-SM-5L3DC",4.33
"LGG","Normal","GTEX-13SLW-0011-R2b-SM-5O9C6",4.151
"LGG","Normal","GTEX-1445S-0011-R2b-SM-5PNUH",4.826
"LGG","Normal","GTEX-XMD1-0011-R2B-SM-4AT5N",3.752
"LGG","Normal","GTEX-12WSA-0011-R2a-SM-57WDK",4.855
"LGG","Normal","GTEX-13G51-0011-R2b-SM-5LZXS",4.935
"LGG","Normal","GTEX-XLM4-0011-R2B-SM-4AT5Z",4.827
"LGG","Normal","GTEX-13N2G-0011-R2a-SM-5MR4Q",5.555
"LGG","Normal","GTEX-T6MN-0011-R2A-SM-32QOW",5.47
"LGG","Normal","GTEX-13O3Q-0011-R2b-SM-5KM3K",5.409
"LGG","Normal","GTEX-P44G-0011-R2A-SM-2XCD2",5.005
"LGG","Normal","GTEX-ZE9C-0011-R2a-SM-4WKGH",4.48
"LGG","Normal","GTEX-X585-0011-R2B-SM-46MVF",5.733
"LGG","Normal","GTEX-Z93S-0011-R2a-SM-4RGNG",5.828
"LGG","Normal","GTEX-ZDXO-0011-R2b-SM-4WKFG",4.106
"LGG","Normal","GTEX-12WSH-0011-R2a-SM-5GU68",4.024
"LGG","Normal","GTEX-YFC4-0011-R2a-SM-4V6DZ",4.634
"LGG","Normal","GTEX-T2IS-0011-R2A-SM-32QPF",5.004
"LGG","Normal","GTEX-X4EP-0011-R2B-SM-3P625",6.054
"LGG","Normal","GTEX-13OVJ-0011-R2b-SM-5L3GP",4.727
"LGG","Normal","GTEX-Q2AG-0011-R2A-SM-2HMIT",5.34
"LGG","Normal","GTEX-11ZTS-0011-R2b-SM-5BC75",4.469
"LGG","Normal","GTEX-13X6K-0011-R2b-SM-5P9K3",4.727
"LGG","Normal","GTEX-145LS-0011-R2a-SM-5PNZI",5.345
"LGG","Normal","GTEX-QVJO-0011-R2A-SM-2S1QK",5.04
"LGG","Normal","GTEX-OXRO-0011-R2A-SM-3NB1W",3.992
"LGG","Normal","GTEX-13SLX-0011-R2b-SM-5S2VP",5.148
"LGG","Normal","GTEX-NPJ7-0011-R2a-SM-2I3GF",4.856
"LGG","Normal","GTEX-11UD1-0011-R2b-SM-5BC6O",4.956
"LGG","Normal","GTEX-1313W-0011-R2a-SM-5EGLF",5.207
"LGG","Normal","GTEX-13QJC-0011-R2b-SM-5PNUN",5.086
"LGG","Normal","GTEX-N7MT-0011-R2a-SM-2I3GI",4.969
"LGG","Normal","GTEX-12WS9-0011-R2a-SM-5CVNE",3.763
"LGG","Normal","GTEX-PWO3-0011-R2A-SM-2S1OX",4.5
"LGG","Normal","GTEX-12ZZX-0011-R2a-SM-5EGLG",5.066
"LGG","Normal","GTEX-ZV68-0011-R2a-SM-4YCDK",4.417
"LGG","Normal","GTEX-12WSD-0011-R2a-SM-5LZWB",3.692
"LGG","Normal","GTEX-RU72-0011-R2A-SM-2TF6O",4.706
"LGG","Normal","GTEX-NPJ8-0011-R1a-SM-33HCB",2.892
"LGG","Normal","GTEX-13RTJ-0011-R1a-SM-5O9D9",5.472
"LGG","Normal","GTEX-131XH-0011-R1a-SM-5DUWA",5.339
"LGG","Normal","GTEX-X585-0011-R1B-SM-46MVE",5.309
"LGG","Normal","GTEX-XOTO-0011-R1B-SM-4B65C",4.829
"LGG","Normal","GTEX-13G51-0011-R1a-SM-5LZYR",5.034
"LGG","Normal","GTEX-14ASI-0011-R1b-SM-5S2TY",4.912
"LGG","Normal","GTEX-WHSE-0011-R1A-SM-3P5ZK",4.958
"LGG","Normal","GTEX-13OW6-0011-R1a-SM-5L3HQ",5.048
"LGG","Normal","GTEX-X4XX-0011-R1B-SM-3P622",5.123
"LGG","Normal","GTEX-13FHO-0011-R1b-SM-5KLZG",5.104
"LGG","Normal","GTEX-WVLH-0011-R1A-SM-4MVOK",4.947
"LGG","Normal","GTEX-13OVL-0011-R1a-SM-5L3H5",4.195
"LGG","Normal","GTEX-WZTO-0011-R1B-SM-3NMAR",5.331
"LGG","Normal","GTEX-13N2G-0011-R1b-SM-5MR3G",5.299
"LGG","Normal","GTEX-145MH-0011-R1b-SM-5PNWY",5.194
"LGG","Normal","GTEX-P44H-0011-R1A-SM-3NM8J",5.359
"LGG","Normal","GTEX-ZUA1-0011-R1a-SM-4YCE2",4.257
"LGG","Normal","GTEX-11ONC-0011-R1a-SM-57WD4",4.313
"LGG","Normal","GTEX-YJ89-0011-R1a-SM-4RGLS",2.439
"LGG","Normal","GTEX-NPJ8-0011-R1a-SM-5SI8B",3.866
"LGG","Normal","GTEX-13OW8-0011-R1a-SM-5L3HI",4.144
"LGG","Normal","GTEX-12WSE-0011-R1b-SM-5GU4V",5.271
"LGG","Normal","GTEX-PVOW-0011-R1A-SM-32PL6",4.811
"LGG","Normal","GTEX-ZDXO-0011-R1a-SM-4WKF4",4.759
"LGG","Normal","GTEX-1212Z-0011-R1b-SM-5BC72",3.878
"LGG","Normal","GTEX-XMD1-0011-R1A-SM-4AT4C",4.126
"LGG","Normal","GTEX-N7MS-0011-R1a-SM-2HMJG",5.545
"LGG","Normal","GTEX-P44G-0011-R1A-SM-2I3FE",5.271
"LGG","Normal","GTEX-T5JC-0011-R1A-SM-32PM6",5.078
"LGG","Normal","GTEX-13OW7-0011-R1b-SM-5L3HF",4.843
"LGG","Normal","GTEX-WL46-0011-R1A-SM-3LK6M",5.426
"LGG","Normal","GTEX-Y8DK-0011-R1A-SM-4RGLO",4.063
"LGG","Normal","GTEX-1399T-0011-R1b-SM-5DUWN",4.418
"LGG","Normal","GTEX-13OW5-0011-R1b-SM-5L3GE",5.647
"LGG","Normal","GTEX-T6MN-0011-R1A-SM-32QOY",4.926
"LGG","Normal","GTEX-13RTL-0011-R1a-SM-5PNZ8",4.345
"LGG","Normal","GTEX-13O3Q-0011-R1b-SM-5KM3L",4.857
"LGG","Normal","GTEX-144GL-0011-R1a-SM-5PNZ5",5.183
"LGG","Normal","GTEX-13NYB-0011-R1b-SM-5KM4F",4.709
"LGG","Normal","GTEX-13PDP-0011-R1a-SM-5PNX5",4.25
"LGG","Normal","GTEX-12WSF-0011-R1a-SM-5DUVI",4.946
"LGG","Normal","GTEX-ZF28-0011-R1a-SM-4WWD1",3.842
"LGG","Normal","GTEX-NPJ8-0011-R1a-SM-2HMLC",4.205
"LGG","Normal","GTEX-12WSH-0011-R1a-SM-5GU5V",4.745
"LGG","Normal","GTEX-139TT-0011-R1a-SM-5LZVD",5.252
"LGG","Normal","GTEX-13NZA-0011-R1b-SM-5LUAF",3.405
"LGG","Normal","GTEX-13SLW-0011-R1a-SM-5S2W7",4.234
"LGG","Normal","GTEX-13112-0011-R1b-SM-5HL7K",3.763
"LGG","Normal","GTEX-13CF2-0011-R1a-SM-5LZY1",3.268
"LGG","Normal","GTEX-13FLW-0011-R1b-SM-5LZX2",4.721
"LGG","Normal","GTEX-13X6I-0011-R1b-SM-5PNZC",4.655
"LGG","Normal","GTEX-12WSM-0011-R1a-SM-5LZW6",4.736
"LGG","Normal","GTEX-13FXS-0011-R1a-SM-5K7U6",5.677
"LGG","Normal","GTEX-13NYS-0011-R1b-SM-5MR55",5.291
"LGG","Normal","GTEX-NL3H-0011-R1a-SM-48TDJ",4.28
"LGG","Normal","GTEX-139T8-0011-R1a-SM-5HL75",3.03
"LGG","Normal","GTEX-13FHP-0011-R1b-SM-5K7XL",3.949
"LGG","Normal","GTEX-144GO-0011-R1a-SM-5PNWO",3.018
"LGG","Normal","GTEX-145LU-0011-R1a-SM-5Q5CE",3.319
"LGG","Normal","GTEX-X4EP-0011-R1A-SM-3P624",6.093
"LGG","Normal","GTEX-WWYW-0011-R1A-SM-3TW8G",5.515
"LGG","Normal","GTEX-RNOR-0011-R1A-SM-5SI8F",5.073
"LGG","Normal","GTEX-145LS-0011-R1b-SM-5PNUP",4.459
"LGG","Normal","GTEX-13OVJ-0011-R1b-SM-5L3I6",4.796
"LGG","Normal","GTEX-13QIC-0011-R1a-SM-5O9CJ",5.157
"LGG","Normal","GTEX-Q2AG-0011-R1A-SM-2HMJI",5.755
"LGG","Normal","GTEX-N7MT-0011-R1a-SM-5SI7S",4.911
"LGG","Normal","GTEX-QVJO-0011-R1A-SM-2S1QI",5.036
"LGG","Normal","GTEX-11ZTS-0011-R1a-SM-5BC71",4.019
"LGG","Normal","GTEX-13NZ8-0011-R1b-SM-5KM3V",3.343
"LGG","Normal","GTEX-NPJ7-0011-R1a-SM-3GACT",4.462
"LGG","Normal","GTEX-13JUV-0011-R1a-SM-5LZY4",5.465
"LGG","Normal","GTEX-131YS-0011-R1a-SM-5DUXC",4.199
"LGG","Normal","GTEX-YFC4-0011-R1a-SM-4V6EH",4.777
"LGG","Normal","GTEX-1313W-0011-R1b-SM-5EQ4A",4.788
"LGG","Normal","GTEX-12WSB-0011-R1b-SM-5P9EY",4.072
"LGG","Normal","GTEX-ZE7O-0011-R1a-SM-57WDM",3.099
"LGG","Normal","GTEX-12WSD-0011-R1b-SM-5LZVY",5.055
"LGG","Normal","GTEX-11ZVC-0011-R1b-SM-5BC6M",3.515
"LGG","Normal","GTEX-13O3O-0011-R1b-SM-5KM2K",4.647
"LGG","Normal","GTEX-13FTY-0011-R1a-SM-5LZXE",3.58
"LGG","Normal","GTEX-TSE9-0011-R1A-SM-3DB7E",4.724
"LGG","Normal","GTEX-ZVZQ-0011-R1a-SM-57WBU",3.441
"LGG","Normal","GTEX-13JVG-3226-SM-5IJGJ",5.924
"LGG","Normal","GTEX-WZTO-2826-SM-3NM8P",5.888
"LGG","Normal","GTEX-X4XX-2926-SM-3NMB1",6.319
"LGG","Normal","GTEX-11ZUS-2826-SM-5EQKW",5.81
"LGG","Normal","GTEX-ZYFD-2926-SM-5GID9",5.814
"LGG","Normal","GTEX-YJ89-2926-SM-5P9IT",5.803
"LGG","Normal","GTEX-QMR6-1326-SM-32PLB",5.365
"LGG","Normal","GTEX-UTHO-2926-SM-3P5Z9",6.186
"LGG","Normal","GTEX-13G51-3126-SM-5IJG7",5.889
"LGG","Normal","GTEX-XOTO-2926-SM-4B65G",5.337
"LGG","Normal","GTEX-131XH-2926-SM-5LZU4",6.078
"LGG","Normal","GTEX-ZUA1-2926-SM-59HL3",5.691
"LGG","Normal","GTEX-13OW6-2926-SM-5KM29",5.759
"LGG","Normal","GTEX-13VXU-3026-SM-5LU3K",5.83
"LGG","Normal","GTEX-NPJ8-2626-SM-26GMZ",2.269
"LGG","Normal","GTEX-T5JC-2326-SM-32PMR",5.774
"LGG","Normal","GTEX-145MH-2926-SM-5Q5D2",5.783
"LGG","Normal","GTEX-13O3Q-3026-SM-5IJGD",5.804
"LGG","Normal","GTEX-Z93S-2826-SM-57WBL",5.834
"LGG","Normal","GTEX-WVLH-2926-SM-3MJG5",6.06
"LGG","Normal","GTEX-13OVH-2926-SM-5IJFH",5.871
"LGG","Normal","GTEX-13OW5-3126-SM-5MR3Y",5.724
"LGG","Normal","GTEX-12WSC-2926-SM-5BC5Z",5.787
"LGG","Normal","GTEX-12ZZY-2926-SM-5DUXO",6.161
"LGG","Normal","GTEX-12126-0926-SM-5FQTW",5.943
"LGG","Normal","GTEX-13OW8-2926-SM-5L3FV",5.646
"LGG","Normal","GTEX-11O72-2826-SM-5HL6W",6.035
"LGG","Normal","GTEX-Y111-2826-SM-4TT3O",6.232
"LGG","Normal","GTEX-139TS-3126-SM-5LZWX",5.627
"LGG","Normal","GTEX-13OW7-2926-SM-5MR3Z",5.929
"LGG","Normal","GTEX-13OVL-3026-SM-5IJF1",5.808
"LGG","Normal","GTEX-N7MS-2526-SM-26GMR",2.351
"LGG","Normal","GTEX-139TT-2626-SM-5LZUB",6.101
"LGG","Normal","GTEX-13FHP-2926-SM-5IJG9",5.998
"LGG","Normal","GTEX-11DZ1-2926-SM-5A5KI",5.465
"LGG","Normal","GTEX-117XS-3126-SM-5GIDP",5.957
"LGG","Normal","GTEX-13PDP-2926-SM-5N9E8",5.048
"LGG","Normal","GTEX-11PRG-2826-SM-5BC54",5.722
"LGG","Normal","GTEX-111FC-3326-SM-5GZYV",5.905
"LGG","Normal","GTEX-12WSE-2926-SM-5RQJ9",5.754
"LGG","Normal","GTEX-11EQ8-2826-SM-5N9C1",5.551
"LGG","Normal","GTEX-ZDXO-2926-SM-4WKFM",5.736
"LGG","Normal","GTEX-11GSO-3026-SM-5Q5AL",6.033
"LGG","Normal","GTEX-13FXS-3026-SM-5LZYO",5.957
"LGG","Normal","GTEX-144GL-2926-SM-5O99F",5.743
"LGG","Normal","GTEX-ZAB4-2926-SM-57WCV",5.891
"LGG","Normal","GTEX-139UC-3226-SM-5N9EZ",6.024
"LGG","Normal","GTEX-11DXW-1026-SM-5H11K",5.838
"LGG","Normal","GTEX-12ZZZ-3126-SM-5LZU6",5.533
"LGG","Normal","GTEX-13NYB-3226-SM-5J2ND",6.006
"LGG","Normal","GTEX-11ONC-3026-SM-5985W",5.922
"LGG","Normal","GTEX-132Q8-2926-SM-5IFFP",5.766
"LGG","Normal","GTEX-145LU-2626-SM-5LU9Z",5.646
"LGG","Normal","GTEX-13FHO-2926-SM-5L3ES",6.278
"LGG","Normal","GTEX-12WSH-3126-SM-5LZW8",5.658
"LGG","Normal","GTEX-13X6I-2926-SM-5Q5C3",5.63
"LGG","Normal","GTEX-WHSE-2926-SM-3NMBG",5.61
"LGG","Normal","GTEX-1192X-3226-SM-5987D",5.991
"LGG","Normal","GTEX-NPJ8-2626-SM-2D7W2",5.683
"LGG","Normal","GTEX-WL46-2826-SM-3LK81",6.38
"LGG","Normal","GTEX-11OC5-0626-SM-5HL6M",5.94
"LGG","Normal","GTEX-12WSM-2126-SM-5GCOC",6.093
"LGG","Normal","GTEX-N7MS-2526-SM-2D7W3",6.324
"LGG","Normal","GTEX-13112-2926-SM-5DUWT",5.572
"LGG","Normal","GTEX-R55F-1226-SM-2TF59",5.612
"LGG","Normal","GTEX-R55E-2526-SM-2TC6H",5.764
"LGG","Normal","GTEX-11EI6-2926-SM-5985U",5.571
"LGG","Normal","GTEX-ZF28-2926-SM-4WKG1",5.175
"LGG","Normal","GTEX-13RTJ-3126-SM-5S2Q4",6.085
"LGG","Normal","GTEX-N7MS-2526-SM-26GMA",5.346
"LGG","Normal","GTEX-X261-3126-SM-4PQZC",5.928
"LGG","Normal","GTEX-XLM4-2926-SM-4AT59",5.717
"LGG","Normal","GTEX-ZZPT-2926-SM-5EQ5S",5.614
"LGG","Normal","GTEX-145MG-3126-SM-5Q5D3",5.535
"LGG","Normal","GTEX-NPJ8-2626-SM-26GMI",4.709
"LGG","Normal","GTEX-12696-3026-SM-5FQTU",4.93
"LGG","Normal","GTEX-11OF3-3126-SM-5GU5E",5.189
"LGG","Normal","GTEX-11WQK-3126-SM-5EGI2",5.123
"LGG","Normal","GTEX-12ZZX-2826-SM-5BC6K",5.772
"LGG","Normal","GTEX-QDT8-3026-SM-32PKB",5.659
"LGG","Normal","GTEX-N7MT-1226-SM-26GMT",3.082
"LGG","Normal","GTEX-13OVJ-2726-SM-5IJG6",5.642
"LGG","Normal","GTEX-T2IS-2926-SM-32QPO",5.547
"LGG","Normal","GTEX-11GSP-3126-SM-5A5LL",5.822
"LGG","Normal","GTEX-13X6K-2826-SM-5O9DS",5.755
"LGG","Normal","GTEX-YFC4-3026-SM-5IFJK",5.671
"LGG","Normal","GTEX-14BIN-3326-SM-5Q5E6",5.831
"LGG","Normal","GTEX-RNOR-2226-SM-2TF5O",5.638
"LGG","Normal","GTEX-14BIM-3126-SM-5Q5C7",6.042
"LGG","Normal","GTEX-11ZTS-3226-SM-5EGID",5.641
"LGG","Normal","GTEX-13QIC-3026-SM-5LU58",6.137
"LGG","Normal","GTEX-131YS-3026-SM-5EGHY",5.846
"LGG","Normal","GTEX-13O3O-3026-SM-5KM42",5.461
"LGG","Normal","GTEX-ZAJG-3026-SM-5HL92",6.16
"LGG","Normal","GTEX-12WS9-2826-SM-5FQU9",6.062
"LGG","Normal","GTEX-X4EP-3026-SM-3P5YP",6.719
"LGG","Normal","GTEX-ZYY3-3026-SM-5GIEJ",5.896
"LGG","Normal","GTEX-ZAK1-2926-SM-5HL9S",6.033
"LGG","Normal","GTEX-N7MT-1226-SM-2D7W4",6.098
"LGG","Normal","GTEX-QVUS-2926-SM-3GIJB",5.38
"LGG","Normal","GTEX-14DAQ-3026-SM-5S2QZ",5.898
"LGG","Normal","GTEX-Q2AG-2826-SM-2HMJQ",5.934
"LGG","Normal","GTEX-1313W-3026-SM-5LZUZ",5.828
"LGG","Normal","GTEX-WWYW-3026-SM-3NB36",6.18
"LGG","Normal","GTEX-QVJO-1325-SM-2S1QX",5.706
"LGG","Normal","GTEX-13JUV-3026-SM-5K7WX",5.808
"LGG","Normal","GTEX-11TTK-2826-SM-5GU5K",5.233
"LGG","Normal","GTEX-N7MT-1226-SM-2TC6K",6.197
"LGG","Normal","GTEX-1128S-2826-SM-5N9DI",5.949
"LGG","Normal","GTEX-13NZ8-3026-SM-5L3D4",5.465
"LGG","Normal","GTEX-145MI-3126-SM-5Q5CF",5.515
"LGG","Normal","GTEX-12WSB-3026-SM-59HKM",5.587
"LGG","Normal","GTEX-N7MT-1226-SM-26GMC",5.403
"LGG","Normal","GTEX-RU72-2926-SM-2TF66",5.529
"LGG","Normal","GTEX-1269C-3126-SM-5EGI6",4.999
"LGG","Normal","GTEX-14A5I-2826-SM-5SIBF",5.196
"LGG","Normal","GTEX-TSE9-2926-SM-5CHQO",-9.966
"LGG","Normal","GTEX-11EMC-3326-SM-5P9JH",5.919
"LGG","Normal","GTEX-13S7M-3026-SM-5S2QQ",6.264
"LGG","Normal","GTEX-WZTO-2926-SM-3NM9I",5.617
"LGG","Normal","GTEX-PVOW-2526-SM-2XCF7",4.925
"LGG","Normal","GTEX-13NYS-3126-SM-5KLYV",5.798
"LGG","Normal","GTEX-11NUK-2926-SM-5A5MD",5.28
"LGG","Normal","GTEX-11DXW-1126-SM-5H12Q",5.108
"LGG","Normal","GTEX-13FHO-3026-SM-5J1O9",5.745
"LGG","Normal","GTEX-13NYC-2826-SM-5K7WR",5.823
"LGG","Normal","GTEX-111FC-3126-SM-5GZZ2",5.371
"LGG","Normal","GTEX-NPJ8-1526-SM-26GMY",1.714
"LGG","Normal","GTEX-1399T-3026-SM-5KLZC",5.126
"LGG","Normal","GTEX-13OW6-3026-SM-5J2MI",5.5
"LGG","Normal","GTEX-X4XX-3026-SM-3NMB2",5.929
"LGG","Normal","GTEX-XMD1-2926-SM-4AT42",4.646
"LGG","Normal","GTEX-ZUA1-3026-SM-59HJC",5.126
"LGG","Normal","GTEX-ZYFD-3026-SM-5E44C",5.543
"LGG","Normal","GTEX-12126-1026-SM-5P9JJ",5.5
"LGG","Normal","GTEX-144GL-3026-SM-5Q5CW",5.293
"LGG","Normal","GTEX-1192X-3126-SM-5N9BY",5.826
"LGG","Normal","GTEX-T5JC-2426-SM-3NMDB",5.554
"LGG","Normal","GTEX-13OVH-3026-SM-5MR4N",5.496
"LGG","Normal","GTEX-144FL-3026-SM-5O99C",5.23
"LGG","Normal","GTEX-13FHP-3026-SM-5IJBS",5.31
"LGG","Normal","GTEX-XOTO-3026-SM-4B65M",5.169
"LGG","Normal","GTEX-132Q8-3026-SM-5PNVG",5.343
"LGG","Normal","GTEX-145MH-3026-SM-5Q5DZ",5.413
"LGG","Normal","GTEX-13G51-3026-SM-5IJB8",5.086
"LGG","Normal","GTEX-13VXU-2926-SM-5LU5C",5.396
"LGG","Normal","GTEX-T6MN-2626-SM-32PMQ",5.576
"LGG","Normal","GTEX-139UC-3126-SM-5J1OY",5.393
"LGG","Normal","GTEX-WL46-2926-SM-3LK82",5.778
"LGG","Normal","GTEX-11EI6-3026-SM-5GZZO",5.035
"LGG","Normal","GTEX-12ZZY-3026-SM-5GCOU",5.81
"LGG","Normal","GTEX-12WSH-3026-SM-5CVNI",5.109
"LGG","Normal","GTEX-WHSE-3026-SM-3P5ZH",5.377
"LGG","Normal","GTEX-12WSC-3026-SM-5GCNF",5.511
"LGG","Normal","GTEX-WVLH-3026-SM-3MJG9",5.517
"LGG","Normal","GTEX-11DXY-3226-SM-5GIDE",5.269
"LGG","Normal","GTEX-Y8DK-0826-SM-4TT3T",5.039
"LGG","Normal","GTEX-11ONC-2926-SM-5P9JM",5.752
"LGG","Normal","GTEX-117XS-3026-SM-5N9CA",5.67
"LGG","Normal","GTEX-14BMV-3026-SM-5S2PQ",5.831
"LGG","Normal","GTEX-XLM4-3026-SM-4AT6L",5.131
"LGG","Normal","GTEX-12ZZZ-3026-SM-5BC67",4.919
"LGG","Normal","GTEX-14ASI-3026-SM-5S2PN",5.75
"LGG","Normal","GTEX-11GSO-2926-SM-5HL73",5.768
"LGG","Normal","GTEX-12WSA-2926-SM-5EQ4D",4.403
"LGG","Normal","GTEX-R55F-1326-SM-5S2V4",5.524
"LGG","Normal","GTEX-11WQK-3026-SM-5EQL6",5.16
"LGG","Normal","GTEX-145MF-2726-SM-5O995",5.563
"LGG","Normal","GTEX-ZF28-3026-SM-4WKHP",5.136
"LGG","Normal","GTEX-13X6J-3026-SM-5Q5CU",4.557
"LGG","Normal","GTEX-11O72-2926-SM-5BC4V",4.965
"LGG","Normal","GTEX-12696-2926-SM-5FQTG",5.617
"LGG","Normal","GTEX-X585-3026-SM-46MWF",6.457
"LGG","Normal","GTEX-13NYB-3026-SM-5IJD7",5.377
"LGG","Normal","GTEX-1445S-3026-SM-5O9BR",4.651
"LGG","Normal","GTEX-Z93S-2926-SM-57WB9",5.338
"LGG","Normal","GTEX-11ZUS-2926-SM-5FQSL",5.064
"LGG","Normal","GTEX-ZE9C-3026-SM-4WKHB",5.392
"LGG","Normal","GTEX-NPJ8-1526-SM-2D7VU",5.699
"LGG","Normal","GTEX-11GS4-3126-SM-5A5LH",5.437
"LGG","Normal","GTEX-13IVO-2926-SM-5L3CZ",4.818
"LGG","Normal","GTEX-13FLW-1426-SM-5K7YE",5.371
"LGG","Normal","GTEX-13O3Q-2926-SM-5KM45",5.034
"LGG","Normal","GTEX-13OW7-3026-SM-5L3GY",4.82
"LGG","Normal","GTEX-145MG-3026-SM-5RQJA",5.519
"LGG","Normal","GTEX-ZZPT-3026-SM-5GZXH",5.017
"LGG","Normal","GTEX-11TUW-3126-SM-5GU4Y",5.174
"LGG","Normal","GTEX-12ZZW-2926-SM-5LZUP",5.369
"LGG","Normal","GTEX-11NV4-2126-SM-5N9DS",4.514
"LGG","Normal","GTEX-N7MS-2425-SM-26GMD",4.463
"LGG","Normal","GTEX-NPJ8-1526-SM-26GMH",4.807
"LGG","Normal","GTEX-R55F-1326-SM-2TF5F",5.61
"LGG","Normal","GTEX-ZYY3-3126-SM-5SI9L",5.207
"LGG","Normal","GTEX-TSE9-3026-SM-3DB76",5.095
"LGG","Normal","GTEX-RNOR-2326-SM-2TF4I",5.437
"LGG","Normal","GTEX-T2IS-3026-SM-32QPM",4.933
"LGG","Normal","GTEX-QDT8-2926-SM-32PKC",5.056
"LGG","Normal","GTEX-145LS-3126-SM-5Q5BY",5.354
"LGG","Normal","GTEX-Q2AG-2926-SM-2HMJ3",5.555
"LGG","Normal","GTEX-131YS-3126-SM-5KLYT",5.101
"LGG","Normal","GTEX-13OVJ-2826-SM-5L3GW",5.207
"LGG","Normal","GTEX-ZAK1-3026-SM-5S2MJ",5.36
"LGG","Normal","GTEX-11EMC-3226-SM-5EGKW",4.959
"LGG","Normal","GTEX-ZVT3-3026-SM-5E43N",5.477
"LGG","Normal","GTEX-1128S-2726-SM-5H12C",5.369
"LGG","Normal","GTEX-13O3O-3126-SM-5KM3H",5.184
"LGG","Normal","GTEX-QVUS-2826-SM-3GADB",5.074
"LGG","Normal","GTEX-12ZZX-2926-SM-5GCOQ",5.578
"LGG","Normal","GTEX-1313W-3126-SM-5LZUI",5.351
"LGG","Normal","GTEX-13QIC-2926-SM-5J2NF",5.475
"LGG","Normal","GTEX-WWYW-3126-SM-3NB39",5.703
"LGG","Normal","GTEX-13PL6-3126-SM-5LUAR",5.254
"LGG","Normal","GTEX-14A5I-2926-SM-5Q5CQ",5.209
"LGG","Normal","GTEX-11GSP-3226-SM-5986O",4.794
"LGG","Normal","GTEX-NPJ7-2726-SM-2I3FT",4.732
"LGG","Normal","GTEX-13S7M-3126-SM-5RQJQ",5.22
"LGG","Normal","GTEX-RU72-3026-SM-5SI7Y",4.845
"LGG","Normal","GTEX-12WSD-3126-SM-5HL7P",5.211
"LGG","Normal","GTEX-1117F-3226-SM-5N9CT",5.218
"LGG","Normal","GTEX-ZAJG-3126-SM-5HL9J",5.889
"LGG","Normal","GTEX-11TTK-2926-SM-5PNYP",4.599
"LGG","Normal","GTEX-13SLX-3126-SM-5S2Q5",5.635
"LGG","Normal","GTEX-ZE7O-3126-SM-5HL5X",5.38
"LGG","Normal","GTEX-N7MT-1126-SM-2YUNQ",6.226
"LIHC","Tumor","TCGA-BC-A10S-01",5.724
"LIHC","Tumor","TCGA-BC-A112-01",4.91
"LIHC","Tumor","TCGA-ES-A2HS-01",6.059
"LIHC","Tumor","TCGA-FV-A2QQ-01",6.498
"LIHC","Tumor","TCGA-G3-A3CG-01",5.761
"LIHC","Tumor","TCGA-FV-A4ZP-01",5.94
"LIHC","Tumor","TCGA-HP-A5MZ-01",5.432
"LIHC","Tumor","TCGA-DD-A39V-01",6.11
"LIHC","Tumor","TCGA-DD-A4NG-01",5.155
"LIHC","Tumor","TCGA-MI-A75H-01",6.003
"LIHC","Tumor","TCGA-BC-A10T-01",5.226
"LIHC","Tumor","TCGA-BC-A10Y-01",5.497
"LIHC","Tumor","TCGA-DD-A1EG-01",6.063
"LIHC","Tumor","TCGA-EP-A3JL-01",6.63
"LIHC","Tumor","TCGA-G3-A7M5-01",5.852
"LIHC","Tumor","TCGA-DD-A3A8-01",6.102
"LIHC","Tumor","TCGA-DD-AACJ-01",5.652
"LIHC","Tumor","TCGA-FV-A2QR-01",6.442
"LIHC","Tumor","TCGA-FV-A3R2-01",7.759
"LIHC","Tumor","TCGA-RC-A6M6-01",5.918
"LIHC","Tumor","TCGA-CC-A8HT-01",6.778
"LIHC","Tumor","TCGA-ED-A627-01",5.519
"LIHC","Tumor","TCGA-NI-A8LF-01",4.681
"LIHC","Tumor","TCGA-XR-A8TF-01",5.279
"LIHC","Tumor","TCGA-BC-4073-01",5.978
"LIHC","Tumor","TCGA-DD-A11B-01",5.618
"LIHC","Tumor","TCGA-DD-A1EE-01",5.919
"LIHC","Tumor","TCGA-DD-AAEH-01",5.302
"LIHC","Tumor","TCGA-EP-A3RK-01",6.74
"LIHC","Tumor","TCGA-G3-A25X-01",5.598
"LIHC","Tumor","TCGA-ZS-A9CD-01",6.601
"LIHC","Tumor","TCGA-DD-A4NF-01",5.504
"LIHC","Tumor","TCGA-DD-AAC8-01",5.656
"LIHC","Tumor","TCGA-DD-AAE7-01",5.049
"LIHC","Tumor","TCGA-DD-AAEI-01",6.132
"LIHC","Tumor","TCGA-ZP-A9CZ-01",5.953
"LIHC","Tumor","TCGA-CC-5264-01",5.773
"LIHC","Tumor","TCGA-DD-A73A-01",5.478
"LIHC","Tumor","TCGA-G3-A3CI-01",5.333
"LIHC","Tumor","TCGA-NI-A4U2-01",5.42
"LIHC","Tumor","TCGA-2Y-A9H9-01",5.689
"LIHC","Tumor","TCGA-2Y-A9HA-01",5.797
"LIHC","Tumor","TCGA-5C-A9VH-01",6.186
"LIHC","Tumor","TCGA-DD-AACK-01",6.545
"LIHC","Tumor","TCGA-DD-AADG-01",5.957
"LIHC","Tumor","TCGA-EP-A26S-01",5.545
"LIHC","Tumor","TCGA-G3-A5SL-01",5.34
"LIHC","Tumor","TCGA-G3-A7M9-01",7.117
"LIHC","Tumor","TCGA-BC-A10U-01",6.612
"LIHC","Tumor","TCGA-BC-A5W4-01",5.928
"LIHC","Tumor","TCGA-BC-A69I-01",5.774
"LIHC","Tumor","TCGA-BD-A2L6-01",5.543
"LIHC","Tumor","TCGA-DD-A11C-01",5.76
"LIHC","Tumor","TCGA-DD-AACH-01",5.48
"LIHC","Tumor","TCGA-DD-AACI-01",5.848
"LIHC","Tumor","TCGA-DD-AAE9-01",6.534
"LIHC","Tumor","TCGA-DD-AAW2-01",5.579
"LIHC","Tumor","TCGA-DD-AAW3-01",5.744
"LIHC","Tumor","TCGA-RG-A7D4-01",5.139
"LIHC","Tumor","TCGA-2Y-A9GX-01",5.444
"LIHC","Tumor","TCGA-2Y-A9H4-01",6.679
"LIHC","Tumor","TCGA-CC-A9FW-01",6.54
"LIHC","Tumor","TCGA-DD-A116-01",6.619
"LIHC","Tumor","TCGA-DD-A1EA-01",5.695
"LIHC","Tumor","TCGA-DD-A1ED-01",5.137
"LIHC","Tumor","TCGA-DD-AACF-01",5.421
"LIHC","Tumor","TCGA-G3-A25V-01",6.217
"LIHC","Tumor","TCGA-GJ-A9DB-01",6.022
"LIHC","Tumor","TCGA-LG-A9QD-01",5.428
"LIHC","Tumor","TCGA-T1-A6J8-01",5.544
"LIHC","Tumor","TCGA-YA-A8S7-01",6.55
"LIHC","Tumor","TCGA-CC-5262-01",6.482
"LIHC","Tumor","TCGA-DD-A11A-01",5.615
"LIHC","Tumor","TCGA-DD-A39Y-01",7.201
"LIHC","Tumor","TCGA-DD-A3A7-01",7.056
"LIHC","Tumor","TCGA-DD-A4NI-01",4.944
"LIHC","Tumor","TCGA-G3-AAV5-01",6.31
"LIHC","Tumor","TCGA-UB-A7MD-01",6.403
"LIHC","Tumor","TCGA-2Y-A9HB-01",5.472
"LIHC","Tumor","TCGA-4R-AA8I-01",6.525
"LIHC","Tumor","TCGA-DD-A73E-01",6.289
"LIHC","Tumor","TCGA-DD-AACX-01",5.888
"LIHC","Tumor","TCGA-DD-AAD2-01",5.603
"LIHC","Tumor","TCGA-DD-AAD6-01",4.815
"LIHC","Tumor","TCGA-K7-A5RG-01",5.246
"LIHC","Tumor","TCGA-K7-A6G5-01",6.37
"LIHC","Tumor","TCGA-RC-A7SF-01",5.525
"LIHC","Tumor","TCGA-3K-AAZ8-01",6.039
"LIHC","Tumor","TCGA-DD-A3A1-01",6.858
"LIHC","Tumor","TCGA-DD-A4NO-01",5.58
"LIHC","Tumor","TCGA-DD-AACA-01",5.858
"LIHC","Tumor","TCGA-DD-AAEA-01",5.846
"LIHC","Tumor","TCGA-G3-A6UC-01",5.539
"LIHC","Tumor","TCGA-G3-A7M7-01",7.142
"LIHC","Tumor","TCGA-KR-A7K0-01",5.857
"LIHC","Tumor","TCGA-2Y-A9GW-01",5.776
"LIHC","Tumor","TCGA-BC-A69H-01",5.569
"LIHC","Tumor","TCGA-DD-AACP-01",5.646
"LIHC","Tumor","TCGA-G3-A25S-01",6.551
"LIHC","Tumor","TCGA-K7-A5RF-01",5.737
"LIHC","Tumor","TCGA-KR-A7K2-01",6.049
"LIHC","Tumor","TCGA-MI-A75C-01",5.327
"LIHC","Tumor","TCGA-ZS-A9CF-01",4.985
"LIHC","Tumor","TCGA-BW-A5NQ-01",5.673
"LIHC","Tumor","TCGA-CC-A5UC-01",5.651
"LIHC","Tumor","TCGA-DD-AADS-01",4.746
"LIHC","Tumor","TCGA-MI-A75G-01",5.519
"LIHC","Tumor","TCGA-BD-A3ER-01",5.701
"LIHC","Tumor","TCGA-DD-AACE-01",4.817
"LIHC","Tumor","TCGA-EP-A12J-01",6.056
"LIHC","Tumor","TCGA-EP-A2KC-01",5.92
"LIHC","Tumor","TCGA-WQ-AB4B-01",6.248
"LIHC","Tumor","TCGA-5C-AAPD-01",6.477
"LIHC","Tumor","TCGA-CC-A3MA-01",5.357
"LIHC","Tumor","TCGA-CC-A7IL-01",5.458
"LIHC","Tumor","TCGA-DD-A4NV-01",5.919
"LIHC","Tumor","TCGA-DD-AACC-01",5.152
"LIHC","Tumor","TCGA-DD-AACY-01",6.095
"LIHC","Tumor","TCGA-ED-A7PZ-01",6.322
"LIHC","Tumor","TCGA-G3-A3CK-01",5.744
"LIHC","Tumor","TCGA-K7-AAU7-01",5.946
"LIHC","Tumor","TCGA-MI-A75E-01",5.511
"LIHC","Tumor","TCGA-MI-A75I-01",6.786
"LIHC","Tumor","TCGA-WX-AA46-01",5.133
"LIHC","Tumor","TCGA-DD-A4NQ-01",5.991
"LIHC","Tumor","TCGA-DD-AADU-01",5.434
"LIHC","Tumor","TCGA-DD-AAEB-01",4.83
"LIHC","Tumor","TCGA-UB-AA0U-01",5.32
"LIHC","Tumor","TCGA-CC-A7IF-01",5.414
"LIHC","Tumor","TCGA-CC-A7IK-01",5.292
"LIHC","Tumor","TCGA-DD-AACU-01",5.811
"LIHC","Tumor","TCGA-DD-AADN-01",6.024
"LIHC","Tumor","TCGA-DD-AADQ-01",5.168
"LIHC","Tumor","TCGA-G3-A5SJ-01",5.282
"LIHC","Tumor","TCGA-GJ-A3OU-01",6.269
"LIHC","Tumor","TCGA-RC-A7SK-01",5.579
"LIHC","Tumor","TCGA-UB-A7MC-01",5.755
"LIHC","Tumor","TCGA-ZP-A9CV-01",5.301
"LIHC","Tumor","TCGA-2Y-A9GS-01",5.265
"LIHC","Tumor","TCGA-2Y-A9H1-01",6.157
"LIHC","Tumor","TCGA-5C-A9VG-01",6.899
"LIHC","Tumor","TCGA-CC-A7IH-01",5.297
"LIHC","Tumor","TCGA-DD-AADL-01",5.814
"LIHC","Tumor","TCGA-DD-AADM-01",5.759
"LIHC","Tumor","TCGA-DD-AADR-01",5.366
"LIHC","Tumor","TCGA-ED-A4XI-01",5.523
"LIHC","Tumor","TCGA-G3-A25Z-01",5.85
"LIHC","Tumor","TCGA-G3-A5SK-01",4.616
"LIHC","Tumor","TCGA-G3-A5SM-01",5.354
"LIHC","Tumor","TCGA-G3-AAV0-01",6.305
"LIHC","Tumor","TCGA-MR-A520-01",5.792
"LIHC","Tumor","TCGA-XR-A8TG-01",5.32
"LIHC","Tumor","TCGA-5R-AA1C-01",5.264
"LIHC","Tumor","TCGA-CC-A7IE-01",5.296
"LIHC","Tumor","TCGA-CC-A9FV-01",6.161
"LIHC","Tumor","TCGA-KR-A7K8-01",7.061
"LIHC","Tumor","TCGA-CC-A7IJ-01",7.681
"LIHC","Tumor","TCGA-DD-AAVS-01",5.578
"LIHC","Tumor","TCGA-DD-AAVV-01",6.104
"LIHC","Tumor","TCGA-DD-AAVY-01",5.849
"LIHC","Tumor","TCGA-UB-A7MF-01",6.432
"LIHC","Tumor","TCGA-CC-A9FS-01",6.432
"LIHC","Tumor","TCGA-DD-AADO-01",5.375
"LIHC","Tumor","TCGA-DD-AAEE-01",6.101
"LIHC","Tumor","TCGA-DD-AAW1-01",5.37
"LIHC","Tumor","TCGA-ZS-A9CG-01",6.244
"LIHC","Tumor","TCGA-CC-A3MC-01",5.496
"LIHC","Tumor","TCGA-CC-A7II-01",5.469
"LIHC","Tumor","TCGA-DD-AAD5-01",4.893
"LIHC","Tumor","TCGA-DD-AAW0-01",6.405
"LIHC","Tumor","TCGA-ED-A97K-01",5.104
"LIHC","Tumor","TCGA-ES-A2HT-01",6.868
"LIHC","Tumor","TCGA-O8-A75V-01",5.913
"LIHC","Tumor","TCGA-DD-A115-01",5.655
"LIHC","Tumor","TCGA-DD-AACV-01",5.652
"LIHC","Tumor","TCGA-DD-AADC-01",5.065
"LIHC","Tumor","TCGA-G3-A3CH-01",4.833
"LIHC","Tumor","TCGA-RC-A7SB-01",6.289
"LIHC","Tumor","TCGA-DD-AACG-01",4.216
"LIHC","Tumor","TCGA-DD-AAE1-01",5.419
"LIHC","Tumor","TCGA-FV-A4ZQ-01",5.632
"LIHC","Tumor","TCGA-G3-A3CJ-01",6.179
"LIHC","Tumor","TCGA-2Y-A9GT-01",4.92
"LIHC","Tumor","TCGA-DD-AAC9-01",5.571
"LIHC","Tumor","TCGA-DD-AADB-01",5.625
"LIHC","Tumor","TCGA-DD-AADD-01",5.981
"LIHC","Tumor","TCGA-DD-AAE2-01",5.606
"LIHC","Tumor","TCGA-DD-AAED-01",5.869
"LIHC","Tumor","TCGA-DD-AAEK-01",5.71
"LIHC","Tumor","TCGA-G3-AAV1-01",5.765
"LIHC","Tumor","TCGA-UB-A7ME-01",5.994
"LIHC","Tumor","TCGA-ZP-A9D2-01",5.746
"LIHC","Tumor","TCGA-BC-A10W-01",5.338
"LIHC","Tumor","TCGA-BW-A5NO-01",5.56
"LIHC","Tumor","TCGA-CC-A1HT-01",5.53
"LIHC","Tumor","TCGA-DD-AACQ-01",5.207
"LIHC","Tumor","TCGA-DD-AADV-01",5.759
"LIHC","Tumor","TCGA-DD-AAE3-01",5.763
"LIHC","Tumor","TCGA-G3-AAV2-01",6.12
"LIHC","Tumor","TCGA-2Y-A9H0-01",6.63
"LIHC","Tumor","TCGA-CC-5258-01",5.141
"LIHC","Tumor","TCGA-CC-A5UE-01",4.902
"LIHC","Tumor","TCGA-DD-AADW-01",6.25
"LIHC","Tumor","TCGA-DD-AAVP-01",6.228
"LIHC","Tumor","TCGA-G3-AAUZ-01",5.931
"LIHC","Tumor","TCGA-LG-A9QC-01",6.31
"LIHC","Tumor","TCGA-QA-A7B7-01",5.796
"LIHC","Tumor","TCGA-CC-A7IG-01",6.611
"LIHC","Tumor","TCGA-ED-A459-01",6.735
"LIHC","Tumor","TCGA-DD-A1EI-01",5.402
"LIHC","Tumor","TCGA-DD-A4NL-01",5.256
"LIHC","Tumor","TCGA-DD-AAVU-01",6.241
"LIHC","Tumor","TCGA-2Y-A9H3-01",5.449
"LIHC","Tumor","TCGA-CC-A3M9-01",6.283
"LIHC","Tumor","TCGA-CC-A5UD-01",5.653
"LIHC","Tumor","TCGA-DD-A3A3-01",6.545
"LIHC","Tumor","TCGA-DD-AADP-01",5.513
"LIHC","Tumor","TCGA-CC-5261-01",5.701
"LIHC","Tumor","TCGA-DD-AAVR-01",4.834
"LIHC","Tumor","TCGA-G3-A5SI-01",4.997
"LIHC","Tumor","TCGA-DD-AACW-01",5.839
"LIHC","Tumor","TCGA-DD-AAD3-01",5.813
"LIHC","Tumor","TCGA-DD-A114-01",6.652
"LIHC","Tumor","TCGA-RC-A7SH-01",6.597
"LIHC","Tumor","TCGA-DD-A119-01",6.205
"LIHC","Tumor","TCGA-DD-AACO-01",4.152
"LIHC","Tumor","TCGA-DD-AACS-01",5.96
"LIHC","Tumor","TCGA-DD-AAVQ-01",5.635
"LIHC","Tumor","TCGA-DD-AAVX-01",5.564
"LIHC","Tumor","TCGA-DD-AAVZ-01",5.632
"LIHC","Tumor","TCGA-G3-AAV7-01",6.798
"LIHC","Tumor","TCGA-DD-A3A4-01",5.993
"LIHC","Tumor","TCGA-CC-A3MB-01",6.508
"LIHC","Tumor","TCGA-CC-5263-01",6.506
"LIHC","Tumor","TCGA-DD-AAVW-01",5.422
"LIHC","Tumor","TCGA-ED-A66X-01",6.258
"LIHC","Tumor","TCGA-MR-A8JO-01",5.494
"LIHC","Tumor","TCGA-DD-A4NP-01",5.762
"LIHC","Tumor","TCGA-DD-AACN-01",5.428
"LIHC","Tumor","TCGA-G3-A7M8-01",5.534
"LIHC","Tumor","TCGA-ED-A7XO-01",6.163
"LIHC","Tumor","TCGA-DD-A4NB-01",5.897
"LIHC","Tumor","TCGA-RC-A6M3-01",6.952
"LIHC","Tumor","TCGA-UB-A7MB-01",6.582
"LIHC","Tumor","TCGA-DD-A1EH-01",5.377
"LIHC","Tumor","TCGA-DD-A1EL-01",4.901
"LIHC","Tumor","TCGA-CC-A8HS-01",6.331
"LIHC","Tumor","TCGA-XR-A8TE-01",5.579
"LIHC","Tumor","TCGA-2V-A95S-01",6.028
"LIHC","Tumor","TCGA-HP-A5N0-01",5.565
"LIHC","Tumor","TCGA-2Y-A9H8-01",6.796
"LIHC","Tumor","TCGA-FV-A496-01",5.316
"LIHC","Tumor","TCGA-G3-AAV4-01",5.634
"LIHC","Tumor","TCGA-2Y-A9GZ-01",5.322
"LIHC","Tumor","TCGA-2Y-A9H7-01",5.605
"LIHC","Tumor","TCGA-DD-AA3A-01",6.161
"LIHC","Tumor","TCGA-FV-A3I1-01",5.948
"LIHC","Tumor","TCGA-DD-A4NK-01",5.643
"LIHC","Tumor","TCGA-LG-A6GG-01",5.159
"LIHC","Tumor","TCGA-ZS-A9CE-01",5.262
"LIHC","Tumor","TCGA-DD-A39X-01",6.062
"LIHC","Tumor","TCGA-DD-A118-01",6.194
"LIHC","Tumor","TCGA-DD-A73F-01",5.605
"LIHC","Tumor","TCGA-DD-A3A2-01",5.835
"LIHC","Tumor","TCGA-FV-A3I0-01",5.855
"LIHC","Tumor","TCGA-BC-A217-01",5.944
"LIHC","Tumor","TCGA-BD-A3EP-01",5.676
"LIHC","Tumor","TCGA-DD-A4NE-01",5.4
"LIHC","Tumor","TCGA-GJ-A6C0-01",6.86
"LIHC","Tumor","TCGA-BC-4072-01",5.326
"LIHC","Tumor","TCGA-DD-AACB-01",5.747
"LIHC","Tumor","TCGA-RC-A6M4-01",5.384
"LIHC","Tumor","TCGA-DD-A73G-01",6.906
"LIHC","Tumor","TCGA-DD-AAD0-01",6.546
"LIHC","Tumor","TCGA-DD-AAD8-01",5.652
"LIHC","Tumor","TCGA-BC-A10Q-01",6.078
"LIHC","Tumor","TCGA-DD-A1EB-01",5.778
"LIHC","Tumor","TCGA-DD-A3A6-01",6.353
"LIHC","Tumor","TCGA-DD-A73B-01",5.759
"LIHC","Tumor","TCGA-DD-A1EJ-01",6.186
"LIHC","Tumor","TCGA-WQ-A9G7-01",6.502
"LIHC","Tumor","TCGA-DD-AADJ-01",5.65
"LIHC","Tumor","TCGA-FV-A23B-01",5.143
"LIHC","Tumor","TCGA-DD-AACT-01",6.487
"LIHC","Tumor","TCGA-UB-AA0V-01",5.161
"LIHC","Tumor","TCGA-2Y-A9H6-01",6.588
"LIHC","Tumor","TCGA-BC-A3KG-01",6.498
"LIHC","Tumor","TCGA-DD-A73D-01",5.104
"LIHC","Tumor","TCGA-DD-AADK-01",6.179
"LIHC","Tumor","TCGA-WJ-A86L-01",5.985
"LIHC","Tumor","TCGA-DD-A4NA-01",6.107
"LIHC","Tumor","TCGA-ZP-A9D0-01",6.172
"LIHC","Tumor","TCGA-BC-A10R-01",5.646
"LIHC","Tumor","TCGA-BC-A3KF-01",6.326
"LIHC","Tumor","TCGA-BC-A8YO-01",5.444
"LIHC","Tumor","TCGA-DD-A3A5-01",6.017
"LIHC","Tumor","TCGA-DD-AACL-01",6.05
"LIHC","Tumor","TCGA-DD-AADA-01",4.987
"LIHC","Tumor","TCGA-ZP-A9CY-01",5.689
"LIHC","Tumor","TCGA-5R-AAAM-01",5.899
"LIHC","Tumor","TCGA-DD-A4NH-01",6.977
"LIHC","Tumor","TCGA-DD-A73C-01",5.937
"LIHC","Tumor","TCGA-2Y-A9GY-01",5.555
"LIHC","Tumor","TCGA-2Y-A9H2-01",5.436
"LIHC","Tumor","TCGA-DD-A1EK-01",6.586
"LIHC","Tumor","TCGA-DD-A3A9-01",5.826
"LIHC","Tumor","TCGA-DD-AADF-01",6.467
"LIHC","Tumor","TCGA-WX-AA44-01",6.51
"LIHC","Tumor","TCGA-ZP-A9D4-01",5.394
"LIHC","Tumor","TCGA-DD-AACZ-01",5.575
"LIHC","Tumor","TCGA-G3-A25U-01",5.904
"LIHC","Tumor","TCGA-BC-A10Z-01",6.213
"LIHC","Tumor","TCGA-BC-A216-01",5.177
"LIHC","Tumor","TCGA-UB-A7MA-01",6.129
"LIHC","Tumor","TCGA-CC-5260-01",6.135
"LIHC","Tumor","TCGA-DD-A4NS-01",5.677
"LIHC","Tumor","TCGA-KR-A7K7-01",7.251
"LIHC","Tumor","TCGA-CC-5259-01",6.325
"LIHC","Tumor","TCGA-ED-A5KG-01",5.174
"LIHC","Tumor","TCGA-ED-A82E-01",5.599
"LIHC","Tumor","TCGA-G3-A7M6-01",5.812
"LIHC","Tumor","TCGA-2Y-A9H5-01",5.769
"LIHC","Tumor","TCGA-DD-AAE6-01",5.873
"LIHC","Tumor","TCGA-DD-AAEG-01",5.247
"LIHC","Tumor","TCGA-ED-A8O5-01",4.945
"LIHC","Tumor","TCGA-G3-AAV3-01",6.022
"LIHC","Tumor","TCGA-PD-A5DF-01",6.443
"LIHC","Tumor","TCGA-DD-A11D-01",5.556
"LIHC","Tumor","TCGA-DD-A1EF-01",6.432
"LIHC","Tumor","TCGA-DD-A4ND-01",5.604
"LIHC","Tumor","TCGA-DD-A4NN-01",5.86
"LIHC","Tumor","TCGA-ZP-A9D1-01",5.831
"LIHC","Tumor","TCGA-2Y-A9GU-01",5.775
"LIHC","Tumor","TCGA-DD-A113-01",4.854
"LIHC","Tumor","TCGA-DD-AADY-01",5.343
"LIHC","Tumor","TCGA-2Y-A9GV-01",5.358
"LIHC","Tumor","TCGA-DD-A4NJ-01",5.597
"LIHC","Tumor","TCGA-ED-A7XP-01",6.394
"LIHC","Tumor","TCGA-G3-AAV6-01",6.102
"LIHC","Tumor","TCGA-BC-A10X-01",5.362
"LIHC","Tumor","TCGA-CC-A9FU-01",6.084
"LIHC","Tumor","TCGA-EP-A2KA-01",6.389
"LIHC","Tumor","TCGA-G3-A25Y-01",5.673
"LIHC","Tumor","TCGA-BC-A110-01",5.273
"LIHC","Tumor","TCGA-CC-A8HV-01",6.36
"LIHC","Tumor","TCGA-DD-AAD1-01",5.66
"LIHC","Tumor","TCGA-ED-A66Y-01",5.411
"LIHC","Tumor","TCGA-FV-A495-01",6.146
"LIHC","Tumor","TCGA-ED-A8O6-01",5.953
"LIHC","Tumor","TCGA-DD-AAE4-01",4.884
"LIHC","Tumor","TCGA-XR-A8TD-01",6.018
"LIHC","Tumor","TCGA-ED-A7PX-01",6.379
"LIHC","Tumor","TCGA-RC-A7S9-01",6.193
"LIHC","Tumor","TCGA-EP-A2KB-01",4.983
"LIHC","Tumor","TCGA-DD-AAE0-01",5.685
"LIHC","Tumor","TCGA-G3-A25T-01",6.1
"LIHC","Tumor","TCGA-DD-A39Z-01",5.725
"LIHC","Tumor","TCGA-DD-AADI-01",5.651
"LIHC","Tumor","TCGA-XR-A8TC-01",5.426
"LIHC","Tumor","TCGA-CC-A8HU-01",7.446
"LIHC","Tumor","TCGA-FV-A3R3-01",5.956
"LIHC","Tumor","TCGA-WX-AA47-01",5.821
"LIHC","Tumor","TCGA-DD-A39W-01",5.844
"LIHC","Tumor","TCGA-BW-A5NP-01",5.713
"LIHC","Tumor","TCGA-CC-A123-01",5.003
"LIHC","Tumor","TCGA-DD-A1EC-01",6.153
"LIHC","Tumor","TCGA-ED-A7PY-01",5.562
"LIHC","Tumor","TCGA-RC-A6M5-01",6.115
"LIHC","Tumor","TCGA-5R-AA1D-01",5.012
"LIHC","Normal","TCGA-DD-A39V-11",5.425
"LIHC","Normal","TCGA-BC-A10T-11",4.614
"LIHC","Normal","TCGA-BC-A10Y-11",5.041
"LIHC","Normal","TCGA-DD-A1EG-11",5.148
"LIHC","Normal","TCGA-DD-A3A8-11",5.818
"LIHC","Normal","TCGA-FV-A2QR-11",5.523
"LIHC","Normal","TCGA-FV-A3R2-11",5.293
"LIHC","Normal","TCGA-DD-A11B-11",5.387
"LIHC","Normal","TCGA-DD-A1EE-11",5.161
"LIHC","Normal","TCGA-EP-A3RK-11",5.515
"LIHC","Normal","TCGA-EP-A26S-11",5.016
"LIHC","Normal","TCGA-BC-A10U-11",5.152
"LIHC","Normal","TCGA-BD-A2L6-11",4.702
"LIHC","Normal","TCGA-DD-A11C-11",5.162
"LIHC","Normal","TCGA-DD-A116-11",5.083
"LIHC","Normal","TCGA-DD-A11A-11",4.703
"LIHC","Normal","TCGA-DD-A3A1-11",5.816
"LIHC","Normal","TCGA-EP-A12J-11",5.539
"LIHC","Normal","TCGA-ES-A2HT-11",5.64
"LIHC","Normal","TCGA-G3-A3CH-11",5.371
"LIHC","Normal","TCGA-BC-A10W-11",5.422
"LIHC","Normal","TCGA-DD-A1EI-11",5.314
"LIHC","Normal","TCGA-DD-A3A3-11",5.017
"LIHC","Normal","TCGA-DD-A114-11",5.379
"LIHC","Normal","TCGA-DD-A119-11",4.898
"LIHC","Normal","TCGA-DD-A3A4-11",6.095
"LIHC","Normal","TCGA-DD-A1EH-11",4.778
"LIHC","Normal","TCGA-DD-A1EL-11",5.542
"LIHC","Normal","TCGA-FV-A3I1-11",5.309
"LIHC","Normal","TCGA-DD-A39X-11",5.089
"LIHC","Normal","TCGA-DD-A118-11",4.45
"LIHC","Normal","TCGA-DD-A3A2-11",4.952
"LIHC","Normal","TCGA-FV-A3I0-11",5.45
"LIHC","Normal","TCGA-BD-A3EP-11",5.238
"LIHC","Normal","TCGA-BC-A10Q-11",4.859
"LIHC","Normal","TCGA-DD-A1EB-11",5.376
"LIHC","Normal","TCGA-DD-A3A6-11",5.204
"LIHC","Normal","TCGA-DD-A1EJ-11",5.16
"LIHC","Normal","TCGA-FV-A23B-11",5.109
"LIHC","Normal","TCGA-BC-A10R-11",5.276
"LIHC","Normal","TCGA-DD-A3A5-11",5.484
"LIHC","Normal","TCGA-BC-A10Z-11",5.199
"LIHC","Normal","TCGA-BC-A216-11",4.631
"LIHC","Normal","TCGA-DD-A11D-11",5.314
"LIHC","Normal","TCGA-DD-A113-11",5.057
"LIHC","Normal","TCGA-BC-A10X-11",4.835
"LIHC","Normal","TCGA-BC-A110-11",5.313
"LIHC","Normal","TCGA-DD-A39Z-11",4.715
"LIHC","Normal","TCGA-DD-A39W-11",5.392
"LIHC","Normal","TCGA-DD-A1EC-11",3.901
"LIHC","Normal","GTEX-1399R-1226-SM-5P9GF",5.235
"LIHC","Normal","GTEX-YECK-1926-SM-4W21H",4.69
"LIHC","Normal","GTEX-13FTZ-0726-SM-5IFFY",4.777
"LIHC","Normal","GTEX-11NUK-1226-SM-5P9GM",4.56
"LIHC","Normal","GTEX-1399T-0826-SM-5IFES",4.734
"LIHC","Normal","GTEX-ZAB5-0426-SM-5CVMI",5.196
"LIHC","Normal","GTEX-T6MN-1226-SM-3NMA5",4.935
"LIHC","Normal","GTEX-139TS-1426-SM-5IFJD",5.583
"LIHC","Normal","GTEX-11WQC-0726-SM-5EQMR",4.926
"LIHC","Normal","GTEX-SJXC-1226-SM-4DM78",4.97
"LIHC","Normal","GTEX-13VXU-0926-SM-5IFFH",4.199
"LIHC","Normal","GTEX-11NV4-1326-SM-5HL6V",4.761
"LIHC","Normal","GTEX-145LU-1326-SM-5LU9N",4.178
"LIHC","Normal","GTEX-ZEX8-0826-SM-4WKHK",5.227
"LIHC","Normal","GTEX-13OW6-2626-SM-5IFF2",4.883
"LIHC","Normal","GTEX-ZPU1-0826-SM-57WG2",5.056
"LIHC","Normal","GTEX-RWSA-1426-SM-47JXA",5.387
"LIHC","Normal","GTEX-13FLV-0326-SM-5N9DJ",4.882
"LIHC","Normal","GTEX-13112-1426-SM-5EGH8",4.182
"LIHC","Normal","GTEX-11OF3-0726-SM-5BC4Z",4.693
"LIHC","Normal","GTEX-147JS-1126-SM-5RQIW",4.728
"LIHC","Normal","GTEX-12WSM-0726-SM-5GCOW",4.681
"LIHC","Normal","GTEX-11ZUS-2526-SM-59872",4.564
"LIHC","Normal","GTEX-1212Z-0226-SM-59HLF",4.951
"LIHC","Normal","GTEX-QEG4-1826-SM-4R1JN",5.469
"LIHC","Normal","GTEX-S33H-1626-SM-4AD68",5.343
"LIHC","Normal","GTEX-11DXY-0526-SM-5EGGQ",4.745
"LIHC","Normal","GTEX-ZYT6-0626-SM-5E45V",5.038
"LIHC","Normal","GTEX-139UC-1426-SM-5IJGH",5.077
"LIHC","Normal","GTEX-13NYB-1026-SM-5IFH3",5.248
"LIHC","Normal","GTEX-XOTO-0826-SM-4B65O",4.991
"LIHC","Normal","GTEX-11DXZ-0126-SM-5EGGY",4.907
"LIHC","Normal","GTEX-XBEC-1526-SM-4AT68",4.756
"LIHC","Normal","GTEX-139TU-0826-SM-5IJFG",5.625
"LIHC","Normal","GTEX-WY7C-0726-SM-4ONCB",6.035
"LIHC","Normal","GTEX-12WSI-0226-SM-5GCNA",4.735
"LIHC","Normal","GTEX-WZTO-0626-SM-4PQYY",5.026
"LIHC","Normal","GTEX-11EQ9-0526-SM-5A5JZ",5.216
"LIHC","Normal","GTEX-131XH-0626-SM-5LZWH",4.886
"LIHC","Normal","GTEX-12ZZZ-1326-SM-59HKW",2.302
"LIHC","Normal","GTEX-12KS4-1326-SM-5LUB3",5.019
"LIHC","Normal","GTEX-13NZB-0626-SM-5IFH6",4.537
"LIHC","Normal","GTEX-RN64-1826-SM-48FDV",4.66
"LIHC","Normal","GTEX-14753-1626-SM-5NQ9L",4.866
"LIHC","Normal","GTEX-WFON-1726-SM-4LVMQ",4.821
"LIHC","Normal","GTEX-13PVQ-1526-SM-5IFEQ",5.588
"LIHC","Normal","GTEX-VUSG-0126-SM-4KL1X",5.042
"LIHC","Normal","GTEX-P44G-1126-SM-3NM9D",5.477
"LIHC","Normal","GTEX-13FTW-1126-SM-5J2NV",5.483
"LIHC","Normal","GTEX-YB5E-0326-SM-5IFHU",5.701
"LIHC","Normal","GTEX-14E1K-0326-SM-5S2PE",4.938
"LIHC","Normal","GTEX-147F4-1426-SM-5LUA8",5.2
"LIHC","Normal","GTEX-RM2N-1926-SM-48FCU",4.976
"LIHC","Normal","GTEX-OOBJ-0826-SM-3NB2K",5.395
"LIHC","Normal","GTEX-UTHO-2426-SM-4JBHD",5.088
"LIHC","Normal","GTEX-139YR-0226-SM-5IFEM",5.745
"LIHC","Normal","GTEX-11UD2-1626-SM-5EQM3",5.165
"LIHC","Normal","GTEX-Z9EW-0426-SM-5CVM9",5.044
"LIHC","Normal","GTEX-ZVP2-0626-SM-51MSO",4.951
"LIHC","Normal","GTEX-ZAB4-0826-SM-5LU9D",5.08
"LIHC","Normal","GTEX-11TUW-1726-SM-5BC5C",6.111
"LIHC","Normal","GTEX-U8XE-1526-SM-4E3HT",5.685
"LIHC","Normal","GTEX-XXEK-1126-SM-4BRUX",6.565
"LIHC","Normal","GTEX-12WSL-0226-SM-5CVMJ",5.435
"LIHC","Normal","GTEX-12696-0826-SM-5EGGE",5.805
"LIHC","Normal","GTEX-1192X-1026-SM-5H12P",5.089
"LIHC","Normal","GTEX-WQUQ-1926-SM-4OOSA",5.334
"LIHC","Normal","GTEX-O5YT-0826-SM-3TW8N",6.79
"LIHC","Normal","GTEX-X261-1726-SM-4PQYT",4.889
"LIHC","Normal","GTEX-X4XY-1626-SM-46MVN",6.547
"LIHC","Normal","GTEX-11TT1-1726-SM-5EQLJ",6.177
"LIHC","Normal","GTEX-13NZ9-1326-SM-5MR3V",5.779
"LIHC","Normal","GTEX-144GM-1326-SM-5LU5E",5.269
"LIHC","Normal","GTEX-131XE-0326-SM-5LZVO",5.998
"LIHC","Normal","GTEX-14C38-1526-SM-5RQJ7",5.194
"LIHC","Normal","GTEX-1497J-0726-SM-5Q5D1",5.223
"LIHC","Normal","GTEX-QDVN-0826-SM-48TZ2",6.524
"LIHC","Normal","GTEX-11ZTS-1426-SM-5EQMM",4.663
"LIHC","Normal","GTEX-Y5V5-0926-SM-4VBPZ",5.005
"LIHC","Normal","GTEX-Q2AG-1126-SM-48U1P",4.653
"LIHC","Normal","GTEX-P78B-1326-SM-3P611",5.615
"LIHC","Normal","GTEX-WYVS-1926-SM-4PQZ2",4.691
"LIHC","Normal","GTEX-UPIC-0926-SM-4IHLV",5.835
"LIHC","Normal","GTEX-RNOR-1426-SM-48FDJ",4.644
"LIHC","Normal","GTEX-ZF2S-3026-SM-4WWCH",4.632
"LIHC","Normal","GTEX-ZVT3-1626-SM-5GU66",4.847
"LIHC","Normal","GTEX-131YS-1626-SM-5HL6C",4.508
"LIHC","Normal","GTEX-11ZVC-0726-SM-5FQT9",4.836
"LIHC","Normal","GTEX-YFC4-1526-SM-5IFJS",5.763
"LIHC","Normal","GTEX-ZVT4-0626-SM-5E45T",5.008
"LIHC","Normal","GTEX-WYVS-1926-SM-4SOIC",4.835
"LIHC","Normal","GTEX-13SLX-1226-SM-5S2Q6",5.699
"LIHC","Normal","GTEX-ZZPU-0426-SM-5GZYH",5.513
"LIHC","Normal","GTEX-1269C-0626-SM-5FQSS",4.99
"LIHC","Normal","GTEX-ZF29-2026-SM-4WWB7",5.141
"LIHC","Normal","GTEX-RU72-1426-SM-46MUF",4.925
"LIHC","Normal","GTEX-13O3O-1826-SM-5IFGW",4.687
"LIHC","Normal","GTEX-14A5I-1726-SM-5QGQ5",5.368
"LIHC","Normal","GTEX-13QJC-0726-SM-5RQJK",5.131
"LIHC","Normal","GTEX-Y5LM-0426-SM-4VBRO",5.72
"LIHC","Normal","GTEX-RTLS-1326-SM-46MUN",5.225
"LIHC","Normal","GTEX-13113-1326-SM-5GCOI",5.757
"LIHC","Normal","GTEX-X4EP-1026-SM-4QAS5",5.586
"LIHC","Normal","GTEX-13OVJ-1026-SM-5IFGI",5.842
"LIHC","Normal","GTEX-13PVR-0126-SM-5S2PY",5.071
"LIHC","Normal","GTEX-13N11-0926-SM-5IJG2",7.393
"LIHC","Normal","GTEX-ZYY3-0626-SM-5NQ6W",5.977
"LIHC","Normal","GTEX-ZTPG-1426-SM-51MT3",6.568
"LIHC","Normal","GTEX-132AR-0426-SM-5IFH8",6.511
"LIHC","Normal","GTEX-S32W-1926-SM-4AD63",6.571
"LUAD","Tumor","TCGA-55-A4DF-01",5.44
"LUAD","Tumor","TCGA-50-5939-01",4.861
"LUAD","Tumor","TCGA-69-8254-01",5.115
"LUAD","Tumor","TCGA-62-A470-01",4.99
"LUAD","Tumor","TCGA-69-7761-01",4.197
"LUAD","Tumor","TCGA-78-7166-01",5.041
"LUAD","Tumor","TCGA-97-A4M5-01",5.603
"LUAD","Tumor","TCGA-05-4433-01",4.955
"LUAD","Tumor","TCGA-49-6745-01",5.488
"LUAD","Tumor","TCGA-55-6978-01",5.787
"LUAD","Tumor","TCGA-55-6983-01",5.427
"LUAD","Tumor","TCGA-55-7994-01",5.328
"LUAD","Tumor","TCGA-97-8171-01",5.314
"LUAD","Tumor","TCGA-97-A4LX-01",5.644
"LUAD","Tumor","TCGA-38-A44F-01",5.137
"LUAD","Tumor","TCGA-55-8090-01",5.666
"LUAD","Tumor","TCGA-44-A47B-01",5.562
"LUAD","Tumor","TCGA-86-8055-01",5.304
"LUAD","Tumor","TCGA-55-A490-01",5.402
"LUAD","Tumor","TCGA-91-6829-01",5.287
"LUAD","Tumor","TCGA-91-A4BD-01",5.247
"LUAD","Tumor","TCGA-49-4494-01",5.803
"LUAD","Tumor","TCGA-55-6987-01",4.916
"LUAD","Tumor","TCGA-55-7227-01",5.38
"LUAD","Tumor","TCGA-55-7907-01",4.153
"LUAD","Tumor","TCGA-69-8453-01",5.045
"LUAD","Tumor","TCGA-78-7167-01",5.118
"LUAD","Tumor","TCGA-93-8067-01",5.989
"LUAD","Tumor","TCGA-MP-A4TC-01",5.754
"LUAD","Tumor","TCGA-05-4395-01",4.67
"LUAD","Tumor","TCGA-05-4396-01",4.652
"LUAD","Tumor","TCGA-05-4403-01",4.692
"LUAD","Tumor","TCGA-55-7815-01",3.269
"LUAD","Tumor","TCGA-55-8614-01",5.2
"LUAD","Tumor","TCGA-50-5932-01",5.141
"LUAD","Tumor","TCGA-55-8092-01",5.27
"LUAD","Tumor","TCGA-69-7764-01",4.404
"LUAD","Tumor","TCGA-78-7162-01",4.806
"LUAD","Tumor","TCGA-86-8281-01",5.54
"LUAD","Tumor","TCGA-L9-A50W-01",6.036
"LUAD","Tumor","TCGA-50-5072-01",5.592
"LUAD","Tumor","TCGA-50-8460-01",5.625
"LUAD","Tumor","TCGA-55-7284-01",4.958
"LUAD","Tumor","TCGA-55-8091-01",5.348
"LUAD","Tumor","TCGA-64-5815-01",5.554
"LUAD","Tumor","TCGA-73-4677-01",4.541
"LUAD","Tumor","TCGA-97-A4M7-01",5.689
"LUAD","Tumor","TCGA-44-8119-01",5.404
"LUAD","Tumor","TCGA-44-A4SS-01",5.481
"LUAD","Tumor","TCGA-55-8207-01",5.444
"LUAD","Tumor","TCGA-62-A46S-01",4.804
"LUAD","Tumor","TCGA-69-7760-01",5.048
"LUAD","Tumor","TCGA-44-7660-01",5.547
"LUAD","Tumor","TCGA-49-4486-01",4.262
"LUAD","Tumor","TCGA-50-5066-01",3.501
"LUAD","Tumor","TCGA-50-5933-01",4.831
"LUAD","Tumor","TCGA-55-6972-01",4.42
"LUAD","Tumor","TCGA-78-7154-01",6.318
"LUAD","Tumor","TCGA-78-7537-01",6.154
"LUAD","Tumor","TCGA-95-8039-01",5.847
"LUAD","Tumor","TCGA-97-8179-01",5.72
"LUAD","Tumor","TCGA-MP-A4TI-01",5.922
"LUAD","Tumor","TCGA-05-4426-01",5.411
"LUAD","Tumor","TCGA-55-6712-01",5.695
"LUAD","Tumor","TCGA-55-A4DG-01",5.401
"LUAD","Tumor","TCGA-64-5775-01",5.662
"LUAD","Tumor","TCGA-69-8255-01",5.904
"LUAD","Tumor","TCGA-78-7148-01",5.463
"LUAD","Tumor","TCGA-78-7149-01",5.693
"LUAD","Tumor","TCGA-93-A4JN-01",5.853
"LUAD","Tumor","TCGA-95-7562-01",6.133
"LUAD","Tumor","TCGA-95-7944-01",6.567
"LUAD","Tumor","TCGA-MP-A4TD-01",6.075
"LUAD","Tumor","TCGA-05-4244-01",5.613
"LUAD","Tumor","TCGA-05-4389-01",5.097
"LUAD","Tumor","TCGA-05-4424-01",4.962
"LUAD","Tumor","TCGA-44-7659-01",5.944
"LUAD","Tumor","TCGA-49-6742-01",4.962
"LUAD","Tumor","TCGA-50-5049-01",4.502
"LUAD","Tumor","TCGA-55-7727-01",3.966
"LUAD","Tumor","TCGA-62-A472-01",5.936
"LUAD","Tumor","TCGA-86-7711-01",5.431
"LUAD","Tumor","TCGA-86-7713-01",5.92
"LUAD","Tumor","TCGA-91-6828-01",5.44
"LUAD","Tumor","TCGA-93-A4JO-01",5.791
"LUAD","Tumor","TCGA-97-7552-01",4.761
"LUAD","Tumor","TCGA-05-4418-01",4.599
"LUAD","Tumor","TCGA-35-4122-01",3.813
"LUAD","Tumor","TCGA-49-AAR3-01",5.361
"LUAD","Tumor","TCGA-55-A48Y-01",4.611
"LUAD","Tumor","TCGA-67-4679-01",5.293
"LUAD","Tumor","TCGA-69-7763-01",5.079
"LUAD","Tumor","TCGA-78-7536-01",5.205
"LUAD","Tumor","TCGA-78-8660-01",6.449
"LUAD","Tumor","TCGA-L9-A7SV-01",5.483
"LUAD","Tumor","TCGA-05-4382-01",5.018
"LUAD","Tumor","TCGA-05-4422-01",4.55
"LUAD","Tumor","TCGA-05-5425-01",5.012
"LUAD","Tumor","TCGA-38-4629-01",5.138
"LUAD","Tumor","TCGA-49-AARR-01",5.225
"LUAD","Tumor","TCGA-50-8459-01",5.173
"LUAD","Tumor","TCGA-55-1594-01",5.158
"LUAD","Tumor","TCGA-78-7155-01",6.288
"LUAD","Tumor","TCGA-MP-A4T8-01",6.254
"LUAD","Tumor","TCGA-05-5420-01",3.214
"LUAD","Tumor","TCGA-55-8615-01",6.045
"LUAD","Tumor","TCGA-78-7633-01",5.017
"LUAD","Tumor","TCGA-95-7947-01",6.131
"LUAD","Tumor","TCGA-95-8494-01",6.746
"LUAD","Tumor","TCGA-97-8174-01",5.715
"LUAD","Tumor","TCGA-L4-A4E6-01",5.354
"LUAD","Tumor","TCGA-MP-A4SV-01",6.115
"LUAD","Tumor","TCGA-NJ-A55R-01",5.583
"LUAD","Tumor","TCGA-05-4384-01",5.133
"LUAD","Tumor","TCGA-05-4432-01",5.488
"LUAD","Tumor","TCGA-73-4659-01",5.384
"LUAD","Tumor","TCGA-86-7701-01",4.612
"LUAD","Tumor","TCGA-91-6831-01",5.898
"LUAD","Tumor","TCGA-97-A4M2-01",5.724
"LUAD","Tumor","TCGA-05-4397-01",5.721
"LUAD","Tumor","TCGA-05-5423-01",4.202
"LUAD","Tumor","TCGA-44-2662-01",4.332
"LUAD","Tumor","TCGA-55-1592-01",5.192
"LUAD","Tumor","TCGA-62-A46P-01",6.472
"LUAD","Tumor","TCGA-78-7152-01",6.061
"LUAD","Tumor","TCGA-97-7937-01",4.234
"LUAD","Tumor","TCGA-NJ-A4YG-01",5.255
"LUAD","Tumor","TCGA-44-6146-01",4.143
"LUAD","Tumor","TCGA-44-7671-01",5.8
"LUAD","Tumor","TCGA-49-AAR2-01",5.461
"LUAD","Tumor","TCGA-55-7903-01",5.965
"LUAD","Tumor","TCGA-55-8085-01",5.408
"LUAD","Tumor","TCGA-62-A471-01",5.895
"LUAD","Tumor","TCGA-86-8669-01",5.686
"LUAD","Tumor","TCGA-93-A4JP-01",5.654
"LUAD","Tumor","TCGA-53-A4EZ-01",6.139
"LUAD","Tumor","TCGA-55-6642-01",4.755
"LUAD","Tumor","TCGA-64-1680-01",4.936
"LUAD","Tumor","TCGA-97-8176-01",5.648
"LUAD","Tumor","TCGA-MN-A4N5-01",6.662
"LUAD","Tumor","TCGA-05-4410-01",5.118
"LUAD","Tumor","TCGA-50-5946-01",5.003
"LUAD","Tumor","TCGA-55-8505-01",5.896
"LUAD","Tumor","TCGA-62-8399-01",5.017
"LUAD","Tumor","TCGA-78-7156-01",5.049
"LUAD","Tumor","TCGA-86-7955-01",5.882
"LUAD","Tumor","TCGA-91-7771-01",4.744
"LUAD","Tumor","TCGA-35-5375-01",3.665
"LUAD","Tumor","TCGA-44-7662-01",5.975
"LUAD","Tumor","TCGA-49-AAR9-01",4.784
"LUAD","Tumor","TCGA-55-6968-01",5.123
"LUAD","Tumor","TCGA-55-6975-01",5.302
"LUAD","Tumor","TCGA-64-5779-01",4.994
"LUAD","Tumor","TCGA-78-7160-01",5.311
"LUAD","Tumor","TCGA-86-8054-01",6.276
"LUAD","Tumor","TCGA-86-8673-01",6.677
"LUAD","Tumor","TCGA-95-7567-01",5.461
"LUAD","Tumor","TCGA-99-8032-01",5.822
"LUAD","Tumor","TCGA-MP-A4SY-01",5.688
"LUAD","Tumor","TCGA-05-5429-01",4.265
"LUAD","Tumor","TCGA-44-6148-01",5.165
"LUAD","Tumor","TCGA-50-7109-01",5.707
"LUAD","Tumor","TCGA-55-7570-01",5.728
"LUAD","Tumor","TCGA-55-8620-01",6.497
"LUAD","Tumor","TCGA-64-5774-01",6.073
"LUAD","Tumor","TCGA-64-5778-01",5.026
"LUAD","Tumor","TCGA-78-7163-01",6.351
"LUAD","Tumor","TCGA-MN-A4N1-01",6.576
"LUAD","Tumor","TCGA-44-2656-01",3.947
"LUAD","Tumor","TCGA-44-6778-01",4.864
"LUAD","Tumor","TCGA-44-7669-01",5.936
"LUAD","Tumor","TCGA-69-7978-01",5.277
"LUAD","Tumor","TCGA-73-4675-01",6.157
"LUAD","Tumor","TCGA-78-7150-01",5.208
"LUAD","Tumor","TCGA-78-8640-01",5.965
"LUAD","Tumor","TCGA-86-8672-01",5.634
"LUAD","Tumor","TCGA-91-6848-01",7.011
"LUAD","Tumor","TCGA-91-A4BC-01",4.995
"LUAD","Tumor","TCGA-44-8120-01",5.944
"LUAD","Tumor","TCGA-50-5936-01",5.403
"LUAD","Tumor","TCGA-55-5899-01",6.18
"LUAD","Tumor","TCGA-55-8301-01",5.823
"LUAD","Tumor","TCGA-64-1676-01",4.173
"LUAD","Tumor","TCGA-86-8073-01",5.141
"LUAD","Tumor","TCGA-05-4415-01",5.232
"LUAD","Tumor","TCGA-05-5428-01",3.636
"LUAD","Tumor","TCGA-35-3615-01",4.397
"LUAD","Tumor","TCGA-49-AAR0-01",6.252
"LUAD","Tumor","TCGA-86-8585-01",5.815
"LUAD","Tumor","TCGA-MN-A4N4-01",5.727
"LUAD","Tumor","TCGA-55-6980-01",5.135
"LUAD","Tumor","TCGA-55-8089-01",4.714
"LUAD","Tumor","TCGA-55-8206-01",5.388
"LUAD","Tumor","TCGA-69-7765-01",4.801
"LUAD","Tumor","TCGA-78-7542-01",6.141
"LUAD","Tumor","TCGA-86-A4JF-01",6.468
"LUAD","Tumor","TCGA-L9-A743-01",5.488
"LUAD","Tumor","TCGA-MP-A4TE-01",6.421
"LUAD","Tumor","TCGA-55-1596-01",5.399
"LUAD","Tumor","TCGA-62-8398-01",6.076
"LUAD","Tumor","TCGA-55-7576-01",5.223
"LUAD","Tumor","TCGA-55-8302-01",6.478
"LUAD","Tumor","TCGA-44-5643-01",5.352
"LUAD","Tumor","TCGA-55-8507-01",6.046
"LUAD","Tumor","TCGA-MP-A4SW-01",5.575
"LUAD","Tumor","TCGA-55-6969-01",4.835
"LUAD","Tumor","TCGA-86-6562-01",5.605
"LUAD","Tumor","TCGA-86-8359-01",5.45
"LUAD","Tumor","TCGA-NJ-A4YP-01",5.828
"LUAD","Tumor","TCGA-44-2668-01",4.084
"LUAD","Tumor","TCGA-49-AAR4-01",5.512
"LUAD","Tumor","TCGA-55-8094-01",5.692
"LUAD","Tumor","TCGA-86-8674-01",5.572
"LUAD","Tumor","TCGA-93-A4JQ-01",5.419
"LUAD","Tumor","TCGA-NJ-A7XG-01",5.787
"LUAD","Tumor","TCGA-86-A4D0-01",5.966
"LUAD","Tumor","TCGA-50-5930-01",4.795
"LUAD","Tumor","TCGA-86-8279-01",6.322
"LUAD","Tumor","TCGA-73-4676-01",4.899
"LUAD","Tumor","TCGA-78-7535-01",5.162
"LUAD","Tumor","TCGA-86-8358-01",5.818
"LUAD","Tumor","TCGA-44-2666-01",4.14
"LUAD","Tumor","TCGA-38-4632-01",5.2
"LUAD","Tumor","TCGA-86-8076-01",5.122
"LUAD","Tumor","TCGA-05-4420-01",5.532
"LUAD","Tumor","TCGA-55-8512-01",5.482
"LUAD","Tumor","TCGA-73-A9RS-01",7.126
"LUAD","Tumor","TCGA-35-4123-01",3.823
"LUAD","Tumor","TCGA-75-5122-01",5.006
"LUAD","Tumor","TCGA-75-5125-01",5.326
"LUAD","Tumor","TCGA-75-5146-01",4.304
"LUAD","Tumor","TCGA-75-6206-01",5.468
"LUAD","Tumor","TCGA-75-6207-01",6.725
"LUAD","Tumor","TCGA-75-7025-01",4.363
"LUAD","Tumor","TCGA-75-7027-01",5.395
"LUAD","Tumor","TCGA-75-7030-01",4.822
"LUAD","Tumor","TCGA-80-5611-01",5.625
"LUAD","Tumor","TCGA-55-8204-01",4.76
"LUAD","Tumor","TCGA-NJ-A4YI-01",6.057
"LUAD","Tumor","TCGA-50-5935-01",5.126
"LUAD","Tumor","TCGA-44-6777-01",5.553
"LUAD","Tumor","TCGA-50-6673-01",5.789
"LUAD","Tumor","TCGA-67-3773-01",4.328
"LUAD","Tumor","TCGA-97-7554-01",5.287
"LUAD","Tumor","TCGA-67-3772-01",4.035
"LUAD","Tumor","TCGA-49-6743-01",5.721
"LUAD","Tumor","TCGA-55-A491-01",5.788
"LUAD","Tumor","TCGA-73-7499-01",4.581
"LUAD","Tumor","TCGA-91-6835-01",5.18
"LUAD","Tumor","TCGA-55-A57B-01",5.929
"LUAD","Tumor","TCGA-62-8395-01",6.416
"LUAD","Tumor","TCGA-73-4658-01",5.128
"LUAD","Tumor","TCGA-05-4250-01",5.275
"LUAD","Tumor","TCGA-49-4514-01",6.194
"LUAD","Tumor","TCGA-50-5055-01",4.531
"LUAD","Tumor","TCGA-50-6594-01",6.013
"LUAD","Tumor","TCGA-50-6597-01",5.301
"LUAD","Tumor","TCGA-55-6982-01",5.689
"LUAD","Tumor","TCGA-44-A47A-01",6.477
"LUAD","Tumor","TCGA-86-A456-01",6.607
"LUAD","Tumor","TCGA-97-8547-01",6.251
"LUAD","Tumor","TCGA-44-3398-01",3.582
"LUAD","Tumor","TCGA-55-8513-01",5.346
"LUAD","Tumor","TCGA-64-1677-01",5.083
"LUAD","Tumor","TCGA-67-3771-01",4.975
"LUAD","Tumor","TCGA-78-8655-01",5.502
"LUAD","Tumor","TCGA-J2-A4AE-01",5.274
"LUAD","Tumor","TCGA-53-7626-01",5.147
"LUAD","Tumor","TCGA-55-7283-01",5.83
"LUAD","Tumor","TCGA-55-7724-01",2.687
"LUAD","Tumor","TCGA-55-8205-01",5.504
"LUAD","Tumor","TCGA-91-8499-01",5.347
"LUAD","Tumor","TCGA-93-7347-01",5.598
"LUAD","Tumor","TCGA-97-7546-01",4.989
"LUAD","Tumor","TCGA-97-7938-01",4.887
"LUAD","Tumor","TCGA-MP-A4T6-01",6.007
"LUAD","Tumor","TCGA-MP-A5C7-01",5.132
"LUAD","Tumor","TCGA-NJ-A55A-01",5.241
"LUAD","Tumor","TCGA-38-4630-01",5.601
"LUAD","Tumor","TCGA-50-5931-01",5.606
"LUAD","Tumor","TCGA-55-8621-01",5.363
"LUAD","Tumor","TCGA-78-7539-01",5.371
"LUAD","Tumor","TCGA-91-6849-01",4.779
"LUAD","Tumor","TCGA-91-8497-01",5.443
"LUAD","Tumor","TCGA-93-7348-01",5.218
"LUAD","Tumor","TCGA-97-8172-01",5.357
"LUAD","Tumor","TCGA-MP-A4T7-01",5.852
"LUAD","Tumor","TCGA-MP-A4TA-01",5.919
"LUAD","Tumor","TCGA-05-4405-01",5.611
"LUAD","Tumor","TCGA-44-2657-01",4.31
"LUAD","Tumor","TCGA-44-3396-01",5.214
"LUAD","Tumor","TCGA-49-4488-01",5.764
"LUAD","Tumor","TCGA-50-6595-01",5.169
"LUAD","Tumor","TCGA-55-1595-01",5.661
"LUAD","Tumor","TCGA-55-6986-01",5.707
"LUAD","Tumor","TCGA-95-A4VK-01",5.148
"LUAD","Tumor","TCGA-99-7458-01",5.831
"LUAD","Tumor","TCGA-99-8033-01",5.804
"LUAD","Tumor","TCGA-O1-A52J-01",5.823
"LUAD","Tumor","TCGA-44-A479-01",3.947
"LUAD","Tumor","TCGA-44-A47G-01",5.482
"LUAD","Tumor","TCGA-49-4507-01",5.491
"LUAD","Tumor","TCGA-55-7995-01",5.797
"LUAD","Tumor","TCGA-55-8208-01",4.914
"LUAD","Tumor","TCGA-55-8511-01",6.241
"LUAD","Tumor","TCGA-62-8402-01",5.678
"LUAD","Tumor","TCGA-67-3774-01",5.149
"LUAD","Tumor","TCGA-67-6217-01",5.232
"LUAD","Tumor","TCGA-86-6851-01",4.891
"LUAD","Tumor","TCGA-38-4631-01",3.652
"LUAD","Tumor","TCGA-38-7271-01",4.886
"LUAD","Tumor","TCGA-44-6775-01",4.549
"LUAD","Tumor","TCGA-49-4487-01",4.665
"LUAD","Tumor","TCGA-50-5044-01",5.657
"LUAD","Tumor","TCGA-50-6590-01",5.675
"LUAD","Tumor","TCGA-55-7573-01",5.338
"LUAD","Tumor","TCGA-55-7726-01",4.097
"LUAD","Tumor","TCGA-55-8619-01",4.916
"LUAD","Tumor","TCGA-86-8671-01",5.335
"LUAD","Tumor","TCGA-97-7941-01",5.327
"LUAD","Tumor","TCGA-99-8025-01",5.715
"LUAD","Tumor","TCGA-44-3919-01",5.376
"LUAD","Tumor","TCGA-50-6592-01",5.66
"LUAD","Tumor","TCGA-55-6984-01",5.115
"LUAD","Tumor","TCGA-55-7914-01",5.168
"LUAD","Tumor","TCGA-62-A46U-01",5.714
"LUAD","Tumor","TCGA-69-7979-01",6.505
"LUAD","Tumor","TCGA-78-7146-01",5.832
"LUAD","Tumor","TCGA-05-4425-01",5.097
"LUAD","Tumor","TCGA-38-6178-01",5.726
"LUAD","Tumor","TCGA-55-7281-01",5.745
"LUAD","Tumor","TCGA-55-7911-01",5.452
"LUAD","Tumor","TCGA-55-8514-01",6.008
"LUAD","Tumor","TCGA-55-A492-01",5.628
"LUAD","Tumor","TCGA-62-8397-01",5.204
"LUAD","Tumor","TCGA-62-A46Y-01",5.309
"LUAD","Tumor","TCGA-64-1678-01",4.018
"LUAD","Tumor","TCGA-67-3770-01",4.095
"LUAD","Tumor","TCGA-69-7980-01",5.793
"LUAD","Tumor","TCGA-99-AA5R-01",5.197
"LUAD","Tumor","TCGA-MP-A4TH-01",4.714
"LUAD","Tumor","TCGA-05-5715-01",5.535
"LUAD","Tumor","TCGA-44-2661-01",3.622
"LUAD","Tumor","TCGA-44-7661-01",5.679
"LUAD","Tumor","TCGA-49-4512-01",5.702
"LUAD","Tumor","TCGA-50-5944-01",5.045
"LUAD","Tumor","TCGA-55-8203-01",5.101
"LUAD","Tumor","TCGA-73-4670-01",5.493
"LUAD","Tumor","TCGA-78-7161-01",5.31
"LUAD","Tumor","TCGA-86-7953-01",6.075
"LUAD","Tumor","TCGA-97-A4M3-01",5.15
"LUAD","Tumor","TCGA-J2-8194-01",5.697
"LUAD","Tumor","TCGA-NJ-A4YQ-01",5.494
"LUAD","Tumor","TCGA-49-4506-01",4.862
"LUAD","Tumor","TCGA-49-6761-01",6.402
"LUAD","Tumor","TCGA-55-7725-01",2.692
"LUAD","Tumor","TCGA-86-7954-01",5.364
"LUAD","Tumor","TCGA-MP-A4T4-01",5.172
"LUAD","Tumor","TCGA-S2-AA1A-01",4.858
"LUAD","Tumor","TCGA-05-4434-01",4.827
"LUAD","Tumor","TCGA-44-6147-01",3.942
"LUAD","Tumor","TCGA-44-A4SU-01",5.741
"LUAD","Tumor","TCGA-49-4501-01",4.503
"LUAD","Tumor","TCGA-50-5942-01",4.995
"LUAD","Tumor","TCGA-55-6970-01",5.303
"LUAD","Tumor","TCGA-55-8096-01",5.345
"LUAD","Tumor","TCGA-78-7147-01",5.786
"LUAD","Tumor","TCGA-97-7547-01",5.243
"LUAD","Tumor","TCGA-38-4625-01",5.942
"LUAD","Tumor","TCGA-73-4668-01",5.131
"LUAD","Tumor","TCGA-78-7540-01",5.055
"LUAD","Tumor","TCGA-86-8075-01",5.056
"LUAD","Tumor","TCGA-95-A4VP-01",5.701
"LUAD","Tumor","TCGA-J2-A4AG-01",5.468
"LUAD","Tumor","TCGA-05-4427-01",5.563
"LUAD","Tumor","TCGA-38-4628-01",4.223
"LUAD","Tumor","TCGA-44-2655-01",4.424
"LUAD","Tumor","TCGA-44-2659-01",5.083
"LUAD","Tumor","TCGA-62-8394-01",5.459
"LUAD","Tumor","TCGA-62-A46O-01",5.132
"LUAD","Tumor","TCGA-73-4662-01",6.111
"LUAD","Tumor","TCGA-78-7153-01",5.484
"LUAD","Tumor","TCGA-91-6830-01",4.529
"LUAD","Tumor","TCGA-J2-8192-01",4.985
"LUAD","Tumor","TCGA-38-4627-01",4.73
"LUAD","Tumor","TCGA-49-6744-01",5.301
"LUAD","Tumor","TCGA-55-7574-01",5.391
"LUAD","Tumor","TCGA-55-7728-01",5.23
"LUAD","Tumor","TCGA-L9-A8F4-01",4.918
"LUAD","Tumor","TCGA-49-AAQV-01",6.61
"LUAD","Tumor","TCGA-50-6591-01",5.615
"LUAD","Tumor","TCGA-50-8457-01",5.012
"LUAD","Tumor","TCGA-55-A48X-01",5.134
"LUAD","Tumor","TCGA-86-8278-01",5.407
"LUAD","Tumor","TCGA-86-A4P7-01",5.713
"LUAD","Tumor","TCGA-91-8496-01",3.806
"LUAD","Tumor","TCGA-95-7043-01",5.382
"LUAD","Tumor","TCGA-L9-A443-01",5.354
"LUAD","Tumor","TCGA-44-6145-01",4.51
"LUAD","Tumor","TCGA-55-8506-01",6.247
"LUAD","Tumor","TCGA-78-7143-01",5.54
"LUAD","Tumor","TCGA-86-8074-01",5.539
"LUAD","Tumor","TCGA-91-6847-01",5.669
"LUAD","Tumor","TCGA-95-A4VN-01",5.889
"LUAD","Tumor","TCGA-MP-A4TJ-01",4.897
"LUAD","Tumor","TCGA-44-5645-01",4.155
"LUAD","Tumor","TCGA-49-4505-01",5.184
"LUAD","Tumor","TCGA-55-7913-01",5.742
"LUAD","Tumor","TCGA-55-8299-01",5.213
"LUAD","Tumor","TCGA-55-A494-01",5.611
"LUAD","Tumor","TCGA-64-1681-01",5.268
"LUAD","Tumor","TCGA-86-7714-01",5.088
"LUAD","Tumor","TCGA-86-8668-01",5.195
"LUAD","Tumor","TCGA-J2-A4AD-01",5.129
"LUAD","Tumor","TCGA-44-3918-01",3.033
"LUAD","Tumor","TCGA-44-4112-01",3.585
"LUAD","Tumor","TCGA-44-6776-01",5.651
"LUAD","Tumor","TCGA-55-6543-01",5.631
"LUAD","Tumor","TCGA-55-8097-01",5.592
"LUAD","Tumor","TCGA-55-8508-01",5.201
"LUAD","Tumor","TCGA-55-A48Z-01",5.724
"LUAD","Tumor","TCGA-69-A59K-01",5.648
"LUAD","Tumor","TCGA-71-8520-01",6.317
"LUAD","Tumor","TCGA-78-7159-01",4.988
"LUAD","Tumor","TCGA-97-A4M0-01",5.578
"LUAD","Tumor","TCGA-L9-A444-01",5.7
"LUAD","Tumor","TCGA-05-4430-01",4.872
"LUAD","Tumor","TCGA-50-5068-01",3.46
"LUAD","Tumor","TCGA-55-6971-01",4.693
"LUAD","Tumor","TCGA-55-6979-01",4.33
"LUAD","Tumor","TCGA-55-8087-01",5.659
"LUAD","Tumor","TCGA-69-8253-01",5.648
"LUAD","Tumor","TCGA-78-7158-01",5.313
"LUAD","Tumor","TCGA-83-5908-01",5.384
"LUAD","Tumor","TCGA-86-A4P8-01",5.538
"LUAD","Tumor","TCGA-91-6840-01",4.811
"LUAD","Tumor","TCGA-97-8177-01",5.612
"LUAD","Tumor","TCGA-05-4390-01",5.687
"LUAD","Tumor","TCGA-55-6985-01",5.377
"LUAD","Tumor","TCGA-55-8616-01",5.575
"LUAD","Tumor","TCGA-64-1679-01",6.093
"LUAD","Tumor","TCGA-73-7498-01",5.499
"LUAD","Tumor","TCGA-78-8648-01",5.092
"LUAD","Tumor","TCGA-97-7553-01",4.981
"LUAD","Tumor","TCGA-MP-A4TF-01",5.731
"LUAD","Tumor","TCGA-05-4402-01",5.016
"LUAD","Tumor","TCGA-38-4626-01",5.393
"LUAD","Tumor","TCGA-50-5045-01",5.033
"LUAD","Tumor","TCGA-67-6216-01",4.992
"LUAD","Tumor","TCGA-44-6774-01",4.662
"LUAD","Tumor","TCGA-49-AARN-01",5.409
"LUAD","Tumor","TCGA-MP-A4TK-01",5.92
"LUAD","Tumor","TCGA-NJ-A55O-01",5.029
"LUAD","Tumor","TCGA-44-2665-01",3.867
"LUAD","Tumor","TCGA-50-5941-01",5.038
"LUAD","Tumor","TCGA-55-8510-01",5.59
"LUAD","Tumor","TCGA-64-5781-01",5.075
"LUAD","Tumor","TCGA-97-8175-01",6.132
"LUAD","Tumor","TCGA-97-8552-01",5.504
"LUAD","Tumor","TCGA-44-8117-01",5.651
"LUAD","Tumor","TCGA-55-A493-01",5.754
"LUAD","Tumor","TCGA-62-A46R-01",5.63
"LUAD","Tumor","TCGA-69-7974-01",5.963
"LUAD","Tumor","TCGA-86-8280-01",5.611
"LUAD","Tumor","TCGA-95-7039-01",5.398
"LUAD","Tumor","TCGA-MP-A4T9-01",5.996
"LUAD","Tumor","TCGA-55-6981-01",5.274
"LUAD","Tumor","TCGA-78-7220-01",5.889
"LUAD","Tumor","TCGA-78-8662-01",6.216
"LUAD","Tumor","TCGA-44-7672-01",5.431
"LUAD","Tumor","TCGA-4B-A93V-01",6.564
"LUAD","Tumor","TCGA-67-6215-01",4.969
"LUAD","Tumor","TCGA-73-4666-01",5.381
"LUAD","Tumor","TCGA-78-7145-01",6.376
"LUAD","Tumor","TCGA-91-6836-01",6.028
"LUAD","Tumor","TCGA-97-A4M1-01",5.627
"LUAD","Tumor","TCGA-05-4417-01",5.54
"LUAD","Tumor","TCGA-44-5644-01",5.653
"LUAD","Tumor","TCGA-49-4510-01",4.978
"LUAD","Tumor","TCGA-49-AARE-01",5.93
"LUAD","Tumor","TCGA-53-7813-01",3.373
"LUAD","Tumor","TCGA-44-6779-01",4.308
"LUAD","Tumor","TCGA-55-7910-01",5.567
"LUAD","Tumor","TCGA-99-8028-01",5.534
"LUAD","Tumor","TCGA-NJ-A4YF-01",6.32
"LUAD","Tumor","TCGA-44-7667-01",6.224
"LUAD","Tumor","TCGA-50-6593-01",5.677
"LUAD","Tumor","TCGA-55-7816-01",4.618
"LUAD","Tumor","TCGA-71-6725-01",5.428
"LUAD","Tumor","TCGA-L4-A4E5-01",5.614
"LUAD","Tumor","TCGA-05-4398-01",5.731
"LUAD","Tumor","TCGA-44-7670-01",6.467
"LUAD","Tumor","TCGA-49-6767-01",5.462
"LUAD","Tumor","TCGA-49-4490-01",4.804
"LUAD","Tumor","TCGA-97-A4M6-01",5.484
"LUAD","Tumor","TCGA-50-5051-01",5.676
"LUAD","Tumor","TCGA-69-7973-01",5.634
"LUAD","Tumor","TCGA-95-7948-01",5.34
"LUAD","Tumor","TCGA-49-AARQ-01",6.586
"LUAD","Tumor","TCGA-53-7624-01",6.148
"LUAD","Tumor","TCGA-L9-A5IP-01",5.88
"LUAD","Tumor","TCGA-49-AARO-01",5.688
"LUAD","Tumor","TCGA-44-3917-01",2.747
"LUAD","Tumor","TCGA-75-5126-01",5.418
"LUAD","Tumor","TCGA-75-5147-01",4.57
"LUAD","Tumor","TCGA-75-6203-01",4.695
"LUAD","Tumor","TCGA-75-6205-01",5.057
"LUAD","Tumor","TCGA-75-6211-01",5.114
"LUAD","Tumor","TCGA-75-6212-01",5.238
"LUAD","Tumor","TCGA-75-6214-01",5.03
"LUAD","Tumor","TCGA-75-7031-01",4.917
"LUAD","Tumor","TCGA-80-5607-01",5.287
"LUAD","Tumor","TCGA-80-5608-01",5.637
"LUAD","Normal","TCGA-43-6771-11",5.195
"LUAD","Normal","TCGA-56-7580-11",4.432
"LUAD","Normal","TCGA-56-7582-11",5.054
"LUAD","Normal","TCGA-22-4609-11",4.988
"LUAD","Normal","TCGA-22-5482-11",4.948
"LUAD","Normal","TCGA-22-5478-11",5.096
"LUAD","Normal","TCGA-22-4593-11",5.07
"LUAD","Normal","TCGA-43-6773-11",5.281
"LUAD","Normal","TCGA-22-5471-11",4.988
"LUAD","Normal","TCGA-58-8386-11",4.288
"LUAD","Normal","TCGA-22-5483-11",5.17
"LUAD","Normal","TCGA-22-5491-11",5.228
"LUAD","Normal","TCGA-56-8201-11",4.99
"LUAD","Normal","TCGA-56-7730-11",5.311
"LUAD","Normal","TCGA-33-6737-11",4.72
"LUAD","Normal","TCGA-56-8623-11",4.97
"LUAD","Normal","TCGA-34-7107-11",4.43
"LUAD","Normal","TCGA-43-5670-11",4.919
"LUAD","Normal","TCGA-43-6143-11",4.787
"LUAD","Normal","TCGA-60-2709-11",3.994
"LUAD","Normal","TCGA-77-8007-11",4.669
"LUAD","Normal","TCGA-77-8008-11",5.525
"LUAD","Normal","TCGA-22-5472-11",5.193
"LUAD","Normal","TCGA-77-7138-11",5.061
"LUAD","Normal","TCGA-56-8309-11",5.187
"LUAD","Normal","TCGA-51-4080-11",4.985
"LUAD","Normal","TCGA-77-7337-11",4.356
"LUAD","Normal","TCGA-22-5489-11",5.206
"LUAD","Normal","TCGA-77-7338-11",4.348
"LUAD","Normal","TCGA-90-6837-11",5.19
"LUAD","Normal","TCGA-56-7222-11",4.522
"LUAD","Normal","TCGA-39-5040-11",4.07
"LUAD","Normal","TCGA-56-8083-11",5.166
"LUAD","Normal","TCGA-90-7767-11",5.096
"LUAD","Normal","TCGA-51-4081-11",4.695
"LUAD","Normal","TCGA-43-3394-11",4.913
"LUAD","Normal","TCGA-56-8082-11",5.111
"LUAD","Normal","TCGA-43-7658-11",5.203
"LUAD","Normal","TCGA-51-4079-11",5.207
"LUAD","Normal","TCGA-22-5481-11",5.23
"LUAD","Normal","TCGA-43-6647-11",5.35
"LUAD","Normal","TCGA-43-7657-11",5.022
"LUAD","Normal","TCGA-56-7731-11",5.26
"LUAD","Normal","TCGA-33-4587-11",4.104
"LUAD","Normal","TCGA-34-8454-11",4.945
"LUAD","Normal","TCGA-77-7335-11",2.951
"LUAD","Normal","TCGA-77-7142-11",4.069
"LUAD","Normal","TCGA-85-7710-11",4.736
"LUAD","Normal","TCGA-56-7823-11",5.265
"LUAD","Normal","TCGA-92-7340-11",4.821
"LUAD","Normal","TCGA-50-5939-11",4.971
"LUAD","Normal","TCGA-49-6745-11",4.09
"LUAD","Normal","TCGA-55-6978-11",5.112
"LUAD","Normal","TCGA-55-6983-11",5.196
"LUAD","Normal","TCGA-91-6829-11",4.843
"LUAD","Normal","TCGA-50-5932-11",5.059
"LUAD","Normal","TCGA-50-5933-11",4.696
"LUAD","Normal","TCGA-55-6972-11",5.018
"LUAD","Normal","TCGA-49-6742-11",4.926
"LUAD","Normal","TCGA-91-6828-11",5.056
"LUAD","Normal","TCGA-91-6831-11",4.411
"LUAD","Normal","TCGA-44-2662-11",5.08
"LUAD","Normal","TCGA-44-6146-11",5.14
"LUAD","Normal","TCGA-55-6968-11",5.198
"LUAD","Normal","TCGA-55-6975-11",4.767
"LUAD","Normal","TCGA-44-6148-11",4.941
"LUAD","Normal","TCGA-44-6778-11",4.512
"LUAD","Normal","TCGA-44-6144-11",5.263
"LUAD","Normal","TCGA-50-5936-11",5.065
"LUAD","Normal","TCGA-55-6980-11",5.182
"LUAD","Normal","TCGA-55-6969-11",5.005
"LUAD","Normal","TCGA-44-2668-11",5.153
"LUAD","Normal","TCGA-50-5930-11",5.051
"LUAD","Normal","TCGA-73-4676-11",4.26
"LUAD","Normal","TCGA-38-4632-11",4.376
"LUAD","Normal","TCGA-50-5935-11",5.023
"LUAD","Normal","TCGA-44-6777-11",5.151
"LUAD","Normal","TCGA-49-6743-11",4.554
"LUAD","Normal","TCGA-91-6835-11",4.98
"LUAD","Normal","TCGA-55-6982-11",5.173
"LUAD","Normal","TCGA-44-3398-11",5.034
"LUAD","Normal","TCGA-50-5931-11",5.056
"LUAD","Normal","TCGA-91-6849-11",5.071
"LUAD","Normal","TCGA-44-2657-11",5.041
"LUAD","Normal","TCGA-44-3396-11",5.175
"LUAD","Normal","TCGA-50-6595-11",5.007
"LUAD","Normal","TCGA-55-6986-11",5.208
"LUAD","Normal","TCGA-55-6984-11",5.034
"LUAD","Normal","TCGA-44-2661-11",5.089
"LUAD","Normal","TCGA-49-4512-11",3.607
"LUAD","Normal","TCGA-49-6761-11",5.076
"LUAD","Normal","TCGA-44-6147-11",4.57
"LUAD","Normal","TCGA-55-6970-11",4.787
"LUAD","Normal","TCGA-38-4625-11",4.728
"LUAD","Normal","TCGA-44-2655-11",5.122
"LUAD","Normal","TCGA-38-4627-11",4.298
"LUAD","Normal","TCGA-49-6744-11",4.94
"LUAD","Normal","TCGA-44-6145-11",4.826
"LUAD","Normal","TCGA-91-6847-11",5.237
"LUAD","Normal","TCGA-44-5645-11",5.175
"LUAD","Normal","TCGA-44-6776-11",5.013
"LUAD","Normal","TCGA-55-6971-11",4.88
"LUAD","Normal","TCGA-55-6979-11",4.865
"LUAD","Normal","TCGA-55-6985-11",4.941
"LUAD","Normal","TCGA-38-4626-11",4.596
"LUAD","Normal","TCGA-44-2665-11",5.326
"LUAD","Normal","TCGA-55-6981-11",5.019
"LUAD","Normal","TCGA-91-6836-11",4.851
"LUAD","Normal","TCGA-49-4490-11",3.597
"LUAD","Normal","GTEX-S33H-0626-SM-2XCBJ",5.328
"LUAD","Normal","GTEX-WZTO-0426-SM-3NM99",5.044
"LUAD","Normal","GTEX-U3ZH-0526-SM-3DB75",4.775
"LUAD","Normal","GTEX-11NUK-0826-SM-5HL4U",4.794
"LUAD","Normal","GTEX-145MH-0626-SM-5NQAK",5.306
"LUAD","Normal","GTEX-13OVL-0626-SM-5KM13",4.716
"LUAD","Normal","GTEX-ZYW4-1526-SM-5SIBA",4.858
"LUAD","Normal","GTEX-12ZZY-0926-SM-5EQ6I",5.181
"LUAD","Normal","GTEX-YECK-0926-SM-4W214",5.073
"LUAD","Normal","GTEX-PVOW-1026-SM-5O9B9",5.193
"LUAD","Normal","GTEX-13FTZ-0526-SM-5IJCW",4.737
"LUAD","Normal","GTEX-ZF28-0726-SM-4WKFU",5.023
"LUAD","Normal","GTEX-12WSE-0826-SM-5S2VL",4.909
"LUAD","Normal","GTEX-11PRG-0926-SM-5EGI8",5.05
"LUAD","Normal","GTEX-111VG-0726-SM-5GIDC",4.981
"LUAD","Normal","GTEX-117YW-0526-SM-5H11C",4.733
"LUAD","Normal","GTEX-13G51-0426-SM-5K7Z5",4.485
"LUAD","Normal","GTEX-13S86-0626-SM-5Q5E7",5.78
"LUAD","Normal","GTEX-QMRM-0826-SM-3NB33",5.267
"LUAD","Normal","GTEX-11DZ1-0426-SM-5H11A",4.651
"LUAD","Normal","GTEX-11EI6-0826-SM-5985V",5.072
"LUAD","Normal","GTEX-11O72-1326-SM-5BC5A",4.965
"LUAD","Normal","GTEX-12WSL-1026-SM-5CVNJ",5.849
"LUAD","Normal","GTEX-ZYT6-0526-SM-5GIEA",4.932
"LUAD","Normal","GTEX-X585-1026-SM-46MW6",5.131
"LUAD","Normal","GTEX-T5JC-0826-SM-32PMC",5.281
"LUAD","Normal","GTEX-POYW-1226-SM-5LU5O",5.102
"LUAD","Normal","GTEX-11ZUS-0126-SM-5EQM5",4.801
"LUAD","Normal","GTEX-1497J-0326-SM-5Q5CN",5.894
"LUAD","Normal","GTEX-T6MN-0826-SM-32PM4",5.054
"LUAD","Normal","GTEX-WHPG-1426-SM-3NMBB",5.284
"LUAD","Normal","GTEX-PW2O-0526-SM-2I3DX",5.611
"LUAD","Normal","GTEX-ZDXO-1326-SM-57WBS",4.72
"LUAD","Normal","GTEX-13O21-3026-SM-5J2NI",5.38
"LUAD","Normal","GTEX-XQ3S-0926-SM-4BOPI",5.151
"LUAD","Normal","GTEX-PVOW-1026-SM-5NQ7M",5.167
"LUAD","Normal","GTEX-13NYB-0626-SM-5MR47",4.865
"LUAD","Normal","GTEX-12WSI-0826-SM-5EGKD",4.892
"LUAD","Normal","GTEX-13N2G-0826-SM-5IJE6",5.36
"LUAD","Normal","GTEX-139T6-0426-SM-5IJEM",5.308
"LUAD","Normal","GTEX-13NZ9-0926-SM-5KM12",5.538
"LUAD","Normal","GTEX-13O3P-1026-SM-5N9E7",5.312
"LUAD","Normal","GTEX-139TT-0726-SM-5K7XW",4.67
"LUAD","Normal","GTEX-ZPU1-0926-SM-57WDO",5.049
"LUAD","Normal","GTEX-13FHP-0726-SM-5K7YI",4.932
"LUAD","Normal","GTEX-RN64-1226-SM-2TC6E",4.839
"LUAD","Normal","GTEX-U3ZM-0426-SM-3DB73",5.364
"LUAD","Normal","GTEX-OIZI-1026-SM-3NB1K",5.077
"LUAD","Normal","GTEX-13O3Q-0526-SM-5KM18",4.57
"LUAD","Normal","GTEX-WYJK-0826-SM-3NM8Y",5.347
"LUAD","Normal","GTEX-QEG4-0526-SM-48TZD",4.812
"LUAD","Normal","GTEX-SIU7-0526-SM-3NM8I",6.437
"LUAD","Normal","GTEX-11WQC-0626-SM-5EQMF",5.168
"LUAD","Normal","GTEX-X4LF-0526-SM-3NMB6",5.363
"LUAD","Normal","GTEX-ZAB4-0626-SM-5CVN3",4.732
"LUAD","Normal","GTEX-RM2N-0426-SM-2TF4T",5.345
"LUAD","Normal","GTEX-13FHO-1026-SM-5KM1Q",4.704
"LUAD","Normal","GTEX-V1D1-0826-SM-3P5ZA",4.869
"LUAD","Normal","GTEX-POYW-1226-SM-5LZWQ",5.273
"LUAD","Normal","GTEX-OIZH-0526-SM-2HMKV",5.848
"LUAD","Normal","GTEX-1477Z-0626-SM-5NQB7",4.484
"LUAD","Normal","GTEX-13OVG-0326-SM-5KM57",5.017
"LUAD","Normal","GTEX-145LU-0526-SM-5O9AT",4.912
"LUAD","Normal","GTEX-WFON-0426-SM-3GIL4",5.218
"LUAD","Normal","GTEX-XBEC-1026-SM-4QASM",5.412
"LUAD","Normal","GTEX-WY7C-0426-SM-3NB3C",5.075
"LUAD","Normal","GTEX-13VXU-2726-SM-5LU4N",5.103
"LUAD","Normal","GTEX-SIU8-0926-SM-5SI87",5.052
"LUAD","Normal","GTEX-WVJS-0826-SM-4MVNR",4.666
"LUAD","Normal","GTEX-YF7O-0626-SM-4W21R",5.302
"LUAD","Normal","GTEX-Y5V6-0226-SM-4V6G7",5.549
"LUAD","Normal","GTEX-13FLV-0426-SM-5KLZA",4.496
"LUAD","Normal","GTEX-ZDTS-1026-SM-4WAXS",4.987
"LUAD","Normal","GTEX-1212Z-1026-SM-5EGJ8",5.005
"LUAD","Normal","GTEX-12584-1426-SM-5EGJ9",4.12
"LUAD","Normal","GTEX-XPVG-1026-SM-4B64Y",5.321
"LUAD","Normal","GTEX-147F4-0926-SM-5Q5EO",4.493
"LUAD","Normal","GTEX-OHPM-0526-SM-2YUMJ",5.578
"LUAD","Normal","GTEX-UPJH-0826-SM-4WKFD",5.152
"LUAD","Normal","GTEX-13O61-0726-SM-5J2MD",5.557
"LUAD","Normal","GTEX-111FC-1126-SM-5GZWU",4.792
"LUAD","Normal","GTEX-ZEX8-0526-SM-4WKH5",5.124
"LUAD","Normal","GTEX-11DXZ-0726-SM-5N9C4",5.594
"LUAD","Normal","GTEX-13PVQ-0926-SM-5IJFD",5.289
"LUAD","Normal","GTEX-ZZPT-1326-SM-5E43H",4.803
"LUAD","Normal","GTEX-NFK9-1026-SM-2HMK1",5.42
"LUAD","Normal","GTEX-QEG5-1126-SM-33HC2",5.682
"LUAD","Normal","GTEX-14A6H-0526-SM-5NQAZ",5.19
"LUAD","Normal","GTEX-13QJ3-1026-SM-5QGQU",4.99
"LUAD","Normal","GTEX-Y9LG-0526-SM-4VBRY",6.102
"LUAD","Normal","GTEX-132QS-0726-SM-5IJE9",6.091
"LUAD","Normal","GTEX-ZT9W-0726-SM-4YCDC",4.915
"LUAD","Normal","GTEX-13N1W-0726-SM-5MR57",5.402
"LUAD","Normal","GTEX-117YX-1326-SM-5H125",5.119
"LUAD","Normal","GTEX-P4PQ-0526-SM-2HMKR",5.409
"LUAD","Normal","GTEX-O5YT-0526-SM-32PK8",5.694
"LUAD","Normal","GTEX-12BJ1-1026-SM-5EGJA",4.879
"LUAD","Normal","GTEX-145MO-1326-SM-5Q5EF",4.757
"LUAD","Normal","GTEX-PLZ6-0426-SM-5IFK2",4.814
"LUAD","Normal","GTEX-13NYS-1626-SM-5J2MU",4.775
"LUAD","Normal","GTEX-QDVN-0726-SM-4B64L",5.426
"LUAD","Normal","GTEX-X4XX-1026-SM-4QARO",5.722
"LUAD","Normal","GTEX-ZUA1-1026-SM-4YCEA",4.689
"LUAD","Normal","GTEX-111CU-0326-SM-5GZXO",5.368
"LUAD","Normal","GTEX-ZAB5-0626-SM-5PNVB",5.082
"LUAD","Normal","GTEX-PLZ6-0426-SM-5IJDW",4.785
"LUAD","Normal","GTEX-13OW6-0826-SM-5L3GA",5.033
"LUAD","Normal","GTEX-WOFM-0126-SM-3MJFE",5.091
"LUAD","Normal","GTEX-131XE-0726-SM-5HL9K",4.938
"LUAD","Normal","GTEX-OOBK-0526-SM-2HMJJ",6.241
"LUAD","Normal","GTEX-11EQ9-0226-SM-5A5JX",6.306
"LUAD","Normal","GTEX-ZDTT-0926-SM-5J2MS",5.175
"LUAD","Normal","GTEX-WHSB-0326-SM-5FQSD",5.218
"LUAD","Normal","GTEX-111YS-0626-SM-5GZXV",4.744
"LUAD","Normal","GTEX-11LCK-0426-SM-5A5M8",5.928
"LUAD","Normal","GTEX-14E7W-1326-SM-5RQIV",4.723
"LUAD","Normal","GTEX-QXCU-0626-SM-2TC69",5.481
"LUAD","Normal","GTEX-147JS-1226-SM-5RQK4",5.348
"LUAD","Normal","GTEX-13JVG-1426-SM-5MR4W",5.044
"LUAD","Normal","GTEX-WH7G-0726-SM-3NMBM",4.972
"LUAD","Normal","GTEX-WFJO-0326-SM-3GIL3",5.024
"LUAD","Normal","GTEX-11OF3-1126-SM-5986C",4.407
"LUAD","Normal","GTEX-OXRL-0526-SM-2I3EZ",5.515
"LUAD","Normal","GTEX-Q2AH-0426-SM-2I3EP",5.872
"LUAD","Normal","GTEX-ZDYS-0426-SM-5IJEQ",5.025
"LUAD","Normal","GTEX-14DAR-0226-SM-5S2PR",5.186
"LUAD","Normal","GTEX-WHSB-0326-SM-3LK6K",5.386
"LUAD","Normal","GTEX-X5EB-0426-SM-46MVY",5.382
"LUAD","Normal","GTEX-13111-0426-SM-5DUXR",5.604
"LUAD","Normal","GTEX-146FQ-0926-SM-5LUAV",5.501
"LUAD","Normal","GTEX-O5YW-0526-SM-2YUMX",5.457
"LUAD","Normal","GTEX-XGQ4-0826-SM-4AT4T",5.404
"LUAD","Normal","GTEX-139UW-0226-SM-5K7WU",4.816
"LUAD","Normal","GTEX-YEC4-0526-SM-4W21U",5.495
"LUAD","Normal","GTEX-OHPJ-1026-SM-2HMLE",5.613
"LUAD","Normal","GTEX-ZT9X-0326-SM-51MTE",5.965
"LUAD","Normal","GTEX-11NSD-0326-SM-5A5LS",5.2
"LUAD","Normal","GTEX-132NY-1226-SM-5PNVF",5.183
"LUAD","Normal","GTEX-YFCO-0426-SM-4W1Z7",5.49
"LUAD","Normal","GTEX-OIZG-0526-SM-2HMLF",5.141
"LUAD","Normal","GTEX-OOBJ-0526-SM-48TDK",5.449
"LUAD","Normal","GTEX-1339X-0626-SM-5IJER",6.022
"LUAD","Normal","GTEX-13OW8-1726-SM-5L3GO",4.996
"LUAD","Normal","GTEX-ZTTD-1126-SM-51MRP",5.41
"LUAD","Normal","GTEX-131XH-0426-SM-5DUWU",4.682
"LUAD","Normal","GTEX-XBEW-0226-SM-4AT6A",5.38
"LUAD","Normal","GTEX-YB5E-0726-SM-4VDSH",5.156
"LUAD","Normal","GTEX-13YAN-1026-SM-5O9CF",5.182
"LUAD","Normal","GTEX-U3ZM-0426-SM-57WG1",5.528
"LUAD","Normal","GTEX-12WSH-0126-SM-5GCO3",5.048
"LUAD","Normal","GTEX-WH7G-0726-SM-5EQ6C",5.005
"LUAD","Normal","GTEX-U3ZM-0426-SM-59HKR",5.591
"LUAD","Normal","GTEX-QDVN-0726-SM-2I3FO",5.827
"LUAD","Normal","GTEX-13OVH-1026-SM-5J2NP",5.234
"LUAD","Normal","GTEX-P44H-1126-SM-48TBU",4.892
"LUAD","Normal","GTEX-WHSB-0326-SM-5GICB",5.193
"LUAD","Normal","GTEX-ZA64-0326-SM-5HL8T",5.321
"LUAD","Normal","GTEX-XBED-0826-SM-47JYC",5.758
"LUAD","Normal","GTEX-148VJ-0826-SM-5LU8V",4.878
"LUAD","Normal","GTEX-131XF-1026-SM-5BC6A",4.779
"LUAD","Normal","GTEX-145MN-0926-SM-5NQBT",5.254
"LUAD","Normal","GTEX-QEG5-1126-SM-5SI88",5.79
"LUAD","Normal","GTEX-S4Z8-0426-SM-3K2AH",6.279
"LUAD","Normal","GTEX-WH7G-0726-SM-5EGIX",5.042
"LUAD","Normal","GTEX-Y3I4-0426-SM-4TT29",6.158
"LUAD","Normal","GTEX-144GN-0426-SM-5O9AP",5.614
"LUAD","Normal","GTEX-11NV4-1126-SM-5HL6J",4.515
"LUAD","Normal","GTEX-13NZA-1426-SM-5KM4Y",5.297
"LUAD","Normal","GTEX-13RTJ-1126-SM-5S2UJ",5.278
"LUAD","Normal","GTEX-XQ8I-1126-SM-4BOO2",5.651
"LUAD","Normal","GTEX-145LT-0326-SM-5LUAD",6.404
"LUAD","Normal","GTEX-RVPV-1726-SM-2TF5W",4.957
"LUAD","Normal","GTEX-144GO-0226-SM-5LUB1",5.185
"LUAD","Normal","GTEX-XXEK-0626-SM-4BRWE",5.708
"LUAD","Normal","GTEX-11P7K-0326-SM-59871",5.528
"LUAD","Normal","GTEX-S4Q7-0426-SM-3K2BJ",5.814
"LUAD","Normal","GTEX-144GM-0126-SM-5Q5AX",5.588
"LUAD","Normal","GTEX-NPJ8-0326-SM-2D7VV",5.586
"LUAD","Normal","GTEX-REY6-0426-SM-2TF5G",5.204
"LUAD","Normal","GTEX-RUSQ-0626-SM-2TF5V",5.981
"LUAD","Normal","GTEX-QV44-0926-SM-2S1RH",5.736
"LUAD","Normal","GTEX-11WQK-1226-SM-5GU5Z",5.764
"LUAD","Normal","GTEX-WFG8-0926-SM-3GIKJ",5.931
"LUAD","Normal","GTEX-SIU8-0926-SM-2XCDO",5.359
"LUAD","Normal","GTEX-PSDG-1126-SM-2S1ON",5.731
"LUAD","Normal","GTEX-NPJ8-0326-SM-26GMG",4.635
"LUAD","Normal","GTEX-R55D-0926-SM-3GAEU",4.878
"LUAD","Normal","GTEX-SUCS-0626-SM-5CHQE",-9.966
"LUAD","Normal","GTEX-131YS-0926-SM-5IJB9",4.515
"LUAD","Normal","GTEX-X4EO-0926-SM-3P5Z2",5.314
"LUAD","Normal","GTEX-YJ8O-1826-SM-5HL82",4.839
"LUAD","Normal","GTEX-13QBU-0726-SM-5J2OA",6.745
"LUAD","Normal","GTEX-131XW-1126-SM-5EGK4",4.566
"LUAD","Normal","GTEX-RNOR-0726-SM-2TF5I",4.901
"LUAD","Normal","GTEX-ZVZQ-1526-SM-5N9G6",4.917
"LUAD","Normal","GTEX-TMMY-0926-SM-4TT1Z",5.18
"LUAD","Normal","GTEX-Y5V5-0826-SM-4VBQD",5.15
"LUAD","Normal","GTEX-TMMY-0926-SM-33HBG",4.703
"LUAD","Normal","GTEX-13JUV-0526-SM-5K7XE",5.153
"LUAD","Normal","GTEX-XOT4-1426-SM-4B65T",4.902
"LUAD","Normal","GTEX-WYBS-1126-SM-3NMAM",5.554
"LUAD","Normal","GTEX-12WSD-0826-SM-5GCNE",5.553
"LUAD","Normal","GTEX-WRHU-0226-SM-3MJFV",4.907
"LUAD","Normal","GTEX-OXRP-0526-SM-2I3EW",5.786
"LUAD","Normal","GTEX-X4EP-0526-SM-3P5YW",5.555
"LUAD","Normal","GTEX-11ZTS-1226-SM-5EQMQ",4.387
"LUAD","Normal","GTEX-148VI-0226-SM-5RQKA",5.151
"LUAD","Normal","GTEX-ZE7O-0826-SM-57WCP",5.303
"LUAD","Normal","GTEX-13FTY-0126-SM-5J2NZ",5.11
"LUAD","Normal","GTEX-146FH-1226-SM-5NQB6",4.99
"LUAD","Normal","GTEX-13U4I-1426-SM-5J2M3",4.983
"LUAD","Normal","GTEX-PLZ4-0726-SM-2TC6Q",5.569
"LUAD","Normal","GTEX-ZF2S-0626-SM-4WKH2",4.633
"LUAD","Normal","GTEX-OXRO-0326-SM-33HBM",5.04
"LUAD","Normal","GTEX-OHPL-0526-SM-3NM8U",5.33
"LUAD","Normal","GTEX-PX3G-0526-SM-2I3EM",5.535
"LUAD","Normal","GTEX-UJHI-0726-SM-3DB92",5.587
"LUAD","Normal","GTEX-YFC4-1126-SM-5RQJN",4.929
"LUAD","Normal","GTEX-Q734-0626-SM-2I3EF",4.98
"LUAD","Normal","GTEX-12WSG-0326-SM-5FQU3",5.263
"LUAD","Normal","GTEX-OXRK-0926-SM-2HMKP",4.819
"LUAD","Normal","GTEX-ZYVF-1726-SM-5E443",5.287
"LUAD","Normal","GTEX-XMD2-1026-SM-4WWE8",4.679
"LUAD","Normal","GTEX-T6MO-0426-SM-32QOI",5.512
"LUAD","Normal","GTEX-UPIC-0826-SM-3GADQ",5.43
"LUAD","Normal","GTEX-11I78-0126-SM-5HL6F",5.454
"LUAD","Normal","GTEX-RWS6-0226-SM-2XCA9",5.267
"LUAD","Normal","GTEX-1399U-0826-SM-5KM1P",5.177
"LUAD","Normal","GTEX-N7MT-0126-SM-2D7VT",5.267
"LUAD","Normal","GTEX-TMMY-0926-SM-4WKH4",5.021
"LUAD","Normal","GTEX-NL3G-0526-SM-4RTWW",5.415
"LUAD","Normal","GTEX-ZVT3-0926-SM-5GICK",4.878
"LUAD","Normal","GTEX-WWYW-0926-SM-3NB2Z",5.358
"LUAD","Normal","GTEX-1313W-0926-SM-5EQ56",4.713
"LUAD","Normal","GTEX-13PL7-1726-SM-5J2NX",5.228
"LUAD","Normal","GTEX-WYVS-0526-SM-3NM9W",5.646
"LUAD","Normal","GTEX-TMMY-0926-SM-4VBQZ",5.053
"LUAD","Normal","GTEX-11P81-0226-SM-5HL5M",5.128
"LUAD","Normal","GTEX-SN8G-0926-SM-4DM5I",4.618
"LUAD","Normal","GTEX-ZLWG-0626-SM-4WWFR",5.751
"LUAD","Normal","GTEX-P4QT-0526-SM-2I3EX",5.516
"LUAD","Normal","GTEX-RTLS-0926-SM-2TF5X",5.064
"LUAD","Normal","GTEX-QCQG-0326-SM-2I3ES",5.756
"LUAD","Normal","GTEX-ZZPU-0526-SM-5E44U",5.403
"LUAD","Normal","GTEX-147F3-0726-SM-5NQ9U",5.351
"LUAD","Normal","GTEX-Y5LM-0726-SM-4VBRP",5.533
"LUAD","Normal","GTEX-S341-0326-SM-2XCAU",5.066
"LUAD","Normal","GTEX-13NZ8-0326-SM-5L3DF",5.348
"LUAD","Normal","GTEX-13VXT-1426-SM-5LU4B",5.425
"LUAD","Normal","GTEX-ZYFG-0226-SM-5GIDT",4.913
"LUAD","Normal","GTEX-12WSK-0826-SM-5CVNP",5.002
"LUAD","Normal","GTEX-13FTX-0326-SM-5J2NG",5.481
"LUAD","Normal","GTEX-OHPL-0526-SM-2HMIX",5.352
"LUAD","Normal","GTEX-S32W-0326-SM-2XCBI",5.076
"LUAD","Normal","GTEX-13QJC-0526-SM-5RQKB",4.924
"LUAD","Normal","GTEX-145LS-1226-SM-5Q5D9",5.666
"LUAD","Normal","GTEX-1399S-1726-SM-5L3DI",5.459
"LUAD","Normal","GTEX-ZF29-1026-SM-4WKGC",5.323
"LUAD","Normal","GTEX-Y3IK-0626-SM-4WWE4",5.726
"LUAD","Normal","GTEX-Y8LW-0326-SM-4VBQ9",5.067
"LUAD","Normal","GTEX-13O3O-0726-SM-5J1N7",4.392
"LUAD","Normal","GTEX-OHPL-0526-SM-4M1XS",5.085
"LUAD","Normal","GTEX-O5YV-0526-SM-2D7VZ",5.649
"LUAD","Normal","GTEX-O5YV-0526-SM-26GN1",1.868
"LUAD","Normal","GTEX-RU72-0526-SM-2TF5Z",5.004
"LUAD","Normal","GTEX-12WSJ-0226-SM-5GCP7",5.723
"LUAD","Normal","GTEX-1122O-0126-SM-5GICA",5.319
"LUAD","Normal","GTEX-TSE9-0726-SM-3DB8C",4.791
"LUAD","Normal","GTEX-11EMC-0126-SM-5EGKV",4.641
"LUAD","Normal","GTEX-XYKS-0526-SM-4BRW2",6.522
"LUAD","Normal","GTEX-ZPIC-0626-SM-57WDY",5.542
"LUAD","Normal","GTEX-13113-0426-SM-5GCOD",5.408
"LUAD","Normal","GTEX-RU1J-0126-SM-2TF6Y",6.039
"LUAD","Normal","GTEX-XV7Q-0426-SM-4BRVN",6.57
"LUAD","Normal","GTEX-13D11-0326-SM-5LZXX",5.63
"LUAD","Normal","GTEX-R3RS-1026-SM-3GADF",5.18
"LUAD","Normal","GTEX-N7MT-0126-SM-26GMB",4.593
"LUAD","Normal","GTEX-R55G-0826-SM-2TC5U",5.942
"LUAD","Normal","GTEX-1211K-0826-SM-5FQUP",5.931
"LUAD","Normal","GTEX-13OVJ-0726-SM-5KM1W",5.289
"LUAD","Normal","GTEX-11ILO-0726-SM-5HL5I",5.447
"LUAD","Normal","GTEX-N7MT-0126-SM-26GMS",1.057
"LUAD","Normal","GTEX-SE5C-0526-SM-2XCE1",5.244
"LUAD","Normal","GTEX-PWOO-0726-SM-2I3EB",5.864
"LUAD","Normal","GTEX-S7SF-0426-SM-3K2B7",6.395
"LUAD","Normal","GTEX-1269C-0926-SM-5FQSR",4.667
"LUAD","Normal","GTEX-13CF3-0426-SM-5IJEU",5.957
"LUAD","Normal","GTEX-O5YV-0526-SM-26GMJ",4.463
"LUSC","Tumor","TCGA-77-A5GB-01",5.685
"LUSC","Tumor","TCGA-43-6771-01",5.316
"LUSC","Tumor","TCGA-34-2608-01",4.273
"LUSC","Tumor","TCGA-56-7580-01",6.09
"LUSC","Tumor","TCGA-56-8624-01",5.017
"LUSC","Tumor","TCGA-68-7756-01",4.875
"LUSC","Tumor","TCGA-85-A4JC-01",5.148
"LUSC","Tumor","TCGA-18-3416-01",5.691
"LUSC","Tumor","TCGA-33-AASD-01",5.264
"LUSC","Tumor","TCGA-56-7582-01",5.066
"LUSC","Tumor","TCGA-96-7544-01",5.035
"LUSC","Tumor","TCGA-18-3410-01",5.357
"LUSC","Tumor","TCGA-22-4609-01",5.777
"LUSC","Tumor","TCGA-22-5482-01",5.369
"LUSC","Tumor","TCGA-46-6026-01",6.938
"LUSC","Tumor","TCGA-56-A5DR-01",4.81
"LUSC","Tumor","TCGA-77-A5GH-01",5.078
"LUSC","Tumor","TCGA-22-4591-01",5.449
"LUSC","Tumor","TCGA-33-6738-01",5.344
"LUSC","Tumor","TCGA-34-A5IX-01",6.017
"LUSC","Tumor","TCGA-94-7943-01",5.511
"LUSC","Tumor","TCGA-22-5478-01",6.389
"LUSC","Tumor","TCGA-34-5241-01",4.067
"LUSC","Tumor","TCGA-56-7221-01",5.661
"LUSC","Tumor","TCGA-56-8308-01",5.945
"LUSC","Tumor","TCGA-66-2770-01",5.548
"LUSC","Tumor","TCGA-77-6842-01",5.835
"LUSC","Tumor","TCGA-NC-A5HD-01",5.765
"LUSC","Tumor","TCGA-22-5473-01",6.133
"LUSC","Tumor","TCGA-43-5668-01",4.787
"LUSC","Tumor","TCGA-56-8628-01",5.646
"LUSC","Tumor","TCGA-56-A62T-01",6.266
"LUSC","Tumor","TCGA-63-A5MS-01",2.607
"LUSC","Tumor","TCGA-68-8251-01",6.181
"LUSC","Tumor","TCGA-O2-A52N-01",5.191
"LUSC","Tumor","TCGA-18-3415-01",4.44
"LUSC","Tumor","TCGA-21-1078-01",5.116
"LUSC","Tumor","TCGA-21-A5DI-01",5.591
"LUSC","Tumor","TCGA-22-4593-01",6.301
"LUSC","Tumor","TCGA-98-A53J-01",5.677
"LUSC","Tumor","TCGA-NC-A5HN-01",5.319
"LUSC","Tumor","TCGA-NK-A5CR-01",6.484
"LUSC","Tumor","TCGA-21-5783-01",5.832
"LUSC","Tumor","TCGA-22-1000-01",4.695
"LUSC","Tumor","TCGA-39-5022-01",5.251
"LUSC","Tumor","TCGA-39-5039-01",4.885
"LUSC","Tumor","TCGA-43-6773-01",4.847
"LUSC","Tumor","TCGA-46-3767-01",4.457
"LUSC","Tumor","TCGA-63-A5MW-01",5.689
"LUSC","Tumor","TCGA-77-8143-01",6.774
"LUSC","Tumor","TCGA-77-A5GA-01",5.792
"LUSC","Tumor","TCGA-NC-A5HM-01",5.661
"LUSC","Tumor","TCGA-21-1072-01",5.533
"LUSC","Tumor","TCGA-21-1083-01",5.836
"LUSC","Tumor","TCGA-22-4607-01",3.769
"LUSC","Tumor","TCGA-22-5471-01",5.767
"LUSC","Tumor","TCGA-34-5239-01",5.424
"LUSC","Tumor","TCGA-39-5028-01",5.035
"LUSC","Tumor","TCGA-56-7822-01",5.009
"LUSC","Tumor","TCGA-58-8386-01",6.023
"LUSC","Tumor","TCGA-66-2769-01",4.659
"LUSC","Tumor","TCGA-77-7463-01",4.654
"LUSC","Tumor","TCGA-77-A5G1-01",5.009
"LUSC","Tumor","TCGA-18-3409-01",4.999
"LUSC","Tumor","TCGA-18-4721-01",5.578
"LUSC","Tumor","TCGA-22-5474-01",5.695
"LUSC","Tumor","TCGA-22-5483-01",6.113
"LUSC","Tumor","TCGA-22-5491-01",5.692
"LUSC","Tumor","TCGA-52-7809-01",5.781
"LUSC","Tumor","TCGA-56-5897-01",4.811
"LUSC","Tumor","TCGA-56-8201-01",5.515
"LUSC","Tumor","TCGA-56-8504-01",6.248
"LUSC","Tumor","TCGA-60-2725-01",5.328
"LUSC","Tumor","TCGA-63-A5MT-01",4.762
"LUSC","Tumor","TCGA-68-7757-01",5.923
"LUSC","Tumor","TCGA-77-6843-01",6.609
"LUSC","Tumor","TCGA-77-6844-01",5.73
"LUSC","Tumor","TCGA-77-8133-01",5.695
"LUSC","Tumor","TCGA-77-8138-01",4.883
"LUSC","Tumor","TCGA-85-A4JB-01",5.925
"LUSC","Tumor","TCGA-NC-A5HF-01",6.207
"LUSC","Tumor","TCGA-18-3414-01",5.171
"LUSC","Tumor","TCGA-18-3419-01",5.925
"LUSC","Tumor","TCGA-22-1011-01",5.016
"LUSC","Tumor","TCGA-22-4604-01",5.635
"LUSC","Tumor","TCGA-33-4583-01",5.369
"LUSC","Tumor","TCGA-39-5027-01",6.423
"LUSC","Tumor","TCGA-39-5036-01",5.477
"LUSC","Tumor","TCGA-43-8116-01",6.321
"LUSC","Tumor","TCGA-56-7730-01",6.243
"LUSC","Tumor","TCGA-58-A46L-01",4.915
"LUSC","Tumor","TCGA-60-2703-01",4.467
"LUSC","Tumor","TCGA-60-2704-01",4.94
"LUSC","Tumor","TCGA-60-2721-01",5.533
"LUSC","Tumor","TCGA-66-2789-01",5.133
"LUSC","Tumor","TCGA-77-8145-01",5.922
"LUSC","Tumor","TCGA-85-7699-01",5.326
"LUSC","Tumor","TCGA-85-8664-01",5.885
"LUSC","Tumor","TCGA-94-7033-01",5.006
"LUSC","Tumor","TCGA-94-7557-01",5.3
"LUSC","Tumor","TCGA-94-8491-01",6.017
"LUSC","Tumor","TCGA-96-7545-01",5.26
"LUSC","Tumor","TCGA-98-7454-01",4.029
"LUSC","Tumor","TCGA-NC-A5HL-01",5.312
"LUSC","Tumor","TCGA-NK-A5CX-01",4.763
"LUSC","Tumor","TCGA-18-3407-01",5.323
"LUSC","Tumor","TCGA-34-5231-01",6.794
"LUSC","Tumor","TCGA-56-8305-01",6.024
"LUSC","Tumor","TCGA-66-2737-01",4.756
"LUSC","Tumor","TCGA-66-2790-01",5.021
"LUSC","Tumor","TCGA-77-8131-01",5.821
"LUSC","Tumor","TCGA-77-8139-01",5.92
"LUSC","Tumor","TCGA-77-8146-01",5.604
"LUSC","Tumor","TCGA-85-8287-01",4.648
"LUSC","Tumor","TCGA-85-8351-01",5.909
"LUSC","Tumor","TCGA-85-8353-01",5.889
"LUSC","Tumor","TCGA-21-1079-01",5.406
"LUSC","Tumor","TCGA-22-0940-01",4.168
"LUSC","Tumor","TCGA-33-6737-01",5.522
"LUSC","Tumor","TCGA-43-3920-01",4.134
"LUSC","Tumor","TCGA-43-7656-01",5.26
"LUSC","Tumor","TCGA-46-6025-01",6.046
"LUSC","Tumor","TCGA-56-8623-01",5.05
"LUSC","Tumor","TCGA-66-2744-01",6.238
"LUSC","Tumor","TCGA-66-2758-01",5.627
"LUSC","Tumor","TCGA-66-2777-01",4.807
"LUSC","Tumor","TCGA-66-2782-01",4.247
"LUSC","Tumor","TCGA-85-7844-01",5.563
"LUSC","Tumor","TCGA-85-8070-01",5.385
"LUSC","Tumor","TCGA-85-8584-01",5.078
"LUSC","Tumor","TCGA-92-7341-01",5.756
"LUSC","Tumor","TCGA-L3-A4E7-01",5.792
"LUSC","Tumor","TCGA-LA-A7SW-01",6.487
"LUSC","Tumor","TCGA-22-A5C4-01",6.222
"LUSC","Tumor","TCGA-34-2596-01",6.395
"LUSC","Tumor","TCGA-34-7107-01",6.101
"LUSC","Tumor","TCGA-39-5019-01",4.971
"LUSC","Tumor","TCGA-39-5021-01",4.92
"LUSC","Tumor","TCGA-43-5670-01",5.245
"LUSC","Tumor","TCGA-43-6143-01",6.45
"LUSC","Tumor","TCGA-56-A4BX-01",5.872
"LUSC","Tumor","TCGA-58-8390-01",5.335
"LUSC","Tumor","TCGA-58-8392-01",6.203
"LUSC","Tumor","TCGA-60-2707-01",4.742
"LUSC","Tumor","TCGA-66-2742-01",4.885
"LUSC","Tumor","TCGA-66-2800-01",5.657
"LUSC","Tumor","TCGA-77-8144-01",5.612
"LUSC","Tumor","TCGA-77-A5G8-01",5.931
"LUSC","Tumor","TCGA-77-A5GF-01",7.035
"LUSC","Tumor","TCGA-85-8277-01",6.809
"LUSC","Tumor","TCGA-85-8288-01",6.578
"LUSC","Tumor","TCGA-85-8481-01",5.005
"LUSC","Tumor","TCGA-90-7964-01",5.622
"LUSC","Tumor","TCGA-94-8490-01",6.227
"LUSC","Tumor","TCGA-98-8023-01",5.026
"LUSC","Tumor","TCGA-98-A53A-01",5.526
"LUSC","Tumor","TCGA-J1-A4AH-01",6.144
"LUSC","Tumor","TCGA-NC-A5HQ-01",5.228
"LUSC","Tumor","TCGA-NK-A5CT-01",5.387
"LUSC","Tumor","TCGA-21-1081-01",5.814
"LUSC","Tumor","TCGA-22-1002-01",5.26
"LUSC","Tumor","TCGA-37-3792-01",4.598
"LUSC","Tumor","TCGA-56-5898-01",5.319
"LUSC","Tumor","TCGA-60-2709-01",5.129
"LUSC","Tumor","TCGA-63-A5MV-01",5.578
"LUSC","Tumor","TCGA-66-2753-01",5.713
"LUSC","Tumor","TCGA-66-2773-01",5.907
"LUSC","Tumor","TCGA-77-6845-01",6.012
"LUSC","Tumor","TCGA-77-8130-01",6.061
"LUSC","Tumor","TCGA-90-A4ED-01",5.618
"LUSC","Tumor","TCGA-98-A53B-01",4.816
"LUSC","Tumor","TCGA-NC-A5HP-01",5.491
"LUSC","Tumor","TCGA-NC-A5HT-01",6.097
"LUSC","Tumor","TCGA-33-4532-01",5.278
"LUSC","Tumor","TCGA-33-4547-01",4.639
"LUSC","Tumor","TCGA-37-4135-01",3.509
"LUSC","Tumor","TCGA-52-7812-01",6.273
"LUSC","Tumor","TCGA-56-8622-01",5.448
"LUSC","Tumor","TCGA-63-A5MG-01",4.545
"LUSC","Tumor","TCGA-63-A5MH-01",6.023
"LUSC","Tumor","TCGA-63-A5ML-01",6.022
"LUSC","Tumor","TCGA-66-2756-01",5.412
"LUSC","Tumor","TCGA-66-2793-01",6.81
"LUSC","Tumor","TCGA-66-2795-01",3.595
"LUSC","Tumor","TCGA-77-8007-01",6.036
"LUSC","Tumor","TCGA-77-8008-01",5.203
"LUSC","Tumor","TCGA-77-8009-01",6.99
"LUSC","Tumor","TCGA-77-8148-01",6.667
"LUSC","Tumor","TCGA-85-A4QQ-01",5.598
"LUSC","Tumor","TCGA-98-A53D-01",5.28
"LUSC","Tumor","TCGA-LA-A446-01",7.151
"LUSC","Tumor","TCGA-21-1071-01",5.195
"LUSC","Tumor","TCGA-22-5472-01",5.361
"LUSC","Tumor","TCGA-33-A5GW-01",5.23
"LUSC","Tumor","TCGA-34-8455-01",5.435
"LUSC","Tumor","TCGA-39-5029-01",4.981
"LUSC","Tumor","TCGA-52-7811-01",5.264
"LUSC","Tumor","TCGA-56-6546-01",5.392
"LUSC","Tumor","TCGA-56-A49D-01",5.68
"LUSC","Tumor","TCGA-66-2754-01",6.03
"LUSC","Tumor","TCGA-66-2781-01",5.088
"LUSC","Tumor","TCGA-66-2783-01",5.958
"LUSC","Tumor","TCGA-77-7138-01",5.378
"LUSC","Tumor","TCGA-77-8154-01",6.595
"LUSC","Tumor","TCGA-85-8352-01",6.676
"LUSC","Tumor","TCGA-85-A4QR-01",6.397
"LUSC","Tumor","TCGA-98-A538-01",6.392
"LUSC","Tumor","TCGA-21-1080-01",5.192
"LUSC","Tumor","TCGA-33-4538-01",6.002
"LUSC","Tumor","TCGA-33-AASB-01",7.078
"LUSC","Tumor","TCGA-43-A474-01",6.381
"LUSC","Tumor","TCGA-56-7223-01",5.69
"LUSC","Tumor","TCGA-56-8309-01",5.254
"LUSC","Tumor","TCGA-56-A4BY-01",6.393
"LUSC","Tumor","TCGA-60-2722-01",6.302
"LUSC","Tumor","TCGA-66-2759-01",5.133
"LUSC","Tumor","TCGA-66-2791-01",4.985
"LUSC","Tumor","TCGA-68-8250-01",6.309
"LUSC","Tumor","TCGA-77-A5G6-01",5.769
"LUSC","Tumor","TCGA-85-6561-01",5.58
"LUSC","Tumor","TCGA-85-8479-01",5.272
"LUSC","Tumor","TCGA-NK-A7XE-01",5.635
"LUSC","Tumor","TCGA-18-3417-01",4.11
"LUSC","Tumor","TCGA-18-3421-01",5.304
"LUSC","Tumor","TCGA-21-5787-01",5.595
"LUSC","Tumor","TCGA-22-1016-01",5.587
"LUSC","Tumor","TCGA-22-5477-01",6.515
"LUSC","Tumor","TCGA-37-3789-01",4.515
"LUSC","Tumor","TCGA-39-5037-01",5.514
"LUSC","Tumor","TCGA-51-4080-01",5.717
"LUSC","Tumor","TCGA-63-A5MI-01",5.567
"LUSC","Tumor","TCGA-66-2780-01",4.354
"LUSC","Tumor","TCGA-66-2785-01",5.067
"LUSC","Tumor","TCGA-70-6723-01",5.314
"LUSC","Tumor","TCGA-77-7337-01",4.544
"LUSC","Tumor","TCGA-85-8666-01",6.086
"LUSC","Tumor","TCGA-85-A4CL-01",5.294
"LUSC","Tumor","TCGA-96-A4JK-01",6.704
"LUSC","Tumor","TCGA-18-4086-01",4.951
"LUSC","Tumor","TCGA-21-1077-01",5.359
"LUSC","Tumor","TCGA-21-5786-01",5.421
"LUSC","Tumor","TCGA-22-5479-01",5.804
"LUSC","Tumor","TCGA-22-5489-01",4.546
"LUSC","Tumor","TCGA-37-5819-01",5.313
"LUSC","Tumor","TCGA-58-A46J-01",6.127
"LUSC","Tumor","TCGA-60-2713-01",5.812
"LUSC","Tumor","TCGA-66-2765-01",4.471
"LUSC","Tumor","TCGA-66-2794-01",6.187
"LUSC","Tumor","TCGA-77-7141-01",5.89
"LUSC","Tumor","TCGA-77-7338-01",5.271
"LUSC","Tumor","TCGA-77-8150-01",6.042
"LUSC","Tumor","TCGA-77-A5FZ-01",4.84
"LUSC","Tumor","TCGA-85-7696-01",5.163
"LUSC","Tumor","TCGA-90-6837-01",5.081
"LUSC","Tumor","TCGA-94-8035-01",6.34
"LUSC","Tumor","TCGA-98-A53I-01",5.613
"LUSC","Tumor","TCGA-18-4083-01",5.504
"LUSC","Tumor","TCGA-22-1005-01",4.482
"LUSC","Tumor","TCGA-37-4133-01",2.854
"LUSC","Tumor","TCGA-56-8629-01",5.635
"LUSC","Tumor","TCGA-63-A5MY-01",5.089
"LUSC","Tumor","TCGA-66-2755-01",5.264
"LUSC","Tumor","TCGA-77-A5G3-01",6.345
"LUSC","Tumor","TCGA-77-A5G7-01",6.274
"LUSC","Tumor","TCGA-85-8355-01",5.698
"LUSC","Tumor","TCGA-85-A53L-01",5.406
"LUSC","Tumor","TCGA-98-A539-01",5.602
"LUSC","Tumor","TCGA-O2-A52W-01",5.797
"LUSC","Tumor","TCGA-22-1017-01",5.685
"LUSC","Tumor","TCGA-60-2698-01",5.786
"LUSC","Tumor","TCGA-63-A5MB-01",6.647
"LUSC","Tumor","TCGA-66-2767-01",4.955
"LUSC","Tumor","TCGA-85-8048-01",5.338
"LUSC","Tumor","TCGA-85-8276-01",6.001
"LUSC","Tumor","TCGA-85-A511-01",6.05
"LUSC","Tumor","TCGA-94-A5I6-01",5.708
"LUSC","Tumor","TCGA-21-1082-01",6.578
"LUSC","Tumor","TCGA-22-0944-01",5.659
"LUSC","Tumor","TCGA-43-A56V-01",5.084
"LUSC","Tumor","TCGA-56-7579-01",4.814
"LUSC","Tumor","TCGA-58-A46M-01",5.375
"LUSC","Tumor","TCGA-85-8350-01",5.546
"LUSC","Tumor","TCGA-85-A4PA-01",5.485
"LUSC","Tumor","TCGA-94-A5I4-01",5.9
"LUSC","Tumor","TCGA-98-8022-01",5.586
"LUSC","Tumor","TCGA-33-A4WN-01",5.206
"LUSC","Tumor","TCGA-33-AASJ-01",6.212
"LUSC","Tumor","TCGA-34-5236-01",5.581
"LUSC","Tumor","TCGA-56-7222-01",5.08
"LUSC","Tumor","TCGA-58-8387-01",4.931
"LUSC","Tumor","TCGA-58-8388-01",5.66
"LUSC","Tumor","TCGA-66-2771-01",4.425
"LUSC","Tumor","TCGA-77-8128-01",6.393
"LUSC","Tumor","TCGA-77-8156-01",6.05
"LUSC","Tumor","TCGA-85-8072-01",6.001
"LUSC","Tumor","TCGA-NC-A5HE-01",5.983
"LUSC","Tumor","TCGA-37-A5EN-01",5.363
"LUSC","Tumor","TCGA-39-5040-01",4.98
"LUSC","Tumor","TCGA-56-8626-01",5.921
"LUSC","Tumor","TCGA-58-A46K-01",6.573
"LUSC","Tumor","TCGA-85-6560-01",5.928
"LUSC","Tumor","TCGA-NC-A5HG-01",5.673
"LUSC","Tumor","TCGA-NC-A5HJ-01",4.98
"LUSC","Tumor","TCGA-46-3768-01",6.142
"LUSC","Tumor","TCGA-56-1622-01",5.802
"LUSC","Tumor","TCGA-60-2706-01",6.111
"LUSC","Tumor","TCGA-66-2792-01",6.143
"LUSC","Tumor","TCGA-77-7465-01",3.793
"LUSC","Tumor","TCGA-85-A5B5-01",6.298
"LUSC","Tumor","TCGA-92-8064-01",5.767
"LUSC","Tumor","TCGA-18-5592-01",5.004
"LUSC","Tumor","TCGA-21-1075-01",5.785
"LUSC","Tumor","TCGA-22-4595-01",5.761
"LUSC","Tumor","TCGA-33-4586-01",5.168
"LUSC","Tumor","TCGA-46-3769-01",5.271
"LUSC","Tumor","TCGA-66-2768-01",4.356
"LUSC","Tumor","TCGA-66-2787-01",5.79
"LUSC","Tumor","TCGA-85-6798-01",7.197
"LUSC","Tumor","TCGA-85-8049-01",5.201
"LUSC","Tumor","TCGA-85-A50Z-01",6.339
"LUSC","Tumor","TCGA-NK-A5D1-01",5.789
"LUSC","Tumor","TCGA-37-4130-01",3.315
"LUSC","Tumor","TCGA-56-8083-01",6.041
"LUSC","Tumor","TCGA-60-2726-01",4.823
"LUSC","Tumor","TCGA-63-A5MP-01",5.363
"LUSC","Tumor","TCGA-66-2788-01",4.713
"LUSC","Tumor","TCGA-77-7139-01",6.054
"LUSC","Tumor","TCGA-90-7767-01",5.454
"LUSC","Tumor","TCGA-33-4582-01",5.156
"LUSC","Tumor","TCGA-51-4081-01",5.834
"LUSC","Tumor","TCGA-56-A4BW-01",4.69
"LUSC","Tumor","TCGA-90-7769-01",6.46
"LUSC","Tumor","TCGA-63-A5MJ-01",6.557
"LUSC","Tumor","TCGA-66-2766-01",4.933
"LUSC","Tumor","TCGA-MF-A522-01",4.917
"LUSC","Tumor","TCGA-37-A5EL-01",6.045
"LUSC","Tumor","TCGA-85-8052-01",6.231
"LUSC","Tumor","TCGA-85-8354-01",6.575
"LUSC","Tumor","TCGA-90-A4EE-01",6.112
"LUSC","Tumor","TCGA-NC-A5HH-01",6.003
"LUSC","Tumor","TCGA-18-3412-01",4.103
"LUSC","Tumor","TCGA-43-3394-01",5.219
"LUSC","Tumor","TCGA-58-A46N-01",6.755
"LUSC","Tumor","TCGA-85-8071-01",6.192
"LUSC","Tumor","TCGA-92-8063-01",5.453
"LUSC","Tumor","TCGA-37-3783-01",3.899
"LUSC","Tumor","TCGA-60-2715-01",5.121
"LUSC","Tumor","TCGA-18-5595-01",6.216
"LUSC","Tumor","TCGA-85-7843-01",6.029
"LUSC","Tumor","TCGA-37-A5EM-01",6.117
"LUSC","Tumor","TCGA-85-7697-01",5.302
"LUSC","Tumor","TCGA-85-8582-01",5.768
"LUSC","Tumor","TCGA-63-A5MU-01",5.332
"LUSC","Tumor","TCGA-85-7698-01",6.139
"LUSC","Tumor","TCGA-60-2724-01",5.729
"LUSC","Tumor","TCGA-70-6722-01",5.634
"LUSC","Tumor","TCGA-85-A50M-01",5.131
"LUSC","Tumor","TCGA-85-7950-01",6.842
"LUSC","Tumor","TCGA-85-A512-01",6.03
"LUSC","Tumor","TCGA-60-2697-01",4.604
"LUSC","Tumor","TCGA-33-4566-01",4.08
"LUSC","Tumor","TCGA-60-2716-01",5.341
"LUSC","Tumor","TCGA-63-5128-01",6.34
"LUSC","Tumor","TCGA-63-5131-01",5.71
"LUSC","Tumor","TCGA-63-6202-01",6.324
"LUSC","Tumor","TCGA-63-7020-01",5.428
"LUSC","Tumor","TCGA-63-7021-01",5.335
"LUSC","Tumor","TCGA-63-7023-01",6.487
"LUSC","Tumor","TCGA-79-5596-01",5.404
"LUSC","Tumor","TCGA-34-5928-01",5.02
"LUSC","Tumor","TCGA-60-2719-01",6.688
"LUSC","Tumor","TCGA-39-5030-01",4.545
"LUSC","Tumor","TCGA-21-5784-01",4.507
"LUSC","Tumor","TCGA-22-1012-01",5.686
"LUSC","Tumor","TCGA-56-8082-01",6.34
"LUSC","Tumor","TCGA-60-2712-01",4.426
"LUSC","Tumor","TCGA-22-4605-01",5.167
"LUSC","Tumor","TCGA-34-5929-01",6.066
"LUSC","Tumor","TCGA-63-A5MN-01",4.234
"LUSC","Tumor","TCGA-96-A4JL-01",5.865
"LUSC","Tumor","TCGA-18-3408-01",3.697
"LUSC","Tumor","TCGA-56-6545-01",5.338
"LUSC","Tumor","TCGA-77-8153-01",6.631
"LUSC","Tumor","TCGA-98-A53C-01",4.832
"LUSC","Tumor","TCGA-XC-AA0X-01",5.462
"LUSC","Tumor","TCGA-33-4533-01",5.544
"LUSC","Tumor","TCGA-34-2600-01",5.611
"LUSC","Tumor","TCGA-39-5031-01",5.147
"LUSC","Tumor","TCGA-43-A56U-01",4.295
"LUSC","Tumor","TCGA-56-8503-01",5.053
"LUSC","Tumor","TCGA-56-A4ZK-01",6.396
"LUSC","Tumor","TCGA-60-2696-01",5.62
"LUSC","Tumor","TCGA-98-A53H-01",5.204
"LUSC","Tumor","TCGA-34-5232-01",5.627
"LUSC","Tumor","TCGA-43-7658-01",6.723
"LUSC","Tumor","TCGA-56-A4ZJ-01",5.465
"LUSC","Tumor","TCGA-96-8170-01",5.544
"LUSC","Tumor","TCGA-NC-A5HR-01",5.916
"LUSC","Tumor","TCGA-O2-A52V-01",6.091
"LUSC","Tumor","TCGA-60-2695-01",6.39
"LUSC","Tumor","TCGA-60-2723-01",5.005
"LUSC","Tumor","TCGA-68-A59J-01",6.263
"LUSC","Tumor","TCGA-77-8136-01",5.759
"LUSC","Tumor","TCGA-85-A510-01",5.721
"LUSC","Tumor","TCGA-92-8065-01",6.117
"LUSC","Tumor","TCGA-22-4599-01",5.005
"LUSC","Tumor","TCGA-22-4601-01",4.968
"LUSC","Tumor","TCGA-22-4613-01",4.948
"LUSC","Tumor","TCGA-22-5492-01",4.773
"LUSC","Tumor","TCGA-34-5240-01",5.425
"LUSC","Tumor","TCGA-39-5034-01",5.29
"LUSC","Tumor","TCGA-51-4079-01",5.685
"LUSC","Tumor","TCGA-56-8304-01",5.681
"LUSC","Tumor","TCGA-68-A59I-01",5.44
"LUSC","Tumor","TCGA-6A-AB49-01",6.68
"LUSC","Tumor","TCGA-22-5481-01",6.468
"LUSC","Tumor","TCGA-39-5035-01",4.338
"LUSC","Tumor","TCGA-43-8115-01",6.043
"LUSC","Tumor","TCGA-51-6867-01",5.361
"LUSC","Tumor","TCGA-56-A5DS-01",5.53
"LUSC","Tumor","TCGA-34-5234-01",3.245
"LUSC","Tumor","TCGA-34-8456-01",6.877
"LUSC","Tumor","TCGA-94-A4VJ-01",6.269
"LUSC","Tumor","TCGA-O2-A5IB-01",6.996
"LUSC","Tumor","TCGA-34-5927-01",6.22
"LUSC","Tumor","TCGA-39-5011-01",5.482
"LUSC","Tumor","TCGA-63-A5MR-01",4.915
"LUSC","Tumor","TCGA-NC-A5HO-01",5.773
"LUSC","Tumor","TCGA-22-4596-01",5.113
"LUSC","Tumor","TCGA-43-6647-01",5.688
"LUSC","Tumor","TCGA-63-A5MM-01",5.021
"LUSC","Tumor","TCGA-77-7140-01",4.889
"LUSC","Tumor","TCGA-21-5782-01",6.171
"LUSC","Tumor","TCGA-43-7657-01",5.221
"LUSC","Tumor","TCGA-58-8393-01",5.603
"LUSC","Tumor","TCGA-66-2778-01",3.892
"LUSC","Tumor","TCGA-66-2786-01",4.348
"LUSC","Tumor","TCGA-NC-A5HI-01",5.382
"LUSC","Tumor","TCGA-43-A475-01",4.912
"LUSC","Tumor","TCGA-60-2710-01",5.6
"LUSC","Tumor","TCGA-96-8169-01",5.457
"LUSC","Tumor","TCGA-22-5480-01",5.322
"LUSC","Tumor","TCGA-56-7731-01",5.385
"LUSC","Tumor","TCGA-56-8625-01",5.861
"LUSC","Tumor","TCGA-60-2714-01",6.229
"LUSC","Tumor","TCGA-77-8140-01",5.505
"LUSC","Tumor","TCGA-90-7766-01",5.246
"LUSC","Tumor","TCGA-33-AASI-01",5.213
"LUSC","Tumor","TCGA-37-4141-01",4.473
"LUSC","Tumor","TCGA-39-5024-01",5.567
"LUSC","Tumor","TCGA-66-2757-01",5.966
"LUSC","Tumor","TCGA-60-2708-01",6.144
"LUSC","Tumor","TCGA-60-2711-01",5.913
"LUSC","Tumor","TCGA-18-3411-01",3.968
"LUSC","Tumor","TCGA-33-4587-01",5.969
"LUSC","Tumor","TCGA-66-2763-01",5.921
"LUSC","Tumor","TCGA-85-6175-01",4.902
"LUSC","Tumor","TCGA-33-4589-01",3.948
"LUSC","Tumor","TCGA-34-8454-01",5.533
"LUSC","Tumor","TCGA-43-2576-01",5.692
"LUSC","Tumor","TCGA-46-3766-01",3.636
"LUSC","Tumor","TCGA-52-7622-01",5.678
"LUSC","Tumor","TCGA-66-2734-01",4.854
"LUSC","Tumor","TCGA-77-7335-01",3.902
"LUSC","Tumor","TCGA-37-4132-01",3.708
"LUSC","Tumor","TCGA-90-A59Q-01",4.521
"LUSC","Tumor","TCGA-21-1070-01",4.282
"LUSC","Tumor","TCGA-22-4594-01",4.107
"LUSC","Tumor","TCGA-52-7810-01",6.415
"LUSC","Tumor","TCGA-60-2720-01",4.887
"LUSC","Tumor","TCGA-68-7755-01",5.994
"LUSC","Tumor","TCGA-85-A513-01",5.271
"LUSC","Tumor","TCGA-33-AAS8-01",6.703
"LUSC","Tumor","TCGA-43-2578-01",5.793
"LUSC","Tumor","TCGA-43-6770-01",6.899
"LUSC","Tumor","TCGA-46-3765-01",5.3
"LUSC","Tumor","TCGA-77-7142-01",4.683
"LUSC","Tumor","TCGA-85-7710-01",5.36
"LUSC","Tumor","TCGA-22-5485-01",6.542
"LUSC","Tumor","TCGA-56-7823-01",6.711
"LUSC","Tumor","TCGA-NC-A5HK-01",5.683
"LUSC","Tumor","TCGA-33-AASL-01",5.067
"LUSC","Tumor","TCGA-58-8391-01",6.302
"LUSC","Tumor","TCGA-O2-A52S-01",6.797
"LUSC","Tumor","TCGA-85-A4CN-01",6.521
"LUSC","Tumor","TCGA-98-8020-01",5.346
"LUSC","Tumor","TCGA-43-8118-01",6.134
"LUSC","Tumor","TCGA-56-8307-01",5.893
"LUSC","Tumor","TCGA-66-2727-01",5.468
"LUSC","Tumor","TCGA-21-1076-01",5.323
"LUSC","Tumor","TCGA-37-4129-01",4.592
"LUSC","Tumor","TCGA-85-8580-01",6.176
"LUSC","Tumor","TCGA-43-2581-01",6.383
"LUSC","Tumor","TCGA-92-7340-01",5.291
"LUSC","Tumor","TCGA-L3-A524-01",6.566
"LUSC","Tumor","TCGA-O2-A52Q-01",5.963
"LUSC","Tumor","TCGA-63-7022-01",5.345
"LUSC","Tumor","TCGA-63-A5M9-01",5.693
"LUSC","Normal","TCGA-43-6771-11",5.195
"LUSC","Normal","TCGA-56-7580-11",4.432
"LUSC","Normal","TCGA-56-7582-11",5.054
"LUSC","Normal","TCGA-22-4609-11",4.988
"LUSC","Normal","TCGA-22-5482-11",4.948
"LUSC","Normal","TCGA-22-5478-11",5.096
"LUSC","Normal","TCGA-22-4593-11",5.07
"LUSC","Normal","TCGA-43-6773-11",5.281
"LUSC","Normal","TCGA-22-5471-11",4.988
"LUSC","Normal","TCGA-58-8386-11",4.288
"LUSC","Normal","TCGA-22-5483-11",5.17
"LUSC","Normal","TCGA-22-5491-11",5.228
"LUSC","Normal","TCGA-56-8201-11",4.99
"LUSC","Normal","TCGA-56-7730-11",5.311
"LUSC","Normal","TCGA-33-6737-11",4.72
"LUSC","Normal","TCGA-56-8623-11",4.97
"LUSC","Normal","TCGA-34-7107-11",4.43
"LUSC","Normal","TCGA-43-5670-11",4.919
"LUSC","Normal","TCGA-43-6143-11",4.787
"LUSC","Normal","TCGA-60-2709-11",3.994
"LUSC","Normal","TCGA-77-8007-11",4.669
"LUSC","Normal","TCGA-77-8008-11",5.525
"LUSC","Normal","TCGA-22-5472-11",5.193
"LUSC","Normal","TCGA-77-7138-11",5.061
"LUSC","Normal","TCGA-56-8309-11",5.187
"LUSC","Normal","TCGA-51-4080-11",4.985
"LUSC","Normal","TCGA-77-7337-11",4.356
"LUSC","Normal","TCGA-22-5489-11",5.206
"LUSC","Normal","TCGA-77-7338-11",4.348
"LUSC","Normal","TCGA-90-6837-11",5.19
"LUSC","Normal","TCGA-56-7222-11",4.522
"LUSC","Normal","TCGA-39-5040-11",4.07
"LUSC","Normal","TCGA-56-8083-11",5.166
"LUSC","Normal","TCGA-90-7767-11",5.096
"LUSC","Normal","TCGA-51-4081-11",4.695
"LUSC","Normal","TCGA-43-3394-11",4.913
"LUSC","Normal","TCGA-56-8082-11",5.111
"LUSC","Normal","TCGA-43-7658-11",5.203
"LUSC","Normal","TCGA-51-4079-11",5.207
"LUSC","Normal","TCGA-22-5481-11",5.23
"LUSC","Normal","TCGA-43-6647-11",5.35
"LUSC","Normal","TCGA-43-7657-11",5.022
"LUSC","Normal","TCGA-56-7731-11",5.26
"LUSC","Normal","TCGA-33-4587-11",4.104
"LUSC","Normal","TCGA-34-8454-11",4.945
"LUSC","Normal","TCGA-77-7335-11",2.951
"LUSC","Normal","TCGA-77-7142-11",4.069
"LUSC","Normal","TCGA-85-7710-11",4.736
"LUSC","Normal","TCGA-56-7823-11",5.265
"LUSC","Normal","TCGA-92-7340-11",4.821
"LUSC","Normal","TCGA-50-5939-11",4.971
"LUSC","Normal","TCGA-49-6745-11",4.09
"LUSC","Normal","TCGA-55-6978-11",5.112
"LUSC","Normal","TCGA-55-6983-11",5.196
"LUSC","Normal","TCGA-91-6829-11",4.843
"LUSC","Normal","TCGA-50-5932-11",5.059
"LUSC","Normal","TCGA-50-5933-11",4.696
"LUSC","Normal","TCGA-55-6972-11",5.018
"LUSC","Normal","TCGA-49-6742-11",4.926
"LUSC","Normal","TCGA-91-6828-11",5.056
"LUSC","Normal","TCGA-91-6831-11",4.411
"LUSC","Normal","TCGA-44-2662-11",5.08
"LUSC","Normal","TCGA-44-6146-11",5.14
"LUSC","Normal","TCGA-55-6968-11",5.198
"LUSC","Normal","TCGA-55-6975-11",4.767
"LUSC","Normal","TCGA-44-6148-11",4.941
"LUSC","Normal","TCGA-44-6778-11",4.512
"LUSC","Normal","TCGA-44-6144-11",5.263
"LUSC","Normal","TCGA-50-5936-11",5.065
"LUSC","Normal","TCGA-55-6980-11",5.182
"LUSC","Normal","TCGA-55-6969-11",5.005
"LUSC","Normal","TCGA-44-2668-11",5.153
"LUSC","Normal","TCGA-50-5930-11",5.051
"LUSC","Normal","TCGA-73-4676-11",4.26
"LUSC","Normal","TCGA-38-4632-11",4.376
"LUSC","Normal","TCGA-50-5935-11",5.023
"LUSC","Normal","TCGA-44-6777-11",5.151
"LUSC","Normal","TCGA-49-6743-11",4.554
"LUSC","Normal","TCGA-91-6835-11",4.98
"LUSC","Normal","TCGA-55-6982-11",5.173
"LUSC","Normal","TCGA-44-3398-11",5.034
"LUSC","Normal","TCGA-50-5931-11",5.056
"LUSC","Normal","TCGA-91-6849-11",5.071
"LUSC","Normal","TCGA-44-2657-11",5.041
"LUSC","Normal","TCGA-44-3396-11",5.175
"LUSC","Normal","TCGA-50-6595-11",5.007
"LUSC","Normal","TCGA-55-6986-11",5.208
"LUSC","Normal","TCGA-55-6984-11",5.034
"LUSC","Normal","TCGA-44-2661-11",5.089
"LUSC","Normal","TCGA-49-4512-11",3.607
"LUSC","Normal","TCGA-49-6761-11",5.076
"LUSC","Normal","TCGA-44-6147-11",4.57
"LUSC","Normal","TCGA-55-6970-11",4.787
"LUSC","Normal","TCGA-38-4625-11",4.728
"LUSC","Normal","TCGA-44-2655-11",5.122
"LUSC","Normal","TCGA-38-4627-11",4.298
"LUSC","Normal","TCGA-49-6744-11",4.94
"LUSC","Normal","TCGA-44-6145-11",4.826
"LUSC","Normal","TCGA-91-6847-11",5.237
"LUSC","Normal","TCGA-44-5645-11",5.175
"LUSC","Normal","TCGA-44-6776-11",5.013
"LUSC","Normal","TCGA-55-6971-11",4.88
"LUSC","Normal","TCGA-55-6979-11",4.865
"LUSC","Normal","TCGA-55-6985-11",4.941
"LUSC","Normal","TCGA-38-4626-11",4.596
"LUSC","Normal","TCGA-44-2665-11",5.326
"LUSC","Normal","TCGA-55-6981-11",5.019
"LUSC","Normal","TCGA-91-6836-11",4.851
"LUSC","Normal","TCGA-49-4490-11",3.597
"LUSC","Normal","GTEX-S33H-0626-SM-2XCBJ",5.328
"LUSC","Normal","GTEX-WZTO-0426-SM-3NM99",5.044
"LUSC","Normal","GTEX-U3ZH-0526-SM-3DB75",4.775
"LUSC","Normal","GTEX-11NUK-0826-SM-5HL4U",4.794
"LUSC","Normal","GTEX-145MH-0626-SM-5NQAK",5.306
"LUSC","Normal","GTEX-13OVL-0626-SM-5KM13",4.716
"LUSC","Normal","GTEX-ZYW4-1526-SM-5SIBA",4.858
"LUSC","Normal","GTEX-12ZZY-0926-SM-5EQ6I",5.181
"LUSC","Normal","GTEX-YECK-0926-SM-4W214",5.073
"LUSC","Normal","GTEX-PVOW-1026-SM-5O9B9",5.193
"LUSC","Normal","GTEX-13FTZ-0526-SM-5IJCW",4.737
"LUSC","Normal","GTEX-ZF28-0726-SM-4WKFU",5.023
"LUSC","Normal","GTEX-12WSE-0826-SM-5S2VL",4.909
"LUSC","Normal","GTEX-11PRG-0926-SM-5EGI8",5.05
"LUSC","Normal","GTEX-111VG-0726-SM-5GIDC",4.981
"LUSC","Normal","GTEX-117YW-0526-SM-5H11C",4.733
"LUSC","Normal","GTEX-13G51-0426-SM-5K7Z5",4.485
"LUSC","Normal","GTEX-13S86-0626-SM-5Q5E7",5.78
"LUSC","Normal","GTEX-QMRM-0826-SM-3NB33",5.267
"LUSC","Normal","GTEX-11DZ1-0426-SM-5H11A",4.651
"LUSC","Normal","GTEX-11EI6-0826-SM-5985V",5.072
"LUSC","Normal","GTEX-11O72-1326-SM-5BC5A",4.965
"LUSC","Normal","GTEX-12WSL-1026-SM-5CVNJ",5.849
"LUSC","Normal","GTEX-ZYT6-0526-SM-5GIEA",4.932
"LUSC","Normal","GTEX-X585-1026-SM-46MW6",5.131
"LUSC","Normal","GTEX-T5JC-0826-SM-32PMC",5.281
"LUSC","Normal","GTEX-POYW-1226-SM-5LU5O",5.102
"LUSC","Normal","GTEX-11ZUS-0126-SM-5EQM5",4.801
"LUSC","Normal","GTEX-1497J-0326-SM-5Q5CN",5.894
"LUSC","Normal","GTEX-T6MN-0826-SM-32PM4",5.054
"LUSC","Normal","GTEX-WHPG-1426-SM-3NMBB",5.284
"LUSC","Normal","GTEX-PW2O-0526-SM-2I3DX",5.611
"LUSC","Normal","GTEX-ZDXO-1326-SM-57WBS",4.72
"LUSC","Normal","GTEX-13O21-3026-SM-5J2NI",5.38
"LUSC","Normal","GTEX-XQ3S-0926-SM-4BOPI",5.151
"LUSC","Normal","GTEX-PVOW-1026-SM-5NQ7M",5.167
"LUSC","Normal","GTEX-13NYB-0626-SM-5MR47",4.865
"LUSC","Normal","GTEX-12WSI-0826-SM-5EGKD",4.892
"LUSC","Normal","GTEX-13N2G-0826-SM-5IJE6",5.36
"LUSC","Normal","GTEX-139T6-0426-SM-5IJEM",5.308
"LUSC","Normal","GTEX-13NZ9-0926-SM-5KM12",5.538
"LUSC","Normal","GTEX-13O3P-1026-SM-5N9E7",5.312
"LUSC","Normal","GTEX-139TT-0726-SM-5K7XW",4.67
"LUSC","Normal","GTEX-ZPU1-0926-SM-57WDO",5.049
"LUSC","Normal","GTEX-13FHP-0726-SM-5K7YI",4.932
"LUSC","Normal","GTEX-RN64-1226-SM-2TC6E",4.839
"LUSC","Normal","GTEX-U3ZM-0426-SM-3DB73",5.364
"LUSC","Normal","GTEX-OIZI-1026-SM-3NB1K",5.077
"LUSC","Normal","GTEX-13O3Q-0526-SM-5KM18",4.57
"LUSC","Normal","GTEX-WYJK-0826-SM-3NM8Y",5.347
"LUSC","Normal","GTEX-QEG4-0526-SM-48TZD",4.812
"LUSC","Normal","GTEX-SIU7-0526-SM-3NM8I",6.437
"LUSC","Normal","GTEX-11WQC-0626-SM-5EQMF",5.168
"LUSC","Normal","GTEX-X4LF-0526-SM-3NMB6",5.363
"LUSC","Normal","GTEX-ZAB4-0626-SM-5CVN3",4.732
"LUSC","Normal","GTEX-RM2N-0426-SM-2TF4T",5.345
"LUSC","Normal","GTEX-13FHO-1026-SM-5KM1Q",4.704
"LUSC","Normal","GTEX-V1D1-0826-SM-3P5ZA",4.869
"LUSC","Normal","GTEX-POYW-1226-SM-5LZWQ",5.273
"LUSC","Normal","GTEX-OIZH-0526-SM-2HMKV",5.848
"LUSC","Normal","GTEX-1477Z-0626-SM-5NQB7",4.484
"LUSC","Normal","GTEX-13OVG-0326-SM-5KM57",5.017
"LUSC","Normal","GTEX-145LU-0526-SM-5O9AT",4.912
"LUSC","Normal","GTEX-WFON-0426-SM-3GIL4",5.218
"LUSC","Normal","GTEX-XBEC-1026-SM-4QASM",5.412
"LUSC","Normal","GTEX-WY7C-0426-SM-3NB3C",5.075
"LUSC","Normal","GTEX-13VXU-2726-SM-5LU4N",5.103
"LUSC","Normal","GTEX-SIU8-0926-SM-5SI87",5.052
"LUSC","Normal","GTEX-WVJS-0826-SM-4MVNR",4.666
"LUSC","Normal","GTEX-YF7O-0626-SM-4W21R",5.302
"LUSC","Normal","GTEX-Y5V6-0226-SM-4V6G7",5.549
"LUSC","Normal","GTEX-13FLV-0426-SM-5KLZA",4.496
"LUSC","Normal","GTEX-ZDTS-1026-SM-4WAXS",4.987
"LUSC","Normal","GTEX-1212Z-1026-SM-5EGJ8",5.005
"LUSC","Normal","GTEX-12584-1426-SM-5EGJ9",4.12
"LUSC","Normal","GTEX-XPVG-1026-SM-4B64Y",5.321
"LUSC","Normal","GTEX-147F4-0926-SM-5Q5EO",4.493
"LUSC","Normal","GTEX-OHPM-0526-SM-2YUMJ",5.578
"LUSC","Normal","GTEX-UPJH-0826-SM-4WKFD",5.152
"LUSC","Normal","GTEX-13O61-0726-SM-5J2MD",5.557
"LUSC","Normal","GTEX-111FC-1126-SM-5GZWU",4.792
"LUSC","Normal","GTEX-ZEX8-0526-SM-4WKH5",5.124
"LUSC","Normal","GTEX-11DXZ-0726-SM-5N9C4",5.594
"LUSC","Normal","GTEX-13PVQ-0926-SM-5IJFD",5.289
"LUSC","Normal","GTEX-ZZPT-1326-SM-5E43H",4.803
"LUSC","Normal","GTEX-NFK9-1026-SM-2HMK1",5.42
"LUSC","Normal","GTEX-QEG5-1126-SM-33HC2",5.682
"LUSC","Normal","GTEX-14A6H-0526-SM-5NQAZ",5.19
"LUSC","Normal","GTEX-13QJ3-1026-SM-5QGQU",4.99
"LUSC","Normal","GTEX-Y9LG-0526-SM-4VBRY",6.102
"LUSC","Normal","GTEX-132QS-0726-SM-5IJE9",6.091
"LUSC","Normal","GTEX-ZT9W-0726-SM-4YCDC",4.915
"LUSC","Normal","GTEX-13N1W-0726-SM-5MR57",5.402
"LUSC","Normal","GTEX-117YX-1326-SM-5H125",5.119
"LUSC","Normal","GTEX-P4PQ-0526-SM-2HMKR",5.409
"LUSC","Normal","GTEX-O5YT-0526-SM-32PK8",5.694
"LUSC","Normal","GTEX-12BJ1-1026-SM-5EGJA",4.879
"LUSC","Normal","GTEX-145MO-1326-SM-5Q5EF",4.757
"LUSC","Normal","GTEX-PLZ6-0426-SM-5IFK2",4.814
"LUSC","Normal","GTEX-13NYS-1626-SM-5J2MU",4.775
"LUSC","Normal","GTEX-QDVN-0726-SM-4B64L",5.426
"LUSC","Normal","GTEX-X4XX-1026-SM-4QARO",5.722
"LUSC","Normal","GTEX-ZUA1-1026-SM-4YCEA",4.689
"LUSC","Normal","GTEX-111CU-0326-SM-5GZXO",5.368
"LUSC","Normal","GTEX-ZAB5-0626-SM-5PNVB",5.082
"LUSC","Normal","GTEX-PLZ6-0426-SM-5IJDW",4.785
"LUSC","Normal","GTEX-13OW6-0826-SM-5L3GA",5.033
"LUSC","Normal","GTEX-WOFM-0126-SM-3MJFE",5.091
"LUSC","Normal","GTEX-131XE-0726-SM-5HL9K",4.938
"LUSC","Normal","GTEX-OOBK-0526-SM-2HMJJ",6.241
"LUSC","Normal","GTEX-11EQ9-0226-SM-5A5JX",6.306
"LUSC","Normal","GTEX-ZDTT-0926-SM-5J2MS",5.175
"LUSC","Normal","GTEX-WHSB-0326-SM-5FQSD",5.218
"LUSC","Normal","GTEX-111YS-0626-SM-5GZXV",4.744
"LUSC","Normal","GTEX-11LCK-0426-SM-5A5M8",5.928
"LUSC","Normal","GTEX-14E7W-1326-SM-5RQIV",4.723
"LUSC","Normal","GTEX-QXCU-0626-SM-2TC69",5.481
"LUSC","Normal","GTEX-147JS-1226-SM-5RQK4",5.348
"LUSC","Normal","GTEX-13JVG-1426-SM-5MR4W",5.044
"LUSC","Normal","GTEX-WH7G-0726-SM-3NMBM",4.972
"LUSC","Normal","GTEX-WFJO-0326-SM-3GIL3",5.024
"LUSC","Normal","GTEX-11OF3-1126-SM-5986C",4.407
"LUSC","Normal","GTEX-OXRL-0526-SM-2I3EZ",5.515
"LUSC","Normal","GTEX-Q2AH-0426-SM-2I3EP",5.872
"LUSC","Normal","GTEX-ZDYS-0426-SM-5IJEQ",5.025
"LUSC","Normal","GTEX-14DAR-0226-SM-5S2PR",5.186
"LUSC","Normal","GTEX-WHSB-0326-SM-3LK6K",5.386
"LUSC","Normal","GTEX-X5EB-0426-SM-46MVY",5.382
"LUSC","Normal","GTEX-13111-0426-SM-5DUXR",5.604
"LUSC","Normal","GTEX-146FQ-0926-SM-5LUAV",5.501
"LUSC","Normal","GTEX-O5YW-0526-SM-2YUMX",5.457
"LUSC","Normal","GTEX-XGQ4-0826-SM-4AT4T",5.404
"LUSC","Normal","GTEX-139UW-0226-SM-5K7WU",4.816
"LUSC","Normal","GTEX-YEC4-0526-SM-4W21U",5.495
"LUSC","Normal","GTEX-OHPJ-1026-SM-2HMLE",5.613
"LUSC","Normal","GTEX-ZT9X-0326-SM-51MTE",5.965
"LUSC","Normal","GTEX-11NSD-0326-SM-5A5LS",5.2
"LUSC","Normal","GTEX-132NY-1226-SM-5PNVF",5.183
"LUSC","Normal","GTEX-YFCO-0426-SM-4W1Z7",5.49
"LUSC","Normal","GTEX-OIZG-0526-SM-2HMLF",5.141
"LUSC","Normal","GTEX-OOBJ-0526-SM-48TDK",5.449
"LUSC","Normal","GTEX-1339X-0626-SM-5IJER",6.022
"LUSC","Normal","GTEX-13OW8-1726-SM-5L3GO",4.996
"LUSC","Normal","GTEX-ZTTD-1126-SM-51MRP",5.41
"LUSC","Normal","GTEX-131XH-0426-SM-5DUWU",4.682
"LUSC","Normal","GTEX-XBEW-0226-SM-4AT6A",5.38
"LUSC","Normal","GTEX-YB5E-0726-SM-4VDSH",5.156
"LUSC","Normal","GTEX-13YAN-1026-SM-5O9CF",5.182
"LUSC","Normal","GTEX-U3ZM-0426-SM-57WG1",5.528
"LUSC","Normal","GTEX-12WSH-0126-SM-5GCO3",5.048
"LUSC","Normal","GTEX-WH7G-0726-SM-5EQ6C",5.005
"LUSC","Normal","GTEX-U3ZM-0426-SM-59HKR",5.591
"LUSC","Normal","GTEX-QDVN-0726-SM-2I3FO",5.827
"LUSC","Normal","GTEX-13OVH-1026-SM-5J2NP",5.234
"LUSC","Normal","GTEX-P44H-1126-SM-48TBU",4.892
"LUSC","Normal","GTEX-WHSB-0326-SM-5GICB",5.193
"LUSC","Normal","GTEX-ZA64-0326-SM-5HL8T",5.321
"LUSC","Normal","GTEX-XBED-0826-SM-47JYC",5.758
"LUSC","Normal","GTEX-148VJ-0826-SM-5LU8V",4.878
"LUSC","Normal","GTEX-131XF-1026-SM-5BC6A",4.779
"LUSC","Normal","GTEX-145MN-0926-SM-5NQBT",5.254
"LUSC","Normal","GTEX-QEG5-1126-SM-5SI88",5.79
"LUSC","Normal","GTEX-S4Z8-0426-SM-3K2AH",6.279
"LUSC","Normal","GTEX-WH7G-0726-SM-5EGIX",5.042
"LUSC","Normal","GTEX-Y3I4-0426-SM-4TT29",6.158
"LUSC","Normal","GTEX-144GN-0426-SM-5O9AP",5.614
"LUSC","Normal","GTEX-11NV4-1126-SM-5HL6J",4.515
"LUSC","Normal","GTEX-13NZA-1426-SM-5KM4Y",5.297
"LUSC","Normal","GTEX-13RTJ-1126-SM-5S2UJ",5.278
"LUSC","Normal","GTEX-XQ8I-1126-SM-4BOO2",5.651
"LUSC","Normal","GTEX-145LT-0326-SM-5LUAD",6.404
"LUSC","Normal","GTEX-RVPV-1726-SM-2TF5W",4.957
"LUSC","Normal","GTEX-144GO-0226-SM-5LUB1",5.185
"LUSC","Normal","GTEX-XXEK-0626-SM-4BRWE",5.708
"LUSC","Normal","GTEX-11P7K-0326-SM-59871",5.528
"LUSC","Normal","GTEX-S4Q7-0426-SM-3K2BJ",5.814
"LUSC","Normal","GTEX-144GM-0126-SM-5Q5AX",5.588
"LUSC","Normal","GTEX-NPJ8-0326-SM-2D7VV",5.586
"LUSC","Normal","GTEX-REY6-0426-SM-2TF5G",5.204
"LUSC","Normal","GTEX-RUSQ-0626-SM-2TF5V",5.981
"LUSC","Normal","GTEX-QV44-0926-SM-2S1RH",5.736
"LUSC","Normal","GTEX-11WQK-1226-SM-5GU5Z",5.764
"LUSC","Normal","GTEX-WFG8-0926-SM-3GIKJ",5.931
"LUSC","Normal","GTEX-SIU8-0926-SM-2XCDO",5.359
"LUSC","Normal","GTEX-PSDG-1126-SM-2S1ON",5.731
"LUSC","Normal","GTEX-NPJ8-0326-SM-26GMG",4.635
"LUSC","Normal","GTEX-R55D-0926-SM-3GAEU",4.878
"LUSC","Normal","GTEX-SUCS-0626-SM-5CHQE",-9.966
"LUSC","Normal","GTEX-131YS-0926-SM-5IJB9",4.515
"LUSC","Normal","GTEX-X4EO-0926-SM-3P5Z2",5.314
"LUSC","Normal","GTEX-YJ8O-1826-SM-5HL82",4.839
"LUSC","Normal","GTEX-13QBU-0726-SM-5J2OA",6.745
"LUSC","Normal","GTEX-131XW-1126-SM-5EGK4",4.566
"LUSC","Normal","GTEX-RNOR-0726-SM-2TF5I",4.901
"LUSC","Normal","GTEX-ZVZQ-1526-SM-5N9G6",4.917
"LUSC","Normal","GTEX-TMMY-0926-SM-4TT1Z",5.18
"LUSC","Normal","GTEX-Y5V5-0826-SM-4VBQD",5.15
"LUSC","Normal","GTEX-TMMY-0926-SM-33HBG",4.703
"LUSC","Normal","GTEX-13JUV-0526-SM-5K7XE",5.153
"LUSC","Normal","GTEX-XOT4-1426-SM-4B65T",4.902
"LUSC","Normal","GTEX-WYBS-1126-SM-3NMAM",5.554
"LUSC","Normal","GTEX-12WSD-0826-SM-5GCNE",5.553
"LUSC","Normal","GTEX-WRHU-0226-SM-3MJFV",4.907
"LUSC","Normal","GTEX-OXRP-0526-SM-2I3EW",5.786
"LUSC","Normal","GTEX-X4EP-0526-SM-3P5YW",5.555
"LUSC","Normal","GTEX-11ZTS-1226-SM-5EQMQ",4.387
"LUSC","Normal","GTEX-148VI-0226-SM-5RQKA",5.151
"LUSC","Normal","GTEX-ZE7O-0826-SM-57WCP",5.303
"LUSC","Normal","GTEX-13FTY-0126-SM-5J2NZ",5.11
"LUSC","Normal","GTEX-146FH-1226-SM-5NQB6",4.99
"LUSC","Normal","GTEX-13U4I-1426-SM-5J2M3",4.983
"LUSC","Normal","GTEX-PLZ4-0726-SM-2TC6Q",5.569
"LUSC","Normal","GTEX-ZF2S-0626-SM-4WKH2",4.633
"LUSC","Normal","GTEX-OXRO-0326-SM-33HBM",5.04
"LUSC","Normal","GTEX-OHPL-0526-SM-3NM8U",5.33
"LUSC","Normal","GTEX-PX3G-0526-SM-2I3EM",5.535
"LUSC","Normal","GTEX-UJHI-0726-SM-3DB92",5.587
"LUSC","Normal","GTEX-YFC4-1126-SM-5RQJN",4.929
"LUSC","Normal","GTEX-Q734-0626-SM-2I3EF",4.98
"LUSC","Normal","GTEX-12WSG-0326-SM-5FQU3",5.263
"LUSC","Normal","GTEX-OXRK-0926-SM-2HMKP",4.819
"LUSC","Normal","GTEX-ZYVF-1726-SM-5E443",5.287
"LUSC","Normal","GTEX-XMD2-1026-SM-4WWE8",4.679
"LUSC","Normal","GTEX-T6MO-0426-SM-32QOI",5.512
"LUSC","Normal","GTEX-UPIC-0826-SM-3GADQ",5.43
"LUSC","Normal","GTEX-11I78-0126-SM-5HL6F",5.454
"LUSC","Normal","GTEX-RWS6-0226-SM-2XCA9",5.267
"LUSC","Normal","GTEX-1399U-0826-SM-5KM1P",5.177
"LUSC","Normal","GTEX-N7MT-0126-SM-2D7VT",5.267
"LUSC","Normal","GTEX-TMMY-0926-SM-4WKH4",5.021
"LUSC","Normal","GTEX-NL3G-0526-SM-4RTWW",5.415
"LUSC","Normal","GTEX-ZVT3-0926-SM-5GICK",4.878
"LUSC","Normal","GTEX-WWYW-0926-SM-3NB2Z",5.358
"LUSC","Normal","GTEX-1313W-0926-SM-5EQ56",4.713
"LUSC","Normal","GTEX-13PL7-1726-SM-5J2NX",5.228
"LUSC","Normal","GTEX-WYVS-0526-SM-3NM9W",5.646
"LUSC","Normal","GTEX-TMMY-0926-SM-4VBQZ",5.053
"LUSC","Normal","GTEX-11P81-0226-SM-5HL5M",5.128
"LUSC","Normal","GTEX-SN8G-0926-SM-4DM5I",4.618
"LUSC","Normal","GTEX-ZLWG-0626-SM-4WWFR",5.751
"LUSC","Normal","GTEX-P4QT-0526-SM-2I3EX",5.516
"LUSC","Normal","GTEX-RTLS-0926-SM-2TF5X",5.064
"LUSC","Normal","GTEX-QCQG-0326-SM-2I3ES",5.756
"LUSC","Normal","GTEX-ZZPU-0526-SM-5E44U",5.403
"LUSC","Normal","GTEX-147F3-0726-SM-5NQ9U",5.351
"LUSC","Normal","GTEX-Y5LM-0726-SM-4VBRP",5.533
"LUSC","Normal","GTEX-S341-0326-SM-2XCAU",5.066
"LUSC","Normal","GTEX-13NZ8-0326-SM-5L3DF",5.348
"LUSC","Normal","GTEX-13VXT-1426-SM-5LU4B",5.425
"LUSC","Normal","GTEX-ZYFG-0226-SM-5GIDT",4.913
"LUSC","Normal","GTEX-12WSK-0826-SM-5CVNP",5.002
"LUSC","Normal","GTEX-13FTX-0326-SM-5J2NG",5.481
"LUSC","Normal","GTEX-OHPL-0526-SM-2HMIX",5.352
"LUSC","Normal","GTEX-S32W-0326-SM-2XCBI",5.076
"LUSC","Normal","GTEX-13QJC-0526-SM-5RQKB",4.924
"LUSC","Normal","GTEX-145LS-1226-SM-5Q5D9",5.666
"LUSC","Normal","GTEX-1399S-1726-SM-5L3DI",5.459
"LUSC","Normal","GTEX-ZF29-1026-SM-4WKGC",5.323
"LUSC","Normal","GTEX-Y3IK-0626-SM-4WWE4",5.726
"LUSC","Normal","GTEX-Y8LW-0326-SM-4VBQ9",5.067
"LUSC","Normal","GTEX-13O3O-0726-SM-5J1N7",4.392
"LUSC","Normal","GTEX-OHPL-0526-SM-4M1XS",5.085
"LUSC","Normal","GTEX-O5YV-0526-SM-2D7VZ",5.649
"LUSC","Normal","GTEX-O5YV-0526-SM-26GN1",1.868
"LUSC","Normal","GTEX-RU72-0526-SM-2TF5Z",5.004
"LUSC","Normal","GTEX-12WSJ-0226-SM-5GCP7",5.723
"LUSC","Normal","GTEX-1122O-0126-SM-5GICA",5.319
"LUSC","Normal","GTEX-TSE9-0726-SM-3DB8C",4.791
"LUSC","Normal","GTEX-11EMC-0126-SM-5EGKV",4.641
"LUSC","Normal","GTEX-XYKS-0526-SM-4BRW2",6.522
"LUSC","Normal","GTEX-ZPIC-0626-SM-57WDY",5.542
"LUSC","Normal","GTEX-13113-0426-SM-5GCOD",5.408
"LUSC","Normal","GTEX-RU1J-0126-SM-2TF6Y",6.039
"LUSC","Normal","GTEX-XV7Q-0426-SM-4BRVN",6.57
"LUSC","Normal","GTEX-13D11-0326-SM-5LZXX",5.63
"LUSC","Normal","GTEX-R3RS-1026-SM-3GADF",5.18
"LUSC","Normal","GTEX-N7MT-0126-SM-26GMB",4.593
"LUSC","Normal","GTEX-R55G-0826-SM-2TC5U",5.942
"LUSC","Normal","GTEX-1211K-0826-SM-5FQUP",5.931
"LUSC","Normal","GTEX-13OVJ-0726-SM-5KM1W",5.289
"LUSC","Normal","GTEX-11ILO-0726-SM-5HL5I",5.447
"LUSC","Normal","GTEX-N7MT-0126-SM-26GMS",1.057
"LUSC","Normal","GTEX-SE5C-0526-SM-2XCE1",5.244
"LUSC","Normal","GTEX-PWOO-0726-SM-2I3EB",5.864
"LUSC","Normal","GTEX-S7SF-0426-SM-3K2B7",6.395
"LUSC","Normal","GTEX-1269C-0926-SM-5FQSR",4.667
"LUSC","Normal","GTEX-13CF3-0426-SM-5IJEU",5.957
"LUSC","Normal","GTEX-O5YV-0526-SM-26GMJ",4.463
"MESO","Tumor","TCGA-LK-A4O0-01",5.772
"MESO","Tumor","TCGA-3U-A98D-01",5.35
"MESO","Tumor","TCGA-TS-A7P8-01",5.276
"MESO","Tumor","TCGA-3H-AB3T-01",5.921
"MESO","Tumor","TCGA-MQ-A6BL-01",5.498
"MESO","Tumor","TCGA-TS-A8AS-01",5.553
"MESO","Tumor","TCGA-SC-A6LN-01",6.002
"MESO","Tumor","TCGA-LK-A4NZ-01",5.329
"MESO","Tumor","TCGA-UT-A88E-01",5.884
"MESO","Tumor","TCGA-3U-A98F-01",5.518
"MESO","Tumor","TCGA-SC-A6LR-01",6.267
"MESO","Tumor","TCGA-UT-A88G-01",6.21
"MESO","Tumor","TCGA-3H-AB3U-01",5.202
"MESO","Tumor","TCGA-3U-A98G-01",5.294
"MESO","Tumor","TCGA-NQ-A57I-01",6.01
"MESO","Tumor","TCGA-ZN-A9VU-01",5.365
"MESO","Tumor","TCGA-3H-AB3S-01",6.058
"MESO","Tumor","TCGA-LK-A4O4-01",5.291
"MESO","Tumor","TCGA-TS-A8AF-01",5.685
"MESO","Tumor","TCGA-3U-A98I-01",5.197
"MESO","Tumor","TCGA-SH-A7BD-01",6.524
"MESO","Tumor","TCGA-ZN-A9VV-01",5.299
"MESO","Tumor","TCGA-MQ-A4LM-01",5.502
"MESO","Tumor","TCGA-MQ-A4LP-01",5.681
"MESO","Tumor","TCGA-SH-A9CT-01",5.675
"MESO","Tumor","TCGA-TS-A7OZ-01",5.622
"MESO","Tumor","TCGA-UD-AAC6-01",5.248
"MESO","Tumor","TCGA-ZN-A9VS-01",4.997
"MESO","Tumor","TCGA-NQ-A638-01",6.065
"MESO","Tumor","TCGA-SH-A7BC-01",5.736
"MESO","Tumor","TCGA-UD-AAC5-01",5.691
"MESO","Tumor","TCGA-UT-A88D-01",5.526
"MESO","Tumor","TCGA-YS-AA4M-01",5.711
"MESO","Tumor","TCGA-UD-AAC4-01",6.421
"MESO","Tumor","TCGA-3H-AB3K-01",5.622
"MESO","Tumor","TCGA-LK-A4O7-01",6.113
"MESO","Tumor","TCGA-MQ-A4LV-01",6.452
"MESO","Tumor","TCGA-3H-AB3X-01",4.339
"MESO","Tumor","TCGA-TS-A7OY-01",5.77
"MESO","Tumor","TCGA-TS-A7P7-01",5.271
"MESO","Tumor","TCGA-TS-A7PB-01",5.876
"MESO","Tumor","TCGA-UT-A88C-01",5.084
"MESO","Tumor","TCGA-TS-A7P6-01",5.965
"MESO","Tumor","TCGA-ZN-A9VQ-01",5.944
"MESO","Tumor","TCGA-ZN-A9VW-01",5.673
"MESO","Tumor","TCGA-3H-AB3L-01",5.785
"MESO","Tumor","TCGA-LK-A4NW-01",6.188
"MESO","Tumor","TCGA-SH-A9CU-01",6.119
"MESO","Tumor","TCGA-XT-AASU-01",5.625
"MESO","Tumor","TCGA-3H-AB3O-01",5.505
"MESO","Tumor","TCGA-MQ-A6BQ-01",6.22
"MESO","Tumor","TCGA-SC-A6LP-01",6.073
"MESO","Tumor","TCGA-TS-A8AI-01",6.427
"MESO","Tumor","TCGA-3U-A98H-01",4.998
"MESO","Tumor","TCGA-TS-A7P3-01",4.897
"MESO","Tumor","TCGA-TS-A7OU-01",5.819
"MESO","Tumor","TCGA-3U-A98J-01",6.175
"MESO","Tumor","TCGA-MQ-A4KX-01",5.569
"MESO","Tumor","TCGA-MQ-A6BS-01",4.869
"MESO","Tumor","TCGA-TS-A8AV-01",5.125
"MESO","Tumor","TCGA-MQ-A4LC-01",5.972
"MESO","Tumor","TCGA-SC-AA5Z-01",4.951
"MESO","Tumor","TCGA-YS-A95C-01",5.081
"MESO","Tumor","TCGA-MQ-A4LJ-01",5.715
"MESO","Tumor","TCGA-TS-A7P1-01",6.047
"MESO","Tumor","TCGA-ZN-A9VP-01",5.296
"MESO","Tumor","TCGA-UD-AABY-01",5.829
"MESO","Tumor","TCGA-UD-AAC7-01",5.536
"MESO","Tumor","TCGA-UD-AABZ-01",6.839
"MESO","Tumor","TCGA-TS-A7P0-01",5.66
"MESO","Tumor","TCGA-ZN-A9VO-01",6.074
"MESO","Tumor","TCGA-UT-A97Y-01",5.781
"MESO","Tumor","TCGA-MQ-A6BN-01",5.928
"MESO","Tumor","TCGA-3U-A98E-01",4.936
"MESO","Tumor","TCGA-UD-AAC1-01",5.855
"MESO","Tumor","TCGA-LK-A4O5-01",6.101
"MESO","Tumor","TCGA-LK-A4NY-01",5.906
"MESO","Tumor","TCGA-LK-A4O6-01",5.153
"MESO","Tumor","TCGA-SH-A7BH-01",6.754
"MESO","Tumor","TCGA-SC-A6LM-01",5.372
"MESO","Tumor","TCGA-MQ-A4LI-01",5.84
"MESO","Tumor","TCGA-SC-A6LQ-01",6.224
"MESO","Tumor","TCGA-LK-A4O2-01",6.215
"MESO","Tumor","TCGA-MQ-A6BR-01",5.376
"MESO","Tumor","TCGA-3H-AB3M-01",5.86
"MESO","Tumor","TCGA-TS-A8AY-01",6.152
"MESO","Tumor","TCGA-YS-A95B-01",5.669
"OV","Tumor","TCGA-04-1365-01",4.853
"OV","Tumor","TCGA-24-2033-01",4.23
"OV","Tumor","TCGA-04-1341-01",4.667
"OV","Tumor","TCGA-29-1702-01",5.9
"OV","Tumor","TCGA-23-1116-01",4.281
"OV","Tumor","TCGA-36-1575-01",4.242
"OV","Tumor","TCGA-24-1422-01",4.957
"OV","Tumor","TCGA-29-1774-01",3.858
"OV","Tumor","TCGA-36-1580-01",5.191
"OV","Tumor","TCGA-04-1347-01",5.107
"OV","Tumor","TCGA-13-1411-01",4.486
"OV","Tumor","TCGA-25-1877-01",3.642
"OV","Tumor","TCGA-25-2393-01",4.568
"OV","Tumor","TCGA-61-2012-01",5.547
"OV","Tumor","TCGA-09-0364-01",5.264
"OV","Tumor","TCGA-10-0938-01",3.794
"OV","Tumor","TCGA-24-1849-01",4.678
"OV","Tumor","TCGA-25-2399-01",5.183
"OV","Tumor","TCGA-29-1761-01",4.262
"OV","Tumor","TCGA-04-1517-01",4.328
"OV","Tumor","TCGA-09-1674-01",5.073
"OV","Tumor","TCGA-24-2026-01",4.632
"OV","Tumor","TCGA-04-1331-01",5.058
"OV","Tumor","TCGA-04-1337-01",5.456
"OV","Tumor","TCGA-04-1338-01",3.532
"OV","Tumor","TCGA-13-0888-01",5.608
"OV","Tumor","TCGA-20-0991-01",4.063
"OV","Tumor","TCGA-24-0966-01",3.586
"OV","Tumor","TCGA-59-2352-01",4.888
"OV","Tumor","TCGA-OY-A56Q-01",4.268
"OV","Tumor","TCGA-09-2044-01",4.901
"OV","Tumor","TCGA-10-0933-01",4.735
"OV","Tumor","TCGA-13-1507-01",3.56
"OV","Tumor","TCGA-24-0982-01",3.851
"OV","Tumor","TCGA-24-1552-01",6.281
"OV","Tumor","TCGA-24-1928-01",6.223
"OV","Tumor","TCGA-29-1778-01",4.521
"OV","Tumor","TCGA-13-1481-01",5.568
"OV","Tumor","TCGA-24-2261-01",4.462
"OV","Tumor","TCGA-25-1329-01",4.684
"OV","Tumor","TCGA-25-2400-01",5.276
"OV","Tumor","TCGA-31-1950-01",4.201
"OV","Tumor","TCGA-36-1576-01",4.625
"OV","Tumor","TCGA-61-1741-01",5.159
"OV","Tumor","TCGA-09-1661-01",4.097
"OV","Tumor","TCGA-20-1686-01",3.306
"OV","Tumor","TCGA-25-1634-01",4.133
"OV","Tumor","TCGA-25-2392-01",5.558
"OV","Tumor","TCGA-29-2414-01",4.772
"OV","Tumor","TCGA-13-0923-01",5.694
"OV","Tumor","TCGA-13-1487-01",3.377
"OV","Tumor","TCGA-24-1565-01",3.546
"OV","Tumor","TCGA-24-2280-01",5.988
"OV","Tumor","TCGA-25-1324-01",4.27
"OV","Tumor","TCGA-29-1766-01",3.465
"OV","Tumor","TCGA-30-1861-01",5.232
"OV","Tumor","TCGA-61-2102-01",6.548
"OV","Tumor","TCGA-09-1665-01",3.671
"OV","Tumor","TCGA-13-0768-01",5.413
"OV","Tumor","TCGA-13-0804-01",4.858
"OV","Tumor","TCGA-13-0891-01",4.712
"OV","Tumor","TCGA-13-1409-01",4.055
"OV","Tumor","TCGA-13-1498-01",4.247
"OV","Tumor","TCGA-23-1032-01",5.22
"OV","Tumor","TCGA-24-1558-01",5.93
"OV","Tumor","TCGA-25-1319-01",4.682
"OV","Tumor","TCGA-25-1627-01",5.639
"OV","Tumor","TCGA-25-1630-01",4.394
"OV","Tumor","TCGA-25-1631-01",4.119
"OV","Tumor","TCGA-04-1343-01",4.294
"OV","Tumor","TCGA-09-2053-01",4.088
"OV","Tumor","TCGA-13-0724-01",4.065
"OV","Tumor","TCGA-24-1850-01",5.93
"OV","Tumor","TCGA-24-2024-01",4.245
"OV","Tumor","TCGA-25-1323-01",4.544
"OV","Tumor","TCGA-29-1693-01",3.859
"OV","Tumor","TCGA-WR-A838-01",5.377
"OV","Tumor","TCGA-10-0928-01",4.801
"OV","Tumor","TCGA-13-0727-01",5.021
"OV","Tumor","TCGA-13-0730-01",4.654
"OV","Tumor","TCGA-24-1469-01",5.345
"OV","Tumor","TCGA-24-1544-01",5.155
"OV","Tumor","TCGA-25-1623-01",4.005
"OV","Tumor","TCGA-25-1635-01",4.519
"OV","Tumor","TCGA-25-2396-01",4.056
"OV","Tumor","TCGA-25-2398-01",5.122
"OV","Tumor","TCGA-25-2409-01",4.089
"OV","Tumor","TCGA-61-1733-01",4.55
"OV","Tumor","TCGA-61-1740-01",4.407
"OV","Tumor","TCGA-61-2097-01",4.886
"OV","Tumor","TCGA-04-1332-01",3.807
"OV","Tumor","TCGA-13-0885-01",3.167
"OV","Tumor","TCGA-13-1489-01",4.176
"OV","Tumor","TCGA-24-1463-01",5.296
"OV","Tumor","TCGA-24-1464-01",4.817
"OV","Tumor","TCGA-24-2288-01",5.24
"OV","Tumor","TCGA-25-1871-01",4.99
"OV","Tumor","TCGA-10-0936-01",5.556
"OV","Tumor","TCGA-24-1545-01",3.837
"OV","Tumor","TCGA-25-1312-01",4.665
"OV","Tumor","TCGA-29-1781-01",4.027
"OV","Tumor","TCGA-04-1530-01",4.612
"OV","Tumor","TCGA-24-1418-01",4.794
"OV","Tumor","TCGA-24-1430-01",4.588
"OV","Tumor","TCGA-24-2038-01",3.96
"OV","Tumor","TCGA-24-2281-01",4.489
"OV","Tumor","TCGA-24-2289-01",5.616
"OV","Tumor","TCGA-25-1632-01",4.632
"OV","Tumor","TCGA-30-1714-01",4.144
"OV","Tumor","TCGA-09-0367-01",3.968
"OV","Tumor","TCGA-13-0886-01",4.688
"OV","Tumor","TCGA-13-A5FT-01",5.108
"OV","Tumor","TCGA-23-1022-01",4.482
"OV","Tumor","TCGA-24-1424-01",5.115
"OV","Tumor","TCGA-24-1431-01",4.437
"OV","Tumor","TCGA-24-1562-01",4.498
"OV","Tumor","TCGA-24-1564-01",5.255
"OV","Tumor","TCGA-24-2020-01",5.03
"OV","Tumor","TCGA-25-1628-01",4.732
"OV","Tumor","TCGA-61-2000-01",3.745
"OV","Tumor","TCGA-13-0795-01",3.173
"OV","Tumor","TCGA-13-1492-01",4.657
"OV","Tumor","TCGA-23-2078-01",6.275
"OV","Tumor","TCGA-24-1563-01",4.416
"OV","Tumor","TCGA-24-1604-01",5.112
"OV","Tumor","TCGA-24-1843-01",4.23
"OV","Tumor","TCGA-24-2254-01",5.821
"OV","Tumor","TCGA-25-1317-01",4.475
"OV","Tumor","TCGA-25-1625-01",4.385
"OV","Tumor","TCGA-29-1690-01",3.928
"OV","Tumor","TCGA-29-A5NZ-01",5.69
"OV","Tumor","TCGA-57-1586-01",5.172
"OV","Tumor","TCGA-10-0927-01",3.964
"OV","Tumor","TCGA-13-0762-01",4.364
"OV","Tumor","TCGA-13-0920-01",4.079
"OV","Tumor","TCGA-13-1496-01",4.336
"OV","Tumor","TCGA-20-1683-01",4.966
"OV","Tumor","TCGA-24-1924-01",4.724
"OV","Tumor","TCGA-24-2035-01",4.052
"OV","Tumor","TCGA-25-1320-01",6.264
"OV","Tumor","TCGA-25-1321-01",4.259
"OV","Tumor","TCGA-25-1626-01",5.013
"OV","Tumor","TCGA-30-1862-01",4.865
"OV","Tumor","TCGA-61-1914-01",4.025
"OV","Tumor","TCGA-61-2009-01",4.679
"OV","Tumor","TCGA-13-1509-01",3.838
"OV","Tumor","TCGA-23-1030-01",4.176
"OV","Tumor","TCGA-23-1119-01",3.639
"OV","Tumor","TCGA-24-1844-01",4.72
"OV","Tumor","TCGA-25-1633-01",5.144
"OV","Tumor","TCGA-25-2401-01",4.636
"OV","Tumor","TCGA-30-1857-01",4.134
"OV","Tumor","TCGA-09-2048-01",4.037
"OV","Tumor","TCGA-10-0926-01",3.466
"OV","Tumor","TCGA-13-0760-01",4.695
"OV","Tumor","TCGA-13-1505-01",4.454
"OV","Tumor","TCGA-23-1111-01",4.929
"OV","Tumor","TCGA-23-1809-01",5.573
"OV","Tumor","TCGA-24-0970-01",4.453
"OV","Tumor","TCGA-29-1776-01",3.752
"OV","Tumor","TCGA-36-1578-01",4.707
"OV","Tumor","TCGA-36-1581-01",5.424
"OV","Tumor","TCGA-57-1994-01",5.155
"OV","Tumor","TCGA-59-2354-01",4.732
"OV","Tumor","TCGA-61-1907-01",3.962
"OV","Tumor","TCGA-61-2094-01",4.367
"OV","Tumor","TCGA-04-1356-01",4.59
"OV","Tumor","TCGA-09-2056-01",2.967
"OV","Tumor","TCGA-13-1510-01",5.432
"OV","Tumor","TCGA-23-1109-01",5.162
"OV","Tumor","TCGA-24-1419-01",5.551
"OV","Tumor","TCGA-25-1313-01",4.113
"OV","Tumor","TCGA-25-1322-01",5.541
"OV","Tumor","TCGA-29-1695-01",5.413
"OV","Tumor","TCGA-29-1697-01",5.808
"OV","Tumor","TCGA-61-2098-01",5.182
"OV","Tumor","TCGA-04-1364-01",6.272
"OV","Tumor","TCGA-09-1667-01",5.942
"OV","Tumor","TCGA-13-0883-01",5.289
"OV","Tumor","TCGA-13-1483-01",4.643
"OV","Tumor","TCGA-20-0987-01",4.618
"OV","Tumor","TCGA-24-1423-01",5.111
"OV","Tumor","TCGA-25-1326-01",4.888
"OV","Tumor","TCGA-30-1855-01",6.245
"OV","Tumor","TCGA-30-1866-01",3.105
"OV","Tumor","TCGA-30-1891-01",3.091
"OV","Tumor","TCGA-5X-AA5U-01",5.359
"OV","Tumor","TCGA-61-2111-01",3.975
"OV","Tumor","TCGA-04-1536-01",4.63
"OV","Tumor","TCGA-13-0899-01",4.174
"OV","Tumor","TCGA-13-1495-01",4.873
"OV","Tumor","TCGA-23-1120-01",4.543
"OV","Tumor","TCGA-24-1471-01",4.184
"OV","Tumor","TCGA-25-2042-01",4.837
"OV","Tumor","TCGA-29-2425-01",4.998
"OV","Tumor","TCGA-29-2427-01",3.768
"OV","Tumor","TCGA-31-1956-01",3.723
"OV","Tumor","TCGA-61-1738-01",4.581
"OV","Tumor","TCGA-61-1917-01",3.968
"OV","Tumor","TCGA-04-1362-01",4.39
"OV","Tumor","TCGA-13-0900-01",4.096
"OV","Tumor","TCGA-13-1408-01",5.28
"OV","Tumor","TCGA-13-1488-01",5.284
"OV","Tumor","TCGA-23-1107-01",3.835
"OV","Tumor","TCGA-23-1123-01",5.548
"OV","Tumor","TCGA-24-0968-01",4.512
"OV","Tumor","TCGA-24-1434-01",4.262
"OV","Tumor","TCGA-25-1870-01",-9.966
"OV","Tumor","TCGA-25-2397-01",4.035
"OV","Tumor","TCGA-29-1762-01",4.683
"OV","Tumor","TCGA-59-2348-01",4.74
"OV","Tumor","TCGA-61-1728-01",4.398
"OV","Tumor","TCGA-09-1662-01",5.346
"OV","Tumor","TCGA-09-2054-01",5.02
"OV","Tumor","TCGA-13-0908-01",5.01
"OV","Tumor","TCGA-24-0975-01",4.956
"OV","Tumor","TCGA-24-1427-01",5.188
"OV","Tumor","TCGA-24-1549-01",4.892
"OV","Tumor","TCGA-24-2267-01",5.12
"OV","Tumor","TCGA-29-1783-01",4.618
"OV","Tumor","TCGA-29-2428-01",4.44
"OV","Tumor","TCGA-30-1853-01",2.998
"OV","Tumor","TCGA-30-1860-01",4.753
"OV","Tumor","TCGA-31-1951-01",6.549
"OV","Tumor","TCGA-59-2355-01",5.365
"OV","Tumor","TCGA-61-1919-01",3.524
"OV","Tumor","TCGA-04-1361-01",4.037
"OV","Tumor","TCGA-04-1648-01",4.612
"OV","Tumor","TCGA-09-1666-01",4.02
"OV","Tumor","TCGA-09-1668-01",4.632
"OV","Tumor","TCGA-09-1670-01",5.435
"OV","Tumor","TCGA-13-1410-01",4.45
"OV","Tumor","TCGA-24-1435-01",5.228
"OV","Tumor","TCGA-24-1436-01",4.652
"OV","Tumor","TCGA-24-1474-01",5.405
"OV","Tumor","TCGA-24-1548-01",5.1
"OV","Tumor","TCGA-24-2262-01",5.56
"OV","Tumor","TCGA-25-2391-01",4.634
"OV","Tumor","TCGA-29-1699-01",6.026
"OV","Tumor","TCGA-57-1583-01",4.143
"OV","Tumor","TCGA-57-1585-01",4.793
"OV","Tumor","TCGA-61-2092-01",5.885
"OV","Tumor","TCGA-09-0369-01",5.565
"OV","Tumor","TCGA-13-0890-01",5.156
"OV","Tumor","TCGA-13-1499-01",4.795
"OV","Tumor","TCGA-20-1682-01",4.981
"OV","Tumor","TCGA-24-1104-01",4.104
"OV","Tumor","TCGA-24-1616-01",4.494
"OV","Tumor","TCGA-24-2290-01",4.41
"OV","Tumor","TCGA-24-2297-01",5.693
"OV","Tumor","TCGA-29-1701-01",3.54
"OV","Tumor","TCGA-29-1703-01",5.724
"OV","Tumor","TCGA-57-1993-01",4.663
"OV","Tumor","TCGA-61-1910-01",5.163
"OV","Tumor","TCGA-61-2110-01",5.293
"OV","Tumor","TCGA-09-0366-01",3.838
"OV","Tumor","TCGA-13-0714-01",2.799
"OV","Tumor","TCGA-13-0726-01",4.953
"OV","Tumor","TCGA-13-0911-01",4.512
"OV","Tumor","TCGA-23-1114-01",5.57
"OV","Tumor","TCGA-24-2271-01",5.094
"OV","Tumor","TCGA-24-2298-01",3.918
"OV","Tumor","TCGA-25-1316-01",4.277
"OV","Tumor","TCGA-29-1784-01",3.74
"OV","Tumor","TCGA-29-1785-01",3.756
"OV","Tumor","TCGA-3P-A9WA-01",5.614
"OV","Tumor","TCGA-59-A5PD-01",6.302
"OV","Tumor","TCGA-61-1911-01",3.859
"OV","Tumor","TCGA-61-2101-01",4.323
"OV","Tumor","TCGA-VG-A8LO-01",5.267
"OV","Tumor","TCGA-09-1669-01",4.098
"OV","Tumor","TCGA-13-0897-01",5.045
"OV","Tumor","TCGA-24-1417-01",5.146
"OV","Tumor","TCGA-24-1470-01",5.343
"OV","Tumor","TCGA-24-1567-01",4.745
"OV","Tumor","TCGA-24-2023-01",4.893
"OV","Tumor","TCGA-25-1318-01",4.781
"OV","Tumor","TCGA-29-1710-01",4.027
"OV","Tumor","TCGA-29-1770-01",4.404
"OV","Tumor","TCGA-61-2095-01",5.545
"OV","Tumor","TCGA-04-1651-01",4.64
"OV","Tumor","TCGA-23-1122-01",4.64
"OV","Tumor","TCGA-24-0979-01",5.005
"OV","Tumor","TCGA-24-1551-01",4.639
"OV","Tumor","TCGA-24-1553-01",3.39
"OV","Tumor","TCGA-24-1603-01",4.786
"OV","Tumor","TCGA-24-1930-01",4.667
"OV","Tumor","TCGA-29-1698-01",5.956
"OV","Tumor","TCGA-36-1571-01",5.28
"OV","Tumor","TCGA-61-1743-01",4.987
"OV","Tumor","TCGA-61-2003-01",5.358
"OV","Tumor","TCGA-61-2104-01",4.609
"OV","Tumor","TCGA-61-2113-01",5.21
"OV","Tumor","TCGA-04-1357-01",3.352
"OV","Tumor","TCGA-04-1542-01",3.952
"OV","Tumor","TCGA-13-0800-01",5.889
"OV","Tumor","TCGA-13-0919-01",4.901
"OV","Tumor","TCGA-13-1482-01",5.05
"OV","Tumor","TCGA-13-1511-01",5.619
"OV","Tumor","TCGA-23-1024-01",4.636
"OV","Tumor","TCGA-30-1892-01",2.761
"OV","Tumor","TCGA-31-1953-01",5.06
"OV","Tumor","TCGA-36-1568-01",3.968
"OV","Tumor","TCGA-36-1569-01",4.807
"OV","Tumor","TCGA-09-1659-01",3.86
"OV","Tumor","TCGA-13-0905-01",4.621
"OV","Tumor","TCGA-13-1407-01",4.288
"OV","Tumor","TCGA-13-2060-01",5.03
"OV","Tumor","TCGA-20-1684-01",5.166
"OV","Tumor","TCGA-24-1413-01",4.27
"OV","Tumor","TCGA-24-1467-01",5.421
"OV","Tumor","TCGA-24-1560-01",5.163
"OV","Tumor","TCGA-24-1923-01",3.639
"OV","Tumor","TCGA-24-2027-01",4.63
"OV","Tumor","TCGA-29-1691-01",4.746
"OV","Tumor","TCGA-59-2351-01",4.944
"OV","Tumor","TCGA-61-1900-01",4.77
"OV","Tumor","TCGA-61-2016-01",3.996
"OV","Tumor","TCGA-61-2088-01",6.369
"OV","Tumor","TCGA-09-1673-01",4.405
"OV","Tumor","TCGA-09-2045-01",4.357
"OV","Tumor","TCGA-10-0934-01",4.846
"OV","Tumor","TCGA-13-0765-01",3.536
"OV","Tumor","TCGA-13-0906-01",5.463
"OV","Tumor","TCGA-13-1501-01",3.868
"OV","Tumor","TCGA-24-1103-01",4.235
"OV","Tumor","TCGA-24-1428-01",5.189
"OV","Tumor","TCGA-24-1555-01",4.212
"OV","Tumor","TCGA-24-1556-01",5.325
"OV","Tumor","TCGA-24-2036-01",5.722
"OV","Tumor","TCGA-25-1315-01",4.385
"OV","Tumor","TCGA-29-1768-01",2.539
"OV","Tumor","TCGA-57-1582-01",5.496
"OV","Tumor","TCGA-04-1655-01",3.494
"OV","Tumor","TCGA-13-0797-01",4.193
"OV","Tumor","TCGA-13-0916-01",5.762
"OV","Tumor","TCGA-13-1405-01",4.554
"OV","Tumor","TCGA-13-1477-01",4.575
"OV","Tumor","TCGA-13-1512-01",4.604
"OV","Tumor","TCGA-23-2081-01",4.714
"OV","Tumor","TCGA-24-1550-01",5.383
"OV","Tumor","TCGA-24-1557-01",6.001
"OV","Tumor","TCGA-24-1842-01",5.027
"OV","Tumor","TCGA-31-1959-01",5.26
"OV","Tumor","TCGA-36-1570-01",4.428
"OV","Tumor","TCGA-04-1519-01",4.635
"OV","Tumor","TCGA-13-0720-01",4.88
"OV","Tumor","TCGA-13-0893-01",4.658
"OV","Tumor","TCGA-13-1403-01",5.006
"OV","Tumor","TCGA-13-1404-01",3.739
"OV","Tumor","TCGA-13-1485-01",4.907
"OV","Tumor","TCGA-23-1027-01",4.475
"OV","Tumor","TCGA-23-1113-01",4.038
"OV","Tumor","TCGA-36-1574-01",4.77
"OV","Tumor","TCGA-61-1998-01",5.222
"OV","Tumor","TCGA-OY-A56P-01",6.861
"OV","Tumor","TCGA-13-1497-01",5.909
"OV","Tumor","TCGA-24-2293-01",5.246
"OV","Tumor","TCGA-29-1705-01",5.297
"OV","Tumor","TCGA-29-1777-01",3.183
"OV","Tumor","TCGA-31-1944-01",4.913
"OV","Tumor","TCGA-57-1584-01",4.246
"OV","Tumor","TCGA-61-1724-01",4.85
"OV","Tumor","TCGA-04-1350-01",3.76
"OV","Tumor","TCGA-13-0801-01",4.593
"OV","Tumor","TCGA-20-1687-01",4.801
"OV","Tumor","TCGA-23-1029-01",4.73
"OV","Tumor","TCGA-24-1546-01",5.745
"OV","Tumor","TCGA-24-2019-01",5.598
"OV","Tumor","TCGA-61-2002-01",4.406
"OV","Tumor","TCGA-04-1514-01",6.322
"OV","Tumor","TCGA-13-0924-01",4.996
"OV","Tumor","TCGA-13-1506-01",3.743
"OV","Tumor","TCGA-20-1685-01",5.08
"OV","Tumor","TCGA-23-1021-01",3.965
"OV","Tumor","TCGA-23-1026-01",5.033
"OV","Tumor","TCGA-23-1118-01",5.515
"OV","Tumor","TCGA-23-2077-01",4.14
"OV","Tumor","TCGA-23-2084-01",4.687
"OV","Tumor","TCGA-24-1425-01",4.96
"OV","Tumor","TCGA-24-1846-01",4.867
"OV","Tumor","TCGA-29-1694-01",5.797
"OV","Tumor","TCGA-29-1711-01",6.128
"OV","Tumor","TCGA-61-1736-01",4.43
"OV","Tumor","TCGA-61-1918-01",4.896
"OV","Tumor","TCGA-04-1348-01",4.891
"OV","Tumor","TCGA-10-0931-01",3.942
"OV","Tumor","TCGA-10-0937-01",3.807
"OV","Tumor","TCGA-13-0725-01",5.281
"OV","Tumor","TCGA-13-0799-01",4.805
"OV","Tumor","TCGA-30-1718-01",3.966
"OV","Tumor","TCGA-59-2350-01",5.451
"OV","Tumor","TCGA-23-1028-01",3.414
"OV","Tumor","TCGA-24-1426-01",3.532
"OV","Tumor","TCGA-29-1696-01",3.149
"OV","Tumor","TCGA-29-1763-01",5.104
"OV","Tumor","TCGA-36-1577-01",4.664
"OV","Tumor","TCGA-61-1995-01",6.025
"OV","Tumor","TCGA-09-2051-01",4.615
"OV","Tumor","TCGA-13-0766-01",3.56
"OV","Tumor","TCGA-13-0887-01",5.408
"OV","Tumor","TCGA-23-1110-01",4.791
"OV","Tumor","TCGA-24-1845-01",4.028
"OV","Tumor","TCGA-25-1314-01",4.832
"OV","Tumor","TCGA-61-1737-01",5.393
"OV","Tumor","TCGA-13-0901-01",2.395
"OV","Tumor","TCGA-29-1769-01",3.752
"OV","Tumor","TCGA-59-2363-01",4.738
"OV","Tumor","TCGA-61-1725-01",4.62
"OV","Tumor","TCGA-61-2008-01",5.286
"OV","Tumor","TCGA-61-2109-01",4.301
"OV","Tumor","TCGA-13-0884-01",4.525
"OV","Tumor","TCGA-29-1688-01",5.067
"OV","Tumor","TCGA-25-1328-01",4.944
"OV","Tumor","TCGA-25-2404-01",4.732
"OV","Tumor","TCGA-61-1721-01",3.65
"OV","Tumor","TCGA-24-1105-01",5.072
"OV","Tumor","TCGA-24-1416-01",3.925
"OV","Tumor","TCGA-31-1946-01",5.339
"OV","Normal","GTEX-S4UY-1026-SM-4AD53",4.716
"OV","Normal","GTEX-P78B-1926-SM-3P616",5.242
"OV","Normal","GTEX-P4PP-2426-SM-3P61L",5.27
"OV","Normal","GTEX-12WSB-2226-SM-5GCOS",4.739
"OV","Normal","GTEX-XYKS-1726-SM-4E3IO",5.818
"OV","Normal","GTEX-11DXX-1426-SM-5GIDU",5.01
"OV","Normal","GTEX-131YS-2226-SM-5P9G8",4.949
"OV","Normal","GTEX-13QIC-1526-SM-5IJFL",5.385
"OV","Normal","GTEX-ZP4G-0626-SM-4WWF1",5.23
"OV","Normal","GTEX-YJ8O-1026-SM-5CVM5",5.064
"OV","Normal","GTEX-P4QT-2426-SM-3NMCL",5.232
"OV","Normal","GTEX-ZYFG-1726-SM-5GZZB",4.919
"OV","Normal","GTEX-13VXT-1526-SM-5LU3J",5.313
"OV","Normal","GTEX-ZC5H-2026-SM-5CVN2",5.287
"OV","Normal","GTEX-PWN1-2426-SM-48TDD",5.228
"OV","Normal","GTEX-X15G-1726-SM-4PQZN",5.298
"OV","Normal","GTEX-13O3O-2726-SM-5KM35",5.201
"OV","Normal","GTEX-Y3IK-2026-SM-4YCDG",4.853
"OV","Normal","GTEX-WWYW-2726-SM-4MVOP",5.809
"OV","Normal","GTEX-PLZ4-2826-SM-3P617",4.615
"OV","Normal","GTEX-WXYG-1426-SM-4ONCK",5.011
"OV","Normal","GTEX-1269C-1826-SM-5N9E1",5.16
"OV","Normal","GTEX-OHPK-2426-SM-3MJGH",5.184
"OV","Normal","GTEX-11VI4-1026-SM-5EQM1",4.632
"OV","Normal","GTEX-Y114-1726-SM-4TT7U",5.166
"OV","Normal","GTEX-11ZTS-1926-SM-5CVLA",4.545
"OV","Normal","GTEX-WEY5-0626-SM-4LMIA",5.254
"OV","Normal","GTEX-13N11-0526-SM-5IJFI",5.044
"OV","Normal","GTEX-13W3W-1526-SM-5LU5I",4.933
"OV","Normal","GTEX-YFC4-2726-SM-5IFJW",5.073
"OV","Normal","GTEX-WYBS-2426-SM-4ONDI",5.252
"OV","Normal","GTEX-1399S-2126-SM-5J2MH",5.08
"OV","Normal","GTEX-13D11-1126-SM-5KLYS",4.765
"OV","Normal","GTEX-POMQ-1426-SM-3P61D",5.466
"OV","Normal","GTEX-12WSG-1426-SM-5FQUK",5.596
"OV","Normal","GTEX-T5JW-0426-SM-4DM7M",5.155
"OV","Normal","GTEX-12WSK-1926-SM-5LZVK",5.25
"OV","Normal","GTEX-XMD3-2326-SM-4AT5H",5.026
"OV","Normal","GTEX-13QBU-1526-SM-5LU3W",5.007
"OV","Normal","GTEX-WYVS-1526-SM-4OND4",5.046
"OV","Normal","GTEX-Q734-0726-SM-48TZP",5.243
"OV","Normal","GTEX-11ZVC-1426-SM-5EGGA",5.141
"OV","Normal","GTEX-12WSJ-1226-SM-5LU91",5.22
"OV","Normal","GTEX-ZZPU-2126-SM-5EGIU",5.117
"OV","Normal","GTEX-RU72-2226-SM-46MUE",4.803
"OV","Normal","GTEX-XV7Q-1426-SM-4BRWA",5.321
"OV","Normal","GTEX-146FH-2526-SM-5Q5BP",5.202
"OV","Normal","GTEX-UJHI-1226-SM-4IHLR",5.467
"OV","Normal","GTEX-139D8-2426-SM-5KM3A",5.353
"OV","Normal","GTEX-11GSP-0226-SM-5A5KV",5.16
"OV","Normal","GTEX-11EMC-1726-SM-5H11P",4.928
"OV","Normal","GTEX-13PL7-2326-SM-5L3FY",5.041
"OV","Normal","GTEX-ZVT3-2626-SM-5GU5L",4.747
"OV","Normal","GTEX-11ZTT-1826-SM-5CVLN",5.088
"OV","Normal","GTEX-145ME-1226-SM-5SIB6",5.358
"OV","Normal","GTEX-ZLWG-0926-SM-4WWC3",4.773
"OV","Normal","GTEX-RTLS-2326-SM-46MUH",4.748
"OV","Normal","GTEX-RWS6-1026-SM-47JXD",4.791
"OV","Normal","GTEX-11XUK-1626-SM-5GU5O",5.04
"OV","Normal","GTEX-13FTX-0926-SM-5IFF7",5.186
"OV","Normal","GTEX-T2IS-2026-SM-4DM6W",5.033
"OV","Normal","GTEX-13U4I-2126-SM-5LU55",5.174
"OV","Normal","GTEX-T6MO-1126-SM-4DM5D",4.902
"OV","Normal","GTEX-QVJO-3126-SM-4R1KC",4.858
"OV","Normal","GTEX-WI4N-2526-SM-4OOSE",6.441
"OV","Normal","GTEX-X4EO-2426-SM-4QASD",5.335
"OV","Normal","GTEX-W5WG-0926-SM-4RTX9",4.785
"OV","Normal","GTEX-X8HC-2726-SM-46MUA",5.076
"OV","Normal","GTEX-ZYWO-1926-SM-5E456",5.304
"OV","Normal","GTEX-11I78-1926-SM-59878",4.959
"OV","Normal","GTEX-U3ZN-1026-SM-4DXTC",5.241
"OV","Normal","GTEX-PWCY-1326-SM-48TCU",5.253
"OV","Normal","GTEX-TSE9-2226-SM-4DXUR",5.001
"OV","Normal","GTEX-TML8-0926-SM-4DXSJ",5.553
"OV","Normal","GTEX-13OVJ-2426-SM-5KM3I",4.363
"OV","Normal","GTEX-133LE-1226-SM-5IFGC",5.556
"OV","Normal","GTEX-13PVR-1226-SM-5RQJ2",4.868
"OV","Normal","GTEX-1117F-2226-SM-5N9CH",5.86
"OV","Normal","GTEX-OHPL-2426-SM-48TDN",5.393
"OV","Normal","GTEX-S341-0726-SM-4AD5R",5.13
"OV","Normal","GTEX-PWOO-1726-SM-48TDC",5.335
"OV","Normal","GTEX-QCQG-1426-SM-48U22",5.05
"OV","Normal","GTEX-S32W-1226-SM-4AD67",5.099
"OV","Normal","GTEX-14AS3-1326-SM-5RQJE",5.156
"OV","Normal","GTEX-RU1J-0826-SM-46MUU",5.696
"OV","Normal","GTEX-XUZC-1026-SM-4BOPY",5.265
"OV","Normal","GTEX-ZV6S-1426-SM-59HKX",5.04
"OV","Normal","GTEX-13OVI-0726-SM-5L3DD",4.42
"PAAD","Tumor","TCGA-FB-AAQ6-01",5.826
"PAAD","Tumor","TCGA-2L-AAQL-01",5.918
"PAAD","Tumor","TCGA-HZ-8005-01",5.97
"PAAD","Tumor","TCGA-HZ-A8P1-01",5.323
"PAAD","Tumor","TCGA-IB-A7M4-01",5.629
"PAAD","Tumor","TCGA-IB-7654-01",4.918
"PAAD","Tumor","TCGA-IB-7886-01",4.661
"PAAD","Tumor","TCGA-F2-A7TX-01",4.847
"PAAD","Tumor","TCGA-HZ-7289-01",5.454
"PAAD","Tumor","TCGA-HZ-A49I-01",5.594
"PAAD","Tumor","TCGA-HZ-A77P-01",5.274
"PAAD","Tumor","TCGA-IB-A5SP-01",5.306
"PAAD","Tumor","TCGA-2L-AAQA-01",5.621
"PAAD","Tumor","TCGA-F2-A8YN-01",4.332
"PAAD","Tumor","TCGA-HZ-A8P0-01",5.211
"PAAD","Tumor","TCGA-IB-AAUM-01",4.271
"PAAD","Tumor","TCGA-2J-AAB6-01",5.373
"PAAD","Tumor","TCGA-3A-A9J0-01",5.192
"PAAD","Tumor","TCGA-HZ-A4BH-01",5.112
"PAAD","Tumor","TCGA-OE-A75W-01",5.733
"PAAD","Tumor","TCGA-2J-AABV-01",3.678
"PAAD","Tumor","TCGA-FB-A5VM-01",5.888
"PAAD","Tumor","TCGA-2J-AABE-01",5.33
"PAAD","Tumor","TCGA-2J-AABF-01",5.009
"PAAD","Tumor","TCGA-HZ-8519-01",5.079
"PAAD","Tumor","TCGA-IB-7890-01",5.254
"PAAD","Tumor","TCGA-US-A77E-01",5.458
"PAAD","Tumor","TCGA-HV-A7OP-01",5.408
"PAAD","Tumor","TCGA-HZ-7918-01",4.747
"PAAD","Tumor","TCGA-HZ-A4BK-01",5.442
"PAAD","Tumor","TCGA-2J-AAB8-01",5.135
"PAAD","Tumor","TCGA-2J-AABK-01",5.086
"PAAD","Tumor","TCGA-3E-AAAZ-01",5.381
"PAAD","Tumor","TCGA-FB-AAPP-01",5.408
"PAAD","Tumor","TCGA-FB-AAPY-01",4.553
"PAAD","Tumor","TCGA-HZ-7920-01",4.937
"PAAD","Tumor","TCGA-IB-A5SO-01",5.358
"PAAD","Tumor","TCGA-F2-6880-01",3.339
"PAAD","Tumor","TCGA-HV-A7OL-01",6.009
"PAAD","Tumor","TCGA-HZ-A9TJ-01",4.99
"PAAD","Tumor","TCGA-HZ-8001-01",5.066
"PAAD","Tumor","TCGA-FB-AAQ0-01",5.84
"PAAD","Tumor","TCGA-IB-AAUP-01",4.907
"PAAD","Tumor","TCGA-3A-A9I9-01",5.339
"PAAD","Tumor","TCGA-3A-A9IS-01",6.353
"PAAD","Tumor","TCGA-3E-AAAY-01",5.616
"PAAD","Tumor","TCGA-IB-AAUR-01",5.277
"PAAD","Tumor","TCGA-S4-A8RM-01",5.265
"PAAD","Tumor","TCGA-XN-A8T3-01",5.1
"PAAD","Tumor","TCGA-2L-AAQI-01",5.528
"PAAD","Tumor","TCGA-HZ-7925-01",5.206
"PAAD","Tumor","TCGA-2J-AAB1-01",5.118
"PAAD","Tumor","TCGA-3A-A9IJ-01",6.213
"PAAD","Tumor","TCGA-3A-A9IU-01",5.089
"PAAD","Tumor","TCGA-F2-A44H-01",4.818
"PAAD","Tumor","TCGA-FB-AAPQ-01",5.809
"PAAD","Tumor","TCGA-HZ-7923-01",4.733
"PAAD","Tumor","TCGA-IB-A6UG-01",4.712
"PAAD","Tumor","TCGA-IB-AAUT-01",5.099
"PAAD","Tumor","TCGA-F2-7276-01",5.145
"PAAD","Tumor","TCGA-IB-7893-01",4.93
"PAAD","Tumor","TCGA-US-A77G-01",5.324
"PAAD","Tumor","TCGA-IB-A6UF-01",4.909
"PAAD","Tumor","TCGA-2J-AABH-01",4.825
"PAAD","Tumor","TCGA-HZ-8002-01",4.801
"PAAD","Tumor","TCGA-US-A776-01",4.915
"PAAD","Tumor","TCGA-IB-7646-01",4.759
"PAAD","Tumor","TCGA-IB-8127-01",4.955
"PAAD","Tumor","TCGA-YB-A89D-01",5.804
"PAAD","Tumor","TCGA-Q3-A5QY-01",5.048
"PAAD","Tumor","TCGA-3A-A9I5-01",5.764
"PAAD","Tumor","TCGA-F2-6879-01",5.277
"PAAD","Tumor","TCGA-HZ-7926-01",5.085
"PAAD","Tumor","TCGA-IB-A7LX-01",5.554
"PAAD","Tumor","TCGA-2J-AABU-01",4.919
"PAAD","Tumor","TCGA-2L-AAQE-01",5.713
"PAAD","Tumor","TCGA-XD-AAUL-01",5.457
"PAAD","Tumor","TCGA-2J-AABA-01",5.14
"PAAD","Tumor","TCGA-3A-A9IO-01",5.324
"PAAD","Tumor","TCGA-F2-7273-01",5.017
"PAAD","Tumor","TCGA-FB-A4P6-01",5.544
"PAAD","Tumor","TCGA-FB-AAPZ-01",5.111
"PAAD","Tumor","TCGA-H8-A6C1-01",5.367
"PAAD","Tumor","TCGA-2L-AAQM-01",7.382
"PAAD","Tumor","TCGA-HV-A5A3-01",5.476
"PAAD","Tumor","TCGA-HV-AA8V-01",5.432
"PAAD","Tumor","TCGA-IB-AAUQ-01",5.053
"PAAD","Tumor","TCGA-FB-AAQ1-01",5.377
"PAAD","Tumor","TCGA-IB-AAUV-01",5.063
"PAAD","Tumor","TCGA-2J-AAB4-01",5.19
"PAAD","Tumor","TCGA-FB-A7DR-01",5.45
"PAAD","Tumor","TCGA-3A-A9IZ-01",4.592
"PAAD","Tumor","TCGA-3A-A9I7-01",5.489
"PAAD","Tumor","TCGA-2J-AABO-01",4.646
"PAAD","Tumor","TCGA-RB-AA9M-01",5.083
"PAAD","Tumor","TCGA-IB-7647-01",5.018
"PAAD","Tumor","TCGA-3A-A9IX-01",4.709
"PAAD","Tumor","TCGA-IB-AAUU-01",4.655
"PAAD","Tumor","TCGA-H6-A45N-01",5.445
"PAAD","Tumor","TCGA-IB-7889-01",4.472
"PAAD","Tumor","TCGA-HZ-8638-01",4.966
"PAAD","Tumor","TCGA-IB-AAUS-01",5.62
"PAAD","Tumor","TCGA-FB-AAQ2-01",5.356
"PAAD","Tumor","TCGA-RB-A7B8-01",5.342
"PAAD","Tumor","TCGA-US-A77J-01",5.266
"PAAD","Tumor","TCGA-F2-A44G-01",5.872
"PAAD","Tumor","TCGA-IB-8126-01",3.492
"PAAD","Tumor","TCGA-IB-7885-01",4.891
"PAAD","Tumor","TCGA-HZ-A77O-01",4.935
"PAAD","Tumor","TCGA-S4-A8RP-01",5.429
"PAAD","Tumor","TCGA-HZ-8637-01",4.731
"PAAD","Tumor","TCGA-US-A774-01",5.044
"PAAD","Tumor","TCGA-HV-AA8X-01",5.951
"PAAD","Tumor","TCGA-S4-A8RO-01",6.063
"PAAD","Tumor","TCGA-IB-AAUN-01",5.52
"PAAD","Tumor","TCGA-LB-A7SX-01",5.004
"PAAD","Tumor","TCGA-Z5-AAPL-01",4.993
"PAAD","Tumor","TCGA-IB-7649-01",3.348
"PAAD","Tumor","TCGA-YH-A8SY-01",5.677
"PAAD","Tumor","TCGA-2J-AABT-01",5.52
"PAAD","Tumor","TCGA-FB-A545-01",6.555
"PAAD","Tumor","TCGA-HV-A5A4-01",5.607
"PAAD","Tumor","TCGA-FB-A78T-01",5.375
"PAAD","Tumor","TCGA-2J-AAB9-01",4.892
"PAAD","Tumor","TCGA-3A-A9IB-01",5.313
"PAAD","Tumor","TCGA-FB-A4P5-01",5.467
"PAAD","Tumor","TCGA-HZ-8317-01",4.109
"PAAD","Tumor","TCGA-HZ-A49H-01",4.839
"PAAD","Tumor","TCGA-3A-A9IH-01",5.357
"PAAD","Tumor","TCGA-IB-7888-01",5.079
"PAAD","Tumor","TCGA-XD-AAUG-01",4.78
"PAAD","Tumor","TCGA-FB-AAQ3-01",3.612
"PAAD","Tumor","TCGA-HV-A5A6-01",5.076
"PAAD","Tumor","TCGA-HZ-8003-01",3.887
"PAAD","Tumor","TCGA-IB-7644-01",5.227
"PAAD","Tumor","TCGA-3A-A9IR-01",6.018
"PAAD","Tumor","TCGA-IB-7651-01",5.064
"PAAD","Tumor","TCGA-IB-A5SS-01",5.439
"PAAD","Tumor","TCGA-IB-A5ST-01",4.875
"PAAD","Tumor","TCGA-IB-AAUO-01",5.441
"PAAD","Tumor","TCGA-LB-A8F3-01",5.412
"PAAD","Tumor","TCGA-Q3-AA2A-01",5.552
"PAAD","Tumor","TCGA-IB-AAUW-01",5.115
"PAAD","Tumor","TCGA-LB-A9Q5-01",4.325
"PAAD","Tumor","TCGA-3A-A9IN-01",6.972
"PAAD","Tumor","TCGA-FB-AAPS-01",5.366
"PAAD","Tumor","TCGA-IB-7887-01",5.32
"PAAD","Tumor","TCGA-3A-A9IC-01",5.52
"PAAD","Tumor","TCGA-HV-A5A5-01",5.264
"PAAD","Tumor","TCGA-HZ-7922-01",4.789
"PAAD","Tumor","TCGA-YY-A8LH-01",6.143
"PAAD","Tumor","TCGA-2J-AABR-01",4.843
"PAAD","Tumor","TCGA-HZ-7924-01",5.281
"PAAD","Tumor","TCGA-RL-AAAS-01",5.277
"PAAD","Tumor","TCGA-3A-A9IV-01",6.827
"PAAD","Tumor","TCGA-2J-AABP-01",5.951
"PAAD","Tumor","TCGA-HZ-8636-01",4.909
"PAAD","Tumor","TCGA-HZ-A49G-01",5.166
"PAAD","Tumor","TCGA-XD-AAUH-01",4.747
"PAAD","Tumor","TCGA-H6-8124-01",4.988
"PAAD","Tumor","TCGA-IB-A5SQ-01",5.475
"PAAD","Tumor","TCGA-2J-AABI-01",5.488
"PAAD","Tumor","TCGA-HZ-A77Q-01",5.345
"PAAD","Tumor","TCGA-HZ-8315-01",4.131
"PAAD","Tumor","TCGA-US-A779-01",5.592
"PAAD","Tumor","TCGA-IB-7897-01",4.756
"PAAD","Tumor","TCGA-XN-A8T5-01",5.347
"PAAD","Tumor","TCGA-HZ-7919-01",4.935
"PAAD","Tumor","TCGA-XD-AAUI-01",5.038
"PAAD","Tumor","TCGA-2L-AAQJ-01",5.017
"PAAD","Tumor","TCGA-IB-7652-01",5.153
"PAAD","Tumor","TCGA-IB-7891-01",4.812
"PAAD","Tumor","TCGA-L1-A7W4-01",5.329
"PAAD","Tumor","TCGA-M8-A5N4-01",5.388
"PAAD","Tumor","TCGA-IB-7645-01",4.905
"PAAD","Tumor","TCGA-PZ-A5RE-01",5.587
"PAAD","Tumor","TCGA-FB-AAPU-01",5.009
"PAAD","Tumor","TCGA-3A-A9IL-01",6.646
"PAAD","Normal","TCGA-YB-A89D-11",6.015
"PAAD","Normal","TCGA-HV-A5A3-11",5.293
"PAAD","Normal","TCGA-H6-A45N-11",4.611
"PAAD","Normal","TCGA-H6-8124-11",4.953
"PAAD","Normal","GTEX-13NZA-1726-SM-5J1NA",4.594
"PAAD","Normal","GTEX-1399R-0426-SM-5IJE3",3.345
"PAAD","Normal","GTEX-ZYT6-1326-SM-5E453",4.361
"PAAD","Normal","GTEX-131XE-1926-SM-5IFER",4.054
"PAAD","Normal","GTEX-ZAB5-0826-SM-5P9FU",3.872
"PAAD","Normal","GTEX-NPJ8-2126-SM-3MJGK",4.812
"PAAD","Normal","GTEX-V1D1-0726-SM-4JBH7",4.265
"PAAD","Normal","GTEX-VUSG-0326-SM-3GIJ7",3.753
"PAAD","Normal","GTEX-ZYW4-2126-SM-59HJ9",3.94
"PAAD","Normal","GTEX-VJYA-0826-SM-4KL1M",4.49
"PAAD","Normal","GTEX-XXEK-1726-SM-4BRVB",4.973
"PAAD","Normal","GTEX-ZV7C-0726-SM-59HKH",4.041
"PAAD","Normal","GTEX-13YAN-2126-SM-5Q5C4",4.905
"PAAD","Normal","GTEX-11NSD-0526-SM-5A5LT",3.129
"PAAD","Normal","GTEX-139YR-1526-SM-5IFJ1",4.01
"PAAD","Normal","GTEX-PW2O-0826-SM-48TC5",4.079
"PAAD","Normal","GTEX-145MO-2126-SM-5Q5CZ",3.82
"PAAD","Normal","GTEX-PLZ6-0726-SM-3P619",3.676
"PAAD","Normal","GTEX-U8XE-2026-SM-3DB8S",4.593
"PAAD","Normal","GTEX-132QS-0926-SM-5P9GB",4.275
"PAAD","Normal","GTEX-146FQ-1526-SM-5Q5CX",3.192
"PAAD","Normal","GTEX-12WSN-0826-SM-5GCOF",3.639
"PAAD","Normal","GTEX-Y3I4-0826-SM-4TT2A",3.892
"PAAD","Normal","GTEX-OHPM-1026-SM-3LK74",4.07
"PAAD","Normal","GTEX-12WSL-0426-SM-5GCNX",3.931
"PAAD","Normal","GTEX-P4QS-1026-SM-3NMCW",4.152
"PAAD","Normal","GTEX-OOBJ-1026-SM-3NB2L",3.596
"PAAD","Normal","GTEX-Q2AH-0926-SM-48TZK",4.718
"PAAD","Normal","GTEX-V955-0326-SM-4JBGV",4.134
"PAAD","Normal","GTEX-ZAB4-1726-SM-5HL8C",5.445
"PAAD","Normal","GTEX-YF7O-1326-SM-4W1ZR",3.464
"PAAD","Normal","GTEX-11ONC-0526-SM-5BC57",3.609
"PAAD","Normal","GTEX-XMK1-0326-SM-4B652",3.775
"PAAD","Normal","GTEX-QEL4-1326-SM-447AD",3.536
"PAAD","Normal","GTEX-QV44-0426-SM-4R1KF",3.531
"PAAD","Normal","GTEX-WFJO-0626-SM-4LVMC",4.168
"PAAD","Normal","GTEX-WYJK-2426-SM-4ONDQ",4.251
"PAAD","Normal","GTEX-144GN-0826-SM-5LU5G",3.943
"PAAD","Normal","GTEX-SIU7-0926-SM-4BRX1",4.147
"PAAD","Normal","GTEX-145MN-1426-SM-5SI9H",3.623
"PAAD","Normal","GTEX-Y9LG-0726-SM-4VDS3",4.184
"PAAD","Normal","GTEX-11LCK-0226-SM-5A5M6",3.944
"PAAD","Normal","GTEX-QESD-0226-SM-447BH",3.866
"PAAD","Normal","GTEX-WHWD-0726-SM-4OORX",3.913
"PAAD","Normal","GTEX-144FL-1526-SM-5Q5CA",4.434
"PAAD","Normal","GTEX-YB5E-0526-SM-4VDSD",4.075
"PAAD","Normal","GTEX-PSDG-1526-SM-48TCY",4.436
"PAAD","Normal","GTEX-S33H-1226-SM-4AD69",4.197
"PAAD","Normal","GTEX-XPVG-0326-SM-4B653",3.691
"PAAD","Normal","GTEX-R55D-1426-SM-48FEN",3.627
"PAAD","Normal","GTEX-S95S-0726-SM-4B64H",4.017
"PAAD","Normal","GTEX-YEC4-1326-SM-5IFHG",3.356
"PAAD","Normal","GTEX-ZEX8-1026-SM-4WKHE",3.417
"PAAD","Normal","GTEX-11EQ9-1026-SM-5H134",3.441
"PAAD","Normal","GTEX-WFON-0626-SM-4LVLX",4.268
"PAAD","Normal","GTEX-11P7K-0526-SM-5BC5I",3.864
"PAAD","Normal","GTEX-13FTW-0526-SM-5IFIP",3.668
"PAAD","Normal","GTEX-ZDYS-2526-SM-4WKGU",3.851
"PAAD","Normal","GTEX-ZVZP-0626-SM-59HL5",3.699
"PAAD","Normal","GTEX-X4LF-0326-SM-4QAS9",4.083
"PAAD","Normal","GTEX-YEC3-0626-SM-5IFHZ",3.398
"PAAD","Normal","GTEX-WHSB-0726-SM-4M1XQ",3.667
"PAAD","Normal","GTEX-13O61-2126-SM-5IJEO",3.563
"PAAD","Normal","GTEX-QLQW-0326-SM-447A8",4.138
"PAAD","Normal","GTEX-QV31-0226-SM-447BO",3.643
"PAAD","Normal","GTEX-XBED-0226-SM-47JY8",4.269
"PAAD","Normal","GTEX-Y8E4-1326-SM-5IFIY",3.154
"PAAD","Normal","GTEX-ZLFU-0726-SM-57WF6",3.855
"PAAD","Normal","GTEX-S3XE-0526-SM-4AD4G",3.437
"PAAD","Normal","GTEX-SNOS-0926-SM-4DM7A",3.588
"PAAD","Normal","GTEX-XQ8I-1926-SM-4BOOK",3.856
"PAAD","Normal","GTEX-YEC3-0626-SM-4YCFE",3.164
"PAAD","Normal","GTEX-QDVJ-1226-SM-48U1V",4.294
"PAAD","Normal","GTEX-X5EB-0526-SM-46MVP",4.276
"PAAD","Normal","GTEX-Q2AI-0426-SM-48U13",4.057
"PAAD","Normal","GTEX-WHPG-0326-SM-4M1XV",3.452
"PAAD","Normal","GTEX-SUCS-1426-SM-4DM5W",3.795
"PAAD","Normal","GTEX-ZT9W-0926-SM-57WFS",3.48
"PAAD","Normal","GTEX-ZDTT-1126-SM-4WKFW",3.658
"PAAD","Normal","GTEX-14ICL-1126-SM-5S2RE",3.822
"PAAD","Normal","GTEX-OOBK-1026-SM-48TC2",4.147
"PAAD","Normal","GTEX-11TT1-0326-SM-5LUAY",4.107
"PAAD","Normal","GTEX-T8EM-0826-SM-4DM76",3.845
"PAAD","Normal","GTEX-ZG7Y-0326-SM-4WWEY",3.909
"PAAD","Normal","GTEX-111CU-0526-SM-5EGHK",3.828
"PAAD","Normal","GTEX-111YS-1226-SM-5EGGJ",3.192
"PAAD","Normal","GTEX-117YX-0226-SM-5EGH6",3.964
"PAAD","Normal","GTEX-X3Y1-0726-SM-3P5YU",3.556
"PAAD","Normal","GTEX-TKQ2-0426-SM-4DXUO",3.732
"PAAD","Normal","GTEX-RM2N-0326-SM-48FD8",3.755
"PAAD","Normal","GTEX-WFG8-0326-SM-4LVN4",4.192
"PAAD","Normal","GTEX-WH7G-0826-SM-4LVMR",3.093
"PAAD","Normal","GTEX-1339X-1026-SM-5IFH5",4.34
"PAAD","Normal","GTEX-U8XE-2026-SM-5CHQF",-9.966
"PAAD","Normal","GTEX-146FH-1826-SM-5QGQ7",4.974
"PAAD","Normal","GTEX-XYKS-1226-SM-4BRVI",4.519
"PAAD","Normal","GTEX-ZF3C-2026-SM-4WWB5",4.158
"PAAD","Normal","GTEX-11ILO-1526-SM-5A5KZ",4.072
"PAAD","Normal","GTEX-ZYWO-1326-SM-5SI8X",3.986
"PAAD","Normal","GTEX-Y3IK-0426-SM-4WWE2",3.988
"PAAD","Normal","GTEX-WYVS-0926-SM-4SOJV",3
"PAAD","Normal","GTEX-R53T-0426-SM-48FEM",3.779
"PAAD","Normal","GTEX-132AR-1826-SM-5EGHR",4.173
"PAAD","Normal","GTEX-ZTPG-1026-SM-5DUWP",4.896
"PAAD","Normal","GTEX-QCQG-0426-SM-48U29",3.977
"PAAD","Normal","GTEX-13X6H-0626-SM-5LU53",4.229
"PAAD","Normal","GTEX-S32W-0826-SM-4AD5Z",4.346
"PAAD","Normal","GTEX-ZYY3-0826-SM-5E44R",4.794
"PAAD","Normal","GTEX-13D11-2226-SM-5IFEO",3.85
"PAAD","Normal","GTEX-OHPL-1026-SM-3MJGI",3.766
"PAAD","Normal","GTEX-14AS3-0326-SM-5Q5DB",3.701
"PAAD","Normal","GTEX-S4P3-0626-SM-4AD59",4.002
"PAAD","Normal","GTEX-Y5LM-0526-SM-4V6G3",4.038
"PAAD","Normal","GTEX-P4PP-1026-SM-3NM9O",3.754
"PAAD","Normal","GTEX-13N11-0226-SM-5KM3C",4.456
"PAAD","Normal","GTEX-N7MT-1626-SM-3LK71",5.404
"PAAD","Normal","GTEX-146FR-0126-SM-5Q5F3",3.526
"PAAD","Normal","GTEX-WXYG-0826-SM-4ONC7",4.099
"PAAD","Normal","GTEX-13U4I-1526-SM-5IFFF",3.744
"PAAD","Normal","GTEX-1122O-0726-SM-5GIEV",3.828
"PAAD","Normal","GTEX-11I78-0626-SM-5A5LZ",3.448
"PAAD","Normal","GTEX-ZZPU-0726-SM-5N9C8",4.376
"PAAD","Normal","GTEX-PX3G-1026-SM-48TZW",3.312
"PAAD","Normal","GTEX-11XUK-0626-SM-5N9ES",4.463
"PAAD","Normal","GTEX-ZC5H-0826-SM-5N9FH",4.696
"PAAD","Normal","GTEX-ZPIC-0926-SM-4WWFK",3.732
"PAAD","Normal","GTEX-ZYFG-0826-SM-5BC5T",3.674
"PAAD","Normal","GTEX-13VXT-1226-SM-5LU3M",3.972
"PAAD","Normal","GTEX-13FH7-1426-SM-5IFIC",4.282
"PAAD","Normal","GTEX-Y8LW-1026-SM-5IFJY",4.176
"PAAD","Normal","GTEX-RWS6-1126-SM-47JXC",3.462
"PAAD","Normal","GTEX-1399U-0926-SM-5IFHA",4.044
"PAAD","Normal","GTEX-13CF3-1026-SM-5LZWY",4.575
"PAAD","Normal","GTEX-13W3W-1026-SM-5IFG4",3.614
"PAAD","Normal","GTEX-PWOO-0626-SM-48TZH",4.712
"PAAD","Normal","GTEX-ZP4G-0426-SM-4YCER",3.939
"PAAD","Normal","GTEX-13FTX-1226-SM-5IFGN",3.78
"PAAD","Normal","GTEX-UJHI-0626-SM-3DB8T",4.071
"PAAD","Normal","GTEX-ZF2S-0426-SM-4WKGP",2.568
"PAAD","Normal","GTEX-131XG-1426-SM-5GCMO",3.761
"PAAD","Normal","GTEX-ZVT2-2026-SM-5NQ8Q",3.091
"PAAD","Normal","GTEX-12WSD-1626-SM-5GCNR",3.377
"PAAD","Normal","GTEX-12WSK-0226-SM-5BC62",3.471
"PAAD","Normal","GTEX-X15G-0726-SM-4PQZ5",4.081
"PAAD","Normal","GTEX-ZLWG-0326-SM-4WWC7",3.623
"PAAD","Normal","GTEX-13PL7-2226-SM-5L3IC",4.23
"PAAD","Normal","GTEX-WI4N-1826-SM-4OOSF",4.884
"PAAD","Normal","GTEX-1128S-0826-SM-5GZZI",4.307
"PAAD","Normal","GTEX-11VI4-0426-SM-5EGHZ",3.402
"PAAD","Normal","GTEX-Y5V5-1026-SM-5LUAH",3.646
"PAAD","Normal","GTEX-R55G-0326-SM-48FDM",3.944
"PAAD","Normal","GTEX-13OVI-0526-SM-5IFFQ",3.578
"PAAD","Normal","GTEX-1399S-0326-SM-5IFFS",3.745
"PAAD","Normal","GTEX-ZF29-1126-SM-4WKGO",3.632
"PAAD","Normal","GTEX-11DXX-0926-SM-5H112",3.44
"PAAD","Normal","GTEX-ZAK1-2326-SM-5CVMY",3.45
"PAAD","Normal","GTEX-145ME-0326-SM-5S2QO",4.027
"PAAD","Normal","GTEX-SE5C-0326-SM-4BRWX",4.232
"PAAD","Normal","GTEX-YB5K-1826-SM-5IFJC",3.614
"PAAD","Normal","GTEX-1211K-1126-SM-5EGGB",3.749
"PAAD","Normal","GTEX-TMMY-1326-SM-4DXU9",3.888
"PAAD","Normal","GTEX-W5WG-0826-SM-4RGNE",3.128
"PAAD","Normal","GTEX-13SLX-1326-SM-5S2QS",3.535
"PAAD","Normal","GTEX-XUW1-1726-SM-4BOOZ",3.47
"PAAD","Normal","GTEX-12WSG-1026-SM-5EGII",3.346
"PAAD","Normal","GTEX-WRHK-0226-SM-4MVOH",3.696
"PAAD","Normal","GTEX-W5X1-0226-SM-5CHTO",-9.966
"PCPG","Tumor","TCGA-W2-A7HE-01",6.8
"PCPG","Tumor","TCGA-S7-A7WM-01",5.586
"PCPG","Tumor","TCGA-S7-A7WT-01",5.596
"PCPG","Tumor","TCGA-QR-A700-01",6.224
"PCPG","Tumor","TCGA-W2-A7HC-01",6.277
"PCPG","Tumor","TCGA-RW-A8AZ-01",5.487
"PCPG","Tumor","TCGA-P8-A6RX-01",6.881
"PCPG","Tumor","TCGA-WB-A81I-01",5.505
"PCPG","Tumor","TCGA-WB-A80M-01",6.464
"PCPG","Tumor","TCGA-RW-A686-01",5.854
"PCPG","Tumor","TCGA-QR-A70K-01",6.161
"PCPG","Tumor","TCGA-TT-A6YK-01",5.453
"PCPG","Tumor","TCGA-S7-A7WL-01",5.403
"PCPG","Tumor","TCGA-W2-A7H7-01",6.346
"PCPG","Tumor","TCGA-RW-A689-01",5.815
"PCPG","Tumor","TCGA-WB-A81V-01",6.074
"PCPG","Tumor","TCGA-QT-A7U0-01",5.738
"PCPG","Tumor","TCGA-RW-A681-01",6.127
"PCPG","Tumor","TCGA-P8-A6RY-01",4.943
"PCPG","Tumor","TCGA-QR-A6H1-01",6.065
"PCPG","Tumor","TCGA-SR-A6MX-01",6.024
"PCPG","Tumor","TCGA-WB-A80N-01",5.593
"PCPG","Tumor","TCGA-QR-A6H0-01",6.416
"PCPG","Tumor","TCGA-SQ-A6I4-01",6.312
"PCPG","Tumor","TCGA-S7-A7WX-01",5.591
"PCPG","Tumor","TCGA-RW-A68G-01",6.498
"PCPG","Tumor","TCGA-WB-A80K-01",6.148
"PCPG","Tumor","TCGA-P8-A5KC-01",5.623
"PCPG","Tumor","TCGA-SP-A6QF-01",6.274
"PCPG","Tumor","TCGA-PR-A5PH-01",6.15
"PCPG","Tumor","TCGA-RW-A67X-01",6.287
"PCPG","Tumor","TCGA-SP-A6QI-01",6.088
"PCPG","Tumor","TCGA-RM-A68T-01",6.729
"PCPG","Tumor","TCGA-SP-A6QC-01",6.52
"PCPG","Tumor","TCGA-WB-A81K-01",6.303
"PCPG","Tumor","TCGA-WB-A81T-01",6.24
"PCPG","Tumor","TCGA-RX-A8JQ-01",5.802
"PCPG","Tumor","TCGA-WB-A81Q-01",6.431
"PCPG","Tumor","TCGA-QR-A6GO-01",6.083
"PCPG","Tumor","TCGA-QR-A70R-01",6.053
"PCPG","Tumor","TCGA-QT-A5XM-01",5.776
"PCPG","Tumor","TCGA-RW-A68C-01",5.935
"PCPG","Tumor","TCGA-QR-A6H3-01",7.143
"PCPG","Tumor","TCGA-SR-A6MR-01",6.108
"PCPG","Tumor","TCGA-WB-A81W-01",5.909
"PCPG","Tumor","TCGA-QR-A70W-01",5.782
"PCPG","Tumor","TCGA-QT-A69Q-01",5.382
"PCPG","Tumor","TCGA-S7-A7WN-01",5.711
"PCPG","Tumor","TCGA-WB-A81F-01",6.455
"PCPG","Tumor","TCGA-WB-A81J-01",6.033
"PCPG","Tumor","TCGA-WB-A820-01",5.882
"PCPG","Tumor","TCGA-SQ-A6I6-01",5.905
"PCPG","Tumor","TCGA-QR-A70M-01",6.186
"PCPG","Tumor","TCGA-WB-A818-01",5.755
"PCPG","Tumor","TCGA-QR-A70H-01",5.967
"PCPG","Tumor","TCGA-WB-A819-01",6.068
"PCPG","Tumor","TCGA-S7-A7WW-01",6.04
"PCPG","Tumor","TCGA-QR-A6H2-01",6.381
"PCPG","Tumor","TCGA-QR-A70Q-01",4.727
"PCPG","Tumor","TCGA-QR-A70N-01",5.438
"PCPG","Tumor","TCGA-QR-A6GU-01",5.721
"PCPG","Tumor","TCGA-QR-A6GZ-01",6.68
"PCPG","Tumor","TCGA-RT-A6YC-01",5.192
"PCPG","Tumor","TCGA-RW-A68B-01",5.911
"PCPG","Tumor","TCGA-QR-A7IP-01",6.271
"PCPG","Tumor","TCGA-QR-A6H6-01",6.119
"PCPG","Tumor","TCGA-QT-A5XL-01",6.036
"PCPG","Tumor","TCGA-WB-A817-01",6.535
"PCPG","Tumor","TCGA-SP-A6QD-01",5.691
"PCPG","Tumor","TCGA-WB-A81G-01",6.093
"PCPG","Tumor","TCGA-QR-A70I-01",5.72
"PCPG","Tumor","TCGA-W2-A7HB-01",6.193
"PCPG","Tumor","TCGA-QR-A703-01",6.314
"PCPG","Tumor","TCGA-S7-A7X1-01",6.713
"PCPG","Tumor","TCGA-WB-A822-01",5.808
"PCPG","Tumor","TCGA-WB-A80P-01",5.922
"PCPG","Tumor","TCGA-S7-A7WQ-01",6.163
"PCPG","Tumor","TCGA-WB-A80O-01",5.69
"PCPG","Tumor","TCGA-WB-A81D-01",5.809
"PCPG","Tumor","TCGA-P7-A5NX-01",5.817
"PCPG","Tumor","TCGA-S7-A7WO-01",8.429
"PCPG","Tumor","TCGA-W2-A7HD-01",6.02
"PCPG","Tumor","TCGA-QR-A702-01",5.788
"PCPG","Tumor","TCGA-S7-A7X0-01",6.005
"PCPG","Tumor","TCGA-WB-A81P-01",5.922
"PCPG","Tumor","TCGA-WB-A821-01",5.795
"PCPG","Tumor","TCGA-RW-A7CZ-01",6.258
"PCPG","Tumor","TCGA-RT-A6YA-01",6.278
"PCPG","Tumor","TCGA-RW-A685-01",6.189
"PCPG","Tumor","TCGA-RW-A688-01",5.967
"PCPG","Tumor","TCGA-W2-A7HH-01",5.49
"PCPG","Tumor","TCGA-WB-A815-01",6.416
"PCPG","Tumor","TCGA-QR-A70V-01",5.929
"PCPG","Tumor","TCGA-WB-A81A-01",6.404
"PCPG","Tumor","TCGA-RW-A684-01",6.208
"PCPG","Tumor","TCGA-SP-A6QJ-01",5.653
"PCPG","Tumor","TCGA-TT-A6YO-01",7.952
"PCPG","Tumor","TCGA-WB-A80Q-01",5.447
"PCPG","Tumor","TCGA-QR-A6GT-01",5.861
"PCPG","Tumor","TCGA-QR-A705-01",5.525
"PCPG","Tumor","TCGA-QT-A5XO-01",5.956
"PCPG","Tumor","TCGA-S7-A7WU-01",6.235
"PCPG","Tumor","TCGA-W2-A7HA-01",5.743
"PCPG","Tumor","TCGA-WB-A80V-01",5.083
"PCPG","Tumor","TCGA-PR-A5PF-01",5.514
"PCPG","Tumor","TCGA-SR-A6MQ-01",6.009
"PCPG","Tumor","TCGA-WB-A80Y-01",5.698
"PCPG","Tumor","TCGA-WB-A81S-01",5.809
"PCPG","Tumor","TCGA-QT-A5XP-01",5.854
"PCPG","Tumor","TCGA-RW-A680-01",5.676
"PCPG","Tumor","TCGA-S7-A7X2-01",6.197
"PCPG","Tumor","TCGA-SR-A6MT-01",6.586
"PCPG","Tumor","TCGA-QR-A6H4-01",5.931
"PCPG","Tumor","TCGA-QT-A5XK-01",5.689
"PCPG","Tumor","TCGA-WB-A81R-01",6.177
"PCPG","Tumor","TCGA-QR-A70A-01",6.04
"PCPG","Tumor","TCGA-SR-A6MY-01",5.433
"PCPG","Tumor","TCGA-QR-A6GW-01",6.181
"PCPG","Tumor","TCGA-QR-A7IN-01",5.669
"PCPG","Tumor","TCGA-QR-A6GS-01",5.984
"PCPG","Tumor","TCGA-QR-A70C-01",5.533
"PCPG","Tumor","TCGA-QT-A5XN-01",5.774
"PCPG","Tumor","TCGA-RW-A68F-01",5.861
"PCPG","Tumor","TCGA-QR-A706-01",5.987
"PCPG","Tumor","TCGA-RT-A6Y9-01",5.854
"PCPG","Tumor","TCGA-SR-A6MU-01",6.586
"PCPG","Tumor","TCGA-RW-A7D0-01",6.299
"PCPG","Tumor","TCGA-WB-A81E-01",6.345
"PCPG","Tumor","TCGA-QR-A70U-01",5.893
"PCPG","Tumor","TCGA-QR-A70X-01",5.705
"PCPG","Tumor","TCGA-RW-A67W-01",5.69
"PCPG","Tumor","TCGA-SA-A6C2-01",5.639
"PCPG","Tumor","TCGA-SP-A6QK-01",6.839
"PCPG","Tumor","TCGA-SR-A6MZ-01",6.893
"PCPG","Tumor","TCGA-QR-A70P-01",5.839
"PCPG","Tumor","TCGA-SR-A6N0-01",7.452
"PCPG","Tumor","TCGA-TT-A6YJ-01",5.87
"PCPG","Tumor","TCGA-QR-A708-01",6.158
"PCPG","Tumor","TCGA-RW-A67V-01",6.125
"PCPG","Tumor","TCGA-W2-A7UY-01",6.965
"PCPG","Tumor","TCGA-WB-A81H-01",6.298
"PCPG","Tumor","TCGA-QR-A707-01",6.239
"PCPG","Tumor","TCGA-RW-A67Y-01",5.801
"PCPG","Tumor","TCGA-PR-A5PG-01",5.534
"PCPG","Tumor","TCGA-QR-A70J-01",5.976
"PCPG","Tumor","TCGA-QT-A5XJ-01",6.383
"PCPG","Tumor","TCGA-WB-A816-01",7.359
"PCPG","Tumor","TCGA-WB-A81M-01",6.224
"PCPG","Tumor","TCGA-RM-A68W-01",6.623
"PCPG","Tumor","TCGA-QR-A70T-01",5.332
"PCPG","Tumor","TCGA-QR-A70D-01",6.145
"PCPG","Tumor","TCGA-QR-A6GY-01",5.799
"PCPG","Tumor","TCGA-TT-A6YN-01",5.626
"PCPG","Tumor","TCGA-P8-A5KD-01",5.821
"PCPG","Tumor","TCGA-S7-A7WV-01",5.835
"PCPG","Tumor","TCGA-SP-A6QG-01",5.846
"PCPG","Tumor","TCGA-SP-A6QH-01",5.944
"PCPG","Tumor","TCGA-SR-A6MS-01",6.689
"PCPG","Tumor","TCGA-SR-A6MV-01",5.927
"PCPG","Tumor","TCGA-WB-A814-01",6.191
"PCPG","Tumor","TCGA-S7-A7WR-01",6.286
"PCPG","Tumor","TCGA-QR-A70E-01",5.519
"PCPG","Tumor","TCGA-RW-A68D-01",5.782
"PCPG","Tumor","TCGA-QR-A6GR-01",5.792
"PCPG","Tumor","TCGA-QR-A6H5-01",6.159
"PCPG","Tumor","TCGA-QR-A6ZZ-01",6.533
"PCPG","Tumor","TCGA-SR-A6MP-01",5.389
"PCPG","Tumor","TCGA-WB-A80L-01",6.202
"PCPG","Tumor","TCGA-QR-A6GX-01",6.276
"PCPG","Tumor","TCGA-W2-A7HF-01",6.14
"PCPG","Tumor","TCGA-WB-A81N-01",5.85
"PCPG","Tumor","TCGA-S7-A7WP-01",6.806
"PCPG","Tumor","TCGA-W2-A7H5-01",6.059
"PCPG","Tumor","TCGA-XG-A823-01",7.211
"PCPG","Tumor","TCGA-P7-A5NY-01",5.902
"PCPG","Tumor","TCGA-RW-A68A-01",6.477
"PCPG","Tumor","TCGA-TT-A6YP-01",6.145
"PCPG","Normal","TCGA-SQ-A6I4-11",8.035
"PCPG","Normal","TCGA-P8-A5KC-11",8.005
"PCPG","Normal","TCGA-P8-A5KD-11",8.273
"PRAD","Tumor","TCGA-XK-AAIW-01",5.78
"PRAD","Tumor","TCGA-FC-A6HD-01",6.051
"PRAD","Tumor","TCGA-J4-A67Q-01",5.869
"PRAD","Tumor","TCGA-VP-A87H-01",5.786
"PRAD","Tumor","TCGA-KC-A4BR-01",5.439
"PRAD","Tumor","TCGA-XK-AAIR-01",5.281
"PRAD","Tumor","TCGA-XK-AAJT-01",5.731
"PRAD","Tumor","TCGA-FC-A66V-01",6.151
"PRAD","Tumor","TCGA-HC-7210-01",5.265
"PRAD","Tumor","TCGA-YL-A8SL-01",5.648
"PRAD","Tumor","TCGA-CH-5737-01",5.693
"PRAD","Tumor","TCGA-HC-7233-01",5.45
"PRAD","Tumor","TCGA-HC-A76W-01",5.33
"PRAD","Tumor","TCGA-TK-A8OK-01",4.788
"PRAD","Tumor","TCGA-ZG-A9KY-01",5.467
"PRAD","Tumor","TCGA-ZG-A9N3-01",5.163
"PRAD","Tumor","TCGA-ZG-A9NI-01",5.372
"PRAD","Tumor","TCGA-CH-5738-01",5.193
"PRAD","Tumor","TCGA-CH-5750-01",5.231
"PRAD","Tumor","TCGA-CH-5768-01",5.066
"PRAD","Tumor","TCGA-CH-5791-01",5.63
"PRAD","Tumor","TCGA-G9-6364-01",4.607
"PRAD","Tumor","TCGA-HC-7820-01",5.688
"PRAD","Tumor","TCGA-KK-A5A1-01",5.435
"PRAD","Tumor","TCGA-Y6-A9XI-01",5.425
"PRAD","Tumor","TCGA-ZG-A8QW-01",5.988
"PRAD","Tumor","TCGA-ZG-A9LB-01",4.991
"PRAD","Tumor","TCGA-ZG-A9LM-01",4.955
"PRAD","Tumor","TCGA-EJ-7218-01",5.813
"PRAD","Tumor","TCGA-EJ-7317-01",5.673
"PRAD","Tumor","TCGA-EJ-7782-01",5.657
"PRAD","Tumor","TCGA-EJ-A46G-01",5.24
"PRAD","Tumor","TCGA-G9-6365-01",5.485
"PRAD","Tumor","TCGA-J4-AATV-01",5.48
"PRAD","Tumor","TCGA-J9-A52D-01",5.521
"PRAD","Tumor","TCGA-VN-A943-01",5.877
"PRAD","Tumor","TCGA-ZG-A9L0-01",5.081
"PRAD","Tumor","TCGA-2A-A8VX-01",5.356
"PRAD","Tumor","TCGA-CH-5753-01",5.055
"PRAD","Tumor","TCGA-EJ-7328-01",5.193
"PRAD","Tumor","TCGA-EJ-7783-01",5.343
"PRAD","Tumor","TCGA-EJ-A6RA-01",5.728
"PRAD","Tumor","TCGA-FC-A4JI-01",5.814
"PRAD","Tumor","TCGA-HC-7749-01",5.655
"PRAD","Tumor","TCGA-HC-8257-01",5.616
"PRAD","Tumor","TCGA-HC-A6AS-01",6.241
"PRAD","Tumor","TCGA-KK-A8ID-01",5.966
"PRAD","Tumor","TCGA-M7-A721-01",5.684
"PRAD","Tumor","TCGA-VP-A879-01",5.948
"PRAD","Tumor","TCGA-VP-AA1N-01",6.425
"PRAD","Tumor","TCGA-WW-A8ZI-01",5.318
"PRAD","Tumor","TCGA-ZG-A9L2-01",5.551
"PRAD","Tumor","TCGA-2A-A8W3-01",5.639
"PRAD","Tumor","TCGA-CH-5788-01",4.937
"PRAD","Tumor","TCGA-EJ-5527-01",5.267
"PRAD","Tumor","TCGA-EJ-8474-01",5.093
"PRAD","Tumor","TCGA-HC-7078-01",5.531
"PRAD","Tumor","TCGA-KK-A6E4-01",5.857
"PRAD","Tumor","TCGA-KK-A6E6-01",5.201
"PRAD","Tumor","TCGA-KK-A8I8-01",5.72
"PRAD","Tumor","TCGA-KK-A8IA-01",5.778
"PRAD","Tumor","TCGA-YL-A8SA-01",5.677
"PRAD","Tumor","TCGA-YL-A8SH-01",5.457
"PRAD","Tumor","TCGA-YL-A8SI-01",5.384
"PRAD","Tumor","TCGA-ZG-A9MC-01",5.466
"PRAD","Tumor","TCGA-CH-5745-01",5.287
"PRAD","Tumor","TCGA-CH-5751-01",5.166
"PRAD","Tumor","TCGA-EJ-5495-01",5.077
"PRAD","Tumor","TCGA-EJ-7315-01",5.326
"PRAD","Tumor","TCGA-EJ-7330-01",5.603
"PRAD","Tumor","TCGA-FC-A8O0-01",6.054
"PRAD","Tumor","TCGA-G9-6348-01",5.747
"PRAD","Tumor","TCGA-G9-6373-01",5.181
"PRAD","Tumor","TCGA-G9-6379-01",6.148
"PRAD","Tumor","TCGA-H9-7775-01",5.463
"PRAD","Tumor","TCGA-HC-A632-01",4.356
"PRAD","Tumor","TCGA-HC-A8D1-01",5.516
"PRAD","Tumor","TCGA-J4-A67K-01",5.852
"PRAD","Tumor","TCGA-J4-A6G1-01",5.429
"PRAD","Tumor","TCGA-J4-A83J-01",5.874
"PRAD","Tumor","TCGA-KK-A6E8-01",5.454
"PRAD","Tumor","TCGA-KK-A7B2-01",5.977
"PRAD","Tumor","TCGA-V1-A9ZI-01",5.814
"PRAD","Tumor","TCGA-V1-A9ZK-01",5.704
"PRAD","Tumor","TCGA-V1-A9ZR-01",5.359
"PRAD","Tumor","TCGA-XA-A8JR-01",5.207
"PRAD","Tumor","TCGA-YL-A8S8-01",5.733
"PRAD","Tumor","TCGA-YL-A9WX-01",5.37
"PRAD","Tumor","TCGA-EJ-5506-01",5.385
"PRAD","Tumor","TCGA-EJ-5525-01",4.547
"PRAD","Tumor","TCGA-EJ-7791-01",5.471
"PRAD","Tumor","TCGA-EJ-7794-01",5.554
"PRAD","Tumor","TCGA-EJ-A65E-01",5.858
"PRAD","Tumor","TCGA-G9-6329-01",4.678
"PRAD","Tumor","TCGA-HC-A631-01",5.549
"PRAD","Tumor","TCGA-HC-A6AN-01",6.315
"PRAD","Tumor","TCGA-KC-A7F3-01",5.532
"PRAD","Tumor","TCGA-KK-A7B0-01",6.205
"PRAD","Tumor","TCGA-V1-A9OQ-01",5.256
"PRAD","Tumor","TCGA-VP-A875-01",4.902
"PRAD","Tumor","TCGA-VP-A87C-01",5.382
"PRAD","Tumor","TCGA-XJ-A83F-01",5.555
"PRAD","Tumor","TCGA-XQ-A8TB-01",5.552
"PRAD","Tumor","TCGA-YJ-A8SW-01",6.619
"PRAD","Tumor","TCGA-YL-A8HO-01",5.937
"PRAD","Tumor","TCGA-YL-A8SK-01",5.314
"PRAD","Tumor","TCGA-YL-A9WH-01",6.32
"PRAD","Tumor","TCGA-ZG-A8QY-01",6.091
"PRAD","Tumor","TCGA-ZG-A9LU-01",5.914
"PRAD","Tumor","TCGA-CH-5743-01",5.109
"PRAD","Tumor","TCGA-CH-5752-01",5.303
"PRAD","Tumor","TCGA-CH-5763-01",5.088
"PRAD","Tumor","TCGA-CH-5764-01",5.411
"PRAD","Tumor","TCGA-CH-5767-01",4.914
"PRAD","Tumor","TCGA-EJ-5514-01",5.587
"PRAD","Tumor","TCGA-EJ-5518-01",6.236
"PRAD","Tumor","TCGA-EJ-7789-01",5.614
"PRAD","Tumor","TCGA-EJ-A46B-01",5.588
"PRAD","Tumor","TCGA-EJ-A65D-01",5.902
"PRAD","Tumor","TCGA-EJ-A8FS-01",5.848
"PRAD","Tumor","TCGA-G9-6333-01",5.685
"PRAD","Tumor","TCGA-G9-6385-01",5.438
"PRAD","Tumor","TCGA-G9-6494-01",5.704
"PRAD","Tumor","TCGA-G9-6499-01",5.844
"PRAD","Tumor","TCGA-G9-7510-01",5.607
"PRAD","Tumor","TCGA-HC-7080-01",5.979
"PRAD","Tumor","TCGA-HC-7231-01",5.754
"PRAD","Tumor","TCGA-HC-7232-01",6.108
"PRAD","Tumor","TCGA-HC-7818-01",5.471
"PRAD","Tumor","TCGA-HC-8265-01",3.965
"PRAD","Tumor","TCGA-J4-AATZ-01",5.772
"PRAD","Tumor","TCGA-J9-A8CK-01",5.896
"PRAD","Tumor","TCGA-J9-A8CL-01",5.681
"PRAD","Tumor","TCGA-J9-A8CM-01",5.568
"PRAD","Tumor","TCGA-J9-A8CP-01",5.6
"PRAD","Tumor","TCGA-KC-A4BV-01",5.69
"PRAD","Tumor","TCGA-KK-A59Z-01",5.174
"PRAD","Tumor","TCGA-QU-A6IP-01",5.728
"PRAD","Tumor","TCGA-XK-AAJP-01",5.378
"PRAD","Tumor","TCGA-YL-A8HM-01",6.061
"PRAD","Tumor","TCGA-YL-A8SC-01",5.567
"PRAD","Tumor","TCGA-ZG-A9L1-01",5.373
"PRAD","Tumor","TCGA-ZG-A9LZ-01",5.473
"PRAD","Tumor","TCGA-CH-5739-01",5.494
"PRAD","Tumor","TCGA-CH-5754-01",5.568
"PRAD","Tumor","TCGA-CH-5794-01",5.428
"PRAD","Tumor","TCGA-EJ-5504-01",5.469
"PRAD","Tumor","TCGA-EJ-5508-01",4.986
"PRAD","Tumor","TCGA-EJ-7115-01",5.705
"PRAD","Tumor","TCGA-EJ-7781-01",5.34
"PRAD","Tumor","TCGA-EJ-A65M-01",5.703
"PRAD","Tumor","TCGA-HC-7745-01",5.436
"PRAD","Tumor","TCGA-J4-A67R-01",5.99
"PRAD","Tumor","TCGA-J9-A52E-01",5.403
"PRAD","Tumor","TCGA-KC-A4BL-01",5.937
"PRAD","Tumor","TCGA-KK-A7B1-01",5.872
"PRAD","Tumor","TCGA-KK-A8IB-01",5.506
"PRAD","Tumor","TCGA-KK-A8IL-01",5.607
"PRAD","Tumor","TCGA-M7-A722-01",5.729
"PRAD","Tumor","TCGA-V1-A8MF-01",5.751
"PRAD","Tumor","TCGA-V1-A9OL-01",6.273
"PRAD","Tumor","TCGA-X4-A8KQ-01",5.206
"PRAD","Tumor","TCGA-XK-AAJU-01",5.706
"PRAD","Tumor","TCGA-Y6-A8TL-01",5.833
"PRAD","Tumor","TCGA-ZG-A8QZ-01",5.51
"PRAD","Tumor","TCGA-ZG-A9M4-01",4.94
"PRAD","Tumor","TCGA-4L-AA1F-01",4.963
"PRAD","Tumor","TCGA-CH-5744-01",5.541
"PRAD","Tumor","TCGA-CH-5748-01",5.448
"PRAD","Tumor","TCGA-CH-5790-01",5.377
"PRAD","Tumor","TCGA-EJ-5519-01",5.462
"PRAD","Tumor","TCGA-EJ-7331-01",5.543
"PRAD","Tumor","TCGA-EJ-A6RC-01",5.71
"PRAD","Tumor","TCGA-EJ-A7NG-01",5.77
"PRAD","Tumor","TCGA-EJ-A7NM-01",5.763
"PRAD","Tumor","TCGA-EJ-A8FU-01",5.481
"PRAD","Tumor","TCGA-G9-6363-01",4.698
"PRAD","Tumor","TCGA-G9-7525-01",5.404
"PRAD","Tumor","TCGA-HC-7077-01",6.303
"PRAD","Tumor","TCGA-HC-A6AL-01",6.256
"PRAD","Tumor","TCGA-HC-A9TE-01",4.841
"PRAD","Tumor","TCGA-J4-A83M-01",5.457
"PRAD","Tumor","TCGA-KK-A59V-01",5.521
"PRAD","Tumor","TCGA-KK-A7B4-01",5.494
"PRAD","Tumor","TCGA-KK-A8I4-01",5.469
"PRAD","Tumor","TCGA-M7-A724-01",6.122
"PRAD","Tumor","TCGA-QU-A6IL-01",6.209
"PRAD","Tumor","TCGA-TP-A8TT-01",5.584
"PRAD","Tumor","TCGA-V1-A8WL-01",5.812
"PRAD","Tumor","TCGA-V1-A9O5-01",6.237
"PRAD","Tumor","TCGA-V1-A9ZG-01",6.05
"PRAD","Tumor","TCGA-YL-A8SO-01",5.627
"PRAD","Tumor","TCGA-YL-A8SR-01",5.475
"PRAD","Tumor","TCGA-ZG-A9L6-01",5.53
"PRAD","Tumor","TCGA-ZG-A9LS-01",5.763
"PRAD","Tumor","TCGA-CH-5771-01",5.609
"PRAD","Tumor","TCGA-CH-5772-01",4.981
"PRAD","Tumor","TCGA-EJ-5509-01",5.801
"PRAD","Tumor","TCGA-EJ-5521-01",5.438
"PRAD","Tumor","TCGA-EJ-7325-01",5.726
"PRAD","Tumor","TCGA-EJ-7784-01",5.88
"PRAD","Tumor","TCGA-EJ-8468-01",5.018
"PRAD","Tumor","TCGA-EJ-8472-01",4.852
"PRAD","Tumor","TCGA-H9-A6BY-01",5.814
"PRAD","Tumor","TCGA-HC-7075-01",5.504
"PRAD","Tumor","TCGA-HC-A8CY-01",5.126
"PRAD","Tumor","TCGA-J4-A67S-01",6.105
"PRAD","Tumor","TCGA-J4-A67T-01",5.639
"PRAD","Tumor","TCGA-J4-A83I-01",5.56
"PRAD","Tumor","TCGA-KC-A7F6-01",5.77
"PRAD","Tumor","TCGA-KC-A7FA-01",5.435
"PRAD","Tumor","TCGA-KK-A6E5-01",5.737
"PRAD","Tumor","TCGA-KK-A7AU-01",5.981
"PRAD","Tumor","TCGA-V1-A8ML-01",6.044
"PRAD","Tumor","TCGA-V1-A9OH-01",5.573
"PRAD","Tumor","TCGA-V1-A9Z9-01",5.825
"PRAD","Tumor","TCGA-VP-A87B-01",5.643
"PRAD","Tumor","TCGA-VP-A87K-01",5.982
"PRAD","Tumor","TCGA-XJ-A9DK-01",5.771
"PRAD","Tumor","TCGA-XK-AAIV-01",6.153
"PRAD","Tumor","TCGA-YL-A8S9-01",5.176
"PRAD","Tumor","TCGA-YL-A9WI-01",5.859
"PRAD","Tumor","TCGA-YL-A9WK-01",5.365
"PRAD","Tumor","TCGA-EJ-5531-01",5.771
"PRAD","Tumor","TCGA-EJ-7314-01",5.494
"PRAD","Tumor","TCGA-EJ-7786-01",5.683
"PRAD","Tumor","TCGA-EJ-A65J-01",5.532
"PRAD","Tumor","TCGA-FC-7961-01",6.168
"PRAD","Tumor","TCGA-G9-6343-01",5.47
"PRAD","Tumor","TCGA-G9-A9S4-01",5.944
"PRAD","Tumor","TCGA-HC-7081-01",5.891
"PRAD","Tumor","TCGA-HC-7211-01",5.5
"PRAD","Tumor","TCGA-HC-A76X-01",5.671
"PRAD","Tumor","TCGA-HI-7168-01",5.125
"PRAD","Tumor","TCGA-J9-A52B-01",5.523
"PRAD","Tumor","TCGA-KC-A7FD-01",5.324
"PRAD","Tumor","TCGA-KC-A7FE-01",5.595
"PRAD","Tumor","TCGA-KK-A7AQ-01",6.153
"PRAD","Tumor","TCGA-KK-A7B3-01",6.103
"PRAD","Tumor","TCGA-M7-A71Z-01",5.136
"PRAD","Tumor","TCGA-TP-A8TV-01",5.92
"PRAD","Tumor","TCGA-VN-A88N-01",5.764
"PRAD","Tumor","TCGA-XJ-A9DI-01",5.605
"PRAD","Tumor","TCGA-XK-AAJA-01",5.879
"PRAD","Tumor","TCGA-XK-AAK1-01",6.083
"PRAD","Tumor","TCGA-YL-A8SB-01",5.453
"PRAD","Tumor","TCGA-YL-A8SF-01",5.59
"PRAD","Tumor","TCGA-CH-5761-01",5.945
"PRAD","Tumor","TCGA-CH-5789-01",5.301
"PRAD","Tumor","TCGA-EJ-5499-01",5.423
"PRAD","Tumor","TCGA-EJ-5530-01",5.592
"PRAD","Tumor","TCGA-EJ-7327-01",5.722
"PRAD","Tumor","TCGA-EJ-A7NN-01",5.756
"PRAD","Tumor","TCGA-EJ-AB20-01",5.365
"PRAD","Tumor","TCGA-G9-6338-01",5.656
"PRAD","Tumor","TCGA-G9-6342-01",5.999
"PRAD","Tumor","TCGA-G9-6361-01",5.795
"PRAD","Tumor","TCGA-G9-6366-01",5.811
"PRAD","Tumor","TCGA-G9-6377-01",5.535
"PRAD","Tumor","TCGA-G9-6496-01",5.328
"PRAD","Tumor","TCGA-HC-7752-01",5.06
"PRAD","Tumor","TCGA-HC-A6AP-01",6.096
"PRAD","Tumor","TCGA-HC-A8D0-01",5.49
"PRAD","Tumor","TCGA-J4-A67N-01",6.286
"PRAD","Tumor","TCGA-J4-A83L-01",5.696
"PRAD","Tumor","TCGA-KK-A8I9-01",6.03
"PRAD","Tumor","TCGA-KK-A8II-01",5.386
"PRAD","Tumor","TCGA-QU-A6IN-01",6.133
"PRAD","Tumor","TCGA-V1-A9OA-01",5.209
"PRAD","Tumor","TCGA-V1-A9OT-01",5.099
"PRAD","Tumor","TCGA-X4-A8KS-01",4.43
"PRAD","Tumor","TCGA-XK-AAJR-01",5.69
"PRAD","Tumor","TCGA-YL-A8SQ-01",5.41
"PRAD","Tumor","TCGA-CH-5762-01",5.318
"PRAD","Tumor","TCGA-EJ-5515-01",5.041
"PRAD","Tumor","TCGA-EJ-5542-01",5.596
"PRAD","Tumor","TCGA-EJ-A46H-01",5.235
"PRAD","Tumor","TCGA-G9-6356-01",5.322
"PRAD","Tumor","TCGA-G9-6367-01",5.718
"PRAD","Tumor","TCGA-H9-A6BX-01",5.731
"PRAD","Tumor","TCGA-HC-7209-01",5.686
"PRAD","Tumor","TCGA-HC-7748-01",5.654
"PRAD","Tumor","TCGA-HC-8264-01",5.396
"PRAD","Tumor","TCGA-HC-A6AQ-01",6.067
"PRAD","Tumor","TCGA-KK-A7AY-01",6.233
"PRAD","Tumor","TCGA-SU-A7E7-01",5.391
"PRAD","Tumor","TCGA-V1-A8MM-01",6.016
"PRAD","Tumor","TCGA-V1-A9O7-01",5.342
"PRAD","Tumor","TCGA-VN-A88P-01",5.332
"PRAD","Tumor","TCGA-VN-A88Q-01",5.695
"PRAD","Tumor","TCGA-VP-A872-01",5.712
"PRAD","Tumor","TCGA-YL-A8SJ-01",5.267
"PRAD","Tumor","TCGA-ZG-A9L9-01",5.443
"PRAD","Tumor","TCGA-ZG-A9LY-01",5.88
"PRAD","Tumor","TCGA-EJ-5496-01",5.289
"PRAD","Tumor","TCGA-EJ-7123-01",5.639
"PRAD","Tumor","TCGA-EJ-A65F-01",5.565
"PRAD","Tumor","TCGA-EJ-A7NJ-01",5.589
"PRAD","Tumor","TCGA-EJ-A8FP-01",5.439
"PRAD","Tumor","TCGA-G9-6347-01",6.066
"PRAD","Tumor","TCGA-HC-7736-01",5.333
"PRAD","Tumor","TCGA-HC-7740-01",4.017
"PRAD","Tumor","TCGA-J4-A67O-01",5.867
"PRAD","Tumor","TCGA-J4-AAU2-01",5.639
"PRAD","Tumor","TCGA-KK-A6E0-01",5.996
"PRAD","Tumor","TCGA-KK-A8IJ-01",5.665
"PRAD","Tumor","TCGA-MG-AAMC-01",5.386
"PRAD","Tumor","TCGA-QU-A6IM-01",6.232
"PRAD","Tumor","TCGA-V1-A8WW-01",6.083
"PRAD","Tumor","TCGA-V1-A9Z8-01",5.767
"PRAD","Tumor","TCGA-VN-A88I-01",5.641
"PRAD","Tumor","TCGA-VP-A87E-01",5.426
"PRAD","Tumor","TCGA-XQ-A8TA-01",6.679
"PRAD","Tumor","TCGA-YL-A8HK-01",5.701
"PRAD","Tumor","TCGA-YL-A9WL-01",6.135
"PRAD","Tumor","TCGA-EJ-7312-01",5.698
"PRAD","Tumor","TCGA-EJ-8470-01",4.872
"PRAD","Tumor","TCGA-EJ-A7NK-01",5.423
"PRAD","Tumor","TCGA-EJ-A8FN-01",5.791
"PRAD","Tumor","TCGA-G9-6339-01",5.771
"PRAD","Tumor","TCGA-G9-6353-01",5.815
"PRAD","Tumor","TCGA-G9-6371-01",5.596
"PRAD","Tumor","TCGA-G9-7519-01",5.519
"PRAD","Tumor","TCGA-HC-7738-01",5.437
"PRAD","Tumor","TCGA-HC-7742-01",5.805
"PRAD","Tumor","TCGA-HC-8216-01",5.178
"PRAD","Tumor","TCGA-HC-A9TH-01",5.61
"PRAD","Tumor","TCGA-HI-7170-01",5.463
"PRAD","Tumor","TCGA-KK-A7AV-01",5.794
"PRAD","Tumor","TCGA-KK-A8I6-01",5.697
"PRAD","Tumor","TCGA-V1-A8MJ-01",5.718
"PRAD","Tumor","TCGA-VN-A88K-01",5.832
"PRAD","Tumor","TCGA-VP-A878-01",5.903
"PRAD","Tumor","TCGA-YL-A8HJ-01",5.275
"PRAD","Tumor","TCGA-YL-A8HL-01",4.76
"PRAD","Tumor","TCGA-YL-A8SP-01",5.796
"PRAD","Tumor","TCGA-ZG-A9L5-01",5.76
"PRAD","Tumor","TCGA-2A-A8VO-01",5.521
"PRAD","Tumor","TCGA-2A-AAYF-01",5.727
"PRAD","Tumor","TCGA-2A-AAYO-01",5.782
"PRAD","Tumor","TCGA-CH-5740-01",5.38
"PRAD","Tumor","TCGA-CH-5746-01",5.476
"PRAD","Tumor","TCGA-CH-5792-01",5.867
"PRAD","Tumor","TCGA-EJ-5505-01",5.452
"PRAD","Tumor","TCGA-EJ-5524-01",5.327
"PRAD","Tumor","TCGA-EJ-5532-01",5.695
"PRAD","Tumor","TCGA-EJ-7321-01",5.394
"PRAD","Tumor","TCGA-EJ-A46E-01",5.455
"PRAD","Tumor","TCGA-EJ-A46F-01",5.782
"PRAD","Tumor","TCGA-EJ-A46I-01",5.579
"PRAD","Tumor","TCGA-EJ-A65G-01",5.559
"PRAD","Tumor","TCGA-G9-6336-01",5.481
"PRAD","Tumor","TCGA-G9-6362-01",4.112
"PRAD","Tumor","TCGA-HC-8262-01",5.314
"PRAD","Tumor","TCGA-J4-A6G3-01",5.863
"PRAD","Tumor","TCGA-J4-A83N-01",5.499
"PRAD","Tumor","TCGA-J9-A52C-01",5.695
"PRAD","Tumor","TCGA-KK-A6E1-01",5.911
"PRAD","Tumor","TCGA-KK-A7AW-01",6.03
"PRAD","Tumor","TCGA-KK-A8IF-01",5.482
"PRAD","Tumor","TCGA-V1-A9OY-01",5.674
"PRAD","Tumor","TCGA-XJ-A83H-01",5.318
"PRAD","Tumor","TCGA-YL-A9WY-01",5.504
"PRAD","Tumor","TCGA-ZG-A9LN-01",5.307
"PRAD","Tumor","TCGA-2A-AAYU-01",5.801
"PRAD","Tumor","TCGA-CH-5741-01",5.099
"PRAD","Tumor","TCGA-EJ-5498-01",5.046
"PRAD","Tumor","TCGA-EJ-5526-01",5.057
"PRAD","Tumor","TCGA-EJ-A7NF-01",5.583
"PRAD","Tumor","TCGA-EJ-A7NH-01",5.616
"PRAD","Tumor","TCGA-HC-7212-01",5.707
"PRAD","Tumor","TCGA-HC-8258-01",4.299
"PRAD","Tumor","TCGA-HC-A4ZV-01",5.148
"PRAD","Tumor","TCGA-HI-7171-01",5.559
"PRAD","Tumor","TCGA-KK-A59Y-01",5.904
"PRAD","Tumor","TCGA-KK-A6E3-01",6.173
"PRAD","Tumor","TCGA-KK-A7AZ-01",5.758
"PRAD","Tumor","TCGA-KK-A8IK-01",5.107
"PRAD","Tumor","TCGA-M7-A725-01",5.741
"PRAD","Tumor","TCGA-V1-A8MU-01",5.871
"PRAD","Tumor","TCGA-V1-A8WS-01",5.675
"PRAD","Tumor","TCGA-V1-A9O9-01",5.206
"PRAD","Tumor","TCGA-V1-A9OX-01",5.844
"PRAD","Tumor","TCGA-VP-A87J-01",5.933
"PRAD","Tumor","TCGA-XK-AAJ3-01",6.346
"PRAD","Tumor","TCGA-ZG-A8QX-01",5.802
"PRAD","Tumor","TCGA-CH-5765-01",5.434
"PRAD","Tumor","TCGA-CH-5766-01",5.462
"PRAD","Tumor","TCGA-EJ-5501-01",5.923
"PRAD","Tumor","TCGA-EJ-5511-01",5.589
"PRAD","Tumor","TCGA-EJ-5517-01",4.991
"PRAD","Tumor","TCGA-EJ-A65B-01",6.23
"PRAD","Tumor","TCGA-G9-6332-01",5.596
"PRAD","Tumor","TCGA-G9-6354-01",5.557
"PRAD","Tumor","TCGA-G9-6369-01",5.698
"PRAD","Tumor","TCGA-G9-A9S7-01",5.971
"PRAD","Tumor","TCGA-HC-7737-01",5.28
"PRAD","Tumor","TCGA-HC-8266-01",5.374
"PRAD","Tumor","TCGA-HC-A6HX-01",6.188
"PRAD","Tumor","TCGA-HI-7169-01",4.856
"PRAD","Tumor","TCGA-J4-A67M-01",6.325
"PRAD","Tumor","TCGA-KC-A4BN-01",5.662
"PRAD","Tumor","TCGA-KK-A59X-01",6.875
"PRAD","Tumor","TCGA-KK-A7AP-01",5.826
"PRAD","Tumor","TCGA-KK-A8I5-01",5.234
"PRAD","Tumor","TCGA-KK-A8I7-01",5.553
"PRAD","Tumor","TCGA-KK-A8IG-01",5.47
"PRAD","Tumor","TCGA-KK-A8IM-01",5.754
"PRAD","Tumor","TCGA-M7-A71Y-01",5.743
"PRAD","Tumor","TCGA-VN-A88M-01",5.552
"PRAD","Tumor","TCGA-ZG-A9ND-01",5.789
"PRAD","Tumor","TCGA-2A-A8W1-01",5.498
"PRAD","Tumor","TCGA-EJ-5507-01",5.434
"PRAD","Tumor","TCGA-EJ-7785-01",5.434
"PRAD","Tumor","TCGA-G9-6378-01",5.513
"PRAD","Tumor","TCGA-HC-7821-01",5.56
"PRAD","Tumor","TCGA-J4-A67L-01",6.325
"PRAD","Tumor","TCGA-KC-A7F5-01",5.812
"PRAD","Tumor","TCGA-KK-A6E2-01",5.557
"PRAD","Tumor","TCGA-KK-A8IC-01",5.897
"PRAD","Tumor","TCGA-M7-A723-01",5.309
"PRAD","Tumor","TCGA-V1-A9Z7-01",5.689
"PRAD","Tumor","TCGA-VN-A88L-01",5.508
"PRAD","Tumor","TCGA-VP-A87D-01",5.793
"PRAD","Tumor","TCGA-EJ-7788-01",5.675
"PRAD","Tumor","TCGA-EJ-7792-01",5.337
"PRAD","Tumor","TCGA-EJ-7797-01",5.34
"PRAD","Tumor","TCGA-EJ-A46D-01",5.487
"PRAD","Tumor","TCGA-FC-A5OB-01",5.634
"PRAD","Tumor","TCGA-G9-6384-01",5.445
"PRAD","Tumor","TCGA-G9-6498-01",4.697
"PRAD","Tumor","TCGA-G9-A9S0-01",6.293
"PRAD","Tumor","TCGA-HC-7213-01",5.798
"PRAD","Tumor","TCGA-HC-7819-01",5.649
"PRAD","Tumor","TCGA-HC-8256-01",5.339
"PRAD","Tumor","TCGA-J4-A6M7-01",5.427
"PRAD","Tumor","TCGA-J9-A8CN-01",5.378
"PRAD","Tumor","TCGA-M7-A720-01",5.492
"PRAD","Tumor","TCGA-QU-A6IO-01",6.12
"PRAD","Tumor","TCGA-V1-A8MG-01",5.848
"PRAD","Tumor","TCGA-VN-A88R-01",6.217
"PRAD","Tumor","TCGA-2A-A8VV-01",5.513
"PRAD","Tumor","TCGA-FC-7708-01",5.733
"PRAD","Tumor","TCGA-G9-6370-01",5.576
"PRAD","Tumor","TCGA-G9-7521-01",5.088
"PRAD","Tumor","TCGA-HC-7747-01",5.557
"PRAD","Tumor","TCGA-HC-7817-01",5.826
"PRAD","Tumor","TCGA-HC-A6AO-01",6.044
"PRAD","Tumor","TCGA-J4-A83K-01",5.666
"PRAD","Tumor","TCGA-V1-A8WV-01",6.261
"PRAD","Tumor","TCGA-2A-A8VL-01",5.69
"PRAD","Tumor","TCGA-EJ-5522-01",5.383
"PRAD","Tumor","TCGA-EJ-7318-01",6.183
"PRAD","Tumor","TCGA-EJ-A8FO-01",5.579
"PRAD","Tumor","TCGA-EJ-AB27-01",5.715
"PRAD","Tumor","TCGA-G9-6351-01",5.461
"PRAD","Tumor","TCGA-HC-7079-01",4.98
"PRAD","Tumor","TCGA-HC-A6HY-01",5.512
"PRAD","Tumor","TCGA-V1-A8X3-01",5.6
"PRAD","Tumor","TCGA-XJ-A83G-01",6.078
"PRAD","Tumor","TCGA-XJ-A9DX-01",6.31
"PRAD","Tumor","TCGA-EJ-5494-01",5.68
"PRAD","Tumor","TCGA-EJ-5502-01",5.541
"PRAD","Tumor","TCGA-EJ-5503-01",5.79
"PRAD","Tumor","TCGA-HC-7230-01",5.71
"PRAD","Tumor","TCGA-HC-7750-01",5.415
"PRAD","Tumor","TCGA-HC-8259-01",5.568
"PRAD","Tumor","TCGA-KK-A6DY-01",5.567
"PRAD","Tumor","TCGA-KK-A8IH-01",5.579
"PRAD","Tumor","TCGA-EJ-5516-01",4.481
"PRAD","Tumor","TCGA-EJ-7793-01",5.338
"PRAD","Tumor","TCGA-G9-7522-01",5.665
"PRAD","Tumor","TCGA-J4-8198-01",5.296
"PRAD","Tumor","TCGA-V1-A9OF-01",5.557
"PRAD","Tumor","TCGA-VN-A88O-01",5.874
"PRAD","Tumor","TCGA-CH-5769-01",5.299
"PRAD","Tumor","TCGA-EJ-5510-01",5.528
"PRAD","Tumor","TCGA-G9-7509-01",5.585
"PRAD","Tumor","TCGA-HC-8213-01",5.058
"PRAD","Tumor","TCGA-HC-8261-01",4.394
"PRAD","Tumor","TCGA-XJ-A9DQ-01",5.547
"PRAD","Tumor","TCGA-2A-A8VT-01",6.18
"PRAD","Tumor","TCGA-EJ-5497-01",5.016
"PRAD","Tumor","TCGA-HC-A48F-01",5.716
"PRAD","Tumor","TCGA-J4-8200-01",5.573
"PRAD","Tumor","TCGA-V1-A8WN-01",5.45
"PRAD","Tumor","TCGA-YL-A9WJ-01",5.808
"PRAD","Tumor","TCGA-EJ-5512-01",5.063
"PRAD","Tumor","TCGA-HC-7744-01",5.842
"PRAD","Tumor","TCGA-KK-A6E7-01",6.285
"PRAD","Tumor","TCGA-VP-A876-01",5.37
"PRAD","Tumor","TCGA-EJ-7125-01",5.32
"PRAD","Tumor","TCGA-G9-7523-01",5.248
"PRAD","Tumor","TCGA-HC-8260-01",5.492
"PRAD","Tumor","TCGA-V1-A8MK-01",5.667
"PRAD","Normal","TCGA-CH-5768-11",5.309
"PRAD","Normal","TCGA-EJ-7317-11",5.357
"PRAD","Normal","TCGA-EJ-7782-11",4.632
"PRAD","Normal","TCGA-G9-6365-11",5.498
"PRAD","Normal","TCGA-EJ-7328-11",5.334
"PRAD","Normal","TCGA-EJ-7783-11",4.977
"PRAD","Normal","TCGA-EJ-7315-11",5.172
"PRAD","Normal","TCGA-EJ-7330-11",4.891
"PRAD","Normal","TCGA-G9-6348-11",5.521
"PRAD","Normal","TCGA-J4-A83J-11",5.749
"PRAD","Normal","TCGA-EJ-7794-11",5.252
"PRAD","Normal","TCGA-CH-5767-11",4.846
"PRAD","Normal","TCGA-EJ-7789-11",5.336
"PRAD","Normal","TCGA-G9-6333-11",5.323
"PRAD","Normal","TCGA-G9-6499-11",5.173
"PRAD","Normal","TCGA-EJ-7115-11",5.153
"PRAD","Normal","TCGA-EJ-7781-11",5.223
"PRAD","Normal","TCGA-HC-7745-11",5.262
"PRAD","Normal","TCGA-EJ-7331-11",5.407
"PRAD","Normal","TCGA-G9-6363-11",5.568
"PRAD","Normal","TCGA-EJ-7784-11",5.397
"PRAD","Normal","TCGA-EJ-7314-11",5.465
"PRAD","Normal","TCGA-EJ-7786-11",5.211
"PRAD","Normal","TCGA-HC-7211-11",5.34
"PRAD","Normal","TCGA-CH-5761-11",5.747
"PRAD","Normal","TCGA-EJ-7327-11",5.354
"PRAD","Normal","TCGA-G9-6342-11",5.417
"PRAD","Normal","TCGA-G9-6496-11",5.337
"PRAD","Normal","TCGA-HC-7752-11",5.384
"PRAD","Normal","TCGA-G9-6356-11",5.447
"PRAD","Normal","TCGA-EJ-7123-11",5.29
"PRAD","Normal","TCGA-HC-7740-11",4.953
"PRAD","Normal","TCGA-HC-7738-11",5.039
"PRAD","Normal","TCGA-HC-7742-11",5.598
"PRAD","Normal","TCGA-EJ-7321-11",5.509
"PRAD","Normal","TCGA-G9-6362-11",4.376
"PRAD","Normal","TCGA-HC-8262-11",5.19
"PRAD","Normal","TCGA-HC-8258-11",5.266
"PRAD","Normal","TCGA-HC-7737-11",5.159
"PRAD","Normal","TCGA-EJ-7785-11",4.852
"PRAD","Normal","TCGA-EJ-7792-11",5.286
"PRAD","Normal","TCGA-EJ-7797-11",5.055
"PRAD","Normal","TCGA-G9-6384-11",5.368
"PRAD","Normal","TCGA-HC-7819-11",5.802
"PRAD","Normal","TCGA-HC-7747-11",5.307
"PRAD","Normal","TCGA-EJ-A8FO-11",5.586
"PRAD","Normal","TCGA-G9-6351-11",5.449
"PRAD","Normal","TCGA-HC-8259-11",5.307
"PRAD","Normal","TCGA-EJ-7793-11",5.18
"PRAD","Normal","TCGA-CH-5769-11",5.48
"PRAD","Normal","TCGA-EJ-7125-11",3.81
"PRAD","Normal","TCGA-HC-8260-11",5.751
"PRAD","Normal","GTEX-V955-1826-SM-4JBIL",5.056
"PRAD","Normal","GTEX-14ABY-0726-SM-5Q5DF",4.915
"PRAD","Normal","GTEX-1399T-1226-SM-5P9J5",5.097
"PRAD","Normal","GTEX-11ZUS-2126-SM-5N9E6",5.087
"PRAD","Normal","GTEX-139T6-1526-SM-5P9G6",5.435
"PRAD","Normal","GTEX-13FHO-2826-SM-5K7ZA",5.5
"PRAD","Normal","GTEX-ZLFU-1726-SM-4WWBU",5.228
"PRAD","Normal","GTEX-WY7C-2026-SM-4ONCM",5.015
"PRAD","Normal","GTEX-S95S-1026-SM-4B64M",5.404
"PRAD","Normal","GTEX-11OF3-1726-SM-5GU5Q",4.78
"PRAD","Normal","GTEX-13OW8-0426-SM-5J2NR",5.088
"PRAD","Normal","GTEX-U3ZH-0926-SM-4DXU4",5.147
"PRAD","Normal","GTEX-1399R-0526-SM-5IJEF",5.209
"PRAD","Normal","GTEX-SJXC-2026-SM-4DM6N",5.293
"PRAD","Normal","GTEX-132NY-2826-SM-5P9G2",5.535
"PRAD","Normal","GTEX-11O72-2726-SM-5HL6K",5.415
"PRAD","Normal","GTEX-OOBJ-2026-SM-3NB1R",5.282
"PRAD","Normal","GTEX-SUCS-1126-SM-4DM61",5.314
"PRAD","Normal","GTEX-XPVG-2026-SM-4B65E",5.297
"PRAD","Normal","GTEX-ZT9W-1626-SM-4YCDQ",4.952
"PRAD","Normal","GTEX-111FC-2026-SM-5GZYO",5.418
"PRAD","Normal","GTEX-117YW-1426-SM-5EGGO",4.471
"PRAD","Normal","GTEX-ZUA1-2826-SM-59HLE",4.778
"PRAD","Normal","GTEX-111YS-1726-SM-5GIED",4.773
"PRAD","Normal","GTEX-11EQ9-1726-SM-5HL6U",5.032
"PRAD","Normal","GTEX-13FXS-2826-SM-5LZYC",5.156
"PRAD","Normal","GTEX-11DXZ-1826-SM-5H12Y",4.895
"PRAD","Normal","GTEX-QEG4-2226-SM-4R1JM",5.492
"PRAD","Normal","GTEX-U3ZM-0926-SM-4DXSW",5.578
"PRAD","Normal","GTEX-131XF-1926-SM-5DUW4",4.979
"PRAD","Normal","GTEX-14BMV-2326-SM-5RQJ4",5.397
"PRAD","Normal","GTEX-XOTO-2826-SM-4B65I",5.18
"PRAD","Normal","GTEX-WFG8-1826-SM-4LVM4",5.646
"PRAD","Normal","GTEX-YF7O-1926-SM-4W1YQ",5.484
"PRAD","Normal","GTEX-VJYA-1226-SM-3GIJ6",5.063
"PRAD","Normal","GTEX-U412-2026-SM-4DXSI",5.47
"PRAD","Normal","GTEX-QV31-1026-SM-4R1K3",5.612
"PRAD","Normal","GTEX-132QS-1126-SM-5P9GC",5.283
"PRAD","Normal","GTEX-Y9LG-1826-SM-4VBQC",5.06
"PRAD","Normal","GTEX-11DYG-2526-SM-5N9BB",5.367
"PRAD","Normal","GTEX-13O21-1126-SM-5N9EV",4.906
"PRAD","Normal","GTEX-YB5E-1826-SM-5IFI4",5.367
"PRAD","Normal","GTEX-U4B1-1426-SM-4DXTX",5.603
"PRAD","Normal","GTEX-ZDYS-1226-SM-5IJF3",5.325
"PRAD","Normal","GTEX-11P82-1126-SM-5BC5K",4.899
"PRAD","Normal","GTEX-QMRM-1426-SM-4R1K8",5.072
"PRAD","Normal","GTEX-1477Z-2226-SM-5QGPG",5.046
"PRAD","Normal","GTEX-11TUW-2126-SM-5GU7B",6.043
"PRAD","Normal","GTEX-RWSA-2026-SM-47JX8",6.035
"PRAD","Normal","GTEX-13FTW-1226-SM-5LZZ1",5.463
"PRAD","Normal","GTEX-13N2G-1826-SM-5KM1I",4.88
"PRAD","Normal","GTEX-WFG7-1826-SM-3GIL1",5.195
"PRAD","Normal","GTEX-WH7G-1726-SM-4LVKY",5.139
"PRAD","Normal","GTEX-S4Q7-1026-SM-4AD75",5.702
"PRAD","Normal","GTEX-REY6-2126-SM-48FD9",5.642
"PRAD","Normal","GTEX-12ZZZ-2026-SM-5LZWJ",4.807
"PRAD","Normal","GTEX-117YX-1526-SM-5H12T",5.177
"PRAD","Normal","GTEX-SNOS-1026-SM-4DM4Y",5.382
"PRAD","Normal","GTEX-V1D1-1926-SM-4JBGX",5.587
"PRAD","Normal","GTEX-XMK1-1026-SM-4B65H",5.487
"PRAD","Normal","GTEX-PLZ6-1126-SM-3P5ZR",5.199
"PRAD","Normal","GTEX-WFON-1626-SM-4LVMV",5.145
"PRAD","Normal","GTEX-YFCO-1626-SM-4W1Z3",5.223
"PRAD","Normal","GTEX-146FQ-1726-SM-5QGPX",4.619
"PRAD","Normal","GTEX-11P7K-0626-SM-5985Z",5.382
"PRAD","Normal","GTEX-RM2N-1126-SM-48FCY",5.738
"PRAD","Normal","GTEX-S3XE-1326-SM-4AD4H",5.381
"PRAD","Normal","GTEX-11NSD-0826-SM-5986S",5.04
"PRAD","Normal","GTEX-12C56-1326-SM-5FQSV",5.011
"PRAD","Normal","GTEX-T8EM-1826-SM-4DM7F",5.255
"PRAD","Normal","GTEX-13111-1326-SM-5GCNO",5.153
"PRAD","Normal","GTEX-UTHO-2726-SM-4JBH9",5.281
"PRAD","Normal","GTEX-111CU-1526-SM-5N9FS",5.478
"PRAD","Normal","GTEX-14C5O-2826-SM-5RQI6",4.748
"PRAD","Normal","GTEX-OIZH-2026-SM-3NB1M",5.424
"PRAD","Normal","GTEX-Q2AI-1126-SM-48U19",5.781
"PRAD","Normal","GTEX-NFK9-2226-SM-3MJGP",4.978
"PRAD","Normal","GTEX-13G51-2326-SM-5LZXV",4.644
"PRAD","Normal","GTEX-T5JC-1226-SM-4DM7C",5.07
"PRAD","Normal","GTEX-X5EB-1826-SM-4E3K8",5.811
"PRAD","Normal","GTEX-QLQ7-1326-SM-4R1JY",5.26
"PRAD","Normal","GTEX-145LV-1226-SM-5S2QH",5.355
"PRAD","Normal","GTEX-ZY6K-1526-SM-5GZXE",6.105
"PRAD","Normal","GTEX-ZTX8-1026-SM-5EGHD",5.166
"PRAD","Normal","GTEX-U8XE-2526-SM-4E3IT",6.383
"PRAD","Normal","GTEX-XQ3S-2526-SM-4BOOG",5.71
"PRAD","Normal","GTEX-13O61-1726-SM-5KM46",5.226
"PRAD","Normal","GTEX-SNMC-0926-SM-4DM5U",4.981
"PRAD","Normal","GTEX-YJ8A-1126-SM-5IFJU",5.317
"PRAD","Normal","GTEX-S33H-1826-SM-4AD65",5.11
"PRAD","Normal","GTEX-NPJ8-2426-SM-3MJHL",5.201
"PRAD","Normal","GTEX-WYJK-0626-SM-4ONCZ",5.712
"PRAD","Normal","GTEX-144GM-0826-SM-5O98R",5.39
"PRAD","Normal","GTEX-QV44-1526-SM-4R1KI",5.109
"PRAD","Normal","GTEX-P4QS-2026-SM-3NMCG",5.3
"PRAD","Normal","GTEX-13RTJ-2126-SM-5S2PZ",5.387
"PRAD","Normal","GTEX-XGQ4-1826-SM-4AT6F",5.381
"PRAD","Normal","GTEX-OOBK-2025-SM-3LK5S",5.098
"PRAD","Normal","GTEX-ZYFD-2526-SM-5E45L",5.466
"PRAD","Normal","GTEX-WOFM-0326-SM-4OOSL",5.188
"READ","Tumor","TCGA-AF-4110-01",4.26
"READ","Tumor","TCGA-AF-2693-01",5.402
"READ","Tumor","TCGA-DY-A1DG-01",5.707
"READ","Tumor","TCGA-CI-6622-01",5.876
"READ","Tumor","TCGA-G5-6233-01",5.152
"READ","Tumor","TCGA-AH-6644-01",5.265
"READ","Tumor","TCGA-BM-6198-01",5.462
"READ","Tumor","TCGA-EF-5831-01",5.868
"READ","Tumor","TCGA-G5-6235-01",5.395
"READ","Tumor","TCGA-EI-6884-01",5.669
"READ","Tumor","TCGA-F5-6702-01",5.053
"READ","Tumor","TCGA-DC-6158-01",5.919
"READ","Tumor","TCGA-F5-6813-01",5.493
"READ","Tumor","TCGA-DC-5337-01",5.478
"READ","Tumor","TCGA-AG-3592-01",5.963
"READ","Tumor","TCGA-DC-6160-01",6.132
"READ","Tumor","TCGA-F5-6812-01",5.033
"READ","Tumor","TCGA-G5-6641-01",5.208
"READ","Tumor","TCGA-AF-6655-01",5.758
"READ","Tumor","TCGA-AH-6549-01",5.588
"READ","Tumor","TCGA-AG-3731-01",6.207
"READ","Tumor","TCGA-CI-6621-01",6.227
"READ","Tumor","TCGA-DC-6156-01",4.914
"READ","Tumor","TCGA-AH-6544-01",5.791
"READ","Tumor","TCGA-EI-6507-01",6.041
"READ","Tumor","TCGA-EI-6881-01",5.618
"READ","Tumor","TCGA-EI-6513-01",4.904
"READ","Tumor","TCGA-EI-6882-01",5.651
"READ","Tumor","TCGA-EI-7002-01",5.904
"READ","Tumor","TCGA-AF-2687-01",5.545
"READ","Tumor","TCGA-DC-4749-01",5.231
"READ","Tumor","TCGA-DC-6682-01",5.583
"READ","Tumor","TCGA-F5-6814-01",6.669
"READ","Tumor","TCGA-AF-A56K-01",5.61
"READ","Tumor","TCGA-G5-6572-01",5.358
"READ","Tumor","TCGA-EF-5830-01",6.155
"READ","Tumor","TCGA-EI-6509-01",4.615
"READ","Tumor","TCGA-EI-6511-01",6.081
"READ","Tumor","TCGA-DT-5265-01",5.147
"READ","Tumor","TCGA-AH-6643-01",5.422
"READ","Tumor","TCGA-AF-3911-01",5.225
"READ","Tumor","TCGA-AH-6897-01",6.549
"READ","Tumor","TCGA-DC-6157-01",5.92
"READ","Tumor","TCGA-AH-6903-01",5.416
"READ","Tumor","TCGA-CI-6623-01",5.771
"READ","Tumor","TCGA-AF-6672-01",4.853
"READ","Tumor","TCGA-DC-6683-01",5.312
"READ","Tumor","TCGA-CI-6619-01",5.306
"READ","Tumor","TCGA-EI-6917-01",6.088
"READ","Tumor","TCGA-AG-3725-01",4.733
"READ","Tumor","TCGA-CL-5918-01",6.217
"READ","Tumor","TCGA-AG-3742-01",5.893
"READ","Tumor","TCGA-AG-4021-01",5.32
"READ","Tumor","TCGA-AH-6547-01",5.098
"READ","Tumor","TCGA-CL-4957-01",6.491
"READ","Tumor","TCGA-AG-3732-01",4.639
"READ","Tumor","TCGA-EI-6506-01",6.443
"READ","Tumor","TCGA-DY-A1DD-01",5.872
"READ","Tumor","TCGA-DY-A1H8-01",5.945
"READ","Tumor","TCGA-EI-6510-01",5.538
"READ","Tumor","TCGA-F5-6464-01",5.335
"READ","Tumor","TCGA-AF-2690-01",5.513
"READ","Tumor","TCGA-F5-6864-01",5.461
"READ","Tumor","TCGA-AF-5654-01",6.059
"READ","Tumor","TCGA-DY-A1DF-01",4.371
"READ","Tumor","TCGA-AF-6136-01",5.681
"READ","Tumor","TCGA-DY-A1DC-01",5.644
"READ","Tumor","TCGA-F5-6811-01",5.35
"READ","Tumor","TCGA-CL-5917-01",5.555
"READ","Tumor","TCGA-F5-6863-01",5.923
"READ","Tumor","TCGA-DC-6681-01",6.228
"READ","Tumor","TCGA-AG-3591-01",4.223
"READ","Tumor","TCGA-EI-6512-01",6.329
"READ","Tumor","TCGA-F5-6465-01",5.371
"READ","Tumor","TCGA-DC-5869-01",5.323
"READ","Tumor","TCGA-F5-6571-01",4.708
"READ","Tumor","TCGA-F5-6861-01",6.48
"READ","Tumor","TCGA-AG-4022-01",4.884
"READ","Tumor","TCGA-EI-6514-01",4.993
"READ","Tumor","TCGA-DC-6154-01",6.1
"READ","Tumor","TCGA-DY-A0XA-01",5.502
"READ","Tumor","TCGA-EI-6885-01",5.541
"READ","Tumor","TCGA-DY-A1DE-01",5.253
"READ","Tumor","TCGA-CI-6624-01",4.872
"READ","Tumor","TCGA-DC-4745-01",5.334
"READ","Tumor","TCGA-AF-A56L-01",6.391
"READ","Tumor","TCGA-EI-6508-01",6.159
"READ","Tumor","TCGA-AF-A56N-01",6.207
"READ","Tumor","TCGA-CI-6620-01",6.355
"READ","Tumor","TCGA-EI-7004-01",5.259
"READ","Tumor","TCGA-DC-6155-01",6.029
"READ","Tumor","TCGA-F5-6810-01",4.974
"READ","Normal","TCGA-AG-3731-11",4.886
"READ","Normal","TCGA-AF-3400-11",5.563
"READ","Normal","TCGA-AH-6643-11",4.652
"READ","Normal","TCGA-AG-3725-11",3.355
"READ","Normal","TCGA-AG-3742-11",4.317
"READ","Normal","TCGA-AG-3732-11",4.775
"READ","Normal","TCGA-AF-5654-11",4.944
"READ","Normal","TCGA-AF-2692-11",5.204
"READ","Normal","TCGA-AF-2691-11",5.184
"READ","Normal","TCGA-AF-2689-11",5.027
"SARC","Tumor","TCGA-MB-A5Y9-01",5.89
"SARC","Tumor","TCGA-X6-A7W8-01",6.42
"SARC","Tumor","TCGA-FX-A3TO-01",6.406
"SARC","Tumor","TCGA-DX-A8BH-01",6.594
"SARC","Tumor","TCGA-DX-AB36-01",6.257
"SARC","Tumor","TCGA-DX-A8BP-01",6.177
"SARC","Tumor","TCGA-DX-A3U9-01",7.307
"SARC","Tumor","TCGA-DX-A1KU-01",5.379
"SARC","Tumor","TCGA-DX-A23U-01",6.424
"SARC","Tumor","TCGA-DX-AB2V-01",6.701
"SARC","Tumor","TCGA-DX-A23Y-01",5.358
"SARC","Tumor","TCGA-DX-A6B8-01",6.017
"SARC","Tumor","TCGA-DX-AB3A-01",6.024
"SARC","Tumor","TCGA-IF-A4AJ-01",6.531
"SARC","Tumor","TCGA-DX-A3M1-01",6.2
"SARC","Tumor","TCGA-DX-AB2P-01",6.002
"SARC","Tumor","TCGA-DX-A1L2-01",5.503
"SARC","Tumor","TCGA-SG-A849-01",6.362
"SARC","Tumor","TCGA-DX-A6BE-01",5.838
"SARC","Tumor","TCGA-DX-A8BJ-01",6.118
"SARC","Tumor","TCGA-QQ-A5V9-01",7.246
"SARC","Tumor","TCGA-3B-A9HO-01",6.14
"SARC","Tumor","TCGA-DX-A6YR-01",6.886
"SARC","Tumor","TCGA-HB-A3YV-01",6.098
"SARC","Tumor","TCGA-QC-A7B5-01",6.425
"SARC","Tumor","TCGA-DX-A23Z-01",6.466
"SARC","Tumor","TCGA-DX-A6BB-01",6.488
"SARC","Tumor","TCGA-DX-A6YV-01",7.228
"SARC","Tumor","TCGA-X6-A7WC-01",6.53
"SARC","Tumor","TCGA-PC-A5DM-01",5.537
"SARC","Tumor","TCGA-DX-A7EQ-01",5.765
"SARC","Tumor","TCGA-DX-AATS-01",5.82
"SARC","Tumor","TCGA-DX-A7ET-01",6.804
"SARC","Tumor","TCGA-VT-AB3D-01",6.186
"SARC","Tumor","TCGA-QQ-A8VF-01",6.429
"SARC","Tumor","TCGA-WK-A8XX-01",6.084
"SARC","Tumor","TCGA-DX-A7ER-01",6.368
"SARC","Tumor","TCGA-3B-A9HJ-01",5.145
"SARC","Tumor","TCGA-QC-A6FX-01",7.388
"SARC","Tumor","TCGA-3B-A9HL-01",5.659
"SARC","Tumor","TCGA-DX-A1KW-01",5.808
"SARC","Tumor","TCGA-DX-A3U7-01",5.8
"SARC","Tumor","TCGA-K1-A6RV-01",6.083
"SARC","Tumor","TCGA-PC-A5DL-01",5.844
"SARC","Tumor","TCGA-3B-A9HZ-01",6.544
"SARC","Tumor","TCGA-3R-A8YX-01",6.24
"SARC","Tumor","TCGA-DX-A1KY-01",6.355
"SARC","Tumor","TCGA-DX-A1KZ-01",6.882
"SARC","Tumor","TCGA-DX-A3LY-01",5.801
"SARC","Tumor","TCGA-VT-A80G-01",6.513
"SARC","Tumor","TCGA-DX-A48K-01",6.146
"SARC","Tumor","TCGA-DX-AB35-01",6.221
"SARC","Tumor","TCGA-DX-A8BQ-01",5.657
"SARC","Tumor","TCGA-MB-A5YA-01",6.798
"SARC","Tumor","TCGA-PC-A5DK-01",5.213
"SARC","Tumor","TCGA-3B-A9I3-01",5.852
"SARC","Tumor","TCGA-DX-A3LT-01",5.766
"SARC","Tumor","TCGA-DX-A2J0-01",5.931
"SARC","Tumor","TCGA-DX-A6YS-01",6.124
"SARC","Tumor","TCGA-DX-A7EM-01",5.641
"SARC","Tumor","TCGA-3B-A9HS-01",5.896
"SARC","Tumor","TCGA-DX-A1L1-01",5.9
"SARC","Tumor","TCGA-DX-A1L4-01",5.485
"SARC","Tumor","TCGA-DX-A2IZ-01",6.108
"SARC","Tumor","TCGA-DX-A2J4-01",7.09
"SARC","Tumor","TCGA-DX-A3LU-01",5.62
"SARC","Tumor","TCGA-DX-A8BM-01",7.726
"SARC","Tumor","TCGA-DX-AB2E-01",6.133
"SARC","Tumor","TCGA-DX-A3M2-01",5.954
"SARC","Tumor","TCGA-DX-A6YZ-01",6.37
"SARC","Tumor","TCGA-DX-A8BL-01",6.106
"SARC","Tumor","TCGA-DX-A1L0-01",5.583
"SARC","Tumor","TCGA-DX-A8BU-01",6.84
"SARC","Tumor","TCGA-DX-A48U-01",5.447
"SARC","Tumor","TCGA-DX-A8BV-01",5.898
"SARC","Tumor","TCGA-WK-A8XQ-01",5.583
"SARC","Tumor","TCGA-DX-A3UD-01",6.507
"SARC","Tumor","TCGA-QQ-A8VD-01",5.093
"SARC","Tumor","TCGA-X6-A8C2-01",5.449
"SARC","Tumor","TCGA-DX-A6B7-01",6.102
"SARC","Tumor","TCGA-X6-A8C6-01",5.757
"SARC","Tumor","TCGA-X9-A973-01",6.809
"SARC","Tumor","TCGA-DX-A3UB-01",5.698
"SARC","Tumor","TCGA-FX-A3NJ-01",5.42
"SARC","Tumor","TCGA-IE-A4EK-01",6.202
"SARC","Tumor","TCGA-3B-A9HT-01",5.429
"SARC","Tumor","TCGA-DX-A2J1-01",5.271
"SARC","Tumor","TCGA-FX-A3NK-01",5.617
"SARC","Tumor","TCGA-DX-A3U5-01",6.714
"SARC","Tumor","TCGA-DX-A8BX-01",6.791
"SARC","Tumor","TCGA-QQ-A5VD-01",6.221
"SARC","Tumor","TCGA-QQ-A8VG-01",5.695
"SARC","Tumor","TCGA-RN-AAAQ-01",6.323
"SARC","Tumor","TCGA-DX-A240-01",5.763
"SARC","Tumor","TCGA-DX-A6BG-01",5.647
"SARC","Tumor","TCGA-DX-AB32-01",6.785
"SARC","Tumor","TCGA-SI-A71P-01",6.743
"SARC","Tumor","TCGA-3B-A9HY-01",5.468
"SARC","Tumor","TCGA-MB-A8JK-01",5.985
"SARC","Tumor","TCGA-K1-A6RT-01",5.574
"SARC","Tumor","TCGA-DX-A48N-01",6.771
"SARC","Tumor","TCGA-SG-A6Z4-01",6.535
"SARC","Tumor","TCGA-DX-A48J-01",6.152
"SARC","Tumor","TCGA-DX-A3LW-01",6.653
"SARC","Tumor","TCGA-DX-A3U8-01",5.182
"SARC","Tumor","TCGA-IE-A3OV-01",6.66
"SARC","Tumor","TCGA-K1-A3PO-01",5.995
"SARC","Tumor","TCGA-QQ-A5V2-01",5.372
"SARC","Tumor","TCGA-DX-A48R-01",6.528
"SARC","Tumor","TCGA-Z4-A9VC-01",6.012
"SARC","Tumor","TCGA-DX-AB2G-01",5.834
"SARC","Tumor","TCGA-DX-AB2L-01",5.367
"SARC","Tumor","TCGA-DX-A6BH-01",5.452
"SARC","Tumor","TCGA-3B-A9I0-01",6.263
"SARC","Tumor","TCGA-SI-A71O-01",7.302
"SARC","Tumor","TCGA-MJ-A850-01",6.045
"SARC","Tumor","TCGA-DX-AB3C-01",6.543
"SARC","Tumor","TCGA-UE-A6QU-01",7.1
"SARC","Tumor","TCGA-X6-A7WA-01",6.092
"SARC","Tumor","TCGA-DX-A7EF-01",6.44
"SARC","Tumor","TCGA-DX-AB2Z-01",5.812
"SARC","Tumor","TCGA-DX-A6YQ-01",6.63
"SARC","Tumor","TCGA-IE-A4EJ-01",6.774
"SARC","Tumor","TCGA-DX-A8BG-01",5.241
"SARC","Tumor","TCGA-DX-A6BF-01",5.681
"SARC","Tumor","TCGA-DX-A6Z2-01",5.488
"SARC","Tumor","TCGA-IF-A4AK-01",5.824
"SARC","Tumor","TCGA-DX-AB2H-01",5.343
"SARC","Tumor","TCGA-SI-AA8B-01",6.322
"SARC","Tumor","TCGA-DX-A7EU-01",6.5
"SARC","Tumor","TCGA-DX-A3LS-01",5.471
"SARC","Tumor","TCGA-DX-A6Z0-01",6.024
"SARC","Tumor","TCGA-DX-A7EI-01",6.615
"SARC","Tumor","TCGA-DX-A8BN-01",6.057
"SARC","Tumor","TCGA-DX-A8BZ-01",6.36
"SARC","Tumor","TCGA-DX-AB2O-01",6.348
"SARC","Tumor","TCGA-HB-A2OT-01",6.548
"SARC","Tumor","TCGA-PC-A5DN-01",5.086
"SARC","Tumor","TCGA-DX-AB2F-01",5.491
"SARC","Tumor","TCGA-IW-A3M5-01",6.015
"SARC","Tumor","TCGA-LI-A67I-01",5.753
"SARC","Tumor","TCGA-MO-A47R-01",5.913
"SARC","Tumor","TCGA-DX-AB2X-01",6.098
"SARC","Tumor","TCGA-DX-AB37-01",5.433
"SARC","Tumor","TCGA-IS-A3KA-01",7.058
"SARC","Tumor","TCGA-LI-A9QH-01",6.248
"SARC","Tumor","TCGA-PC-A5DP-01",5.677
"SARC","Tumor","TCGA-DX-AB2J-01",5.855
"SARC","Tumor","TCGA-KF-A41W-01",5.921
"SARC","Tumor","TCGA-3B-A9HX-01",6.159
"SARC","Tumor","TCGA-IF-A3RQ-01",6.335
"SARC","Tumor","TCGA-X6-A8C4-01",6.274
"SARC","Tumor","TCGA-HS-A5N8-01",5.903
"SARC","Tumor","TCGA-JV-A5VF-01",6.724
"SARC","Tumor","TCGA-KD-A5QT-01",6.328
"SARC","Tumor","TCGA-DX-A6YX-01",5.998
"SARC","Tumor","TCGA-DX-A8BS-01",7.09
"SARC","Tumor","TCGA-QQ-A8VB-01",6.841
"SARC","Tumor","TCGA-DX-A1KX-01",6.839
"SARC","Tumor","TCGA-DX-A8BO-01",7.247
"SARC","Tumor","TCGA-HS-A5N7-01",6.117
"SARC","Tumor","TCGA-IE-A4EI-01",6.845
"SARC","Tumor","TCGA-3B-A9HQ-01",5.913
"SARC","Tumor","TCGA-DX-A3UE-01",6.319
"SARC","Tumor","TCGA-K1-A6RU-01",6.473
"SARC","Tumor","TCGA-WK-A8XO-01",6.207
"SARC","Tumor","TCGA-DX-A3UF-01",6.648
"SARC","Tumor","TCGA-DX-AB2Q-01",5.777
"SARC","Tumor","TCGA-FX-A3RE-01",7.083
"SARC","Tumor","TCGA-HS-A5NA-01",6.051
"SARC","Tumor","TCGA-IE-A6BZ-01",5.157
"SARC","Tumor","TCGA-K1-A42W-01",6.23
"SARC","Tumor","TCGA-K1-A3PN-01",6.258
"SARC","Tumor","TCGA-Z4-AAPG-01",6.78
"SARC","Tumor","TCGA-DX-A3U6-01",5.211
"SARC","Tumor","TCGA-DX-A48O-01",5.509
"SARC","Tumor","TCGA-DX-A8BR-01",5.644
"SARC","Tumor","TCGA-DX-A8BT-01",7.139
"SARC","Tumor","TCGA-IS-A3K7-01",6.547
"SARC","Tumor","TCGA-QQ-A5VC-01",5.887
"SARC","Tumor","TCGA-X6-A7WD-01",5.884
"SARC","Tumor","TCGA-X6-A8C5-01",6.267
"SARC","Tumor","TCGA-DX-AB2W-01",8.092
"SARC","Tumor","TCGA-K1-A42X-01",6.312
"SARC","Tumor","TCGA-RN-A68Q-01",5.581
"SARC","Tumor","TCGA-DX-A8BK-01",6.542
"SARC","Tumor","TCGA-FX-A2QS-01",6.833
"SARC","Tumor","TCGA-DX-A1L3-01",5.547
"SARC","Tumor","TCGA-JV-A5VE-01",6.659
"SARC","Tumor","TCGA-MB-A5Y8-01",6.409
"SARC","Tumor","TCGA-QQ-A5VA-01",4.736
"SARC","Tumor","TCGA-IW-A3M6-01",6.326
"SARC","Tumor","TCGA-PC-A5DO-01",6.053
"SARC","Tumor","TCGA-WP-A9GB-01",6.493
"SARC","Tumor","TCGA-X6-A8C3-01",6.113
"SARC","Tumor","TCGA-HB-A43Z-01",6.301
"SARC","Tumor","TCGA-HB-A5W3-01",6.536
"SARC","Tumor","TCGA-HS-A5N9-01",6.764
"SARC","Tumor","TCGA-WK-A8XS-01",6.491
"SARC","Tumor","TCGA-X6-A7WB-01",7.272
"SARC","Tumor","TCGA-3B-A9HP-01",6.607
"SARC","Tumor","TCGA-DX-A23V-01",5.505
"SARC","Tumor","TCGA-MJ-A68H-01",6.586
"SARC","Tumor","TCGA-PT-A8TR-01",5.695
"SARC","Tumor","TCGA-3B-A9I1-01",7.45
"SARC","Tumor","TCGA-DX-A7EL-01",6.094
"SARC","Tumor","TCGA-FX-A48G-01",5.685
"SARC","Tumor","TCGA-WK-A8XZ-01",6.198
"SARC","Tumor","TCGA-DX-A23R-01",6.451
"SARC","Tumor","TCGA-IS-A3K6-01",7.378
"SARC","Tumor","TCGA-KD-A5QS-01",6.891
"SARC","Tumor","TCGA-MJ-A68J-01",5.098
"SARC","Tumor","TCGA-DX-A48P-01",6.484
"SARC","Tumor","TCGA-DX-AB2T-01",6.381
"SARC","Tumor","TCGA-3B-A9HU-01",6.065
"SARC","Tumor","TCGA-DX-A6BA-01",6.225
"SARC","Tumor","TCGA-DX-A7EN-01",6.066
"SARC","Tumor","TCGA-DX-AB2S-01",5.049
"SARC","Tumor","TCGA-DX-AB30-01",5.677
"SARC","Tumor","TCGA-MB-A8JL-01",6.391
"SARC","Tumor","TCGA-QC-AA9N-01",7.849
"SARC","Tumor","TCGA-QQ-A5VB-01",6.729
"SARC","Tumor","TCGA-WK-A8XY-01",6.767
"SARC","Tumor","TCGA-X9-A971-01",6.629
"SARC","Tumor","TCGA-DX-A6YU-01",5.754
"SARC","Tumor","TCGA-DX-A7ES-01",5.829
"SARC","Tumor","TCGA-UE-A6QT-01",6.898
"SARC","Tumor","TCGA-DX-A48L-01",6.168
"SARC","Tumor","TCGA-FX-A76Y-01",5.204
"SARC","Tumor","TCGA-VT-A80J-01",6.484
"SARC","Tumor","TCGA-WK-A8Y0-01",5.682
"SARC","Tumor","TCGA-X2-A95T-01",6.4
"SARC","Tumor","TCGA-3B-A9HV-01",6.389
"SARC","Tumor","TCGA-IW-A3M4-01",5.591
"SARC","Tumor","TCGA-DX-A3UA-01",5.817
"SARC","Tumor","TCGA-HB-A3L4-01",6.259
"SARC","Tumor","TCGA-DX-A6B9-01",6.838
"SARC","Tumor","TCGA-IS-A3K8-01",5.664
"SARC","Tumor","TCGA-SG-A6Z7-01",6.328
"SARC","Tumor","TCGA-JV-A75J-01",7.42
"SARC","Tumor","TCGA-KD-A5QU-01",6.176
"SARC","Tumor","TCGA-N1-A6IA-01",6.328
"SARC","Tumor","TCGA-DX-A23T-01",5.418
"SARC","Tumor","TCGA-WK-A8XT-01",5.659
"SARC","Tumor","TCGA-3B-A9HR-01",6.569
"SARC","Tumor","TCGA-DX-A3UC-01",6.106
"SARC","Tumor","TCGA-MO-A47P-01",5.951
"SARC","Tumor","TCGA-IE-A4EH-01",6.697
"SARC","Tumor","TCGA-Z4-AAPF-01",5.814
"SARC","Tumor","TCGA-SI-A71Q-01",6.566
"SARC","Tumor","TCGA-DX-A6YT-01",6.176
"SARC","Tumor","TCGA-FX-A8OO-01",5.572
"SARC","Tumor","TCGA-QQ-A8VH-01",6.503
"SARC","Tumor","TCGA-DX-AB3B-01",5.364
"SARC","Tumor","TCGA-X6-A8C7-01",6.067
"SARC","Tumor","TCGA-Z4-A8JB-01",5.274
"SARC","Tumor","TCGA-DX-A7EO-01",5.84
"SARC","Tumor","TCGA-SI-AA8C-01",5.875
"SARC","Normal","TCGA-K1-A3PO-11",5.597
"SARC","Normal","TCGA-FX-A2QS-11",5.797
"SKCM","Tumor","TCGA-EB-A41A-01",5.585
"SKCM","Tumor","TCGA-FR-A726-01",6.311
"SKCM","Tumor","TCGA-BF-AAP1-01",6.466
"SKCM","Tumor","TCGA-WE-A8K4-01",6.452
"SKCM","Tumor","TCGA-BF-AAOX-01",6.818
"SKCM","Tumor","TCGA-EB-A430-01",6.149
"SKCM","Tumor","TCGA-EB-A4P0-01",5.794
"SKCM","Tumor","TCGA-XV-A9W2-01",6.01
"SKCM","Tumor","TCGA-BF-A1Q0-01",5.951
"SKCM","Tumor","TCGA-BF-A9VF-01",6.935
"SKCM","Tumor","TCGA-EB-A4IS-01",6.181
"SKCM","Tumor","TCGA-ER-A194-01",6.751
"SKCM","Tumor","TCGA-GN-A26C-01",6.603
"SKCM","Tumor","TCGA-ER-A42H-01",6.036
"SKCM","Tumor","TCGA-EB-A3XC-01",5.974
"SKCM","Tumor","TCGA-DA-A960-01",5.813
"SKCM","Tumor","TCGA-EB-A5SE-01",6.014
"SKCM","Tumor","TCGA-EB-A24D-01",5.431
"SKCM","Tumor","TCGA-EB-A6QY-01",6.739
"SKCM","Tumor","TCGA-FW-A5DX-01",5.628
"SKCM","Tumor","TCGA-EB-A44O-01",7.046
"SKCM","Tumor","TCGA-FR-A3R1-01",5.545
"SKCM","Tumor","TCGA-D9-A4Z5-01",5.257
"SKCM","Tumor","TCGA-GN-A8LN-01",7.007
"SKCM","Tumor","TCGA-YG-AA3N-01",6.172
"SKCM","Tumor","TCGA-EB-A85I-01",6.413
"SKCM","Tumor","TCGA-EB-A97M-01",6.839
"SKCM","Tumor","TCGA-BF-A5EO-01",5.735
"SKCM","Tumor","TCGA-BF-A3DM-01",7.076
"SKCM","Tumor","TCGA-BF-A5EQ-01",5.961
"SKCM","Tumor","TCGA-BF-A5ER-01",6.661
"SKCM","Tumor","TCGA-EB-A299-01",5.937
"SKCM","Tumor","TCGA-EB-A3XB-01",5.661
"SKCM","Tumor","TCGA-BF-AAP2-01",6.002
"SKCM","Tumor","TCGA-EB-A553-01",5.895
"SKCM","Tumor","TCGA-BF-AAP4-01",6.32
"SKCM","Tumor","TCGA-IH-A3EA-01",6.779
"SKCM","Tumor","TCGA-EB-A44N-01",5.825
"SKCM","Tumor","TCGA-BF-AAP8-01",5.862
"SKCM","Tumor","TCGA-EB-A3XF-01",5.675
"SKCM","Tumor","TCGA-ER-A2NB-01",5.494
"SKCM","Tumor","TCGA-BF-A1PX-01",5.463
"SKCM","Tumor","TCGA-EB-A24C-01",6.055
"SKCM","Tumor","TCGA-EB-A57M-01",6.283
"SKCM","Tumor","TCGA-EB-A5VU-01",5.614
"SKCM","Tumor","TCGA-BF-AAP6-01",6.433
"SKCM","Tumor","TCGA-D9-A3Z4-01",6.039
"SKCM","Tumor","TCGA-EB-A51B-01",6.088
"SKCM","Tumor","TCGA-ER-A2NF-01",5.277
"SKCM","Tumor","TCGA-ER-A19T-01",5.608
"SKCM","Tumor","TCGA-XV-A9W5-01",6.168
"SKCM","Tumor","TCGA-EB-A42Z-01",5.896
"SKCM","Tumor","TCGA-EB-A1NK-01",6.338
"SKCM","Tumor","TCGA-GF-A2C7-01",6.21
"SKCM","Tumor","TCGA-D3-A5GT-01",5.276
"SKCM","Tumor","TCGA-FS-A1ZN-01",5.834
"SKCM","Tumor","TCGA-GF-A769-01",5.216
"SKCM","Tumor","TCGA-EB-A3HV-01",5.951
"SKCM","Tumor","TCGA-EB-A431-01",6.234
"SKCM","Tumor","TCGA-GN-A263-01",3.048
"SKCM","Tumor","TCGA-HR-A5NC-01",5.979
"SKCM","Tumor","TCGA-XV-A9VZ-01",5.553
"SKCM","Tumor","TCGA-EB-A3Y7-01",7.314
"SKCM","Tumor","TCGA-BF-A3DL-01",7.659
"SKCM","Tumor","TCGA-BF-A3DN-01",5.527
"SKCM","Tumor","TCGA-ER-A19K-01",6.315
"SKCM","Tumor","TCGA-EB-A551-01",5.676
"SKCM","Tumor","TCGA-EB-A5SF-01",6.706
"SKCM","Tumor","TCGA-EB-A3XE-01",5.951
"SKCM","Tumor","TCGA-BF-A5ES-01",6.399
"SKCM","Tumor","TCGA-BF-AAP7-01",5.767
"SKCM","Tumor","TCGA-EB-A41B-01",6.664
"SKCM","Tumor","TCGA-EB-A6QZ-01",6.377
"SKCM","Tumor","TCGA-XV-AAZY-01",6.853
"SKCM","Tumor","TCGA-BF-A5EP-01",5.829
"SKCM","Tumor","TCGA-EB-A550-01",5.138
"SKCM","Tumor","TCGA-BF-A1PV-01",6.328
"SKCM","Tumor","TCGA-BF-AAOU-01",5.756
"SKCM","Tumor","TCGA-D9-A4Z3-01",7.199
"SKCM","Tumor","TCGA-EB-A42Y-01",6.664
"SKCM","Tumor","TCGA-BF-A1PZ-01",6.366
"SKCM","Tumor","TCGA-EB-A82C-01",5.798
"SKCM","Tumor","TCGA-EB-A85J-01",6.037
"SKCM","Tumor","TCGA-EB-A4OY-01",6.167
"SKCM","Tumor","TCGA-EB-A5FP-01",5.508
"SKCM","Tumor","TCGA-ER-A196-01",5.896
"SKCM","Tumor","TCGA-XV-AAZW-01",6.578
"SKCM","Tumor","TCGA-GN-A4U5-01",5.469
"SKCM","Tumor","TCGA-EB-A44P-01",6.352
"SKCM","Tumor","TCGA-EB-A6R0-01",5.905
"SKCM","Tumor","TCGA-EB-A82B-01",6.458
"SKCM","Tumor","TCGA-EB-A3Y6-01",5.998
"SKCM","Tumor","TCGA-EB-A4XL-01",5.363
"SKCM","Tumor","TCGA-XV-AAZV-01",6.088
"SKCM","Tumor","TCGA-FR-A728-01",6.371
"SKCM","Tumor","TCGA-EB-A3XD-01",5.766
"SKCM","Tumor","TCGA-FR-A2OS-01",6.024
"SKCM","Tumor","TCGA-EB-A5UM-01",5.38
"SKCM","Tumor","TCGA-BF-A1PU-01",6.578
"SKCM","Tumor","TCGA-EB-A4IQ-01",6.64
"SKCM","Tumor","TCGA-EB-A4OZ-01",5.928
"SKCM","Tumor","TCGA-BF-A3DJ-01",5.735
"SKCM","Normal","TCGA-GN-A4U8-11",5.23
"SKCM","Normal","GTEX-TMKS-0126-SM-3DB7S",4.968
"SKCM","Normal","GTEX-11NUK-0126-SM-5A5L3",5.037
"SKCM","Normal","GTEX-11EQ8-0126-SM-5EQ54",5.515
"SKCM","Normal","GTEX-ZDXO-3026-SM-5J1N5",5.201
"SKCM","Normal","GTEX-SIU7-1726-SM-2XCDZ",5.139
"SKCM","Normal","GTEX-ZEX8-2426-SM-4WKG4",5.265
"SKCM","Normal","GTEX-ZZPT-0226-SM-5E43X",5.154
"SKCM","Normal","GTEX-WZTO-0126-SM-3NM95",5.109
"SKCM","Normal","GTEX-11DXY-2626-SM-5GIE7",4.811
"SKCM","Normal","GTEX-13OW7-0126-SM-5MR3B",5.243
"SKCM","Normal","GTEX-N7MS-0225-SM-4E3HO",5.238
"SKCM","Normal","GTEX-PVOW-0126-SM-2XCFA",4.834
"SKCM","Normal","GTEX-V1D1-2226-SM-3NMAX",5.096
"SKCM","Normal","GTEX-12KS4-0326-SM-5EQ41",4.964
"SKCM","Normal","GTEX-14E6E-1826-SM-5S2R7",5.375
"SKCM","Normal","GTEX-R55E-0126-SM-2TC5Y",5.27
"SKCM","Normal","GTEX-13VXU-0126-SM-5SI9F",4.892
"SKCM","Normal","GTEX-117YW-2626-SM-5GZZH",4.871
"SKCM","Normal","GTEX-RN64-0126-SM-2TC68",5.064
"SKCM","Normal","GTEX-XUYS-0126-SM-47JWZ",4.684
"SKCM","Normal","GTEX-YJ8A-0426-SM-5IFID",5.387
"SKCM","Normal","GTEX-11P82-1626-SM-59879",4.918
"SKCM","Normal","GTEX-113IC-0126-SM-5HL6T",4.846
"SKCM","Normal","GTEX-X62O-0126-SM-4E3JN",5.084
"SKCM","Normal","GTEX-11O72-0126-SM-59887",5.319
"SKCM","Normal","GTEX-T8EM-1026-SM-3DB7M",5.067
"SKCM","Normal","GTEX-ZT9W-2426-SM-57WFJ",4.853
"SKCM","Normal","GTEX-QLQW-1126-SM-2S1Q8",5.362
"SKCM","Normal","GTEX-ZYW4-0126-SM-5E44A",5.437
"SKCM","Normal","GTEX-QLQ7-1626-SM-2S1R8",5.135
"SKCM","Normal","GTEX-QDVN-2026-SM-3GAEP",5.14
"SKCM","Normal","GTEX-WH7G-2326-SM-3NMBC",4.9
"SKCM","Normal","GTEX-139TT-0126-SM-5K7Y5",5.181
"SKCM","Normal","GTEX-146FQ-0126-SM-5NQA9",4.896
"SKCM","Normal","GTEX-11GS4-2726-SM-5A5LE",4.944
"SKCM","Normal","GTEX-13OVL-0226-SM-5L3E9",4.714
"SKCM","Normal","GTEX-11DXW-0226-SM-5H122",4.969
"SKCM","Normal","GTEX-13N1W-0126-SM-5K7VT",5.189
"SKCM","Normal","GTEX-ZE9C-2726-SM-57WB5",4.987
"SKCM","Normal","GTEX-13G51-2526-SM-5LZYK",4.984
"SKCM","Normal","GTEX-147GR-0526-SM-5S2MY",4.943
"SKCM","Normal","GTEX-ZF28-0126-SM-4WKGK",5.32
"SKCM","Normal","GTEX-1192X-0226-SM-5H12D",5.17
"SKCM","Normal","GTEX-139TU-0126-SM-5K7WH",5.536
"SKCM","Normal","GTEX-OOBK-0126-SM-2YUND",5.71
"SKCM","Normal","GTEX-147F4-0226-SM-5QGPW",5.065
"SKCM","Normal","GTEX-VUSG-2526-SM-4KL1V",5.257
"SKCM","Normal","GTEX-117YX-2326-SM-5H12W",5.198
"SKCM","Normal","GTEX-ZZ64-1726-SM-5GZYB",4.947
"SKCM","Normal","GTEX-14A6H-0126-SM-5QGPK",4.929
"SKCM","Normal","GTEX-12ZZY-0226-SM-5LZVE",5.171
"SKCM","Normal","GTEX-XPVG-2626-SM-4B669",5.013
"SKCM","Normal","GTEX-Y8DK-0126-SM-4TT3L",5.051
"SKCM","Normal","GTEX-Y111-0126-SM-4SOIV",5.234
"SKCM","Normal","GTEX-11WQC-2526-SM-5CVLE",5.098
"SKCM","Normal","GTEX-132NY-0326-SM-5IJBL",5.056
"SKCM","Normal","GTEX-XOTO-0126-SM-4B66N",4.936
"SKCM","Normal","GTEX-11OF3-2626-SM-5GU7F",4.959
"SKCM","Normal","GTEX-Y8E4-0626-SM-4WWDL",4.842
"SKCM","Normal","GTEX-13N2G-2626-SM-5J1OT",5.129
"SKCM","Normal","GTEX-SJXC-0126-SM-2XCFF",5.074
"SKCM","Normal","GTEX-WOFL-0126-SM-3MJG2",5.454
"SKCM","Normal","GTEX-11EI6-0126-SM-5985R",4.867
"SKCM","Normal","GTEX-13112-2826-SM-5DUWH",4.888
"SKCM","Normal","GTEX-11TUW-2726-SM-5EQLC",5.481
"SKCM","Normal","GTEX-PLZ6-1426-SM-5S2TR",4.684
"SKCM","Normal","GTEX-ZDTS-0126-SM-4WAY5",5.106
"SKCM","Normal","GTEX-111FC-0126-SM-5N9DL",4.79
"SKCM","Normal","GTEX-14BMV-0126-SM-5S2PO",5.202
"SKCM","Normal","GTEX-12C56-1726-SM-5EQ61",4.821
"SKCM","Normal","GTEX-YJ89-0126-SM-4TT3X",4.97
"SKCM","Normal","GTEX-12WSC-0126-SM-5EQ4P",4.993
"SKCM","Normal","GTEX-ZVZO-0126-SM-5A5L9",5.086
"SKCM","Normal","GTEX-13W46-0226-SM-5SIAG",4.877
"SKCM","Normal","GTEX-SUCS-1926-SM-32PM3",5.483
"SKCM","Normal","GTEX-Y3I4-2126-SM-4TT7C",5.187
"SKCM","Normal","GTEX-P4QR-0326-SM-5SI8P",5.71
"SKCM","Normal","GTEX-ZVTK-0426-SM-51MRS",4.726
"SKCM","Normal","GTEX-U8XE-0326-SM-3DB8P",5.87
"SKCM","Normal","GTEX-145LV-2126-SM-5LU8N",5.074
"SKCM","Normal","GTEX-ZXG5-0126-SM-5GIEU",4.937
"SKCM","Normal","GTEX-ZY6K-1826-SM-5GZXK",4.653
"SKCM","Normal","GTEX-S7PM-0126-SM-4AD6S",5.463
"SKCM","Normal","GTEX-U4B1-1826-SM-4DXSU",5.541
"SKCM","Normal","GTEX-R55F-0126-SM-48FCK",5.377
"SKCM","Normal","GTEX-13FXS-0226-SM-5IJCK",4.961
"SKCM","Normal","GTEX-ZAB5-1826-SM-5HL7C",5.042
"SKCM","Normal","GTEX-14C5O-0126-SM-5SI6N",4.767
"SKCM","Normal","GTEX-WY7C-2326-SM-3NB2U",5.365
"SKCM","Normal","GTEX-ZDYS-2026-SM-5HL5L",4.774
"SKCM","Normal","GTEX-ZVE2-0226-SM-59HJB",5.295
"SKCM","Normal","GTEX-13FHP-0126-SM-5IJBG",5.093
"SKCM","Normal","GTEX-Z9EW-1626-SM-5CVMN",5.277
"SKCM","Normal","GTEX-12WSL-2526-SM-5GCNJ",5.672
"SKCM","Normal","GTEX-ZDTT-2726-SM-4WKF8",4.662
"SKCM","Normal","GTEX-WFON-2126-SM-3LK7O",5.505
"SKCM","Normal","GTEX-11OC5-0126-SM-5HL6A",5.105
"SKCM","Normal","GTEX-13NYC-0326-SM-5K7WP",5.352
"SKCM","Normal","GTEX-145MN-2226-SM-5SIAU",5.191
"SKCM","Normal","GTEX-O5YT-0126-SM-48TBW",5.579
"SKCM","Normal","GTEX-OIZG-0726-SM-33HBL",5.042
"SKCM","Normal","GTEX-OXRN-0126-SM-48TDM",4.959
"SKCM","Normal","GTEX-144GN-2326-SM-5LU4F",5.055
"SKCM","Normal","GTEX-13RTJ-2426-SM-5S2Q2",5.335
"SKCM","Normal","GTEX-RM2N-1426-SM-2TF4H",5.361
"SKCM","Normal","GTEX-13OW6-0426-SM-5L3HM",4.918
"SKCM","Normal","GTEX-111VG-2426-SM-5GZXD",4.824
"SKCM","Normal","GTEX-12696-2426-SM-5EQ6H",5.269
"SKCM","Normal","GTEX-13O1R-0126-SM-5L3EH",5.101
"SKCM","Normal","GTEX-XBEW-0626-SM-4QASP",5.249
"SKCM","Normal","GTEX-ZU9S-0226-SM-5E441",5.17
"SKCM","Normal","GTEX-13IVO-0126-SM-5J1NG",5.406
"SKCM","Normal","GTEX-Y5V6-2426-SM-4VDSB",5.197
"SKCM","Normal","GTEX-12584-0126-SM-5EGKQ",5.136
"SKCM","Normal","GTEX-XXEK-2226-SM-4BRUM",5.512
"SKCM","Normal","GTEX-13OW8-1326-SM-5J1OW",4.919
"SKCM","Normal","GTEX-1399R-2726-SM-5IJBA",4.759
"SKCM","Normal","GTEX-13O3P-0126-SM-5KM4S",5.151
"SKCM","Normal","GTEX-Z93T-0126-SM-5HL5N",4.583
"SKCM","Normal","GTEX-13SLW-0126-SM-5SI6C",5.12
"SKCM","Normal","GTEX-145LT-1726-SM-5QGP3",4.588
"SKCM","Normal","GTEX-ZYFD-0126-SM-5GIDL",5.184
"SKCM","Normal","GTEX-11DZ1-0126-SM-5985Q",4.845
"SKCM","Normal","GTEX-XQ3S-1526-SM-4BOOC",5.28
"SKCM","Normal","GTEX-XBED-2226-SM-47JYQ",5.2
"SKCM","Normal","GTEX-ZTSS-1926-SM-57WEW",5.249
"SKCM","Normal","GTEX-117XS-2726-SM-5N9BL",4.997
"SKCM","Normal","GTEX-11GSO-2426-SM-5A5LY",5.337
"SKCM","Normal","GTEX-13O3Q-2426-SM-5IJBR",4.812
"SKCM","Normal","GTEX-11NSD-2226-SM-5986V",4.989
"SKCM","Normal","GTEX-QEG4-0226-SM-2S1PY",5.284
"SKCM","Normal","GTEX-X4XX-0126-SM-3NMC2",5.623
"SKCM","Normal","GTEX-X4XY-0226-SM-4E3IZ",5.665
"SKCM","Normal","GTEX-ZQUD-1426-SM-57WER",5.111
"SKCM","Normal","GTEX-13OW5-0126-SM-5MR3A",5.554
"SKCM","Normal","GTEX-X585-0226-SM-4QAS2",5.497
"SKCM","Normal","GTEX-131XH-2226-SM-5DUXJ",5.232
"SKCM","Normal","GTEX-WQUQ-0426-SM-3MJFU",5.405
"SKCM","Normal","GTEX-11H98-0126-SM-5EGHG",4.897
"SKCM","Normal","GTEX-111CU-1926-SM-5GZYZ",5.193
"SKCM","Normal","GTEX-12WSN-2326-SM-5DUVG",5.059
"SKCM","Normal","GTEX-RVPU-2226-SM-2XCAQ",5.113
"SKCM","Normal","GTEX-13X6J-0126-SM-5QGOU",4.745
"SKCM","Normal","GTEX-139TS-2826-SM-5J1OO",5.399
"SKCM","Normal","GTEX-13X6I-0626-SM-5QGP9",4.856
"SKCM","Normal","GTEX-ZYT6-0226-SM-5NQ6T",4.753
"SKCM","Normal","GTEX-13NZB-2526-SM-5J1OM",4.632
"SKCM","Normal","GTEX-RWSA-0126-SM-2XCBB",5.147
"SKCM","Normal","GTEX-1399T-2826-SM-5KLYZ",4.981
"SKCM","Normal","GTEX-X261-0126-SM-3NMD6",5.438
"SKCM","Normal","GTEX-1212Z-2526-SM-5EGKP",5.157
"SKCM","Normal","GTEX-O5YW-0126-SM-3LK6D",5.501
"SKCM","Normal","GTEX-11ZU8-2526-SM-5EQKI",4.743
"SKCM","Normal","GTEX-139T8-0126-SM-5K7XZ",4.76
"SKCM","Normal","GTEX-YEC4-2126-SM-5IFJH",5.153
"SKCM","Normal","GTEX-SIU8-0126-SM-2XCDT",5.266
"SKCM","Normal","GTEX-OXRL-0126-SM-2YUMP",5.251
"SKCM","Normal","GTEX-OHPM-0126-SM-2YUN9",5.328
"SKCM","Normal","GTEX-WVJS-0126-SM-4MVOT",4.919
"SKCM","Normal","GTEX-X5EB-2226-SM-46MW4",5.72
"SKCM","Normal","GTEX-Z93S-0126-SM-5HL7M",4.912
"SKCM","Normal","GTEX-WYJK-0126-SM-3NMAB",5.475
"SKCM","Normal","GTEX-11P7K-2126-SM-5GU7G",5.342
"SKCM","Normal","GTEX-13FTW-2626-SM-5K7WL",5.25
"SKCM","Normal","GTEX-145MF-0626-SM-5LUAI",5.139
"SKCM","Normal","GTEX-PSDG-0226-SM-33HC1",5.001
"SKCM","Normal","GTEX-13NYB-2526-SM-5K7Z6",4.776
"SKCM","Normal","GTEX-Q2AI-1326-SM-2S1PL",5.295
"SKCM","Normal","GTEX-T6MN-0126-SM-32PLP",5.189
"SKCM","Normal","GTEX-QV44-1926-SM-2S1RF",5.36
"SKCM","Normal","GTEX-11DXZ-2326-SM-5EGGV",5.306
"SKCM","Normal","GTEX-12126-0326-SM-5PNW3",4.876
"SKCM","Normal","GTEX-14DAR-2026-SM-5S2O3",5.082
"SKCM","Normal","GTEX-11EQ9-2426-SM-5HL5T",4.806
"SKCM","Normal","GTEX-11DYG-0126-SM-59883",4.939
"SKCM","Normal","GTEX-13PVQ-0126-SM-5SIB4",4.28
"SKCM","Normal","GTEX-14A5H-0426-SM-5QGQF",5.338
"SKCM","Normal","GTEX-U3ZM-1526-SM-3DB9D",5.374
"SKCM","Normal","GTEX-XQ8I-0426-SM-4BOPO",5.327
"SKCM","Normal","GTEX-13111-1626-SM-5EGJY",5.06
"SKCM","Normal","GTEX-NFK9-0226-SM-2HMKQ",5.291
"SKCM","Normal","GTEX-13PDP-0126-SM-5L3HD",5.499
"SKCM","Normal","GTEX-14753-0426-SM-5NQAM",5.283
"SKCM","Normal","GTEX-13YAN-0326-SM-5O9DF",4.99
"SKCM","Normal","GTEX-11TT1-2526-SM-5EGIB",5.747
"SKCM","Normal","GTEX-RUSQ-1526-SM-2TF62",5.877
"SKCM","Normal","GTEX-TMZS-0126-SM-3DB9Q",4.953
"SKCM","Normal","GTEX-11LCK-1026-SM-5A5KB",5.328
"SKCM","Normal","GTEX-12WSA-0226-SM-5BC5V",5.024
"SKCM","Normal","GTEX-131XF-2126-SM-5DUWS",4.977
"SKCM","Normal","GTEX-PLZ6-1426-SM-2S1OQ",4.986
"SKCM","Normal","GTEX-XAJ8-0826-SM-47JY6",5.152
"SKCM","Normal","GTEX-13O21-1426-SM-5K7XI",4.819
"SKCM","Normal","GTEX-ZWKS-0126-SM-5SIAA",5.001
"SKCM","Normal","GTEX-OIZH-0126-SM-2HMIS",5.491
"SKCM","Normal","GTEX-139UW-2826-SM-5L3E7",5.116
"SKCM","Normal","GTEX-12ZZZ-0626-SM-5DUXI",5.004
"SKCM","Normal","GTEX-S3XE-1726-SM-3K2AM",4.752
"SKCM","Normal","GTEX-T5JC-0426-SM-32PLO",5.75
"SKCM","Normal","GTEX-U8T8-0126-SM-3DB94",5.301
"SKCM","Normal","GTEX-13OVH-0126-SM-5MR4B",5.372
"SKCM","Normal","GTEX-ZVZP-2426-SM-59HKJ",4.993
"SKCM","Normal","GTEX-NPJ8-0126-SM-2YUNR",5.944
"SKCM","Normal","GTEX-P4PQ-0126-SM-2S1NM",5.687
"SKCM","Normal","GTEX-ZTX8-1426-SM-5DUVO",5.741
"SKCM","Normal","GTEX-PLZ5-2026-SM-2S1O4",5.27
"SKCM","Normal","GTEX-QESD-1426-SM-2S1R9",4.915
"SKCM","Normal","GTEX-14E6C-0126-SM-5RQIP",5.024
"SKCM","Normal","GTEX-UPK5-0726-SM-4IHL7",4.913
"SKCM","Normal","GTEX-X4EO-0326-SM-3P5YO",5.256
"SKCM","Normal","GTEX-OXRP-0126-SM-3NB32",5.222
"SKCM","Normal","GTEX-X638-0126-SM-47JZ8",4.911
"SKCM","Normal","GTEX-11DXX-2426-SM-5GZZW",5.123
"SKCM","Normal","GTEX-ZVT3-0126-SM-5GU6I",5.017
"SKCM","Normal","GTEX-ZC5H-0226-SM-4WAY9",5.33
"SKCM","Normal","GTEX-WYVS-2126-SM-3NMA3",5.24
"SKCM","Normal","GTEX-XV7Q-2526-SM-4BRV9",5.387
"SKCM","Normal","GTEX-12WSD-0126-SM-59HKN",5.145
"SKCM","Normal","GTEX-12WSB-0126-SM-59HJN",4.779
"SKCM","Normal","GTEX-ZVZQ-0326-SM-59HLL",5.913
"SKCM","Normal","GTEX-113JC-2326-SM-5EQ4E",4.787
"SKCM","Normal","GTEX-13SLX-0526-SM-5S2ON",5.082
"SKCM","Normal","GTEX-1313W-0126-SM-5LZUN",5.009
"SKCM","Normal","GTEX-ZTPG-0326-SM-5O9AX",5.656
"SKCM","Normal","GTEX-11ZVC-2526-SM-5FQTE",5.222
"SKCM","Normal","GTEX-14DAQ-0126-SM-5S2MQ",5.094
"SKCM","Normal","GTEX-13U4I-0126-SM-5LU38",5.138
"SKCM","Normal","GTEX-WXYG-2326-SM-4E3I6",5.399
"SKCM","Normal","GTEX-QDT8-0126-SM-48TZ1",5.388
"SKCM","Normal","GTEX-13S7M-0126-SM-5SI6A",5.07
"SKCM","Normal","GTEX-ZE7O-0126-SM-57WC1",5.081
"SKCM","Normal","GTEX-RNOR-0126-SM-2TF57",5.038
"SKCM","Normal","GTEX-148VI-1626-SM-5SI6E",5.241
"SKCM","Normal","GTEX-11EMC-2926-SM-5EQ4F",5.319
"SKCM","Normal","GTEX-11ILO-0126-SM-5A5LN",4.999
"SKCM","Normal","GTEX-OXRP-0126-SM-48TDI",5.345
"SKCM","Normal","GTEX-139D8-0226-SM-5KLZO",4.75
"SKCM","Normal","GTEX-X4EP-0126-SM-3P5YV",5.343
"SKCM","Normal","GTEX-11VI4-1726-SM-5CVLH",4.815
"SKCM","Normal","GTEX-OXRO-0126-SM-2YUN4",5.978
"SKCM","Normal","GTEX-OXRK-0226-SM-3NB2G",5.111
"SKCM","Normal","GTEX-YFC4-0126-SM-5CVLY",4.972
"SKCM","Normal","GTEX-11TTK-0126-SM-5987B",4.779
"SKCM","Normal","GTEX-13113-1926-SM-5LZWG",5.236
"SKCM","Normal","GTEX-ZVT4-0126-SM-51MS1",4.927
"SKCM","Normal","GTEX-PLZ4-0126-SM-5SI8O",5.094
"SKCM","Normal","GTEX-12WSJ-1826-SM-5GCNY",5.597
"SKCM","Normal","GTEX-ZAK1-0126-SM-5IJD3",5.064
"SKCM","Normal","GTEX-139T4-0226-SM-5HL5S",5.229
"SKCM","Normal","GTEX-13VXT-0126-SM-5LU4I",5.355
"SKCM","Normal","GTEX-131YS-0126-SM-5KM1M",5.079
"SKCM","Normal","GTEX-13FH7-2026-SM-5IJCR",5.201
"SKCM","Normal","GTEX-WRHK-1426-SM-3MJF9",5.213
"SKCM","Normal","GTEX-147F3-0526-SM-5SI98",4.914
"SKCM","Normal","GTEX-1211K-2026-SM-5EQ4Z",5.144
"SKCM","Normal","GTEX-T2IS-0126-SM-4DM6O",5.046
"SKCM","Normal","GTEX-13FTY-0526-SM-5L3EV",5.216
"SKCM","Normal","GTEX-13N11-2526-SM-5K7UE",5.37
"SKCM","Normal","GTEX-13W3W-2426-SM-5LU5B",5.034
"SKCM","Normal","GTEX-133LE-1826-SM-5J1MV",5.39
"SKCM","Normal","GTEX-Y8LW-1826-SM-5S2MV",5.144
"SKCM","Normal","GTEX-145ME-1826-SM-5SI9G",5.095
"SKCM","Normal","GTEX-ZYFG-2326-SM-5E44B",4.915
"SKCM","Normal","GTEX-11ZTS-0126-SM-5EQ6M",4.971
"SKCM","Normal","GTEX-W5WG-1826-SM-4KL2Y",5.309
"SKCM","Normal","GTEX-146FH-0126-SM-5QGPP",5.045
"SKCM","Normal","GTEX-11XUK-2026-SM-5EQLF",5.26
"SKCM","Normal","GTEX-13CF3-2426-SM-5IFGX",5.46
"SKCM","Normal","GTEX-ZF2S-2326-SM-4WWCE",4.731
"SKCM","Normal","GTEX-P4PP-0126-SM-3LK69",5.469
"SKCM","Normal","GTEX-11P81-2326-SM-59875",5.134
"SKCM","Normal","GTEX-146FR-1326-SM-5SIAJ",4.736
"SKCM","Normal","GTEX-ZAJG-0126-SM-5HL94",4.974
"SKCM","Normal","GTEX-PWO3-1526-SM-48TCM",5.248
"SKCM","Normal","GTEX-ZQG8-1626-SM-5HL6H",4.892
"SKCM","Normal","GTEX-XUW1-0426-SM-4BOOT",5.217
"SKCM","Normal","GTEX-Y5V5-2326-SM-4V6GA",5.148
"SKCM","Normal","GTEX-11ZTT-2426-SM-5EQLS",5.205
"SKCM","Normal","GTEX-13OVJ-0126-SM-5KM36",4.922
"SKCM","Normal","GTEX-11EM3-2426-SM-59861",4.877
"SKCM","Normal","GTEX-PWCY-1826-SM-5SI7U",5.048
"SKCM","Normal","GTEX-ZVT2-2526-SM-51MT1",4.314
"SKCM","Normal","GTEX-1128S-2326-SM-5GZZY",5.1
"SKCM","Normal","GTEX-T6MO-1626-SM-32QOM",5.142
"SKCM","Normal","GTEX-13OVI-1426-SM-5L3EY",4.895
"SKCM","Normal","GTEX-OXRK-0226-SM-2YUN1",5.41
"SKCM","Normal","GTEX-Y3IK-2426-SM-4WWDU",5.21
"SKCM","Normal","GTEX-YB5K-2126-SM-4WWDJ",5.184
"SKCM","Normal","GTEX-QCQG-1726-SM-3GIJ9",4.858
"SKCM","Normal","GTEX-R55G-2526-SM-2TC6D",5.724
"SKCM","Normal","GTEX-12ZZX-0126-SM-5EGK9",4.985
"SKCM","Normal","GTEX-TML8-1926-SM-32QOS",4.918
"SKCM","Normal","GTEX-PWN1-0126-SM-2I3FK",5.214
"SKCM","Normal","GTEX-Y5LM-1926-SM-5RQJH",5.187
"SKCM","Normal","GTEX-ZPIC-1726-SM-57WF2",5.58
"SKCM","Normal","GTEX-11UD1-0126-SM-5PNYG",5.204
"SKCM","Normal","GTEX-R3RS-0126-SM-3GIJL",4.328
"SKCM","Normal","GTEX-1269C-2526-SM-5EGJ3",5.207
"SKCM","Normal","GTEX-12WSK-2326-SM-5GCOH",5.158
"SKCM","Normal","GTEX-ZGAY-0526-SM-4WWBB",4.894
"SKCM","Normal","GTEX-WI4N-1026-SM-3LK7N",5.448
"SKCM","Normal","GTEX-13PVR-2326-SM-5QGR1",5.26
"SKCM","Normal","GTEX-QVJO-1626-SM-2S1QW",5.039
"SKCM","Normal","GTEX-S7SF-1626-SM-3K2AY",5.288
"SKCM","Normal","GTEX-OHPL-0126-SM-2HMJ7",5.507
"SKCM","Normal","GTEX-13NZ8-0826-SM-5MR3I",4.93
"SKCM","Normal","GTEX-145LS-0126-SM-5QGP1",4.758
"SKCM","Normal","GTEX-TSE9-0126-SM-3DB83",4.911
"SKCM","Normal","GTEX-XYKS-2126-SM-4E3IB",5.57
"SKCM","Normal","GTEX-145MI-0526-SM-5O9A8",5.398
"SKCM","Normal","GTEX-Y114-2426-SM-4TT8A",5.4
"SKCM","Normal","GTEX-RU72-0926-SM-2TF6B",5.495
"SKCM","Normal","GTEX-X8HC-0126-SM-4E3JW",5.359
"SKCM","Normal","GTEX-XUZC-1726-SM-4BRWS",5.116
"SKCM","Normal","GTEX-ZV68-0126-SM-59HKS",5.222
"SKCM","Normal","GTEX-1122O-2126-SM-5EGIR",5.01
"SKCM","Normal","GTEX-12WS9-0126-SM-5EGL7",4.715
"SKCM","Normal","GTEX-ZP4G-2426-SM-57WEY",4.086
"SKCM","Normal","GTEX-P4QT-0126-SM-2I3FL",5.404
"SKCM","Normal","GTEX-UJHI-1526-SM-3DB99",5.409
"SKCM","Normal","GTEX-TMMY-0226-SM-33HBA",4.928
"SKCM","Normal","GTEX-PLZ4-0126-SM-2S1OG",5.325
"SKCM","Normal","GTEX-PWCY-1826-SM-2S1OK",5.521
"SKCM","Normal","GTEX-ZVTK-0226-SM-51MRG",5.341
"SKCM","Normal","GTEX-ZDXO-3126-SM-5IJDF",5.055
"SKCM","Normal","GTEX-VJYA-1526-SM-3GIJV",4.715
"SKCM","Normal","GTEX-11EI6-2826-SM-5H11D",4.883
"SKCM","Normal","GTEX-ZU9S-1826-SM-5NQ9E",4.9
"SKCM","Normal","GTEX-ZAB5-2626-SM-5KM3Y",4.848
"SKCM","Normal","GTEX-WK11-2726-SM-3NMAQ",5.314
"SKCM","Normal","GTEX-13OW6-2726-SM-5J2OE",5.154
"SKCM","Normal","GTEX-YECK-0326-SM-4W1YS",4.802
"SKCM","Normal","GTEX-146FQ-2126-SM-5RQHU",4.525
"SKCM","Normal","GTEX-11NUK-2726-SM-5A5MC",5.041
"SKCM","Normal","GTEX-1314G-1326-SM-5BC6E",5.033
"SKCM","Normal","GTEX-1399R-1326-SM-5PNYS",4.669
"SKCM","Normal","GTEX-145MG-1526-SM-5Q5EM",5.15
"SKCM","Normal","GTEX-13112-0126-SM-5P9IU",5.062
"SKCM","Normal","GTEX-11DXY-0126-SM-5H11Q",4.681
"SKCM","Normal","GTEX-ZVE2-2826-SM-5GU51",5.347
"SKCM","Normal","GTEX-13OW7-0426-SM-5K7VK",5.225
"SKCM","Normal","GTEX-WY7C-2126-SM-3NB2R",5.403
"SKCM","Normal","GTEX-13111-1826-SM-5GCP1",4.94
"SKCM","Normal","GTEX-13X6J-0626-SM-5LU5F",5.055
"SKCM","Normal","GTEX-V1D1-2026-SM-3GAF4",4.051
"SKCM","Normal","GTEX-11DXW-0826-SM-5H118",4.887
"SKCM","Normal","GTEX-12WSH-1526-SM-5BC5W",4.932
"SKCM","Normal","GTEX-111FC-2526-SM-5GZXU",5.183
"SKCM","Normal","GTEX-WHPG-2626-SM-3NMBR",4.82
"SKCM","Normal","GTEX-12KS4-2126-SM-5FQUT",4.758
"SKCM","Normal","GTEX-13PVQ-0626-SM-5LU47",5.315
"SKCM","Normal","GTEX-YEC4-1826-SM-4W1YP",4.897
"SKCM","Normal","GTEX-13OW8-1026-SM-5J1NQ",4.884
"SKCM","Normal","GTEX-11EQ8-0926-SM-5H12V",5.275
"SKCM","Normal","GTEX-14A6H-2026-SM-5Q5DD",4.938
"SKCM","Normal","GTEX-ZAB4-2126-SM-5HL8U",5.011
"SKCM","Normal","GTEX-13NYB-0126-SM-5J1MD",4.936
"SKCM","Normal","GTEX-144FL-0626-SM-5LU43",4.661
"SKCM","Normal","GTEX-YEC3-1326-SM-4WWEL",4.767
"SKCM","Normal","GTEX-ZYFC-0426-SM-5GICQ",4.867
"SKCM","Normal","GTEX-12ZZY-0726-SM-5EQ66",5.016
"SKCM","Normal","GTEX-ZDTS-0826-SM-4WKHL",5.157
"SKCM","Normal","GTEX-11DYG-1526-SM-5A5JS",4.907
"SKCM","Normal","GTEX-11OF3-0126-SM-5PNYF",5.044
"SKCM","Normal","GTEX-11O72-0626-SM-5PNYE",5.11
"SKCM","Normal","GTEX-Y8E4-2026-SM-5IFJB",4.858
"SKCM","Normal","GTEX-13G51-1826-SM-5KLZH",4.964
"SKCM","Normal","GTEX-13OVG-1626-SM-5J1NF",5.157
"SKCM","Normal","GTEX-ZDYS-2426-SM-4WKGI",4.8
"SKCM","Normal","GTEX-14B4R-1326-SM-5Q5EZ",4.876
"SKCM","Normal","GTEX-UPJH-0226-SM-3GADV",5.191
"SKCM","Normal","GTEX-WFON-1926-SM-3LK7L",5.199
"SKCM","Normal","GTEX-13N2G-0226-SM-5K7VF",5.138
"SKCM","Normal","GTEX-XOTO-0726-SM-4B659",4.904
"SKCM","Normal","GTEX-13VXU-0626-SM-5L3F9",4.784
"SKCM","Normal","GTEX-ZV7C-0926-SM-59HL1",4.635
"SKCM","Normal","GTEX-Y5V6-2326-SM-4VDSA",4.98
"SKCM","Normal","GTEX-14C38-0726-SM-5SI6M",5.393
"SKCM","Normal","GTEX-VUSG-2326-SM-4KL1U",5.507
"SKCM","Normal","GTEX-ZUA1-2626-SM-5NQ92",4.426
"SKCM","Normal","GTEX-ZZ64-1026-SM-5GZXG",4.97
"SKCM","Normal","GTEX-13OVL-0126-SM-5L3GJ",4.869
"SKCM","Normal","GTEX-13JVG-0726-SM-5KM16",5.022
"SKCM","Normal","GTEX-U8XE-0226-SM-4E3J3",6.187
"SKCM","Normal","GTEX-12126-0826-SM-5FQTZ",5.057
"SKCM","Normal","GTEX-1212Z-0126-SM-59HK4",5.241
"SKCM","Normal","GTEX-ZPU1-1126-SM-4YCF3",4.914
"SKCM","Normal","GTEX-13NZ9-2626-SM-5L3FK",5.146
"SKCM","Normal","GTEX-ZDTT-0426-SM-4WKFL",4.667
"SKCM","Normal","GTEX-12WSL-2026-SM-5GCML",5.05
"SKCM","Normal","GTEX-XQ8I-0926-SM-4BOOF",5.141
"SKCM","Normal","GTEX-ZYFD-0626-SM-5E44E",5.103
"SKCM","Normal","GTEX-11DZ1-2426-SM-5GZZX",5.223
"SKCM","Normal","GTEX-YEC3-1326-SM-5PNXV",4.766
"SKCM","Normal","GTEX-X3Y1-2026-SM-3P5YM",5.365
"SKCM","Normal","GTEX-ZYW4-0626-SM-59HJR",5.313
"SKCM","Normal","GTEX-12C56-1526-SM-5FQUQ",4.707
"SKCM","Normal","GTEX-12WSC-2826-SM-5BC5Y",5.017
"SKCM","Normal","GTEX-ZTTD-2826-SM-4YCFA",5.066
"SKCM","Normal","GTEX-11DXZ-2026-SM-5987S",4.766
"SKCM","Normal","GTEX-13X6I-1826-SM-5SIAO",5.061
"SKCM","Normal","GTEX-ZVP2-0326-SM-57WBP",5.01
"SKCM","Normal","GTEX-11ZUS-2626-SM-5FQUR",4.575
"SKCM","Normal","GTEX-ZT9X-1526-SM-5DUXD",4.741
"SKCM","Normal","GTEX-111YS-1526-SM-5GZYW",4.556
"SKCM","Normal","GTEX-139TS-2126-SM-5K7XC",5.281
"SKCM","Normal","GTEX-ZTSS-1426-SM-5985P",5.351
"SKCM","Normal","GTEX-12584-0726-SM-5FQTK",5.016
"SKCM","Normal","GTEX-Z93S-1626-SM-5CVMB",4.782
"SKCM","Normal","GTEX-145MH-2826-SM-5RQJF",5.019
"SKCM","Normal","GTEX-WH7G-2026-SM-3NMBL",4.903
"SKCM","Normal","GTEX-WYJK-0526-SM-3NM8Z",5.077
"SKCM","Normal","GTEX-11P7K-1126-SM-5HL4L",5.016
"SKCM","Normal","GTEX-ZWKS-0626-SM-5GIDV",5.223
"SKCM","Normal","GTEX-XXEK-1626-SM-4BRUZ",5.427
"SKCM","Normal","GTEX-ZT9W-1126-SM-57WDR",4.728
"SKCM","Normal","GTEX-11EQ9-1626-SM-5PNY8",4.924
"SKCM","Normal","GTEX-XBED-1926-SM-47JYP",5.163
"SKCM","Normal","GTEX-13FLV-0126-SM-5K7WT",5.034
"SKCM","Normal","GTEX-139YR-1026-SM-5LZYN",4.921
"SKCM","Normal","GTEX-XBEC-0726-SM-4QARZ",5.322
"SKCM","Normal","GTEX-139UW-0326-SM-5J1ML",4.942
"SKCM","Normal","GTEX-13FTW-0326-SM-5K7UW",4.959
"SKCM","Normal","GTEX-1497J-0226-SM-5QGPU",5.056
"SKCM","Normal","GTEX-139TU-0726-SM-5L3EK",4.918
"SKCM","Normal","GTEX-XQ3S-1426-SM-4BOPR",5.375
"SKCM","Normal","GTEX-12WSN-1426-SM-5GCO6",4.854
"SKCM","Normal","GTEX-1192X-2726-SM-5N9DN",5.205
"SKCM","Normal","GTEX-139TT-2126-SM-5LZWC",5.248
"SKCM","Normal","GTEX-145MN-1526-SM-5SI9T",4.984
"SKCM","Normal","GTEX-11LCK-2226-SM-5HL4Q",5.19
"SKCM","Normal","GTEX-14753-0726-SM-5QGQO",5.016
"SKCM","Normal","GTEX-ZE9C-2526-SM-5IJDR",4.962
"SKCM","Normal","GTEX-145MO-2826-SM-5LU96",4.932
"SKCM","Normal","GTEX-XK95-0226-SM-4AT58",5.333
"SKCM","Normal","GTEX-139T8-0626-SM-5KLZX",4.876
"SKCM","Normal","GTEX-11TUW-0626-SM-5LU9M",5.384
"SKCM","Normal","GTEX-XPVG-2126-SM-4B667",5.136
"SKCM","Normal","GTEX-13FHO-0426-SM-5L3F5",4.889
"SKCM","Normal","GTEX-14A5H-0826-SM-5QGPJ",5.42
"SKCM","Normal","GTEX-11TT1-1826-SM-5EQLV",5.257
"SKCM","Normal","GTEX-1399Q-2326-SM-5KM2X",5.362
"SKCM","Normal","GTEX-WHWD-1826-SM-3LK6I",5.282
"SKCM","Normal","GTEX-Y3I4-1726-SM-4TT89",4.781
"SKCM","Normal","GTEX-11WQC-1826-SM-5GU59",5.265
"SKCM","Normal","GTEX-12696-0126-SM-5EQ4L",5.342
"SKCM","Normal","GTEX-13OW5-2326-SM-5L3HO",5.453
"SKCM","Normal","GTEX-ZA64-1026-SM-5HL8R",4.487
"SKCM","Normal","GTEX-13NYS-0626-SM-5L3F1",4.856
"SKCM","Normal","GTEX-ZXG5-2126-SM-59HKD",4.852
"SKCM","Normal","GTEX-131XF-2626-SM-5EQ6K",4.905
"SKCM","Normal","GTEX-X585-2426-SM-46MW2",5.638
"SKCM","Normal","GTEX-131XH-0126-SM-5LZUY",5.175
"SKCM","Normal","GTEX-YF7O-1526-SM-5IFI6",4.584
"SKCM","Normal","GTEX-13SLW-0626-SM-5Q5ER",5.021
"SKCM","Normal","GTEX-117YX-1926-SM-5GIEC",4.708
"SKCM","Normal","GTEX-YFCO-1226-SM-5LUAT",4.742
"SKCM","Normal","GTEX-ZYT6-2326-SM-5GZY3",5.145
"SKCM","Normal","GTEX-WHSE-0126-SM-3NMBT",5.585
"SKCM","Normal","GTEX-XBEW-1126-SM-4QARW",5.265
"SKCM","Normal","GTEX-13PDP-0726-SM-5L3HP",5.153
"SKCM","Normal","GTEX-WHSB-1326-SM-3LK6W",5.195
"SKCM","Normal","GTEX-111VG-1626-SM-5EGIO",4.828
"SKCM","Normal","GTEX-Y111-0626-SM-4SOIT",5.266
"SKCM","Normal","GTEX-ZVZP-1226-SM-5GID7",5.098
"SKCM","Normal","GTEX-13OVH-0526-SM-5L3E6",5.301
"SKCM","Normal","GTEX-144GO-2026-SM-5O99P",5.125
"SKCM","Normal","GTEX-XAJ8-1426-SM-47JYM",5.07
"SKCM","Normal","GTEX-11WQK-1026-SM-5EQLX",5.759
"SKCM","Normal","GTEX-Y9LG-1126-SM-4VBQ7",4.807
"SKCM","Normal","GTEX-111CU-1126-SM-5EGIM",4.873
"SKCM","Normal","GTEX-14C39-1726-SM-5RQIL",5.219
"SKCM","Normal","GTEX-ZY6K-1426-SM-5GZX2",4.814
"SKCM","Normal","GTEX-ZLFU-1826-SM-4WWBV",4.888
"SKCM","Normal","GTEX-ZTX8-1326-SM-4YCEL",4.558
"SKCM","Normal","GTEX-WFG7-2026-SM-5SI7P",5.111
"SKCM","Normal","GTEX-148VJ-0626-SM-5LUAW",5.332
"SKCM","Normal","GTEX-13IVO-0726-SM-5LZYV",5.632
"SKCM","Normal","GTEX-11ZU8-0126-SM-5EQ58",4.828
"SKCM","Normal","GTEX-12BJ1-0926-SM-5EQ62",4.793
"SKCM","Normal","GTEX-WYVS-1626-SM-3NM9R",5.296
"SKCM","Normal","GTEX-X4EO-2926-SM-4E3JH",5.322
"SKCM","Normal","GTEX-WRHU-2826-SM-3MJG8",5.404
"SKCM","Normal","GTEX-131YS-2826-SM-5EQ47",5.027
"SKCM","Normal","GTEX-YJ8O-2526-SM-5HL85",4.859
"SKCM","Normal","GTEX-ZAK1-0626-SM-5HL8E",4.886
"SKCM","Normal","GTEX-WYBS-0626-SM-3NMAS",5.354
"SKCM","Normal","GTEX-13X6K-0626-SM-5LU5D",4.94
"SKCM","Normal","GTEX-ZC5H-1526-SM-5HL9Y",5.449
"SKCM","Normal","GTEX-ZLWG-0826-SM-59888",4.903
"SKCM","Normal","GTEX-12WSB-2926-SM-59HKL",4.985
"SKCM","Normal","GTEX-131XW-0626-SM-5PNVD",4.657
"SKCM","Normal","GTEX-13U4I-2226-SM-5LU5H",5.013
"SKCM","Normal","GTEX-WXYG-2026-SM-4E3IY",5.195
"SKCM","Normal","GTEX-YB5K-2026-SM-4VDT3",4.793
"SKCM","Normal","GTEX-11DXX-2126-SM-5PNYR",5.147
"SKCM","Normal","GTEX-ZP4G-1426-SM-4WWCL",4.865
"SKCM","Normal","GTEX-145ME-1726-SM-5Q5EU",5.122
"SKCM","Normal","GTEX-XOT4-0626-SM-4B66L",5.304
"SKCM","Normal","GTEX-Y3IK-1626-SM-4YCF5",4.947
"SKCM","Normal","GTEX-XUW1-0926-SM-4BONX",5.224
"SKCM","Normal","GTEX-Y5V5-0126-SM-5S2NW",5.03
"SKCM","Normal","GTEX-11ILO-0626-SM-5A5LO",5.222
"SKCM","Normal","GTEX-139D8-1126-SM-5LU8W",5.096
"SKCM","Normal","GTEX-147F3-1726-SM-5SIAW",4.839
"SKCM","Normal","GTEX-11EM3-1226-SM-5N9DD",4.709
"SKCM","Normal","GTEX-14BMU-1226-SM-5S2OR",5.065
"SKCM","Normal","GTEX-11VI4-1126-SM-5EQMD",4.659
"SKCM","Normal","GTEX-W5X1-2526-SM-3GILC",4.59
"SKCM","Normal","GTEX-12WSD-0626-SM-5GCMW",5.036
"SKCM","Normal","GTEX-ZYFG-1526-SM-5GZYM",4.958
"SKCM","Normal","GTEX-13FTX-1526-SM-5K7VJ",5.283
"SKCM","Normal","GTEX-13VXT-1926-SM-5K7UO",4.935
"SKCM","Normal","GTEX-13O3O-2326-SM-5IJD6",4.853
"SKCM","Normal","GTEX-11P81-2226-SM-5PNYI",4.766
"SKCM","Normal","GTEX-145MI-0626-SM-5SI8S",5.43
"SKCM","Normal","GTEX-13113-1626-SM-5EQ4I",5.025
"SKCM","Normal","GTEX-Y8LW-1526-SM-5IFHL",5.177
"SKCM","Normal","GTEX-13OVI-2726-SM-5KM56",4.558
"SKCM","Normal","GTEX-ZYWO-2226-SM-5GZXR",5.419
"SKCM","Normal","GTEX-13JUV-2026-SM-5K7UA",5.144
"SKCM","Normal","GTEX-13FH7-1126-SM-5K7UG",5.248
"SKCM","Normal","GTEX-X4EP-0626-SM-3P621",5.602
"SKCM","Normal","GTEX-13D11-0926-SM-5J2NC",4.985
"SKCM","Normal","GTEX-14BIN-1126-SM-5RQJZ",5.162
"SKCM","Normal","GTEX-133LE-2326-SM-5K7W3",5.154
"SKCM","Normal","GTEX-1399U-1126-SM-5L3DB",5.131
"SKCM","Normal","GTEX-XV7Q-1826-SM-4BRUV",5.16
"SKCM","Normal","GTEX-132AR-0326-SM-5KM2C",5.15
"SKCM","Normal","GTEX-1211K-1526-SM-5FQU4",5.014
"SKCM","Normal","GTEX-XUJ4-1826-SM-4BOOU",4.918
"SKCM","Normal","GTEX-13PVR-0426-SM-5RQK2",4.996
"SKCM","Normal","GTEX-ZE7O-2726-SM-51MT5",5.004
"SKCM","Normal","GTEX-13W3W-0726-SM-5IJDQ",4.828
"SKCM","Normal","GTEX-1313W-0626-SM-5EQ4H",4.679
"SKCM","Normal","GTEX-14AS3-1526-SM-5Q5ED",4.863
"SKCM","Normal","GTEX-ZYVF-0926-SM-5E44J",5.398
"SKCM","Normal","GTEX-ZVT2-0126-SM-5GIDQ",4.655
"SKCM","Normal","GTEX-13FTY-2126-SM-5IFFB",5.034
"SKCM","Normal","GTEX-13N11-2326-SM-5IJBF",4.679
"SKCM","Normal","GTEX-WEY5-2326-SM-3GIKK",4.928
"SKCM","Normal","GTEX-11ZTT-2126-SM-5CVLO",4.851
"SKCM","Normal","GTEX-WI4N-2726-SM-3LK7Y",5.879
"SKCM","Normal","GTEX-ZLV1-1526-SM-4WWBC",4.814
"SKCM","Normal","GTEX-12WSK-2126-SM-5CVNC",4.532
"SKCM","Normal","GTEX-ZF29-0926-SM-4WKFZ",4.891
"SKCM","Normal","GTEX-12WS9-0326-SM-59HJV",5.647
"SKCM","Normal","GTEX-ZVE1-0726-SM-51MRN",4.56
"SKCM","Normal","GTEX-X8HC-0626-SM-4E3HQ",5.691
"SKCM","Normal","GTEX-12ZZX-2426-SM-5GCOE",5.02
"SKCM","Normal","GTEX-13OVJ-0826-SM-5J1OK",4.961
"SKCM","Normal","GTEX-ZPCL-1126-SM-4WWFE",5.149
"SKCM","Normal","GTEX-ZYY3-2926-SM-5GIEB",5.264
"SKCM","Normal","GTEX-12WSJ-1126-SM-5LZVJ",5.248
"SKCM","Normal","GTEX-1399S-0126-SM-5IJCF",4.797
"SKCM","Normal","GTEX-Y114-2126-SM-4TT8B",5.309
"STAD","Tumor","TCGA-CD-5804-01",4.529
"STAD","Tumor","TCGA-CG-4306-01",4.547
"STAD","Tumor","TCGA-F1-6177-01",6.169
"STAD","Tumor","TCGA-VQ-A923-01",4.814
"STAD","Tumor","TCGA-BR-4366-01",4.832
"STAD","Tumor","TCGA-CG-5716-01",4.556
"STAD","Tumor","TCGA-CG-4442-01",4.663
"STAD","Tumor","TCGA-CG-4304-01",3.491
"STAD","Tumor","TCGA-IN-A6RL-01",3.766
"STAD","Tumor","TCGA-IN-A6RR-01",4.035
"STAD","Tumor","TCGA-CG-4437-01",5.193
"STAD","Tumor","TCGA-CG-4441-01",5.818
"STAD","Tumor","TCGA-CG-5723-01",4.564
"STAD","Tumor","TCGA-CD-5798-01",4.322
"STAD","Tumor","TCGA-RD-A7C1-01",4.416
"STAD","Tumor","TCGA-BR-7703-01",5.343
"STAD","Tumor","TCGA-CG-4449-01",3.579
"STAD","Tumor","TCGA-VQ-A927-01",4.748
"STAD","Tumor","TCGA-BR-4256-01",4.732
"STAD","Tumor","TCGA-D7-5578-01",4.553
"STAD","Tumor","TCGA-IN-8462-01",4.23
"STAD","Tumor","TCGA-BR-8591-01",5.788
"STAD","Tumor","TCGA-F1-6874-01",5.82
"STAD","Tumor","TCGA-F1-6875-01",5.281
"STAD","Tumor","TCGA-FP-8099-01",5.495
"STAD","Tumor","TCGA-VQ-A8E3-01",5.514
"STAD","Tumor","TCGA-BR-4367-01",3.387
"STAD","Tumor","TCGA-KB-A93J-01",5.447
"STAD","Tumor","TCGA-MX-A5UG-01",5.273
"STAD","Tumor","TCGA-RD-A8N5-01",4.651
"STAD","Tumor","TCGA-VQ-A8PE-01",5.58
"STAD","Tumor","TCGA-VQ-A91U-01",4.133
"STAD","Tumor","TCGA-BR-A4CS-01",5.282
"STAD","Tumor","TCGA-D7-6822-01",5.51
"STAD","Tumor","TCGA-FP-7735-01",4.907
"STAD","Tumor","TCGA-FP-7916-01",4.151
"STAD","Tumor","TCGA-FP-7998-01",4.899
"STAD","Tumor","TCGA-FP-A9TM-01",4.754
"STAD","Tumor","TCGA-HU-A4H8-01",4.944
"STAD","Tumor","TCGA-BR-8678-01",4.971
"STAD","Tumor","TCGA-CD-A4MG-01",4.566
"STAD","Tumor","TCGA-CG-4444-01",4.398
"STAD","Tumor","TCGA-CG-4475-01",4.559
"STAD","Tumor","TCGA-HU-8249-01",5.099
"STAD","Tumor","TCGA-IN-A6RS-01",3.785
"STAD","Tumor","TCGA-VQ-A8PF-01",5.206
"STAD","Tumor","TCGA-VQ-A8PP-01",5.253
"STAD","Tumor","TCGA-BR-4369-01",4.237
"STAD","Tumor","TCGA-BR-6707-01",4.897
"STAD","Tumor","TCGA-BR-8683-01",5.332
"STAD","Tumor","TCGA-D7-6518-01",4.31
"STAD","Tumor","TCGA-D7-8575-01",5.041
"STAD","Tumor","TCGA-HU-8610-01",5.562
"STAD","Tumor","TCGA-HU-A4GH-01",4.511
"STAD","Tumor","TCGA-VQ-AA6J-01",5.517
"STAD","Tumor","TCGA-B7-A5TJ-01",4.342
"STAD","Tumor","TCGA-BR-7851-01",5.942
"STAD","Tumor","TCGA-BR-7901-01",4.353
"STAD","Tumor","TCGA-CD-8536-01",4.773
"STAD","Tumor","TCGA-HU-A4G6-01",5.084
"STAD","Tumor","TCGA-HU-A4GC-01",4.328
"STAD","Tumor","TCGA-IP-7968-01",5.657
"STAD","Tumor","TCGA-VQ-A8PO-01",6.403
"STAD","Tumor","TCGA-VQ-A91X-01",4.06
"STAD","Tumor","TCGA-VQ-A94O-01",5.491
"STAD","Tumor","TCGA-CG-5726-01",5.681
"STAD","Tumor","TCGA-D7-A4YU-01",5.002
"STAD","Tumor","TCGA-HU-A4GU-01",5.233
"STAD","Tumor","TCGA-HU-A4HD-01",4.626
"STAD","Tumor","TCGA-VQ-A94T-01",6.086
"STAD","Tumor","TCGA-BR-4191-01",4.04
"STAD","Tumor","TCGA-BR-8059-01",5.146
"STAD","Tumor","TCGA-BR-A4PF-01",5.534
"STAD","Tumor","TCGA-CG-5725-01",4.379
"STAD","Tumor","TCGA-D7-8574-01",4.689
"STAD","Tumor","TCGA-D7-8578-01",4.453
"STAD","Tumor","TCGA-HU-A4H0-01",5.687
"STAD","Tumor","TCGA-RD-A8MW-01",4.408
"STAD","Tumor","TCGA-VQ-A8P3-01",4.458
"STAD","Tumor","TCGA-CG-5720-01",4.821
"STAD","Tumor","TCGA-HU-A4GQ-01",4.142
"STAD","Tumor","TCGA-HU-A4H5-01",4.056
"STAD","Tumor","TCGA-R5-A805-01",3.586
"STAD","Tumor","TCGA-ZA-A8F6-01",4.612
"STAD","Tumor","TCGA-3M-AB46-01",4.134
"STAD","Tumor","TCGA-BR-6801-01",4.17
"STAD","Tumor","TCGA-BR-A44U-01",3.482
"STAD","Tumor","TCGA-BR-A4J2-01",5.052
"STAD","Tumor","TCGA-CG-4469-01",4.136
"STAD","Tumor","TCGA-EQ-A4SO-01",5.218
"STAD","Tumor","TCGA-F1-A448-01",4.734
"STAD","Tumor","TCGA-HU-8608-01",5.903
"STAD","Tumor","TCGA-IN-A6RO-01",4.841
"STAD","Tumor","TCGA-RD-A8N1-01",5.171
"STAD","Tumor","TCGA-VQ-A8DZ-01",5.458
"STAD","Tumor","TCGA-VQ-A91D-01",6.341
"STAD","Tumor","TCGA-VQ-A922-01",5.235
"STAD","Tumor","TCGA-VQ-A94U-01",5.311
"STAD","Tumor","TCGA-BR-6457-01",4.541
"STAD","Tumor","TCGA-BR-7197-01",4.322
"STAD","Tumor","TCGA-BR-8384-01",4.976
"STAD","Tumor","TCGA-BR-8686-01",4.871
"STAD","Tumor","TCGA-CD-5801-01",4.68
"STAD","Tumor","TCGA-CG-4305-01",4.608
"STAD","Tumor","TCGA-CG-4476-01",3.867
"STAD","Tumor","TCGA-FP-7829-01",6.034
"STAD","Tumor","TCGA-HU-A4GF-01",5.114
"STAD","Tumor","TCGA-IN-A7NU-01",3.645
"STAD","Tumor","TCGA-VQ-A8PD-01",5.044
"STAD","Tumor","TCGA-VQ-A91K-01",5.672
"STAD","Tumor","TCGA-VQ-A924-01",6.344
"STAD","Tumor","TCGA-CD-A486-01",4.793
"STAD","Tumor","TCGA-CG-4443-01",3.908
"STAD","Tumor","TCGA-CG-5734-01",4.008
"STAD","Tumor","TCGA-F1-A72C-01",4.901
"STAD","Tumor","TCGA-FP-8631-01",4.951
"STAD","Tumor","TCGA-FP-A4BF-01",4.92
"STAD","Tumor","TCGA-HU-A4HB-01",4.294
"STAD","Tumor","TCGA-IN-8663-01",4.686
"STAD","Tumor","TCGA-KB-A93G-01",5.161
"STAD","Tumor","TCGA-VQ-A8E0-01",4.995
"STAD","Tumor","TCGA-VQ-A8P2-01",5.646
"STAD","Tumor","TCGA-VQ-AA64-01",5.776
"STAD","Tumor","TCGA-VQ-AA6G-01",4.231
"STAD","Tumor","TCGA-VQ-AA6I-01",5.45
"STAD","Tumor","TCGA-BR-6565-01",4.587
"STAD","Tumor","TCGA-VQ-A8P5-01",5.524
"STAD","Tumor","TCGA-VQ-A91A-01",5.238
"STAD","Tumor","TCGA-VQ-A91Y-01",4.777
"STAD","Tumor","TCGA-VQ-A92D-01",6.396
"STAD","Tumor","TCGA-CG-5732-01",3.992
"STAD","Tumor","TCGA-D7-A6EZ-01",5.296
"STAD","Tumor","TCGA-HU-8243-01",5.23
"STAD","Tumor","TCGA-MX-A663-01",5.513
"STAD","Tumor","TCGA-RD-A7BT-01",4.432
"STAD","Tumor","TCGA-VQ-A925-01",4.775
"STAD","Tumor","TCGA-BR-4294-01",4.131
"STAD","Tumor","TCGA-BR-6802-01",5.261
"STAD","Tumor","TCGA-BR-7715-01",5.055
"STAD","Tumor","TCGA-BR-8362-01",4.976
"STAD","Tumor","TCGA-BR-A4QM-01",3.383
"STAD","Tumor","TCGA-CD-8529-01",4.489
"STAD","Tumor","TCGA-D7-6521-01",5.339
"STAD","Tumor","TCGA-VQ-A8PC-01",5.145
"STAD","Tumor","TCGA-BR-7196-01",5.155
"STAD","Tumor","TCGA-D7-6820-01",5.12
"STAD","Tumor","TCGA-IN-A6RJ-01",4.285
"STAD","Tumor","TCGA-BR-6706-01",4.769
"STAD","Tumor","TCGA-BR-7717-01",4.687
"STAD","Tumor","TCGA-BR-8372-01",4.72
"STAD","Tumor","TCGA-BR-A4J1-01",5.66
"STAD","Tumor","TCGA-D7-6817-01",4.853
"STAD","Tumor","TCGA-D7-A4YX-01",5.704
"STAD","Tumor","TCGA-IN-AB1V-01",4.786
"STAD","Tumor","TCGA-VQ-A8DU-01",3.655
"STAD","Tumor","TCGA-VQ-A91S-01",6.02
"STAD","Tumor","TCGA-VQ-A94R-01",5.484
"STAD","Tumor","TCGA-B7-5818-01",5.436
"STAD","Tumor","TCGA-BR-7722-01",4.634
"STAD","Tumor","TCGA-BR-8371-01",4.909
"STAD","Tumor","TCGA-BR-8590-01",4.612
"STAD","Tumor","TCGA-CD-A4MI-01",4.07
"STAD","Tumor","TCGA-D7-6527-01",4.32
"STAD","Tumor","TCGA-D7-A6F2-01",4.556
"STAD","Tumor","TCGA-FP-8211-01",5.001
"STAD","Tumor","TCGA-VQ-A8PH-01",4.983
"STAD","Tumor","TCGA-BR-8291-01",4.796
"STAD","Tumor","TCGA-BR-8484-01",5.194
"STAD","Tumor","TCGA-D7-A4YY-01",5.1
"STAD","Tumor","TCGA-HU-A4GN-01",5.795
"STAD","Tumor","TCGA-MX-A666-01",5.222
"STAD","Tumor","TCGA-VQ-A91Q-01",5.359
"STAD","Tumor","TCGA-B7-A5TN-01",4.419
"STAD","Tumor","TCGA-BR-6563-01",3.723
"STAD","Tumor","TCGA-BR-7958-01",4.777
"STAD","Tumor","TCGA-CD-5813-01",4.34
"STAD","Tumor","TCGA-CD-A4MJ-01",5.687
"STAD","Tumor","TCGA-FP-A8CX-01",4.747
"STAD","Tumor","TCGA-BR-6455-01",5.423
"STAD","Tumor","TCGA-BR-7723-01",4.916
"STAD","Tumor","TCGA-BR-7959-01",4.864
"STAD","Tumor","TCGA-BR-8483-01",4.689
"STAD","Tumor","TCGA-BR-8676-01",4.906
"STAD","Tumor","TCGA-CD-8535-01",5.206
"STAD","Tumor","TCGA-CG-5724-01",5.197
"STAD","Tumor","TCGA-IN-7808-01",4.045
"STAD","Tumor","TCGA-VQ-A8E7-01",4.504
"STAD","Tumor","TCGA-VQ-AA6K-01",4.671
"STAD","Tumor","TCGA-BR-4357-01",4.114
"STAD","Tumor","TCGA-BR-6454-01",4.588
"STAD","Tumor","TCGA-BR-8297-01",4.73
"STAD","Tumor","TCGA-BR-A4IY-01",4.766
"STAD","Tumor","TCGA-CD-A489-01",3.679
"STAD","Tumor","TCGA-CG-5717-01",4.433
"STAD","Tumor","TCGA-CG-5721-01",5.098
"STAD","Tumor","TCGA-D7-6522-01",4.562
"STAD","Tumor","TCGA-D7-6525-01",4.525
"STAD","Tumor","TCGA-VQ-A8PK-01",5.665
"STAD","Tumor","TCGA-VQ-A91V-01",4.801
"STAD","Tumor","TCGA-BR-8289-01",5.425
"STAD","Tumor","TCGA-BR-A452-01",6.031
"STAD","Tumor","TCGA-CD-A48A-01",4.945
"STAD","Tumor","TCGA-CG-4436-01",4.26
"STAD","Tumor","TCGA-D7-8572-01",5.655
"STAD","Tumor","TCGA-D7-8573-01",5.044
"STAD","Tumor","TCGA-D7-A747-01",3.977
"STAD","Tumor","TCGA-VQ-A8E2-01",4.927
"STAD","Tumor","TCGA-VQ-A94P-01",5.067
"STAD","Tumor","TCGA-VQ-AA6F-01",5.145
"STAD","Tumor","TCGA-BR-4187-01",3.699
"STAD","Tumor","TCGA-BR-8589-01",5.071
"STAD","Tumor","TCGA-BR-A4J5-01",4.434
"STAD","Tumor","TCGA-CG-4438-01",4.217
"STAD","Tumor","TCGA-D7-A4YT-01",5.613
"STAD","Tumor","TCGA-HU-8238-01",4.013
"STAD","Tumor","TCGA-HU-A4GD-01",4.994
"STAD","Tumor","TCGA-RD-A8MV-01",4.409
"STAD","Tumor","TCGA-VQ-A8PM-01",4.689
"STAD","Tumor","TCGA-VQ-AA6A-01",5.32
"STAD","Tumor","TCGA-BR-8367-01",5.109
"STAD","Tumor","TCGA-BR-8380-01",5.228
"STAD","Tumor","TCGA-BR-A4J9-01",4.377
"STAD","Tumor","TCGA-FP-A4BE-01",5.648
"STAD","Tumor","TCGA-BR-6453-01",4.593
"STAD","Tumor","TCGA-HU-A4G3-01",4.247
"STAD","Tumor","TCGA-D7-6520-01",4.877
"STAD","Tumor","TCGA-D7-6524-01",5.085
"STAD","Tumor","TCGA-D7-6818-01",5.196
"STAD","Tumor","TCGA-VQ-A8PJ-01",5.318
"STAD","Tumor","TCGA-B7-A5TI-01",4.847
"STAD","Tumor","TCGA-BR-8682-01",4.43
"STAD","Tumor","TCGA-CD-8532-01",5.107
"STAD","Tumor","TCGA-3M-AB47-01",4.37
"STAD","Tumor","TCGA-B7-A5TK-01",4.629
"STAD","Tumor","TCGA-BR-4267-01",4.951
"STAD","Tumor","TCGA-BR-8381-01",4.851
"STAD","Tumor","TCGA-BR-A453-01",4.023
"STAD","Tumor","TCGA-CD-8530-01",4.525
"STAD","Tumor","TCGA-R5-A7O7-01",3.809
"STAD","Tumor","TCGA-VQ-A8PX-01",5.653
"STAD","Tumor","TCGA-IN-7806-01",4.532
"STAD","Tumor","TCGA-BR-8286-01",4.172
"STAD","Tumor","TCGA-BR-A4J7-01",4.051
"STAD","Tumor","TCGA-CG-4472-01",3.303
"STAD","Tumor","TCGA-FP-8209-01",4.878
"STAD","Tumor","TCGA-VQ-A928-01",5.655
"STAD","Tumor","TCGA-CD-8533-01",5.238
"STAD","Tumor","TCGA-FP-8210-01",5.005
"STAD","Tumor","TCGA-VQ-A8DV-01",4.511
"STAD","Tumor","TCGA-VQ-AA6B-01",5.235
"STAD","Tumor","TCGA-BR-A4IV-01",4.673
"STAD","Tumor","TCGA-RD-A7BS-01",3.826
"STAD","Tumor","TCGA-BR-8680-01",6.017
"STAD","Tumor","TCGA-CD-5799-01",5.411
"STAD","Tumor","TCGA-HU-A4G2-01",4.228
"STAD","Tumor","TCGA-IN-A6RI-01",4.388
"STAD","Tumor","TCGA-SW-A7EB-01",4.022
"STAD","Tumor","TCGA-D7-8570-01",4.913
"STAD","Tumor","TCGA-BR-4279-01",2.826
"STAD","Tumor","TCGA-VQ-A8DT-01",4.381
"STAD","Tumor","TCGA-BR-6710-01",3.464
"STAD","Tumor","TCGA-CD-8534-01",4.014
"STAD","Tumor","TCGA-BR-A4J4-01",5.089
"STAD","Tumor","TCGA-VQ-AA69-01",5.786
"STAD","Tumor","TCGA-VQ-A91W-01",5.54
"STAD","Tumor","TCGA-HF-7132-01",5.396
"STAD","Tumor","TCGA-HF-7134-01",5.377
"STAD","Tumor","TCGA-HF-7136-01",4.819
"STAD","Tumor","TCGA-BR-8486-01",4.576
"STAD","Tumor","TCGA-CD-A4MH-01",3.974
"STAD","Tumor","TCGA-MX-A5UJ-01",5.161
"STAD","Tumor","TCGA-BR-8368-01",5.435
"STAD","Tumor","TCGA-CD-8525-01",3.962
"STAD","Tumor","TCGA-HU-8604-01",5.581
"STAD","Tumor","TCGA-CG-4466-01",4.138
"STAD","Tumor","TCGA-BR-4253-01",5.07
"STAD","Tumor","TCGA-BR-8366-01",3.957
"STAD","Tumor","TCGA-RD-A8NB-01",5.573
"STAD","Tumor","TCGA-BR-4257-01",4.746
"STAD","Tumor","TCGA-CD-A48C-01",4.371
"STAD","Tumor","TCGA-D7-A6F0-01",5.406
"STAD","Tumor","TCGA-KB-A93H-01",4.98
"STAD","Tumor","TCGA-ZQ-A9CR-01",4.296
"STAD","Tumor","TCGA-BR-4280-01",4.624
"STAD","Tumor","TCGA-BR-4368-01",4.765
"STAD","Tumor","TCGA-BR-6452-01",4.818
"STAD","Tumor","TCGA-CD-5803-01",5.004
"STAD","Tumor","TCGA-CG-5718-01",4.383
"STAD","Tumor","TCGA-IN-AB1X-01",5.177
"STAD","Tumor","TCGA-RD-A8N6-01",4.601
"STAD","Tumor","TCGA-HU-8244-01",4.897
"STAD","Tumor","TCGA-BR-4255-01",4.11
"STAD","Tumor","TCGA-BR-8369-01",4.899
"STAD","Tumor","TCGA-HU-A4GY-01",4.495
"STAD","Tumor","TCGA-BR-8060-01",4.418
"STAD","Tumor","TCGA-BR-A4QL-01",4.357
"STAD","Tumor","TCGA-CG-4301-01",3.802
"STAD","Tumor","TCGA-HF-A5NB-01",5.034
"STAD","Tumor","TCGA-BR-4362-01",5.601
"STAD","Tumor","TCGA-BR-4370-01",3.77
"STAD","Tumor","TCGA-BR-6456-01",5.135
"STAD","Tumor","TCGA-BR-8677-01",5.327
"STAD","Tumor","TCGA-BR-4292-01",4.51
"STAD","Tumor","TCGA-BR-8363-01",5.394
"STAD","Tumor","TCGA-CD-8526-01",5.47
"STAD","Tumor","TCGA-IN-A7NT-01",4.69
"STAD","Tumor","TCGA-BR-8080-01",4.684
"STAD","Tumor","TCGA-BR-8284-01",5.391
"STAD","Tumor","TCGA-BR-A4PD-01",4.482
"STAD","Tumor","TCGA-CD-8527-01",4.712
"STAD","Tumor","TCGA-CG-4462-01",4.324
"STAD","Tumor","TCGA-D7-A6EX-01",5.328
"STAD","Tumor","TCGA-D7-A6EY-01",5.515
"STAD","Tumor","TCGA-HU-A4H6-01",3.742
"STAD","Tumor","TCGA-VQ-A8P8-01",4.929
"STAD","Tumor","TCGA-VQ-A8PU-01",5.17
"STAD","Tumor","TCGA-BR-4371-01",4.561
"STAD","Tumor","TCGA-BR-8081-01",5.369
"STAD","Tumor","TCGA-BR-8361-01",5.039
"STAD","Tumor","TCGA-BR-A4J8-01",4.322
"STAD","Tumor","TCGA-D7-A6EV-01",6.227
"STAD","Tumor","TCGA-EQ-8122-01",4.777
"STAD","Tumor","TCGA-HJ-7597-01",5.59
"STAD","Tumor","TCGA-HU-A4G8-01",5.075
"STAD","Tumor","TCGA-HU-A4GT-01",5.36
"STAD","Tumor","TCGA-BR-8078-01",4.596
"STAD","Tumor","TCGA-BR-8365-01",4.463
"STAD","Tumor","TCGA-BR-A4CR-01",6.502
"STAD","Tumor","TCGA-BR-A4QI-01",5.931
"STAD","Tumor","TCGA-D7-6528-01",5.692
"STAD","Tumor","TCGA-D7-6815-01",4.448
"STAD","Tumor","TCGA-HU-A4GX-01",4.966
"STAD","Tumor","TCGA-R5-A7ZR-01",4.228
"STAD","Tumor","TCGA-BR-7704-01",5.175
"STAD","Tumor","TCGA-BR-7707-01",5.747
"STAD","Tumor","TCGA-BR-A4J6-01",4.014
"STAD","Tumor","TCGA-CG-4465-01",4.768
"STAD","Tumor","TCGA-D7-A4YV-01",4.906
"STAD","Tumor","TCGA-BR-6705-01",5.151
"STAD","Tumor","TCGA-BR-8485-01",4.893
"STAD","Tumor","TCGA-BR-A4PE-01",5.616
"STAD","Tumor","TCGA-CG-4440-01",4.801
"STAD","Tumor","TCGA-RD-A7BW-01",3.845
"STAD","Tumor","TCGA-BR-8382-01",4.805
"STAD","Tumor","TCGA-BR-8687-01",4.367
"STAD","Tumor","TCGA-CG-4474-01",4.898
"STAD","Tumor","TCGA-CG-5722-01",5.465
"STAD","Tumor","TCGA-D7-6526-01",5.27
"STAD","Tumor","TCGA-HU-A4G9-01",5.048
"STAD","Tumor","TCGA-VQ-A91E-01",5.883
"STAD","Tumor","TCGA-VQ-A91Z-01",5.077
"STAD","Tumor","TCGA-BR-4201-01",4.099
"STAD","Tumor","TCGA-BR-4361-01",4.644
"STAD","Tumor","TCGA-CD-8531-01",5.282
"STAD","Tumor","TCGA-CG-4460-01",3.785
"STAD","Tumor","TCGA-D7-8579-01",5.107
"STAD","Tumor","TCGA-R5-A7ZE-01",3.965
"STAD","Tumor","TCGA-BR-8373-01",4.831
"STAD","Tumor","TCGA-R5-A7ZF-01",5.218
"STAD","Tumor","TCGA-VQ-A8PB-01",5.697
"STAD","Tumor","TCGA-BR-6566-01",5.158
"STAD","Tumor","TCGA-BR-6852-01",5.39
"STAD","Tumor","TCGA-BR-8487-01",4.677
"STAD","Tumor","TCGA-D7-6519-01",5.536
"STAD","Tumor","TCGA-IN-A7NR-01",3.473
"STAD","Tumor","TCGA-BR-8592-01",4.685
"STAD","Tumor","TCGA-BR-8679-01",5.258
"STAD","Tumor","TCGA-RD-A8N9-01",4.67
"STAD","Tumor","TCGA-BR-7716-01",5.31
"STAD","Tumor","TCGA-HU-A4GP-01",4.677
"STAD","Tumor","TCGA-CD-8524-01",4.391
"STAD","Tumor","TCGA-D7-A74A-01",4.265
"STAD","Tumor","TCGA-SW-A7EA-01",4.553
"STAD","Tumor","TCGA-BR-4363-01",4.834
"STAD","Tumor","TCGA-BR-8295-01",5.934
"STAD","Tumor","TCGA-D7-A4Z0-01",4.651
"STAD","Tumor","TCGA-HU-A4GJ-01",4.466
"STAD","Tumor","TCGA-RD-A8N2-01",3.988
"STAD","Tumor","TCGA-VQ-A91N-01",5.505
"STAD","Tumor","TCGA-BR-8077-01",3.937
"STAD","Tumor","TCGA-BR-8296-01",4.582
"STAD","Tumor","TCGA-CG-4477-01",4.138
"STAD","Tumor","TCGA-HU-8602-01",6.108
"STAD","Tumor","TCGA-HU-A4H2-01",4.341
"STAD","Tumor","TCGA-RD-A8N4-01",4.572
"STAD","Tumor","TCGA-BR-6458-01",5.15
"STAD","Tumor","TCGA-BR-6709-01",4.687
"STAD","Tumor","TCGA-HU-A4H3-01",5.325
"STAD","Tumor","TCGA-BR-8588-01",4.44
"STAD","Tumor","TCGA-BR-6803-01",4.54
"STAD","Tumor","TCGA-BR-8690-01",3.935
"STAD","Tumor","TCGA-CG-5719-01",4.502
"STAD","Tumor","TCGA-D7-8576-01",5.593
"STAD","Tumor","TCGA-KB-A6F7-01",4.854
"STAD","Tumor","TCGA-BR-8058-01",5.298
"STAD","Tumor","TCGA-BR-A44T-01",3.871
"STAD","Tumor","TCGA-D7-5577-01",4.699
"STAD","Tumor","TCGA-HU-A4H4-01",4.899
"STAD","Tumor","TCGA-RD-A8N0-01",3.757
"STAD","Tumor","TCGA-VQ-AA68-01",5.311
"STAD","Tumor","TCGA-VQ-AA6D-01",5.582
"STAD","Tumor","TCGA-B7-5816-01",5.546
"STAD","Tumor","TCGA-CD-5800-01",7.206
"STAD","Tumor","TCGA-BR-7957-01",5.324
"STAD","Tumor","TCGA-VQ-A8PQ-01",5.398
"STAD","Tumor","TCGA-BR-6564-01",4.538
"STAD","Tumor","TCGA-BR-A4IZ-01",4.653
"STAD","Tumor","TCGA-R5-A7ZI-01",4.318
"STAD","Tumor","TCGA-CD-8528-01",5.604
"STAD","Tumor","TCGA-BR-8364-01",4.886
"STAD","Tumor","TCGA-D7-A748-01",3.786
"STAD","Tumor","TCGA-BR-A4IU-01",5.059
"STAD","Tumor","TCGA-HF-7131-01",4.909
"STAD","Tumor","TCGA-HF-7133-01",4.866
"STAD","Normal","TCGA-BR-7703-11",4.251
"STAD","Normal","TCGA-IN-8462-11",4.003
"STAD","Normal","TCGA-FP-7735-11",5.004
"STAD","Normal","TCGA-HU-A4GH-11",4.593
"STAD","Normal","TCGA-BR-7851-11",4.068
"STAD","Normal","TCGA-HU-A4GC-11",4.171
"STAD","Normal","TCGA-IP-7968-11",4.145
"STAD","Normal","TCGA-CG-5720-11",4.025
"STAD","Normal","TCGA-BR-6457-11",3.782
"STAD","Normal","TCGA-FP-7829-11",4.913
"STAD","Normal","TCGA-CG-5734-11",3.484
"STAD","Normal","TCGA-HU-A4HB-11",4.037
"STAD","Normal","TCGA-IN-8663-11",3.115
"STAD","Normal","TCGA-BR-6802-11",1.911
"STAD","Normal","TCGA-BR-7715-11",3.667
"STAD","Normal","TCGA-BR-7717-11",3.493
"STAD","Normal","TCGA-IN-AB1V-11",4.787
"STAD","Normal","TCGA-HU-A4GN-11",4.162
"STAD","Normal","TCGA-BR-6454-11",4.134
"STAD","Normal","TCGA-HU-8238-11",4.019
"STAD","Normal","TCGA-BR-6453-11",3.54
"STAD","Normal","TCGA-HU-A4G3-11",4.477
"STAD","Normal","TCGA-IN-7806-11",4.114
"STAD","Normal","TCGA-CG-5728-11",3.488
"STAD","Normal","TCGA-CG-5733-11",3.283
"STAD","Normal","TCGA-CG-5730-11",3.501
"STAD","Normal","TCGA-IN-AB1X-11",3.872
"STAD","Normal","TCGA-HU-A4GY-11",4.778
"STAD","Normal","TCGA-BR-8060-11",3.278
"STAD","Normal","TCGA-BR-7704-11",4.904
"STAD","Normal","TCGA-CG-5722-11",4.45
"STAD","Normal","TCGA-BR-6852-11",3.351
"STAD","Normal","TCGA-BR-7716-11",4.498
"STAD","Normal","TCGA-HU-A4GP-11",4.583
"STAD","Normal","TCGA-BR-6458-11",3.763
"STAD","Normal","TCGA-BR-6564-11",4.258
"STAD","Normal","GTEX-UPK5-2126-SM-4JBJK",4.728
"STAD","Normal","GTEX-14BMV-2226-SM-5RQHX",4.897
"STAD","Normal","GTEX-13O3Q-2126-SM-5KM4C",4.519
"STAD","Normal","GTEX-TKQ2-0926-SM-4DXU5",5.011
"STAD","Normal","GTEX-11EI6-2426-SM-5PNVS",4.837
"STAD","Normal","GTEX-Y8E4-1526-SM-4WWDI",4.356
"STAD","Normal","GTEX-WZTO-2126-SM-4PQYW",4.806
"STAD","Normal","GTEX-T5JC-1926-SM-4DM6Q",4.805
"STAD","Normal","GTEX-PLZ6-0826-SM-3P61K",5.308
"STAD","Normal","GTEX-Y3I4-1626-SM-4TT7W",4.547
"STAD","Normal","GTEX-XAJ8-0326-SM-47JYI",5.239
"STAD","Normal","GTEX-11P82-0726-SM-5PNYL",4.693
"STAD","Normal","GTEX-131XE-2226-SM-5PNYX",5.252
"STAD","Normal","GTEX-13RTK-0226-SM-5RQHR",4.894
"STAD","Normal","GTEX-139YR-1926-SM-5LZXM",4.201
"STAD","Normal","GTEX-R55D-1526-SM-48FEJ",4.97
"STAD","Normal","GTEX-13111-1226-SM-5GCNC",4.755
"STAD","Normal","GTEX-S4Z8-1226-SM-4AD6W",5.023
"STAD","Normal","GTEX-11EQ9-1226-SM-5987E",4.857
"STAD","Normal","GTEX-V1D1-1726-SM-4JBHB",4.33
"STAD","Normal","GTEX-OIZH-1526-SM-3NB1J",5.13
"STAD","Normal","GTEX-YEC3-1426-SM-5PNXW",4.839
"STAD","Normal","GTEX-U8T8-1226-SM-4E3IH",5.172
"STAD","Normal","GTEX-WFJO-1126-SM-4LVLZ",5.077
"STAD","Normal","GTEX-WHWD-1426-SM-4OORU",4.13
"STAD","Normal","GTEX-13O61-1126-SM-5L3FI",4.542
"STAD","Normal","GTEX-ZTX8-0426-SM-59HLG",5.155
"STAD","Normal","GTEX-SNOS-0826-SM-4DM5N",4.547
"STAD","Normal","GTEX-OOBJ-1526-SM-3NB1Q",4.895
"STAD","Normal","GTEX-PW2O-1226-SM-48TCH",4.086
"STAD","Normal","GTEX-YEC3-1426-SM-4WWEM",4.606
"STAD","Normal","GTEX-P4PQ-1526-SM-3NMCK",5.435
"STAD","Normal","GTEX-T8EM-1226-SM-4DM5J",5.031
"STAD","Normal","GTEX-Q2AH-1126-SM-48TZM",4.916
"STAD","Normal","GTEX-S3XE-1026-SM-4AD4O",4.513
"STAD","Normal","GTEX-12C56-0526-SM-5FQST",4.685
"STAD","Normal","GTEX-NFK9-1526-SM-3LK7B",4.595
"STAD","Normal","GTEX-WHSB-1226-SM-4M1XR",4.556
"STAD","Normal","GTEX-VJYA-1026-SM-4KL21",4.642
"STAD","Normal","GTEX-WY7C-1726-SM-4ONCC",4.536
"STAD","Normal","GTEX-13PVQ-2126-SM-5L3FW",4.48
"STAD","Normal","GTEX-O5YW-1526-SM-3MJGL",4.071
"STAD","Normal","GTEX-WYJK-2526-SM-4ONDF",4.851
"STAD","Normal","GTEX-11WQK-2626-SM-5EQ4K",5.516
"STAD","Normal","GTEX-QXCU-1926-SM-48FE4",4.663
"STAD","Normal","GTEX-ZVZP-1726-SM-5GZWY",4.255
"STAD","Normal","GTEX-Y9LG-1026-SM-5IFJN",4.69
"STAD","Normal","GTEX-145MO-2226-SM-5Q5BN",4.22
"STAD","Normal","GTEX-SIU7-1426-SM-4BRWT",5.07
"STAD","Normal","GTEX-Y5V6-1326-SM-4VDTF",3.831
"STAD","Normal","GTEX-XQ8I-2026-SM-4BOOL",5.061
"STAD","Normal","GTEX-WH7G-1526-SM-4LVMX",4.747
"STAD","Normal","GTEX-ZVP2-1626-SM-5GU5D",4.455
"STAD","Normal","GTEX-QMRM-1126-SM-447BN",4.246
"STAD","Normal","GTEX-ZLFU-1326-SM-4WWET",4.427
"STAD","Normal","GTEX-131XF-1226-SM-5HL8V",4.348
"STAD","Normal","GTEX-S4Q7-0726-SM-4AD5F",4.716
"STAD","Normal","GTEX-TKQ1-0526-SM-4DXTG",5.505
"STAD","Normal","GTEX-YJ8A-1526-SM-5P9FT",4.769
"STAD","Normal","GTEX-ZEX8-1626-SM-4WKG7",3.474
"STAD","Normal","GTEX-QDVJ-1426-SM-48U1Y",4.887
"STAD","Normal","GTEX-UJMC-1226-SM-4IHLI",4.496
"STAD","Normal","GTEX-V955-1326-SM-4JBHR",4.301
"STAD","Normal","GTEX-ZQUD-0826-SM-57WDQ",4.329
"STAD","Normal","GTEX-132QS-1826-SM-5IFFN",4.357
"STAD","Normal","GTEX-ZZ64-0426-SM-5E43F",3.958
"STAD","Normal","GTEX-13OW6-2526-SM-5IJEC",3.37
"STAD","Normal","GTEX-RM2N-0826-SM-48FD3",4.192
"STAD","Normal","GTEX-WFG8-1326-SM-4LVN3",4.963
"STAD","Normal","GTEX-ZV7C-1626-SM-5NQ7E",4.502
"STAD","Normal","GTEX-QV44-1226-SM-4R1KE",3.908
"STAD","Normal","GTEX-1399R-1126-SM-5IFIO",4.096
"STAD","Normal","GTEX-Q2AI-0826-SM-48TZO",4.902
"STAD","Normal","GTEX-XXEK-0826-SM-4BRWG",4.717
"STAD","Normal","GTEX-YEC4-1426-SM-5IFHS",4.268
"STAD","Normal","GTEX-11NSD-1426-SM-5HL67",3.561
"STAD","Normal","GTEX-13O21-0926-SM-5IFGT",4.396
"STAD","Normal","GTEX-144GN-1226-SM-5O991",4.418
"STAD","Normal","GTEX-12BJ1-1726-SM-5HL9B",4.389
"STAD","Normal","GTEX-WFG7-1326-SM-4LMK1",4.611
"STAD","Normal","GTEX-ZDYS-1926-SM-5HL59",4.178
"STAD","Normal","GTEX-117YW-2226-SM-5N9DB",5.609
"STAD","Normal","GTEX-QV31-0626-SM-447C5",4.375
"STAD","Normal","GTEX-1339X-1426-SM-5K7YO",5.123
"STAD","Normal","GTEX-ZAB4-1526-SM-5CVN7",5.135
"STAD","Normal","GTEX-13FTW-1726-SM-5KM2B",4.68
"STAD","Normal","GTEX-QLQW-0726-SM-447AA",4.088
"STAD","Normal","GTEX-YFCO-0826-SM-5LUAG",4.234
"STAD","Normal","GTEX-111CU-0926-SM-5EGIK",4.636
"STAD","Normal","GTEX-111YS-1126-SM-5GZYQ",3.845
"STAD","Normal","GTEX-SNMC-0626-SM-4DM6H",4.277
"STAD","Normal","GTEX-QLQ7-0826-SM-447B3",4.027
"STAD","Normal","GTEX-QDVN-1226-SM-48TZ5",4.734
"STAD","Normal","GTEX-WFON-1126-SM-4LVMA",4.008
"STAD","Normal","GTEX-11TT1-0726-SM-5GU5A",5.442
"STAD","Normal","GTEX-12696-1726-SM-5EQLH",3.901
"STAD","Normal","GTEX-XBED-1226-SM-4AT5V",4.639
"STAD","Normal","GTEX-11NUK-2426-SM-5BC4U",3.882
"STAD","Normal","GTEX-SUCS-0926-SM-4DM4Z",4.625
"STAD","Normal","GTEX-U8XE-2126-SM-5CHRC",-9.966
"STAD","Normal","GTEX-WFON-1126-SM-5CHTG",-9.966
"STAD","Normal","GTEX-ZE7O-3026-SM-51MS4",4.204
"STAD","Normal","GTEX-ZPIC-2026-SM-57WG3",5.26
"STAD","Normal","GTEX-1211K-1426-SM-5FQTF",4.868
"STAD","Normal","GTEX-UJHI-1026-SM-4IHJP",4.962
"STAD","Normal","GTEX-146FR-2026-SM-5NQAI",4.67
"STAD","Normal","GTEX-146FH-2126-SM-5SI9U",4.556
"STAD","Normal","GTEX-139D8-2326-SM-5IFGE",4.542
"STAD","Normal","GTEX-11VI4-0326-SM-5EQ6L",4.832
"STAD","Normal","GTEX-P78B-1826-SM-3P5YX",4.787
"STAD","Normal","GTEX-ZYVF-2726-SM-5GID4",5.746
"STAD","Normal","GTEX-WYVS-1326-SM-4ONCQ",3.813
"STAD","Normal","GTEX-ZVT3-2126-SM-59HL2",3.768
"STAD","Normal","GTEX-13OVI-2426-SM-5KM4J",4.8
"STAD","Normal","GTEX-XV7Q-1326-SM-4BRWM",5.347
"STAD","Normal","GTEX-12WS9-1426-SM-5FQT3",6.155
"STAD","Normal","GTEX-ZF2S-1426-SM-57WET",3.864
"STAD","Normal","GTEX-POMQ-0826-SM-3P61H",4.968
"STAD","Normal","GTEX-S4P3-0726-SM-4AD57",4.956
"STAD","Normal","GTEX-S7SF-0626-SM-4AD4V",5.412
"STAD","Normal","GTEX-13FH7-1026-SM-5IJGF",4.631
"STAD","Normal","GTEX-12WSD-2326-SM-59HKQ",4.274
"STAD","Normal","GTEX-132AR-2426-SM-5IFFD",5.38
"STAD","Normal","GTEX-12WSJ-0926-SM-5P9JD",5.347
"STAD","Normal","GTEX-13113-0726-SM-5LZUF",4.448
"STAD","Normal","GTEX-OHPK-1526-SM-3MJGM",4.667
"STAD","Normal","GTEX-ZZPU-1426-SM-5GZZ6",4.561
"STAD","Normal","GTEX-13S7M-1826-SM-5RQK6",4.854
"STAD","Normal","GTEX-13D11-2126-SM-5IFH2",4.162
"STAD","Normal","GTEX-Y114-1226-SM-4TT88",5.295
"STAD","Normal","GTEX-R55G-1126-SM-48FDG",5.21
"STAD","Normal","GTEX-Q734-1026-SM-48U16",4.359
"STAD","Normal","GTEX-RU1J-0526-SM-46MUT",5.538
"STAD","Normal","GTEX-S4UY-1626-SM-4AD55",4.639
"STAD","Normal","GTEX-11I78-1726-SM-5A5M3",4.04
"STAD","Normal","GTEX-P4QT-1526-SM-3NMCT",5.107
"STAD","Normal","GTEX-11DXX-1326-SM-5GIDZ",4.867
"STAD","Normal","GTEX-WRHK-0626-SM-4MVOE",4.269
"STAD","Normal","GTEX-R53T-1226-SM-48FCT",4.454
"STAD","Normal","GTEX-P4PP-1526-SM-3P61M",4.802
"STAD","Normal","GTEX-S341-0626-SM-4AD5T",4.713
"STAD","Normal","GTEX-ZP4G-1226-SM-4WWCJ",4.685
"STAD","Normal","GTEX-ZVT2-1626-SM-51MRC",3.392
"STAD","Normal","GTEX-13QBU-1126-SM-5LU44",4.592
"STAD","Normal","GTEX-OXRK-1626-SM-3NB17",3.61
"STAD","Normal","GTEX-11GSP-2126-SM-5HL5E",3.589
"STAD","Normal","GTEX-1122O-1926-SM-5EGIQ",4.462
"STAD","Normal","GTEX-PWN1-1526-SM-48TDA",4.539
"STAD","Normal","GTEX-PX3G-1526-SM-48U11",3.454
"STAD","Normal","GTEX-Y3IK-1426-SM-4YCES",4.511
"STAD","Normal","GTEX-145ME-1026-SM-5O9B4",4.779
"STAD","Normal","GTEX-ZF29-1526-SM-4WKF7",4.364
"STAD","Normal","GTEX-ZXES-1426-SM-5NQ8S",4.463
"STAD","Normal","GTEX-QCQG-0526-SM-48U2A",4.793
"STAD","Normal","GTEX-13CF3-1926-SM-5K7WF",5.033
"STAD","Normal","GTEX-PWOO-1226-SM-48TCO",5.349
"STAD","Normal","GTEX-13X6H-1626-SM-5Q5CT",4.97
"STAD","Normal","GTEX-ZLV1-0826-SM-4WWEQ",4.28
"STAD","Normal","GTEX-11EM3-1026-SM-5A5KL",4.247
"STAD","Normal","GTEX-ZV6S-0926-SM-57WGB",5.197
"STAD","Normal","GTEX-14BMU-1126-SM-5RQJ8",4.293
"STAD","Normal","GTEX-XUZC-0726-SM-4BOPH",4.376
"STAD","Normal","GTEX-Y5LM-1326-SM-5RQIS",5.05
"STAD","Normal","GTEX-Y8LW-0826-SM-4WWDO",4.301
"STAD","Normal","GTEX-ZYFG-1326-SM-5GICJ",4.282
"STAD","Normal","GTEX-WXYG-1626-SM-4ONCR",4.654
"STAD","Normal","GTEX-X15G-1126-SM-4PQZG",4.295
"STAD","Normal","GTEX-13FTX-0726-SM-5N9BI",4.694
"STAD","Normal","GTEX-131XG-1226-SM-5EGH9",5.397
"STAD","Normal","GTEX-RWS6-0926-SM-47JXE",4.243
"STAD","Normal","GTEX-T5JW-0926-SM-4DM5K",4.452
"STAD","Normal","GTEX-T6MO-0726-SM-4DM58",4.233
"STAD","Normal","GTEX-W5WG-1726-SM-4LMI5",3.274
"STAD","Normal","GTEX-ZYY3-1726-SM-5EGH3",4.209
"TGCT","Tumor","TCGA-XY-A8S2-01",5.364
"TGCT","Tumor","TCGA-YU-A94I-01",5.863
"TGCT","Tumor","TCGA-2G-AAG3-01",5.9
"TGCT","Tumor","TCGA-XE-AANV-01",6.437
"TGCT","Tumor","TCGA-2G-AAGM-01",6.023
"TGCT","Tumor","TCGA-XE-AAOF-01",6.382
"TGCT","Tumor","TCGA-ZM-AA0H-01",5.605
"TGCT","Tumor","TCGA-2X-A9D5-01",6.325
"TGCT","Tumor","TCGA-2G-AAHA-01",6.378
"TGCT","Tumor","TCGA-XE-AAO6-01",6.154
"TGCT","Tumor","TCGA-2G-AAH8-01",6.589
"TGCT","Tumor","TCGA-YU-A90W-01",6.291
"TGCT","Tumor","TCGA-ZM-AA06-01",5.786
"TGCT","Tumor","TCGA-2G-AALP-01",6.926
"TGCT","Tumor","TCGA-2X-A9D6-01",6.593
"TGCT","Tumor","TCGA-2G-AAFI-01",6.735
"TGCT","Tumor","TCGA-2G-AAGN-01",6.575
"TGCT","Tumor","TCGA-2G-AAGO-01",6.167
"TGCT","Tumor","TCGA-XE-AAO4-01",6.4
"TGCT","Tumor","TCGA-2G-AAGS-01",6.327
"TGCT","Tumor","TCGA-VF-A8AE-01",7.17
"TGCT","Tumor","TCGA-XE-AANJ-01",6.674
"TGCT","Tumor","TCGA-XE-AAOD-01",6.393
"TGCT","Tumor","TCGA-ZM-AA0E-01",6.21
"TGCT","Tumor","TCGA-2G-AAEX-01",6.629
"TGCT","Tumor","TCGA-2G-AAFH-01",6.462
"TGCT","Tumor","TCGA-2G-AAGA-01",6.2
"TGCT","Tumor","TCGA-2G-AAGW-01",6.657
"TGCT","Tumor","TCGA-SB-A76C-01",6.302
"TGCT","Tumor","TCGA-WZ-A8D5-01",5.985
"TGCT","Tumor","TCGA-XE-AAOL-01",5.122
"TGCT","Tumor","TCGA-2G-AAFE-01",7.027
"TGCT","Tumor","TCGA-S6-A8JW-01",6.605
"TGCT","Tumor","TCGA-XE-AANI-01",5.71
"TGCT","Tumor","TCGA-XY-A9T9-01",6.447
"TGCT","Tumor","TCGA-2G-AAG5-01",4.925
"TGCT","Tumor","TCGA-VF-A8AD-01",6.485
"TGCT","Tumor","TCGA-ZM-AA05-01",5.977
"TGCT","Tumor","TCGA-2G-AAFL-01",6.533
"TGCT","Tumor","TCGA-XE-A9SE-01",6.972
"TGCT","Tumor","TCGA-XY-A89B-01",5.63
"TGCT","Tumor","TCGA-ZM-AA0F-01",5.148
"TGCT","Tumor","TCGA-2G-AAH4-01",6.22
"TGCT","Tumor","TCGA-4K-AA1G-01",6.762
"TGCT","Tumor","TCGA-YU-A912-01",6.603
"TGCT","Tumor","TCGA-ZM-AA0D-01",6.048
"TGCT","Tumor","TCGA-2G-AAF8-01",7.717
"TGCT","Tumor","TCGA-2G-AAFO-01",6.141
"TGCT","Tumor","TCGA-2G-AAG7-01",7.046
"TGCT","Tumor","TCGA-2G-AAGI-01",6.274
"TGCT","Tumor","TCGA-2G-AAGP-01",5.792
"TGCT","Tumor","TCGA-2G-AAHC-01",5.882
"TGCT","Tumor","TCGA-X3-A8G4-01",6.359
"TGCT","Tumor","TCGA-XE-AAO3-01",7.631
"TGCT","Tumor","TCGA-2G-AAFZ-01",6.058
"TGCT","Tumor","TCGA-2G-AAHN-01",6.616
"TGCT","Tumor","TCGA-2G-AAHT-01",6.333
"TGCT","Tumor","TCGA-2G-AAL7-01",6.605
"TGCT","Tumor","TCGA-ZM-AA0B-01",5.966
"TGCT","Tumor","TCGA-2G-AAEW-01",6.29
"TGCT","Tumor","TCGA-2G-AAFM-01",6.526
"TGCT","Tumor","TCGA-2G-AAFV-01",5.994
"TGCT","Tumor","TCGA-2G-AAHP-01",7.705
"TGCT","Tumor","TCGA-2G-AAL5-01",6.419
"TGCT","Tumor","TCGA-4K-AAAL-01",5.913
"TGCT","Tumor","TCGA-VF-A8A9-01",6.975
"TGCT","Tumor","TCGA-VF-A8AB-01",5.922
"TGCT","Tumor","TCGA-XE-AAOC-01",6.269
"TGCT","Tumor","TCGA-2G-AAF4-01",6.47
"TGCT","Tumor","TCGA-2G-AAFG-01",6.808
"TGCT","Tumor","TCGA-2G-AAGT-01",5.874
"TGCT","Tumor","TCGA-2G-AAH0-01",6.663
"TGCT","Tumor","TCGA-SN-A84W-01",6.084
"TGCT","Tumor","TCGA-SO-A8JP-01",6.646
"TGCT","Tumor","TCGA-VF-A8AC-01",6.099
"TGCT","Tumor","TCGA-XE-A8H5-01",7.024
"TGCT","Tumor","TCGA-YU-AA61-01",6.24
"TGCT","Tumor","TCGA-2G-AAF1-01",6.281
"TGCT","Tumor","TCGA-2G-AAF6-01",6.36
"TGCT","Tumor","TCGA-2G-AAGC-01",6.673
"TGCT","Tumor","TCGA-2G-AAGF-01",6.12
"TGCT","Tumor","TCGA-2G-AAGJ-01",6.669
"TGCT","Tumor","TCGA-2G-AAGY-01",5.366
"TGCT","Tumor","TCGA-WZ-A7V4-01",6.373
"TGCT","Tumor","TCGA-YU-A94D-01",5.95
"TGCT","Tumor","TCGA-2G-AAGZ-01",6.532
"TGCT","Tumor","TCGA-S6-A8JX-01",6.465
"TGCT","Tumor","TCGA-S6-A8JY-01",7.201
"TGCT","Tumor","TCGA-WZ-A7V5-01",6.268
"TGCT","Tumor","TCGA-XE-AAOB-01",5.716
"TGCT","Tumor","TCGA-YU-AA4L-01",5.955
"TGCT","Tumor","TCGA-2G-AAFN-01",6.857
"TGCT","Tumor","TCGA-2G-AAHL-01",6.74
"TGCT","Tumor","TCGA-2G-AAKL-01",6.318
"TGCT","Tumor","TCGA-4K-AA1H-01",5.579
"TGCT","Tumor","TCGA-4K-AA1I-01",6.319
"TGCT","Tumor","TCGA-SN-A6IS-01",6.025
"TGCT","Tumor","TCGA-W4-A7U2-01",6.773
"TGCT","Tumor","TCGA-W4-A7U3-01",5.975
"TGCT","Tumor","TCGA-YU-A90S-01",5.925
"TGCT","Tumor","TCGA-2G-AAG9-01",6.107
"TGCT","Tumor","TCGA-2G-AAHG-01",6.317
"TGCT","Tumor","TCGA-YU-A90P-01",6.95
"TGCT","Tumor","TCGA-2G-AAFY-01",6.178
"TGCT","Tumor","TCGA-2G-AAG6-01",5.004
"TGCT","Tumor","TCGA-XE-A8H1-01",6.447
"TGCT","Tumor","TCGA-XE-AAOJ-01",5.543
"TGCT","Tumor","TCGA-XY-A8S3-01",6.907
"TGCT","Tumor","TCGA-2G-AAFJ-01",5.658
"TGCT","Tumor","TCGA-2G-AAG0-01",6.418
"TGCT","Tumor","TCGA-2G-AAGV-01",5.633
"TGCT","Tumor","TCGA-W4-A7U4-01",6.3
"TGCT","Tumor","TCGA-XE-A8H4-01",6.461
"TGCT","Tumor","TCGA-XE-AANR-01",6.442
"TGCT","Tumor","TCGA-YU-A90Y-01",6.006
"TGCT","Tumor","TCGA-2G-AAGX-01",5.888
"TGCT","Tumor","TCGA-2G-AAKG-01",6.504
"TGCT","Tumor","TCGA-SB-A6J6-01",6.799
"TGCT","Tumor","TCGA-2G-AAG8-01",6.457
"TGCT","Tumor","TCGA-2G-AAGE-01",6.351
"TGCT","Tumor","TCGA-SN-A84X-01",6.483
"TGCT","Tumor","TCGA-YU-A90Q-01",6.78
"TGCT","Tumor","TCGA-2G-AAGG-01",5.947
"TGCT","Tumor","TCGA-2G-AAGK-01",6.355
"TGCT","Tumor","TCGA-2G-AAH2-01",6.379
"TGCT","Tumor","TCGA-2G-AAH3-01",6.34
"TGCT","Tumor","TCGA-WZ-A7V3-01",5.994
"TGCT","Tumor","TCGA-2G-AAKH-01",6.146
"TGCT","Tumor","TCGA-2G-AAKD-01",6.272
"TGCT","Tumor","TCGA-SN-A84Y-01",6.296
"TGCT","Tumor","TCGA-VF-A8A8-01",6.549
"TGCT","Tumor","TCGA-2G-AAKM-01",6.446
"TGCT","Tumor","TCGA-2G-AAKO-01",6.481
"TGCT","Tumor","TCGA-2G-AALF-01",6.424
"TGCT","Tumor","TCGA-2G-AALG-01",5.68
"TGCT","Tumor","TCGA-2G-AALN-01",6.616
"TGCT","Tumor","TCGA-2G-AALO-01",5.133
"TGCT","Tumor","TCGA-2G-AALQ-01",5.64
"TGCT","Tumor","TCGA-2G-AALR-01",6.1
"TGCT","Tumor","TCGA-2G-AALS-01",5.691
"TGCT","Tumor","TCGA-2G-AALT-01",6.013
"TGCT","Tumor","TCGA-2G-AALW-01",5.61
"TGCT","Tumor","TCGA-2G-AALX-01",6.303
"TGCT","Tumor","TCGA-2G-AALY-01",6.752
"TGCT","Tumor","TCGA-2G-AALZ-01",6.004
"TGCT","Tumor","TCGA-2G-AAM2-01",7.26
"TGCT","Tumor","TCGA-2G-AAM3-01",5.682
"TGCT","Tumor","TCGA-2G-AAM4-01",7.229
"TGCT","Normal","GTEX-11ZUS-2726-SM-5FQUA",5.054
"TGCT","Normal","GTEX-N7MS-0126-SM-3TW8O",5.314
"TGCT","Normal","GTEX-ZVZP-2226-SM-57WBF",5.198
"TGCT","Normal","GTEX-13112-0226-SM-5P9IV",5.162
"TGCT","Normal","GTEX-12WSH-0326-SM-5GCNH",5.081
"TGCT","Normal","GTEX-139TS-1726-SM-5IJG5",5.343
"TGCT","Normal","GTEX-S95S-1126-SM-4B64E",5.168
"TGCT","Normal","GTEX-13OVL-0426-SM-5IFG6",4.745
"TGCT","Normal","GTEX-WVLH-2626-SM-4MVNV",5.852
"TGCT","Normal","GTEX-11WQC-2326-SM-5EQKE",5.048
"TGCT","Normal","GTEX-OOBK-2126-SM-3LK5T",4.926
"TGCT","Normal","GTEX-11NV4-1726-SM-5N9FC",5.314
"TGCT","Normal","GTEX-1212Z-0326-SM-5FQSJ",5.377
"TGCT","Normal","GTEX-OXRL-2126-SM-3NM98",5.149
"TGCT","Normal","GTEX-OOBJ-2126-SM-3NB1N",5.622
"TGCT","Normal","GTEX-13G51-0826-SM-5K7VB",5.386
"TGCT","Normal","GTEX-T6MN-2026-SM-4DM7L",5.14
"TGCT","Normal","GTEX-111YS-2026-SM-5EGGL",5.141
"TGCT","Normal","GTEX-ZAB5-2426-SM-5CVMW",4.996
"TGCT","Normal","GTEX-ZPU1-2126-SM-57WED",5.191
"TGCT","Normal","GTEX-Y111-2426-SM-4TT23",5.124
"TGCT","Normal","GTEX-132QS-1226-SM-5P9GD",5.356
"TGCT","Normal","GTEX-Z93S-1726-SM-5HL8G",5.085
"TGCT","Normal","GTEX-11OF3-1826-SM-5987N",5.155
"TGCT","Normal","GTEX-1192W-2326-SM-5N9BS",5.222
"TGCT","Normal","GTEX-Q2AH-1526-SM-48TZG",5.513
"TGCT","Normal","GTEX-QEG5-0126-SM-4R1JR",5.402
"TGCT","Normal","GTEX-11NUK-2626-SM-5A5MB",5.044
"TGCT","Normal","GTEX-Y5V6-1726-SM-4VDSZ",5.27
"TGCT","Normal","GTEX-QV31-1126-SM-4R1K4",5.222
"TGCT","Normal","GTEX-ZUA1-2726-SM-59HLJ",5.242
"TGCT","Normal","GTEX-111VG-1926-SM-5GIDO",5.1
"TGCT","Normal","GTEX-11EQ8-1426-SM-5EGJR",5.289
"TGCT","Normal","GTEX-14ABY-0626-SM-5Q5C9",4.957
"TGCT","Normal","GTEX-XMK1-2026-SM-4B65K",5.325
"TGCT","Normal","GTEX-PLZ6-1226-SM-3P5ZS",5.284
"TGCT","Normal","GTEX-ZYT6-2726-SM-5GICP",5.161
"TGCT","Normal","GTEX-11TUW-2226-SM-5EQL9",5.259
"TGCT","Normal","GTEX-11LCK-2326-SM-5HL53",5.11
"TGCT","Normal","GTEX-ZVTK-0126-SM-57WDG",5.366
"TGCT","Normal","GTEX-XQ3S-2726-SM-4BOP2",5.523
"TGCT","Normal","GTEX-14753-0626-SM-5Q5CY",5.218
"TGCT","Normal","GTEX-131XE-0426-SM-5IJF4",5.432
"TGCT","Normal","GTEX-V1D1-2126-SM-4JBH4",4.731
"TGCT","Normal","GTEX-P4QS-2126-SM-3NMCF",5.295
"TGCT","Normal","GTEX-SNOS-1126-SM-4DM67",5.106
"TGCT","Normal","GTEX-13NZA-2526-SM-5IJFX",5.517
"TGCT","Normal","GTEX-12ZZY-0126-SM-5LZV2",5.311
"TGCT","Normal","GTEX-13O61-2026-SM-5J2M6",5.375
"TGCT","Normal","GTEX-144GL-0726-SM-5LU4P",5.376
"TGCT","Normal","GTEX-13NZB-2026-SM-5MR4M",5.414
"TGCT","Normal","GTEX-12C56-1426-SM-5FQSW",4.785
"TGCT","Normal","GTEX-XAJ8-1326-SM-47JYT",5.044
"TGCT","Normal","GTEX-11DXZ-2126-SM-59881",5.142
"TGCT","Normal","GTEX-RUSQ-2126-SM-47JXK",5.18
"TGCT","Normal","GTEX-OHPM-2126-SM-3LK75",5.206
"TGCT","Normal","GTEX-REY6-0126-SM-48FDT",5.277
"TGCT","Normal","GTEX-X5EB-2026-SM-4E3KA",5.068
"TGCT","Normal","GTEX-12WSI-2126-SM-5GCMV",5.103
"TGCT","Normal","GTEX-TKQ2-1526-SM-4DXUN",5.209
"TGCT","Normal","GTEX-13O1R-0726-SM-5IJEI",5.883
"TGCT","Normal","GTEX-11GS4-2026-SM-5N9CP",5.356
"TGCT","Normal","GTEX-12WSM-1326-SM-5GCP9",5.107
"TGCT","Normal","GTEX-ZV7C-2026-SM-5NQ8F",5.349
"TGCT","Normal","GTEX-139T8-0726-SM-5L3D2",5.003
"TGCT","Normal","GTEX-147JS-0126-SM-5S2TW",5.455
"TGCT","Normal","GTEX-1399T-1526-SM-5P9J6",5.521
"TGCT","Normal","GTEX-13N2G-0126-SM-5N9DV",5.321
"TGCT","Normal","GTEX-13FLW-2126-SM-5N9FD",5.259
"TGCT","Normal","GTEX-117XS-2026-SM-5GID1",4.966
"TGCT","Normal","GTEX-13O21-1226-SM-5J2MK",5.365
"TGCT","Normal","GTEX-OIZI-0126-SM-3NB13",5.544
"TGCT","Normal","GTEX-WK11-0326-SM-4OOS6",5.175
"TGCT","Normal","GTEX-WHSE-0426-SM-4M1XO",5.122
"TGCT","Normal","GTEX-139TT-2226-SM-5LZWO",5.359
"TGCT","Normal","GTEX-V955-1926-SM-4KL1L",5.217
"TGCT","Normal","GTEX-O5YT-2126-SM-3MJGD",5.748
"TGCT","Normal","GTEX-11EI6-2226-SM-5EGJM",5.422
"TGCT","Normal","GTEX-13111-1526-SM-5EGJX",5.034
"TGCT","Normal","GTEX-XBED-2026-SM-4AT5D",5.585
"TGCT","Normal","GTEX-111FC-1926-SM-5GZYC",5.115
"TGCT","Normal","GTEX-13NYB-2226-SM-5MR58",5.544
"TGCT","Normal","GTEX-U8T8-1126-SM-4DXUE",5.307
"TGCT","Normal","GTEX-Y3I4-2026-SM-4TT6Z",5.191
"TGCT","Normal","GTEX-11NSD-1026-SM-5N9BE",5.225
"TGCT","Normal","GTEX-R55C-1426-SM-48FED",5.257
"TGCT","Normal","GTEX-SUCS-1326-SM-4DM5T",5.474
"TGCT","Normal","GTEX-WFG8-1926-SM-4LVM1",5.38
"TGCT","Normal","GTEX-YF7O-2026-SM-4W1YE",5.426
"TGCT","Normal","GTEX-ZT9W-2226-SM-57WFU",5.011
"TGCT","Normal","GTEX-12696-0226-SM-5EGL3",5.537
"TGCT","Normal","GTEX-XPT6-1626-SM-4B655",5.462
"TGCT","Normal","GTEX-11EQ9-1926-SM-5PNVV",4.701
"TGCT","Normal","GTEX-12WSL-2326-SM-5DUXQ",5.12
"TGCT","Normal","GTEX-YFCO-1726-SM-4W21S",5.35
"TGCT","Normal","GTEX-145MH-2326-SM-5O9AW",5.394
"TGCT","Normal","GTEX-ZYFC-0126-SM-5GIEH",5.372
"TGCT","Normal","GTEX-145MO-0126-SM-5S2QU",5.31
"TGCT","Normal","GTEX-PW2O-1426-SM-48TCD",5.25
"TGCT","Normal","GTEX-WHSB-2126-SM-4M1XF",4.819
"TGCT","Normal","GTEX-R55E-0726-SM-48FCZ",5.342
"TGCT","Normal","GTEX-11P7K-1026-SM-5HL6Y",5.494
"TGCT","Normal","GTEX-Q2AI-1226-SM-48U14",5.209
"TGCT","Normal","GTEX-X3Y1-2626-SM-4PQZI",5.588
"TGCT","Normal","GTEX-P4QR-0226-SM-3NMCH",6.185
"TGCT","Normal","GTEX-145LT-0426-SM-5LUAP",4.86
"TGCT","Normal","GTEX-117YW-1526-SM-5EGGP",4.866
"TGCT","Normal","GTEX-T5JC-0726-SM-4DM55",5.512
"TGCT","Normal","GTEX-S3XE-1526-SM-4AD5A",5.552
"TGCT","Normal","GTEX-13FTW-1326-SM-5LZZD",5.511
"TGCT","Normal","GTEX-RWSA-2426-SM-47JXR",5.481
"TGCT","Normal","GTEX-Y9LG-1726-SM-4VBQE",5.119
"TGCT","Normal","GTEX-U8XE-0126-SM-4E3I3",5.784
"TGCT","Normal","GTEX-YEC3-1726-SM-5IFIK",4.905
"TGCT","Normal","GTEX-YEC4-1526-SM-4W1YU",5.262
"TGCT","Normal","GTEX-YB5E-1926-SM-5IFIG",5.49
"TGCT","Normal","GTEX-U3ZM-1626-SM-4DXSK",5.314
"TGCT","Normal","GTEX-NFK9-0126-SM-3LK5H",5.556
"TGCT","Normal","GTEX-NPJ8-1226-SM-3MJHM",5.52
"TGCT","Normal","GTEX-S4Z8-2126-SM-4AD5H",5.838
"TGCT","Normal","GTEX-131XF-2026-SM-5DUWG",5.255
"TGCT","Normal","GTEX-SNMC-1026-SM-4DM7K",5.212
"TGCT","Normal","GTEX-S7SE-0326-SM-4AT5Q",5.528
"TGCT","Normal","GTEX-QLQW-1026-SM-447A9",5.481
"TGCT","Normal","GTEX-1399Q-2826-SM-5IJEZ",5.864
"TGCT","Normal","GTEX-13OVH-0726-SM-5N9BU",5.509
"TGCT","Normal","GTEX-QMRM-1526-SM-4R1K6",5.269
"TGCT","Normal","GTEX-11UD2-2826-SM-5GU6X",5.549
"TGCT","Normal","GTEX-ZT9X-1426-SM-5DUX1",5.521
"TGCT","Normal","GTEX-11WQK-2826-SM-5EQKH",5.476
"TGCT","Normal","GTEX-QV44-1726-SM-4R1KG",5.322
"TGCT","Normal","GTEX-QEG4-0126-SM-48TZE",5.151
"TGCT","Normal","GTEX-RM2N-1326-SM-48FCW",5.385
"TGCT","Normal","GTEX-11DXY-0226-SM-5H123",5.557
"TGCT","Normal","GTEX-WZTO-0326-SM-4PQYZ",5.348
"TGCT","Normal","GTEX-ZA64-1626-SM-5CVME",5.149
"TGCT","Normal","GTEX-P4PQ-2126-SM-3NMCV",5.647
"TGCT","Normal","GTEX-ZLFU-2026-SM-4WWG2",5.653
"TGCT","Normal","GTEX-PLZ5-1526-SM-3P5ZX",5.582
"TGCT","Normal","GTEX-145MF-1726-SM-5LU9H",5.429
"TGCT","Normal","GTEX-T8EM-0126-SM-4DM5R",5.288
"TGCT","Normal","GTEX-144GN-1626-SM-5Q5BU",5.081
"TGCT","Normal","GTEX-11TT1-2226-SM-5GU6B",6.09
"TGCT","Normal","GTEX-WH7G-1926-SM-4LVMM",4.635
"TGCT","Normal","GTEX-111CU-1726-SM-5EGHM",5.387
"TGCT","Normal","GTEX-S4Q7-1226-SM-4AD5I",5.201
"TGCT","Normal","GTEX-WY7C-2226-SM-4ONCS",5.664
"TGCT","Normal","GTEX-ZAB4-0126-SM-5CVMG",5.486
"TGCT","Normal","GTEX-Y8E4-2226-SM-5LU94",5.583
"TGCT","Normal","GTEX-U3ZH-1526-SM-4DXV1",5.702
"TGCT","Normal","GTEX-WVJS-2726-SM-4MVNU",5.506
"TGCT","Normal","GTEX-X4XX-0726-SM-4QARS",5.815
"TGCT","Normal","GTEX-13QJ3-0226-SM-5S2PU",5.493
"TGCT","Normal","GTEX-WOFM-1126-SM-4OOSB",5.222
"TGCT","Normal","GTEX-ZTX8-1126-SM-51MRM",5.449
"TGCT","Normal","GTEX-147F4-0626-SM-5LUAK",5.636
"TGCT","Normal","GTEX-XLM4-1526-SM-4AT6D",4.802
"TGCT","Normal","GTEX-14A6H-2326-SM-5Q5B5",5.522
"TGCT","Normal","GTEX-11ONC-2226-SM-5HL6D",5.493
"TGCT","Normal","GTEX-R55D-0126-SM-48FEL",5.131
"TGCT","Normal","GTEX-ZY6K-1726-SM-5GZX8",5.652
"TGCT","Normal","GTEX-SIU7-1526-SM-4BRWQ",5.715
"TGCT","Normal","GTEX-QDVN-1926-SM-48TZ8",6.034
"TGCT","Normal","GTEX-RN64-2326-SM-48FDW",5.466
"TGCT","Normal","GTEX-X261-2326-SM-4PQYU",5.475
"THCA","Tumor","TCGA-EL-A3CO-01",5.387
"THCA","Tumor","TCGA-DJ-A13L-01",5.311
"THCA","Tumor","TCGA-J8-A3YF-01",5.559
"THCA","Tumor","TCGA-FE-A239-01",5.999
"THCA","Tumor","TCGA-EL-A3MY-01",5.55
"THCA","Tumor","TCGA-BJ-A0ZG-01",5.577
"THCA","Tumor","TCGA-BJ-A28S-01",5.826
"THCA","Tumor","TCGA-BJ-A45C-01",5.951
"THCA","Tumor","TCGA-BJ-A2NA-01",5.863
"THCA","Tumor","TCGA-EM-A1CT-01",5.451
"THCA","Tumor","TCGA-FY-A4B0-01",6.067
"THCA","Tumor","TCGA-EL-A4K6-01",5.611
"THCA","Tumor","TCGA-EM-A22O-01",7.203
"THCA","Tumor","TCGA-EL-A4K7-01",5.973
"THCA","Tumor","TCGA-MK-A84Z-01",5.501
"THCA","Tumor","TCGA-EM-A4FO-01",5.34
"THCA","Tumor","TCGA-DE-A4MD-01",6.176
"THCA","Tumor","TCGA-BJ-A290-01",5.586
"THCA","Tumor","TCGA-DJ-A1QL-01",5.881
"THCA","Tumor","TCGA-EL-A3GP-01",5.144
"THCA","Tumor","TCGA-FE-A231-01",5.982
"THCA","Tumor","TCGA-DJ-A1QO-01",5.943
"THCA","Tumor","TCGA-EM-A4FH-01",5.512
"THCA","Tumor","TCGA-FY-A3NP-01",5.83
"THCA","Tumor","TCGA-EL-A4K9-01",5.622
"THCA","Tumor","TCGA-BJ-A0ZB-01",5.57
"THCA","Tumor","TCGA-EL-A3MZ-01",5.892
"THCA","Tumor","TCGA-EM-A2OZ-01",6.903
"THCA","Tumor","TCGA-BJ-A0YZ-01",5.484
"THCA","Tumor","TCGA-DJ-A2PW-01",5.726
"THCA","Tumor","TCGA-EM-A22P-01",5.538
"THCA","Tumor","TCGA-ET-A3DW-01",5.644
"THCA","Tumor","TCGA-DJ-A2PZ-01",5.557
"THCA","Tumor","TCGA-DJ-A3UO-01",5.749
"THCA","Tumor","TCGA-DJ-A3VK-01",5.624
"THCA","Tumor","TCGA-EL-A3T3-01",5.505
"THCA","Tumor","TCGA-EL-A4KI-01",6.755
"THCA","Tumor","TCGA-DJ-A1QG-01",5.868
"THCA","Tumor","TCGA-EL-A3D4-01",5.97
"THCA","Tumor","TCGA-EM-A2CN-01",6.503
"THCA","Tumor","TCGA-ET-A40S-01",5.819
"THCA","Tumor","TCGA-EL-A3D0-01",4.573
"THCA","Tumor","TCGA-EM-A3AO-01",5.072
"THCA","Tumor","TCGA-DJ-A13U-01",6.055
"THCA","Tumor","TCGA-DJ-A4UQ-01",5.667
"THCA","Tumor","TCGA-EL-A3ZM-01",5.713
"THCA","Tumor","TCGA-BJ-A0Z5-01",5.722
"THCA","Tumor","TCGA-BJ-A18Z-01",5.629
"THCA","Tumor","TCGA-EL-A3H2-01",4.81
"THCA","Tumor","TCGA-BJ-A0Z2-01",5.623
"THCA","Tumor","TCGA-E3-A3E5-01",5.854
"THCA","Tumor","TCGA-EM-A3FM-01",6.201
"THCA","Tumor","TCGA-DJ-A13O-01",5.536
"THCA","Tumor","TCGA-DJ-A3V0-01",5.603
"THCA","Tumor","TCGA-BJ-A0Z0-01",5.726
"THCA","Tumor","TCGA-BJ-A0ZC-01",5.323
"THCA","Tumor","TCGA-BJ-A190-01",5.685
"THCA","Tumor","TCGA-DJ-A4V5-01",5.688
"THCA","Tumor","TCGA-DJ-A2PO-01",5.601
"THCA","Tumor","TCGA-DJ-A3V6-01",5.608
"THCA","Tumor","TCGA-FY-A76V-01",5.574
"THCA","Tumor","TCGA-DJ-A2Q4-01",5.318
"THCA","Tumor","TCGA-BJ-A3PU-01",6.139
"THCA","Tumor","TCGA-DJ-A3VB-01",5.743
"THCA","Tumor","TCGA-EM-A22M-01",5.019
"THCA","Tumor","TCGA-BJ-A3EZ-01",5.474
"THCA","Tumor","TCGA-DJ-A2Q5-01",5.176
"THCA","Tumor","TCGA-FK-A4UB-01",5.775
"THCA","Tumor","TCGA-FY-A4B3-01",5.53
"THCA","Tumor","TCGA-DJ-A13R-01",4.128
"THCA","Tumor","TCGA-DJ-A3VE-01",5.23
"THCA","Tumor","TCGA-DO-A2HM-01",5.498
"THCA","Tumor","TCGA-BJ-A4O8-01",5.491
"THCA","Tumor","TCGA-DJ-A2PP-01",6.948
"THCA","Tumor","TCGA-L6-A4EQ-01",6.044
"THCA","Tumor","TCGA-EM-A2OX-01",5.928
"THCA","Tumor","TCGA-EM-A2P2-01",5.552
"THCA","Tumor","TCGA-BJ-A45H-01",5.316
"THCA","Tumor","TCGA-J8-A42S-01",5.529
"THCA","Tumor","TCGA-DJ-A1QQ-01",5.365
"THCA","Tumor","TCGA-DJ-A1QM-01",5.775
"THCA","Tumor","TCGA-EL-A3TA-01",5.736
"THCA","Tumor","TCGA-ET-A3BS-01",4.529
"THCA","Tumor","TCGA-EL-A4KD-01",5.596
"THCA","Tumor","TCGA-EM-A3AR-01",5.445
"THCA","Tumor","TCGA-KS-A4I3-01",6.589
"THCA","Tumor","TCGA-DJ-A3VG-01",5.521
"THCA","Tumor","TCGA-EL-A3CV-01",5.624
"THCA","Tumor","TCGA-EM-A3FO-01",5.555
"THCA","Tumor","TCGA-EM-A3O9-01",6.679
"THCA","Tumor","TCGA-EL-A3D1-01",6.089
"THCA","Tumor","TCGA-EM-A3AJ-01",5.052
"THCA","Tumor","TCGA-ET-A2MZ-01",5.592
"THCA","Tumor","TCGA-ET-A39O-01",5.143
"THCA","Tumor","TCGA-J8-A3O2-01",5.273
"THCA","Tumor","TCGA-J8-A3YH-01",5.521
"THCA","Tumor","TCGA-DJ-A3VL-01",5.342
"THCA","Tumor","TCGA-ET-A40Q-01",5.237
"THCA","Tumor","TCGA-J8-A3O0-01",5.543
"THCA","Tumor","TCGA-E3-A3DY-01",5.447
"THCA","Tumor","TCGA-IM-A4EB-01",5.269
"THCA","Tumor","TCGA-BJ-A0ZJ-01",5.533
"THCA","Tumor","TCGA-BJ-A45D-01",6.525
"THCA","Tumor","TCGA-EL-A3T8-01",5.659
"THCA","Tumor","TCGA-EM-A22Q-01",6.374
"THCA","Tumor","TCGA-EM-A3SY-01",6.425
"THCA","Tumor","TCGA-EL-A3ZT-01",5.431
"THCA","Tumor","TCGA-EM-A4FU-01",5.473
"THCA","Tumor","TCGA-MK-A4N6-01",5.417
"THCA","Tumor","TCGA-ET-A39M-01",5.492
"THCA","Tumor","TCGA-BJ-A45K-01",5.729
"THCA","Tumor","TCGA-EM-A2P0-01",5.245
"THCA","Tumor","TCGA-EM-A2P1-01",4.467
"THCA","Tumor","TCGA-ET-A25M-01",5.975
"THCA","Tumor","TCGA-FE-A236-01",6.774
"THCA","Tumor","TCGA-CE-A485-01",5.114
"THCA","Tumor","TCGA-CE-A3MD-01",5.484
"THCA","Tumor","TCGA-EM-A1CU-01",5.41
"THCA","Tumor","TCGA-EM-A2CL-01",5.514
"THCA","Tumor","TCGA-BJ-A18Y-01",5.571
"THCA","Tumor","TCGA-FY-A3BL-01",5.655
"THCA","Tumor","TCGA-DE-A4M9-01",5.943
"THCA","Tumor","TCGA-EL-A3CY-01",5.041
"THCA","Tumor","TCGA-EM-A2CK-01",5.147
"THCA","Tumor","TCGA-EM-A4FR-01",5.426
"THCA","Tumor","TCGA-ET-A3BU-01",5.441
"THCA","Tumor","TCGA-DJ-A2PR-01",5.624
"THCA","Tumor","TCGA-ET-A2MX-01",6.024
"THCA","Tumor","TCGA-DJ-A2PQ-01",5.699
"THCA","Tumor","TCGA-H2-A2K9-01",5.875
"THCA","Tumor","TCGA-ET-A3BX-01",5.974
"THCA","Tumor","TCGA-DJ-A3VJ-01",5.526
"THCA","Tumor","TCGA-FY-A3ON-01",5.236
"THCA","Tumor","TCGA-EL-A3ZP-01",5.884
"THCA","Tumor","TCGA-FE-A3PA-01",5.973
"THCA","Tumor","TCGA-EL-A3ZG-01",6.391
"THCA","Tumor","TCGA-IM-A3U2-01",5.626
"THCA","Tumor","TCGA-EL-A3CW-01",5.194
"THCA","Tumor","TCGA-EM-A3AQ-01",6.117
"THCA","Tumor","TCGA-EM-A3O3-01",6.038
"THCA","Tumor","TCGA-ET-A39I-01",5.443
"THCA","Tumor","TCGA-BJ-A28V-01",5.774
"THCA","Tumor","TCGA-DE-A4MB-01",5.829
"THCA","Tumor","TCGA-EL-A3ZO-01",6.159
"THCA","Tumor","TCGA-EL-A3CR-01",5.707
"THCA","Tumor","TCGA-EL-A3CT-01",6.079
"THCA","Tumor","TCGA-EL-A3ZQ-01",5.705
"THCA","Tumor","TCGA-EM-A2CO-01",6.376
"THCA","Tumor","TCGA-DJ-A3V5-01",5.574
"THCA","Tumor","TCGA-E8-A418-01",6.305
"THCA","Tumor","TCGA-4C-A93U-01",5.835
"THCA","Tumor","TCGA-EM-A1YA-01",6.602
"THCA","Tumor","TCGA-EM-A1YB-01",6.708
"THCA","Tumor","TCGA-ET-A39P-01",5.968
"THCA","Tumor","TCGA-EL-A3GQ-01",4.9
"THCA","Tumor","TCGA-EL-A3GU-01",5.399
"THCA","Tumor","TCGA-ET-A2MY-01",5.961
"THCA","Tumor","TCGA-EM-A1YC-01",6.074
"THCA","Tumor","TCGA-EM-A3FP-01",5.413
"THCA","Tumor","TCGA-DJ-A2PN-01",6.169
"THCA","Tumor","TCGA-DJ-A2PT-01",5.459
"THCA","Tumor","TCGA-DJ-A2QC-01",5.964
"THCA","Tumor","TCGA-DJ-A3UZ-01",5.232
"THCA","Tumor","TCGA-EL-A3CL-01",5.77
"THCA","Tumor","TCGA-EL-A3CU-01",5.37
"THCA","Tumor","TCGA-BJ-A3PR-01",5.269
"THCA","Tumor","TCGA-EL-A3T9-01",5.904
"THCA","Tumor","TCGA-DJ-A3VM-01",5.698
"THCA","Tumor","TCGA-DJ-A4UL-01",6.274
"THCA","Tumor","TCGA-EL-A4K1-01",5.211
"THCA","Tumor","TCGA-EM-A22N-01",6.796
"THCA","Tumor","TCGA-ET-A3DV-01",5.838
"THCA","Tumor","TCGA-J8-A4HY-01",5.854
"THCA","Tumor","TCGA-BJ-A0ZA-01",5.503
"THCA","Tumor","TCGA-EM-A3AI-01",5.615
"THCA","Tumor","TCGA-EL-A3H1-01",5.516
"THCA","Tumor","TCGA-EL-A3MX-01",6.35
"THCA","Tumor","TCGA-FY-A3R9-01",5.138
"THCA","Tumor","TCGA-FY-A3W9-01",5.841
"THCA","Tumor","TCGA-DE-A0XZ-01",5.48
"THCA","Tumor","TCGA-DJ-A2Q9-01",5.009
"THCA","Tumor","TCGA-EL-A3GV-01",5.804
"THCA","Tumor","TCGA-BJ-A3F0-01",6.144
"THCA","Tumor","TCGA-EL-A3CM-01",5.622
"THCA","Tumor","TCGA-EM-A2OV-01",5.374
"THCA","Tumor","TCGA-EM-A4FV-01",5.989
"THCA","Tumor","TCGA-FY-A3I5-01",5.543
"THCA","Tumor","TCGA-FY-A3YR-01",4.985
"THCA","Tumor","TCGA-BJ-A0ZE-01",5.418
"THCA","Tumor","TCGA-DJ-A1QI-01",5.452
"THCA","Tumor","TCGA-EM-A3FL-01",5.934
"THCA","Tumor","TCGA-DJ-A1QE-01",5.724
"THCA","Tumor","TCGA-EL-A3CS-01",6.602
"THCA","Tumor","TCGA-EM-A2CM-01",4.732
"THCA","Tumor","TCGA-EM-A3AK-01",5.875
"THCA","Tumor","TCGA-EM-A3ST-01",6.425
"THCA","Tumor","TCGA-FY-A3R8-01",5.24
"THCA","Tumor","TCGA-FY-A4B4-01",5.486
"THCA","Tumor","TCGA-DE-A4M8-01",4.829
"THCA","Tumor","TCGA-DJ-A1QF-01",5.358
"THCA","Tumor","TCGA-DJ-A2Q3-01",5.473
"THCA","Tumor","TCGA-FE-A22Z-01",5.088
"THCA","Tumor","TCGA-FK-A3SD-01",5.467
"THCA","Tumor","TCGA-FY-A2QD-01",5.435
"THCA","Tumor","TCGA-FY-A3TY-01",5.097
"THCA","Tumor","TCGA-KS-A4I7-01",5.828
"THCA","Tumor","TCGA-DE-A0Y3-01",6.022
"THCA","Tumor","TCGA-DJ-A3V4-01",5.339
"THCA","Tumor","TCGA-DJ-A3VF-01",5.509
"THCA","Tumor","TCGA-ET-A3BT-01",6.238
"THCA","Tumor","TCGA-BJ-A45F-01",5.017
"THCA","Tumor","TCGA-EM-A4FM-01",5.501
"THCA","Tumor","TCGA-J8-A4HW-01",5.725
"THCA","Tumor","TCGA-DE-A69K-01",5.464
"THCA","Tumor","TCGA-DJ-A1QH-01",5.867
"THCA","Tumor","TCGA-IM-A3ED-01",5.211
"THCA","Tumor","TCGA-L6-A4EU-01",6.298
"THCA","Tumor","TCGA-BJ-A0Z9-01",6.047
"THCA","Tumor","TCGA-DJ-A2Q0-01",6.386
"THCA","Tumor","TCGA-DJ-A2Q2-01",5.711
"THCA","Tumor","TCGA-DJ-A3V3-01",5.452
"THCA","Tumor","TCGA-E8-A3X7-01",5.811
"THCA","Tumor","TCGA-E8-A432-01",5.858
"THCA","Tumor","TCGA-E8-A437-01",6.233
"THCA","Tumor","TCGA-EL-A3H5-01",3.664
"THCA","Tumor","TCGA-FY-A3R6-01",4.964
"THCA","Tumor","TCGA-BJ-A291-01",5.669
"THCA","Tumor","TCGA-DJ-A2QA-01",6.036
"THCA","Tumor","TCGA-E8-A242-01",5.332
"THCA","Tumor","TCGA-E8-A434-01",5.961
"THCA","Tumor","TCGA-EM-A22J-01",6.089
"THCA","Tumor","TCGA-ET-A25G-01",5.786
"THCA","Tumor","TCGA-DJ-A2PX-01",4.963
"THCA","Tumor","TCGA-E3-A3DZ-01",5.444
"THCA","Tumor","TCGA-EL-A3MW-01",5.602
"THCA","Tumor","TCGA-EL-A3T2-01",5.246
"THCA","Tumor","TCGA-EL-A4JZ-01",5.748
"THCA","Tumor","TCGA-EM-A1CS-01",5.694
"THCA","Tumor","TCGA-EM-A3FR-01",5.495
"THCA","Tumor","TCGA-EM-A3OA-01",7.212
"THCA","Tumor","TCGA-ET-A39T-01",6.149
"THCA","Tumor","TCGA-FY-A40L-01",5.145
"THCA","Tumor","TCGA-FY-A40N-01",5.357
"THCA","Tumor","TCGA-IM-A3U3-01",5.827
"THCA","Tumor","TCGA-KS-A4ID-01",5.597
"THCA","Tumor","TCGA-BJ-A0ZF-01",5.86
"THCA","Tumor","TCGA-BJ-A192-01",4.84
"THCA","Tumor","TCGA-EL-A4K0-01",5.354
"THCA","Tumor","TCGA-EM-A3O6-01",5.755
"THCA","Tumor","TCGA-H2-A26U-01",5.939
"THCA","Tumor","TCGA-J8-A3YG-01",5.743
"THCA","Tumor","TCGA-DJ-A2PV-01",5.593
"THCA","Tumor","TCGA-DJ-A2QB-01",5.97
"THCA","Tumor","TCGA-E8-A436-01",5.496
"THCA","Tumor","TCGA-EL-A3N3-01",5.245
"THCA","Tumor","TCGA-EM-A1YD-01",5.363
"THCA","Tumor","TCGA-ET-A2N4-01",5.769
"THCA","Tumor","TCGA-BJ-A0ZH-01",6.184
"THCA","Tumor","TCGA-DE-A4MA-01",6.2
"THCA","Tumor","TCGA-DJ-A13P-01",5.614
"THCA","Tumor","TCGA-DJ-A2PU-01",5.688
"THCA","Tumor","TCGA-DJ-A2Q7-01",5.684
"THCA","Tumor","TCGA-DJ-A3VI-01",5.417
"THCA","Tumor","TCGA-E8-A2EA-01",5.095
"THCA","Tumor","TCGA-EM-A22I-01",5.263
"THCA","Tumor","TCGA-ET-A25L-01",5.847
"THCA","Tumor","TCGA-FY-A3WA-01",4.584
"THCA","Tumor","TCGA-J8-A3NZ-01",5.611
"THCA","Tumor","TCGA-BJ-A3PT-01",5.838
"THCA","Tumor","TCGA-BJ-A45I-01",5.824
"THCA","Tumor","TCGA-BJ-A4O9-01",6.913
"THCA","Tumor","TCGA-CE-A3ME-01",6.889
"THCA","Tumor","TCGA-DJ-A13X-01",5.687
"THCA","Tumor","TCGA-DJ-A3UN-01",5.438
"THCA","Tumor","TCGA-DJ-A3UR-01",5.683
"THCA","Tumor","TCGA-E8-A416-01",5.21
"THCA","Tumor","TCGA-EL-A3D6-01",5.331
"THCA","Tumor","TCGA-EM-A2CS-01",5.585
"THCA","Tumor","TCGA-ET-A25R-01",5.508
"THCA","Tumor","TCGA-ET-A2N0-01",6.104
"THCA","Tumor","TCGA-ET-A4KN-01",5.624
"THCA","Tumor","TCGA-FY-A40M-01",5.624
"THCA","Tumor","TCGA-DJ-A3UW-01",5.176
"THCA","Tumor","TCGA-DJ-A3V9-01",5.317
"THCA","Tumor","TCGA-E8-A44K-01",5.641
"THCA","Tumor","TCGA-EL-A3CP-01",5.202
"THCA","Tumor","TCGA-FK-A3SH-01",6.251
"THCA","Tumor","TCGA-FY-A3R7-01",5.293
"THCA","Tumor","TCGA-QD-A8IV-01",5.655
"THCA","Tumor","TCGA-BJ-A191-01",5.377
"THCA","Tumor","TCGA-DE-A3KN-01",5.533
"THCA","Tumor","TCGA-DJ-A3UU-01",5.225
"THCA","Tumor","TCGA-E3-A3E3-01",6.353
"THCA","Tumor","TCGA-EM-A2CJ-01",5.916
"THCA","Tumor","TCGA-EM-A4FN-01",5.859
"THCA","Tumor","TCGA-KS-A4I5-01",5.75
"THCA","Tumor","TCGA-L6-A4ET-01",6.11
"THCA","Tumor","TCGA-BJ-A45G-01",5.305
"THCA","Tumor","TCGA-DJ-A4V4-01",5.742
"THCA","Tumor","TCGA-ET-A39K-01",6.193
"THCA","Tumor","TCGA-FY-A3NM-01",5.869
"THCA","Tumor","TCGA-FY-A3NN-01",5.802
"THCA","Tumor","TCGA-EL-A3CN-01",5.132
"THCA","Tumor","TCGA-EL-A3T7-01",5.29
"THCA","Tumor","TCGA-EL-A3TB-01",5.718
"THCA","Tumor","TCGA-EM-A1YE-01",5.757
"THCA","Tumor","TCGA-EM-A2CU-01",5.804
"THCA","Tumor","TCGA-EM-A2P3-01",5.521
"THCA","Tumor","TCGA-ET-A3BV-01",5.44
"THCA","Tumor","TCGA-J8-A3YD-01",5.647
"THCA","Tumor","TCGA-KS-A41I-01",5.508
"THCA","Tumor","TCGA-BJ-A28Z-01",5.264
"THCA","Tumor","TCGA-BJ-A45E-01",5.176
"THCA","Tumor","TCGA-DJ-A2PY-01",5.531
"THCA","Tumor","TCGA-DJ-A3UX-01",5.67
"THCA","Tumor","TCGA-E3-A3E1-01",6.204
"THCA","Tumor","TCGA-EL-A3H4-01",4.909
"THCA","Tumor","TCGA-EL-A3ZR-01",5.805
"THCA","Tumor","TCGA-EM-A22K-01",5.395
"THCA","Tumor","TCGA-EM-A2CR-01",5.806
"THCA","Tumor","TCGA-EM-A2OY-01",5.83
"THCA","Tumor","TCGA-EM-A3O7-01",5.437
"THCA","Tumor","TCGA-ET-A2N5-01",5.535
"THCA","Tumor","TCGA-FY-A40K-01",5.084
"THCA","Tumor","TCGA-KS-A4I9-01",5.654
"THCA","Tumor","TCGA-DJ-A3UM-01",5.877
"THCA","Tumor","TCGA-DJ-A3UQ-01",5.492
"THCA","Tumor","TCGA-E8-A414-01",5.557
"THCA","Tumor","TCGA-EL-A3T0-01",5.183
"THCA","Tumor","TCGA-EM-A3AL-01",5.702
"THCA","Tumor","TCGA-ET-A4KQ-01",5.635
"THCA","Tumor","TCGA-KS-A4IC-01",5.942
"THCA","Tumor","TCGA-DE-A2OL-01",5.768
"THCA","Tumor","TCGA-DJ-A2Q1-01",5.349
"THCA","Tumor","TCGA-DJ-A3V2-01",5.128
"THCA","Tumor","TCGA-DJ-A3V7-01",5.75
"THCA","Tumor","TCGA-EL-A3D5-01",4.635
"THCA","Tumor","TCGA-ET-A3BO-01",5.451
"THCA","Tumor","TCGA-FE-A232-01",5.758
"THCA","Tumor","TCGA-DE-A4MC-01",5.59
"THCA","Tumor","TCGA-DJ-A3UT-01",5.627
"THCA","Tumor","TCGA-EL-A4K2-01",5.452
"THCA","Tumor","TCGA-EM-A3SU-01",5.538
"THCA","Tumor","TCGA-ET-A3DP-01",5.736
"THCA","Tumor","TCGA-ET-A3DQ-01",5.415
"THCA","Tumor","TCGA-FK-A3S3-01",5.478
"THCA","Tumor","TCGA-BJ-A2N9-01",5.937
"THCA","Tumor","TCGA-DJ-A1QN-01",5.274
"THCA","Tumor","TCGA-EL-A3ZH-01",5.436
"THCA","Tumor","TCGA-EM-A3FN-01",5.126
"THCA","Tumor","TCGA-EM-A3SZ-01",5.451
"THCA","Tumor","TCGA-EM-A4FQ-01",5.657
"THCA","Tumor","TCGA-ET-A3DR-01",5.579
"THCA","Tumor","TCGA-IM-A41Y-01",5.116
"THCA","Tumor","TCGA-CE-A481-01",5.236
"THCA","Tumor","TCGA-EL-A3GX-01",5.831
"THCA","Tumor","TCGA-EL-A3ZK-01",5.279
"THCA","Tumor","TCGA-EL-A4JV-01",5.551
"THCA","Tumor","TCGA-H2-A3RH-01",5.512
"THCA","Tumor","TCGA-KS-A4IB-01",5.815
"THCA","Tumor","TCGA-L6-A4EP-01",6.047
"THCA","Tumor","TCGA-MK-A4N9-01",5.45
"THCA","Tumor","TCGA-DJ-A2PS-01",5.409
"THCA","Tumor","TCGA-EL-A3GY-01",5.727
"THCA","Tumor","TCGA-EM-A2CQ-01",6.893
"THCA","Tumor","TCGA-EM-A4FF-01",5.34
"THCA","Tumor","TCGA-ET-A25J-01",6.515
"THCA","Tumor","TCGA-H2-A422-01",5.561
"THCA","Tumor","TCGA-BJ-A45J-01",5.497
"THCA","Tumor","TCGA-DJ-A3VA-01",5.505
"THCA","Tumor","TCGA-E8-A415-01",5.85
"THCA","Tumor","TCGA-EM-A1CW-01",6.399
"THCA","Tumor","TCGA-IM-A420-01",5.577
"THCA","Tumor","TCGA-KS-A41L-01",5.892
"THCA","Tumor","TCGA-BJ-A28R-01",5.441
"THCA","Tumor","TCGA-DJ-A2Q6-01",5.196
"THCA","Tumor","TCGA-DJ-A3UP-01",4.859
"THCA","Tumor","TCGA-DJ-A4V2-01",5.707
"THCA","Tumor","TCGA-E8-A413-01",5.346
"THCA","Tumor","TCGA-E8-A417-01",5.133
"THCA","Tumor","TCGA-EL-A3T1-01",5.604
"THCA","Tumor","TCGA-EL-A4JW-01",6.87
"THCA","Tumor","TCGA-CE-A484-01",5.755
"THCA","Tumor","TCGA-DJ-A13T-01",5.604
"THCA","Tumor","TCGA-DJ-A3US-01",5.327
"THCA","Tumor","TCGA-EL-A3CZ-01",5.224
"THCA","Tumor","TCGA-EL-A3GS-01",5.408
"THCA","Tumor","TCGA-EL-A3GW-01",6.459
"THCA","Tumor","TCGA-EM-A2OW-01",5.855
"THCA","Tumor","TCGA-ET-A25I-01",5.375
"THCA","Tumor","TCGA-FE-A3PC-01",5.435
"THCA","Tumor","TCGA-IM-A41Z-01",6.613
"THCA","Tumor","TCGA-KS-A41F-01",5.602
"THCA","Tumor","TCGA-KS-A4I1-01",6.419
"THCA","Tumor","TCGA-DE-A7U5-01",5.652
"THCA","Tumor","TCGA-DJ-A4UR-01",5.33
"THCA","Tumor","TCGA-DJ-A4V0-01",5.011
"THCA","Tumor","TCGA-EL-A3H7-01",5.466
"THCA","Tumor","TCGA-EL-A4KH-01",6.279
"THCA","Tumor","TCGA-EM-A3AN-01",5.432
"THCA","Tumor","TCGA-ET-A25K-01",5.437
"THCA","Tumor","TCGA-FE-A238-01",6.598
"THCA","Tumor","TCGA-DJ-A3UK-01",5.29
"THCA","Tumor","TCGA-EL-A3H8-01",5.804
"THCA","Tumor","TCGA-EL-A4KG-01",5.995
"THCA","Tumor","TCGA-ET-A25O-01",5.857
"THCA","Tumor","TCGA-ET-A39N-01",6.269
"THCA","Tumor","TCGA-BJ-A28T-01",4.371
"THCA","Tumor","TCGA-CE-A483-01",5.026
"THCA","Tumor","TCGA-DE-A69J-01",6.234
"THCA","Tumor","TCGA-DJ-A4UW-01",5.397
"THCA","Tumor","TCGA-E3-A3E0-01",4.96
"THCA","Tumor","TCGA-E3-A3E2-01",5.496
"THCA","Tumor","TCGA-EL-A3GZ-01",5.367
"THCA","Tumor","TCGA-EL-A3T6-01",5.16
"THCA","Tumor","TCGA-EL-A3ZL-01",5.479
"THCA","Tumor","TCGA-ET-A2N3-01",5.983
"THCA","Tumor","TCGA-ET-A3BP-01",6.011
"THCA","Tumor","TCGA-FY-A3I4-01",5.681
"THCA","Tumor","TCGA-H2-A421-01",5.339
"THCA","Tumor","TCGA-BJ-A0Z3-01",5.392
"THCA","Tumor","TCGA-EL-A4K4-01",5.607
"THCA","Tumor","TCGA-EM-A22L-01",5.424
"THCA","Tumor","TCGA-EM-A3O8-01",5.361
"THCA","Tumor","TCGA-EM-A3OB-01",5.457
"THCA","Tumor","TCGA-EM-A4FK-01",7.592
"THCA","Tumor","TCGA-ET-A3BN-01",5.403
"THCA","Tumor","TCGA-ET-A3DO-01",4.972
"THCA","Tumor","TCGA-ET-A3DS-01",5.48
"THCA","Tumor","TCGA-FE-A3PB-01",5.475
"THCA","Tumor","TCGA-GE-A2C6-01",5.505
"THCA","Tumor","TCGA-J8-A3O1-01",6.421
"THCA","Tumor","TCGA-BJ-A28W-01",5.497
"THCA","Tumor","TCGA-BJ-A28X-01",5.162
"THCA","Tumor","TCGA-DJ-A3UY-01",5.81
"THCA","Tumor","TCGA-DJ-A3VD-01",5.175
"THCA","Tumor","TCGA-DJ-A4UT-01",5.752
"THCA","Tumor","TCGA-EM-A1CV-01",5.612
"THCA","Tumor","TCGA-ET-A40P-01",5.502
"THCA","Tumor","TCGA-IM-A3EB-01",5.401
"THCA","Tumor","TCGA-EL-A3GO-01",4.84
"THCA","Tumor","TCGA-EL-A3GR-01",5.337
"THCA","Tumor","TCGA-EL-A4JX-01",5.212
"THCA","Tumor","TCGA-EM-A3AP-01",5.046
"THCA","Tumor","TCGA-FK-A3SE-01",5.347
"THCA","Tumor","TCGA-J8-A3YE-01",6.301
"THCA","Tumor","TCGA-BJ-A2N7-01",5.494
"THCA","Tumor","TCGA-BJ-A2N8-01",4.676
"THCA","Tumor","TCGA-CE-A13K-01",5.651
"THCA","Tumor","TCGA-DE-A0Y2-01",5.547
"THCA","Tumor","TCGA-DO-A1K0-01",5.452
"THCA","Tumor","TCGA-E8-A419-01",5.121
"THCA","Tumor","TCGA-EM-A3FK-01",5.533
"THCA","Tumor","TCGA-ET-A3BW-01",5.501
"THCA","Tumor","TCGA-FE-A230-01",4.511
"THCA","Tumor","TCGA-BJ-A2P4-01",6.165
"THCA","Tumor","TCGA-H2-A3RI-01",5.585
"THCA","Tumor","TCGA-CE-A27D-01",5.07
"THCA","Tumor","TCGA-DJ-A13M-01",5.625
"THCA","Tumor","TCGA-DJ-A3V8-01",5.824
"THCA","Tumor","TCGA-EL-A3ZN-01",5.24
"THCA","Tumor","TCGA-EM-A3SX-01",5.428
"THCA","Tumor","TCGA-ET-A25N-01",5.315
"THCA","Tumor","TCGA-FK-A3SB-01",5.543
"THCA","Tumor","TCGA-KS-A41J-01",5.861
"THCA","Tumor","TCGA-CE-A482-01",5.398
"THCA","Tumor","TCGA-ET-A39S-01",5.818
"THCA","Tumor","TCGA-ET-A3BQ-01",5.488
"THCA","Tumor","TCGA-FE-A23A-01",5.242
"THCA","Tumor","TCGA-EM-A2CP-01",4.957
"THCA","Tumor","TCGA-EM-A4G1-01",4.966
"THCA","Tumor","TCGA-ET-A40T-01",5.539
"THCA","Tumor","TCGA-FE-A234-01",5.95
"THCA","Tumor","TCGA-FE-A235-01",6.145
"THCA","Tumor","TCGA-E8-A433-01",5.919
"THCA","Tumor","TCGA-EL-A3N2-01",5.487
"THCA","Tumor","TCGA-EM-A3FJ-01",5.839
"THCA","Tumor","TCGA-ET-A25P-01",6.105
"THCA","Tumor","TCGA-ET-A39R-01",5.525
"THCA","Tumor","TCGA-ET-A40R-01",5.745
"THCA","Tumor","TCGA-DO-A1JZ-01",5.397
"THCA","Tumor","TCGA-E8-A438-01",6.021
"THCA","Tumor","TCGA-E8-A44M-01",5
"THCA","Tumor","TCGA-ET-A39J-01",5.499
"THCA","Tumor","TCGA-ET-A3DT-01",4.909
"THCA","Tumor","TCGA-EL-A3CX-01",6.169
"THCA","Tumor","TCGA-EL-A3ZS-01",5.082
"THCA","Tumor","TCGA-DJ-A13V-01",5.62
"THCA","Tumor","TCGA-ET-A3DU-01",5.061
"THCA","Tumor","TCGA-FK-A3SG-01",5.701
"THCA","Tumor","TCGA-FY-A3RA-01",6.327
"THCA","Tumor","TCGA-DJ-A1QD-01",5.628
"THCA","Tumor","TCGA-EM-A2CT-01",7.371
"THCA","Tumor","TCGA-ET-A39L-01",6.216
"THCA","Tumor","TCGA-MK-A4N7-01",5.399
"THCA","Tumor","TCGA-DJ-A13S-01",5.812
"THCA","Tumor","TCGA-EL-A3H3-01",5.036
"THCA","Tumor","TCGA-EM-A3FQ-01",5.679
"THCA","Tumor","TCGA-FE-A237-01",6.219
"THCA","Tumor","TCGA-DJ-A3UV-01",5.399
"THCA","Tumor","TCGA-E8-A2JQ-01",5.33
"THCA","Tumor","TCGA-FE-A233-01",6.551
"THCA","Tumor","TCGA-FE-A3PD-01",5.252
"THCA","Tumor","TCGA-DJ-A4UP-01",5.287
"THCA","Normal","TCGA-EL-A3MY-11",5.489
"THCA","Normal","TCGA-BJ-A2NA-11",5.359
"THCA","Normal","TCGA-EM-A1CT-11",5.435
"THCA","Normal","TCGA-BJ-A290-11",5.314
"THCA","Normal","TCGA-ET-A3DW-11",5.326
"THCA","Normal","TCGA-EL-A3T3-11",5.376
"THCA","Normal","TCGA-EL-A3ZM-11",5.527
"THCA","Normal","TCGA-EL-A3H2-11",5.208
"THCA","Normal","TCGA-BJ-A3PU-11",5.464
"THCA","Normal","TCGA-EL-A3TA-11",5.545
"THCA","Normal","TCGA-EL-A3T8-11",5.458
"THCA","Normal","TCGA-EL-A3ZT-11",5.248
"THCA","Normal","TCGA-EM-A1CU-11",5.197
"THCA","Normal","TCGA-ET-A2MX-11",4.973
"THCA","Normal","TCGA-H2-A2K9-11",5.31
"THCA","Normal","TCGA-EL-A3ZP-11",5.109
"THCA","Normal","TCGA-EL-A3ZG-11",5.538
"THCA","Normal","TCGA-EL-A3ZO-11",4.874
"THCA","Normal","TCGA-EL-A3ZQ-11",4.887
"THCA","Normal","TCGA-EM-A1YC-11",5.041
"THCA","Normal","TCGA-BJ-A3PR-11",5.864
"THCA","Normal","TCGA-EL-A3H1-11",5.465
"THCA","Normal","TCGA-EL-A3MX-11",5.687
"THCA","Normal","TCGA-EM-A3ST-11",5.868
"THCA","Normal","TCGA-FY-A3TY-11",5.111
"THCA","Normal","TCGA-EL-A3MW-11",5.128
"THCA","Normal","TCGA-EL-A3T2-11",5.227
"THCA","Normal","TCGA-EM-A1CS-11",5.37
"THCA","Normal","TCGA-EL-A3N3-11",5.148
"THCA","Normal","TCGA-EL-A3T7-11",5.132
"THCA","Normal","TCGA-EL-A3TB-11",5.351
"THCA","Normal","TCGA-KS-A41I-11",5.029
"THCA","Normal","TCGA-EL-A3ZR-11",5.163
"THCA","Normal","TCGA-ET-A2N5-11",5.568
"THCA","Normal","TCGA-EL-A3T0-11",5.005
"THCA","Normal","TCGA-ET-A3DP-11",5.325
"THCA","Normal","TCGA-BJ-A2N9-11",5.184
"THCA","Normal","TCGA-EL-A3ZH-11",5.149
"THCA","Normal","TCGA-EL-A3ZK-11",5.209
"THCA","Normal","TCGA-EM-A1CW-11",4.44
"THCA","Normal","TCGA-KS-A41L-11",5.26
"THCA","Normal","TCGA-BJ-A28R-11",5.315
"THCA","Normal","TCGA-EL-A3T1-11",5.061
"THCA","Normal","TCGA-EL-A3H7-11",5.328
"THCA","Normal","TCGA-EL-A3GZ-11",5.285
"THCA","Normal","TCGA-EL-A3T6-11",5.145
"THCA","Normal","TCGA-EL-A3ZL-11",5.004
"THCA","Normal","TCGA-GE-A2C6-11",5.036
"THCA","Normal","TCGA-BJ-A28W-11",5.807
"THCA","Normal","TCGA-BJ-A28X-11",4.978
"THCA","Normal","TCGA-EM-A1CV-11",5.548
"THCA","Normal","TCGA-BJ-A2N7-11",5.136
"THCA","Normal","TCGA-BJ-A2N8-11",5.644
"THCA","Normal","TCGA-H2-A3RI-11",5.334
"THCA","Normal","TCGA-KS-A41J-11",5.125
"THCA","Normal","TCGA-EL-A3N2-11",5.209
"THCA","Normal","TCGA-DO-A1JZ-11",5.539
"THCA","Normal","TCGA-EL-A3ZS-11",5.072
"THCA","Normal","TCGA-E8-A2JQ-11",4.994
"THYM","Tumor","TCGA-XM-A8RI-01",5.098
"THYM","Tumor","TCGA-XU-A92Z-01",5.456
"THYM","Tumor","TCGA-XM-AAZ2-01",6.009
"THYM","Tumor","TCGA-ZB-A96H-01",5.274
"THYM","Tumor","TCGA-ZB-A96P-01",5.684
"THYM","Tumor","TCGA-3Q-A9WF-01",5.51
"THYM","Tumor","TCGA-ZB-A964-01",5.52
"THYM","Tumor","TCGA-YT-A95H-01",5.665
"THYM","Tumor","TCGA-ZB-A961-01",5.549
"THYM","Tumor","TCGA-ZB-A96K-01",5.627
"THYM","Tumor","TCGA-4V-A9QI-01",5.256
"THYM","Tumor","TCGA-X7-A8DJ-01",5.572
"THYM","Tumor","TCGA-5V-A9RR-01",6.382
"THYM","Tumor","TCGA-XH-A853-01",5.819
"THYM","Tumor","TCGA-XM-A8RC-01",5.884
"THYM","Tumor","TCGA-XM-A8RG-01",5.715
"THYM","Tumor","TCGA-XU-A92U-01",5.547
"THYM","Tumor","TCGA-3G-AB0Q-01",5.937
"THYM","Tumor","TCGA-4V-A9QJ-01",6.147
"THYM","Tumor","TCGA-XM-AAZ3-01",5.618
"THYM","Tumor","TCGA-ZB-A962-01",5.762
"THYM","Tumor","TCGA-3S-A8YW-01",6.499
"THYM","Tumor","TCGA-XU-A92O-01",5.784
"THYM","Tumor","TCGA-XU-AAXZ-01",5.573
"THYM","Tumor","TCGA-ZC-AAA7-01",5.975
"THYM","Tumor","TCGA-4V-A9QW-01",6.123
"THYM","Tumor","TCGA-5U-AB0E-01",6.344
"THYM","Tumor","TCGA-XU-A92W-01",5.761
"THYM","Tumor","TCGA-ZL-A9V6-01",5.354
"THYM","Tumor","TCGA-ZB-A96E-01",6.004
"THYM","Tumor","TCGA-ZB-A96G-01",5.775
"THYM","Tumor","TCGA-5K-AAAP-01",6.163
"THYM","Tumor","TCGA-X7-A8D8-01",5.798
"THYM","Tumor","TCGA-ZB-A96A-01",5.456
"THYM","Tumor","TCGA-4X-A9FA-01",6.073
"THYM","Tumor","TCGA-YT-A95E-01",5.379
"THYM","Tumor","TCGA-ZC-AAAH-01",5.281
"THYM","Tumor","TCGA-X7-A8M1-01",5.71
"THYM","Tumor","TCGA-ZB-A96B-01",5.824
"THYM","Tumor","TCGA-XU-A92Q-01",5.475
"THYM","Tumor","TCGA-ZB-A96Q-01",5.518
"THYM","Tumor","TCGA-3G-AB0O-01",5.329
"THYM","Tumor","TCGA-X7-A8DG-01",5.88
"THYM","Tumor","TCGA-ZB-A963-01",5.522
"THYM","Tumor","TCGA-3G-AB0T-01",6.186
"THYM","Tumor","TCGA-X7-A8M8-01",6.067
"THYM","Tumor","TCGA-4X-A9FB-01",5.619
"THYM","Tumor","TCGA-XM-A8RL-01",5.745
"THYM","Tumor","TCGA-ZB-A96V-01",5.868
"THYM","Tumor","TCGA-X7-A8M6-01",5.595
"THYM","Tumor","TCGA-XU-A930-01",6.077
"THYM","Tumor","TCGA-XU-AAXY-01",6.052
"THYM","Tumor","TCGA-XM-AAZ1-01",6.248
"THYM","Tumor","TCGA-X7-A8M4-01",5.734
"THYM","Tumor","TCGA-X7-A8DF-01",6.01
"THYM","Tumor","TCGA-4V-A9QM-01",5.859
"THYM","Tumor","TCGA-ZB-A96F-01",6.069
"THYM","Tumor","TCGA-ZC-AAAA-01",5.784
"THYM","Tumor","TCGA-ZB-A96R-01",6.069
"THYM","Tumor","TCGA-XU-A932-01",5.971
"THYM","Tumor","TCGA-X7-A8M7-01",5.572
"THYM","Tumor","TCGA-XU-A92X-01",6.138
"THYM","Tumor","TCGA-XM-A8RF-01",5.541
"THYM","Tumor","TCGA-XU-A92T-01",5.331
"THYM","Tumor","TCGA-4V-A9QT-01",5.602
"THYM","Tumor","TCGA-ZB-A966-01",5.525
"THYM","Tumor","TCGA-4V-A9QX-01",5.717
"THYM","Tumor","TCGA-ZB-A96C-01",5.616
"THYM","Tumor","TCGA-3G-AB19-01",5.68
"THYM","Tumor","TCGA-4V-A9QU-01",5.264
"THYM","Tumor","TCGA-ZB-A965-01",5.28
"THYM","Tumor","TCGA-ZC-AAAF-01",5.911
"THYM","Tumor","TCGA-ZT-A8OM-01",5.628
"THYM","Tumor","TCGA-XU-A92V-01",5.566
"THYM","Tumor","TCGA-ZB-A969-01",5.035
"THYM","Tumor","TCGA-5U-AB0D-01",6.266
"THYM","Tumor","TCGA-X7-A8DB-01",5.619
"THYM","Tumor","TCGA-XM-A8R9-01",5.146
"THYM","Tumor","TCGA-XU-A92Y-01",5.739
"THYM","Tumor","TCGA-ZB-A96I-01",5.584
"THYM","Tumor","TCGA-ZB-A96L-01",4.937
"THYM","Tumor","TCGA-XM-A8RD-01",5.459
"THYM","Tumor","TCGA-XM-A8RB-01",5.845
"THYM","Tumor","TCGA-XM-A8R8-01",4.667
"THYM","Tumor","TCGA-X7-A8M5-01",6.115
"THYM","Tumor","TCGA-XU-A936-01",5.86
"THYM","Tumor","TCGA-X7-A8M3-01",6.115
"THYM","Tumor","TCGA-XU-AAY0-01",5.812
"THYM","Tumor","TCGA-X7-A8M0-01",5.507
"THYM","Tumor","TCGA-XU-A931-01",5.039
"THYM","Tumor","TCGA-YT-A95G-01",5.551
"THYM","Tumor","TCGA-XM-A8RH-01",5.389
"THYM","Tumor","TCGA-4V-A9QL-01",5.943
"THYM","Tumor","TCGA-5U-AB0F-01",5.225
"THYM","Tumor","TCGA-4X-A9F9-01",5.812
"THYM","Tumor","TCGA-ZB-A96M-01",5.268
"THYM","Tumor","TCGA-3S-AAYX-01",5.502
"THYM","Tumor","TCGA-YT-A95F-01",5.495
"THYM","Tumor","TCGA-X7-A8DD-01",5.425
"THYM","Tumor","TCGA-XM-A8RE-01",5.873
"THYM","Tumor","TCGA-ZB-A96O-01",5.911
"THYM","Tumor","TCGA-4V-A9QS-01",5.443
"THYM","Tumor","TCGA-5G-A9ZZ-01",5.55
"THYM","Tumor","TCGA-XU-A933-01",5.738
"THYM","Tumor","TCGA-ZB-A96D-01",5.554
"THYM","Tumor","TCGA-4V-A9QR-01",5.797
"THYM","Tumor","TCGA-XU-AAY1-01",5.931
"THYM","Tumor","TCGA-4X-A9FC-01",5.487
"THYM","Tumor","TCGA-YT-A95D-01",5.378
"THYM","Tumor","TCGA-X7-A8D6-01",5.049
"THYM","Tumor","TCGA-X7-A8D7-01",5.765
"THYM","Tumor","TCGA-XU-AAXV-01",5.437
"THYM","Tumor","TCGA-XU-AAXX-01",5.761
"THYM","Tumor","TCGA-4X-A9FD-01",5.308
"THYM","Tumor","TCGA-4V-A9QN-01",6.857
"THYM","Tumor","TCGA-XU-AAXW-01",5.33
"THYM","Tumor","TCGA-X7-A8DE-01",6.063
"THYM","Tumor","TCGA-3T-AA9L-01",5.303
"THYM","Tumor","TCGA-X7-A8D9-01",5.819
"THYM","Normal","TCGA-X7-A8D6-11",5.412
"THYM","Normal","TCGA-X7-A8D7-11",5.732
"UCEC","Tumor","TCGA-AJ-A3NH-01",5.972
"UCEC","Tumor","TCGA-B5-A0K9-01",6.817
"UCEC","Tumor","TCGA-DF-A2KZ-01",6.114
"UCEC","Tumor","TCGA-EY-A72D-01",6.455
"UCEC","Tumor","TCGA-A5-A1OH-01",5.585
"UCEC","Tumor","TCGA-EO-A3AS-01",6.099
"UCEC","Tumor","TCGA-QS-A744-01",6.298
"UCEC","Tumor","TCGA-AJ-A2QO-01",7.057
"UCEC","Tumor","TCGA-QS-A8F1-01",4.612
"UCEC","Tumor","TCGA-AX-A3G1-01",5.546
"UCEC","Tumor","TCGA-B5-A0JN-01",5.666
"UCEC","Tumor","TCGA-DF-A2KR-01",5.866
"UCEC","Tumor","TCGA-AJ-A3NG-01",6.226
"UCEC","Tumor","TCGA-EO-A22U-01",7.073
"UCEC","Tumor","TCGA-EY-A548-01",5.555
"UCEC","Tumor","TCGA-AX-A3FS-01",6.297
"UCEC","Tumor","TCGA-BG-A3PP-01",7.015
"UCEC","Tumor","TCGA-EY-A210-01",6.42
"UCEC","Tumor","TCGA-EY-A3L3-01",5.424
"UCEC","Tumor","TCGA-D1-A3DG-01",7.706
"UCEC","Tumor","TCGA-EO-A3AZ-01",5.992
"UCEC","Tumor","TCGA-EO-A3KX-01",6.376
"UCEC","Tumor","TCGA-AJ-A3TW-01",6.418
"UCEC","Tumor","TCGA-EY-A549-01",5.879
"UCEC","Tumor","TCGA-A5-A2K2-01",7.096
"UCEC","Tumor","TCGA-AJ-A3IA-01",5.912
"UCEC","Tumor","TCGA-AX-A1C7-01",4.937
"UCEC","Tumor","TCGA-D1-A3DA-01",5.846
"UCEC","Tumor","TCGA-SL-A6JA-01",6.401
"UCEC","Tumor","TCGA-A5-A2K5-01",6.917
"UCEC","Tumor","TCGA-AX-A3G8-01",6.756
"UCEC","Tumor","TCGA-EO-A3L0-01",6.369
"UCEC","Tumor","TCGA-EY-A1GX-01",6.528
"UCEC","Tumor","TCGA-KP-A3W1-01",5.708
"UCEC","Tumor","TCGA-BK-A56F-01",5.216
"UCEC","Tumor","TCGA-EY-A547-01",6.777
"UCEC","Tumor","TCGA-A5-A3LP-01",5.665
"UCEC","Tumor","TCGA-AJ-A3EJ-01",5.555
"UCEC","Tumor","TCGA-B5-A3FH-01",6.045
"UCEC","Tumor","TCGA-BK-A139-01",3.56
"UCEC","Tumor","TCGA-PG-A917-01",6.089
"UCEC","Tumor","TCGA-AJ-A3OK-01",4.833
"UCEC","Tumor","TCGA-AX-A3GB-01",5.221
"UCEC","Tumor","TCGA-B5-A0JR-01",6.564
"UCEC","Tumor","TCGA-B5-A3FA-01",6.896
"UCEC","Tumor","TCGA-B5-A3FB-01",6.69
"UCEC","Tumor","TCGA-PG-A914-01",5.014
"UCEC","Tumor","TCGA-SL-A6J9-01",6.266
"UCEC","Tumor","TCGA-EO-A3AU-01",6.249
"UCEC","Tumor","TCGA-EO-A3KW-01",6.118
"UCEC","Tumor","TCGA-EY-A5W2-01",6.787
"UCEC","Tumor","TCGA-KP-A3W0-01",4.812
"UCEC","Tumor","TCGA-KP-A3W3-01",5.075
"UCEC","Tumor","TCGA-PG-A5BC-01",4.859
"UCEC","Tumor","TCGA-A5-A7WK-01",6.093
"UCEC","Tumor","TCGA-AX-A3G7-01",4.985
"UCEC","Tumor","TCGA-B5-A3S1-01",4.94
"UCEC","Tumor","TCGA-B5-A5OC-01",5.403
"UCEC","Tumor","TCGA-BK-A26L-01",2.884
"UCEC","Tumor","TCGA-D1-A3DH-01",7.796
"UCEC","Tumor","TCGA-H5-A2HR-01",5.923
"UCEC","Tumor","TCGA-AJ-A23N-01",5.889
"UCEC","Tumor","TCGA-B5-A3FD-01",6.28
"UCEC","Tumor","TCGA-D1-A2G0-01",7.322
"UCEC","Tumor","TCGA-PG-A916-01",6.082
"UCEC","Tumor","TCGA-5B-A90C-01",5.312
"UCEC","Tumor","TCGA-A5-A2K4-01",6.431
"UCEC","Tumor","TCGA-AJ-A3EM-01",7.115
"UCEC","Tumor","TCGA-AX-A3FX-01",5.931
"UCEC","Tumor","TCGA-BK-A0CC-01",2.776
"UCEC","Tumor","TCGA-KP-A3VZ-01",5.474
"UCEC","Tumor","TCGA-A5-A2K3-01",5.516
"UCEC","Tumor","TCGA-AJ-A3BK-01",6.408
"UCEC","Tumor","TCGA-AP-A5FX-01",5.059
"UCEC","Tumor","TCGA-B5-A5OE-01",6.392
"UCEC","Tumor","TCGA-EO-A22Y-01",6.462
"UCEC","Tumor","TCGA-EO-A3KU-01",5.448
"UCEC","Tumor","TCGA-FI-A3PV-01",5.426
"UCEC","Tumor","TCGA-PG-A6IB-01",6.786
"UCEC","Tumor","TCGA-AJ-A2QM-01",5.756
"UCEC","Tumor","TCGA-AJ-A3BI-01",6.743
"UCEC","Tumor","TCGA-AX-A3G6-01",6.536
"UCEC","Tumor","TCGA-B5-A5OD-01",5.884
"UCEC","Tumor","TCGA-EY-A54A-01",5.044
"UCEC","Tumor","TCGA-AX-A2H4-01",5.654
"UCEC","Tumor","TCGA-AX-A3FW-01",5.42
"UCEC","Tumor","TCGA-AX-A3GI-01",5.859
"UCEC","Tumor","TCGA-AJ-A3BF-01",6.1
"UCEC","Tumor","TCGA-AJ-A3BG-01",7.463
"UCEC","Tumor","TCGA-AJ-A5DV-01",5.837
"UCEC","Tumor","TCGA-E6-A2P9-01",5.669
"UCEC","Tumor","TCGA-EO-A1Y7-01",6.971
"UCEC","Tumor","TCGA-EY-A1GO-01",6.344
"UCEC","Tumor","TCGA-A5-A3LO-01",6.24
"UCEC","Tumor","TCGA-A5-A7WJ-01",6.928
"UCEC","Tumor","TCGA-AJ-A6NU-01",6.14
"UCEC","Tumor","TCGA-AJ-A8CW-01",6.435
"UCEC","Tumor","TCGA-AX-A3FT-01",6.056
"UCEC","Tumor","TCGA-DI-A2QY-01",5.54
"UCEC","Tumor","TCGA-EY-A3QX-01",5.923
"UCEC","Tumor","TCGA-SJ-A6ZI-01",6.794
"UCEC","Tumor","TCGA-AJ-A3NC-01",5.217
"UCEC","Tumor","TCGA-AX-A2IN-01",6.387
"UCEC","Tumor","TCGA-AX-A3G9-01",5.827
"UCEC","Tumor","TCGA-EO-A3B1-01",6.061
"UCEC","Tumor","TCGA-EY-A2OP-01",7.099
"UCEC","Tumor","TCGA-FI-A2EY-01",5.102
"UCEC","Tumor","TCGA-KP-A3W4-01",5.413
"UCEC","Tumor","TCGA-AX-A3FV-01",5.189
"UCEC","Tumor","TCGA-BG-A3EW-01",6.569
"UCEC","Tumor","TCGA-BK-A6W4-01",5.916
"UCEC","Tumor","TCGA-PG-A7D5-01",5.911
"UCEC","Tumor","TCGA-BK-A0CA-01",3.053
"UCEC","Tumor","TCGA-D1-A3JP-01",6.19
"UCEC","Tumor","TCGA-D1-A3JQ-01",4.912
"UCEC","Tumor","TCGA-E6-A8L9-01",5.382
"UCEC","Tumor","TCGA-EY-A2ON-01",6.39
"UCEC","Tumor","TCGA-EY-A2OQ-01",6.098
"UCEC","Tumor","TCGA-JU-AAVI-01",5.98
"UCEC","Tumor","TCGA-QS-A5YR-01",6.551
"UCEC","Tumor","TCGA-SJ-A6ZJ-01",6.25
"UCEC","Tumor","TCGA-AJ-A3NF-01",4.592
"UCEC","Tumor","TCGA-AX-A05W-01",5.18
"UCEC","Tumor","TCGA-AX-A2HH-01",6.037
"UCEC","Tumor","TCGA-AX-A3G4-01",6.035
"UCEC","Tumor","TCGA-B5-A1MS-01",5.503
"UCEC","Tumor","TCGA-DF-A2L0-01",6.383
"UCEC","Tumor","TCGA-K6-A3WQ-01",5.799
"UCEC","Tumor","TCGA-PG-A915-01",5.434
"UCEC","Tumor","TCGA-2E-A9G8-01",5.135
"UCEC","Tumor","TCGA-AJ-A8CT-01",5.516
"UCEC","Tumor","TCGA-AJ-A8CV-01",6.488
"UCEC","Tumor","TCGA-AX-A3G3-01",6.326
"UCEC","Tumor","TCGA-BK-A13B-01",5.707
"UCEC","Tumor","TCGA-EO-A3AY-01",7.543
"UCEC","Tumor","TCGA-AJ-A3BD-01",6.894
"UCEC","Tumor","TCGA-AJ-A3QS-01",5.471
"UCEC","Tumor","TCGA-FI-A3PX-01",6.009
"UCEC","Tumor","TCGA-QF-A5YS-01",6.148
"UCEC","Tumor","TCGA-QF-A5YT-01",6.601
"UCEC","Tumor","TCGA-AJ-A5DW-01",6.016
"UCEC","Tumor","TCGA-AP-A3K1-01",5.622
"UCEC","Tumor","TCGA-B5-A3F9-01",5.402
"UCEC","Tumor","TCGA-BS-A0V4-01",4.876
"UCEC","Tumor","TCGA-EY-A2OO-01",6.422
"UCEC","Tumor","TCGA-EY-A4KR-01",5.31
"UCEC","Tumor","TCGA-AJ-A3OL-01",6.441
"UCEC","Tumor","TCGA-B5-A1MW-01",7.012
"UCEC","Tumor","TCGA-DF-A2KV-01",6.555
"UCEC","Tumor","TCGA-DI-A1BU-01",5.659
"UCEC","Tumor","TCGA-KJ-A3U4-01",5.685
"UCEC","Tumor","TCGA-QS-A5YQ-01",6.171
"UCEC","Tumor","TCGA-4E-A92E-01",5.636
"UCEC","Tumor","TCGA-AJ-A3OJ-01",6.317
"UCEC","Tumor","TCGA-EY-A1GP-01",5.431
"UCEC","Tumor","TCGA-AJ-A3EK-01",6.723
"UCEC","Tumor","TCGA-B5-A3FC-01",6.274
"UCEC","Tumor","TCGA-E6-A2P8-01",6.757
"UCEC","Tumor","TCGA-A5-AB3J-01",5.473
"UCEC","Tumor","TCGA-AJ-A3I9-01",6.596
"UCEC","Tumor","TCGA-BG-A0MK-01",6.447
"UCEC","Tumor","TCGA-5S-A9Q8-01",5.892
"UCEC","Tumor","TCGA-B5-A11R-01",5.633
"UCEC","Tumor","TCGA-DI-A2QT-01",6.386
"UCEC","Tumor","TCGA-EO-A3AV-01",7.044
"UCEC","Tumor","TCGA-EY-A1GL-01",5.709
"UCEC","Tumor","TCGA-DF-A2KY-01",6.867
"UCEC","Tumor","TCGA-BS-A0V7-01",5.012
"UCEC","Tumor","TCGA-AJ-A3EL-01",6.753
"UCEC","Tumor","TCGA-AJ-A3NE-01",5.752
"UCEC","Tumor","TCGA-EO-A3B0-01",7.414
"UCEC","Tumor","TCGA-BK-A4ZD-01",5.744
"UCEC","Tumor","TCGA-A5-A2K7-01",6.289
"UCEC","Tumor","TCGA-DI-A1C3-01",5.546
"UCEC","Tumor","TCGA-EO-A22X-01",6.644
"UCEC","Tumor","TCGA-BK-A6W3-01",6.283
"UCEC","Tumor","TCGA-AX-A3FZ-01",6.012
"UCEC","Tumor","TCGA-AJ-A3BH-01",6.236
"UCEC","Tumor","TCGA-DF-A2KN-01",6.563
"UCEC","Tumor","TCGA-DF-A2KU-01",7.445
"UCEC","Normal","TCGA-AJ-A3NH-11",5.494
"UCEC","Normal","TCGA-BG-A3PP-11",4.98
"UCEC","Normal","TCGA-AX-A2HD-11",5.468
"UCEC","Normal","TCGA-DI-A2QY-11",6.172
"UCEC","Normal","TCGA-AJ-A3NC-11",4.695
"UCEC","Normal","TCGA-BG-A2AD-11",5.149
"UCEC","Normal","TCGA-BG-A3EW-11",5.013
"UCEC","Normal","TCGA-AX-A05Y-11",4.718
"UCEC","Normal","TCGA-AX-A0IZ-11",4.89
"UCEC","Normal","TCGA-AX-A2HC-11",5.253
"UCEC","Normal","TCGA-AX-A0J0-11",4.664
"UCEC","Normal","TCGA-AJ-A3NE-11",4.845
"UCEC","Normal","TCGA-BK-A4ZD-11",5.067
"UCEC","Normal","TCGA-FL-A1YG-11",5.32
"UCEC","Normal","TCGA-FL-A1YH-11",5.597
"UCEC","Normal","TCGA-FL-A1YI-11",5.467
"UCEC","Normal","TCGA-FL-A1YL-11",5.494
"UCEC","Normal","TCGA-FL-A1YN-11",5.285
"UCEC","Normal","TCGA-FL-A1YQ-11",5.439
"UCEC","Normal","TCGA-FL-A1YT-11",5.363
"UCEC","Normal","TCGA-FL-A1YU-11",5.799
"UCEC","Normal","TCGA-FL-A1YV-11",5.422
"UCEC","Normal","TCGA-FL-A3WE-11",5.383
"UCS","Tumor","TCGA-ND-A4WA-01",5.702
"UCS","Tumor","TCGA-NF-A5CP-01",6.661
"UCS","Tumor","TCGA-N8-A4PP-01",6.764
"UCS","Tumor","TCGA-N7-A4Y5-01",5.436
"UCS","Tumor","TCGA-N6-A4VE-01",5.789
"UCS","Tumor","TCGA-N6-A4VC-01",5.877
"UCS","Tumor","TCGA-ND-A4WC-01",6.476
"UCS","Tumor","TCGA-N8-A4PL-01",5.925
"UCS","Tumor","TCGA-N6-A4VD-01",6.27
"UCS","Tumor","TCGA-NA-A4R0-01",5.691
"UCS","Tumor","TCGA-NA-A5I1-01",5.327
"UCS","Tumor","TCGA-N6-A4VG-01",5.716
"UCS","Tumor","TCGA-N9-A4PZ-01",5.874
"UCS","Tumor","TCGA-ND-A4WF-01",6.203
"UCS","Tumor","TCGA-N8-A4PQ-01",4.93
"UCS","Tumor","TCGA-N8-A56S-01",5.744
"UCS","Tumor","TCGA-NA-A4R1-01",6.3
"UCS","Tumor","TCGA-NG-A4VW-01",5.983
"UCS","Tumor","TCGA-N8-A4PM-01",5.445
"UCS","Tumor","TCGA-N7-A4Y8-01",6.9
"UCS","Tumor","TCGA-NA-A4QV-01",6.113
"UCS","Tumor","TCGA-N5-A4RN-01",5.508
"UCS","Tumor","TCGA-N8-A4PI-01",6.54
"UCS","Tumor","TCGA-N9-A4Q1-01",5.88
"UCS","Tumor","TCGA-N5-A4RD-01",6.402
"UCS","Tumor","TCGA-N5-A4RT-01",5.906
"UCS","Tumor","TCGA-N7-A59B-01",6.927
"UCS","Tumor","TCGA-N9-A4Q7-01",6.198
"UCS","Tumor","TCGA-N5-A4RF-01",6.73
"UCS","Tumor","TCGA-N8-A4PN-01",5.687
"UCS","Tumor","TCGA-N9-A4Q8-01",5.344
"UCS","Tumor","TCGA-N5-A4RO-01",6.311
"UCS","Tumor","TCGA-ND-A4W6-01",6.019
"UCS","Tumor","TCGA-QM-A5NM-01",6.377
"UCS","Tumor","TCGA-N8-A4PO-01",6.186
"UCS","Tumor","TCGA-N5-A4R8-01",6.752
"UCS","Tumor","TCGA-N5-A4RS-01",6.126
"UCS","Tumor","TCGA-N5-A59F-01",5.196
"UCS","Tumor","TCGA-N7-A4Y0-01",7.255
"UCS","Tumor","TCGA-N9-A4Q3-01",5.954
"UCS","Tumor","TCGA-N5-A4RA-01",6.106
"UCS","Tumor","TCGA-NG-A4VU-01",6.088
"UCS","Tumor","TCGA-N5-A4RM-01",7.047
"UCS","Tumor","TCGA-N5-A4RV-01",6.18
"UCS","Tumor","TCGA-N5-A59E-01",6.218
"UCS","Tumor","TCGA-NA-A4QY-01",4.939
"UCS","Tumor","TCGA-N5-A4RJ-01",6.234
"UCS","Tumor","TCGA-N9-A4Q4-01",5.762
"UCS","Tumor","TCGA-NA-A4QW-01",6.194
"UCS","Tumor","TCGA-NF-A4WX-01",5.089
"UCS","Tumor","TCGA-NA-A4QX-01",5.411
"UCS","Tumor","TCGA-N6-A4V9-01",5.351
"UCS","Tumor","TCGA-NF-A4WU-01",5.458
"UCS","Tumor","TCGA-NF-A4X2-01",6.557
"UCS","Tumor","TCGA-QN-A5NN-01",5.763
"UCS","Tumor","TCGA-N5-A4RU-01",5.469
"UCS","Tumor","TCGA-N6-A4VF-01",5.677
"UCS","Normal","GTEX-P4PP-2026-SM-3P61N",5.767
"UCS","Normal","GTEX-11I78-2126-SM-5A5K8",5.469
"UCS","Normal","GTEX-13U4I-1926-SM-5LU39",5.44
"UCS","Normal","GTEX-131XG-2026-SM-5GCN5",5.579
"UCS","Normal","GTEX-OHPK-2026-SM-3MJH7",5.222
"UCS","Normal","GTEX-XV7Q-1526-SM-4BRWB",6.223
"UCS","Normal","GTEX-RWS6-1326-SM-47JXB",5.228
"UCS","Normal","GTEX-QCQG-1326-SM-48U24",5.759
"UCS","Normal","GTEX-12WSG-2126-SM-5EGJ7",5.142
"UCS","Normal","GTEX-RU72-2626-SM-4TT75",5.553
"UCS","Normal","GTEX-131YS-2326-SM-5IJFJ",5.392
"UCS","Normal","GTEX-PX3G-2026-SM-48U1H",5.449
"UCS","Normal","GTEX-13D11-1226-SM-5IFGA",4.779
"UCS","Normal","GTEX-12WSD-2826-SM-59HKT",5.587
"UCS","Normal","GTEX-1313W-2826-SM-5P9G1",5.014
"UCS","Normal","GTEX-11ZTS-2326-SM-5EQMY",5.335
"UCS","Normal","GTEX-U3ZN-0726-SM-4DXT5",5.244
"UCS","Normal","GTEX-YFC4-2826-SM-5P9FR",5.274
"UCS","Normal","GTEX-XYKS-1626-SM-4BRUQ",5.75
"UCS","Normal","GTEX-Y3IK-2126-SM-4YCDS",4.98
"UCS","Normal","GTEX-PWCY-1426-SM-48TCT",5.27
"UCS","Normal","GTEX-139D8-2526-SM-5N9G3",5.228
"UCS","Normal","GTEX-11DXX-1526-SM-5H115",5.111
"UCS","Normal","GTEX-ZAK1-2526-SM-5S2N7",5.673
"UCS","Normal","GTEX-ZLWG-1026-SM-4WWC4",5.016
"UCS","Normal","GTEX-ZVT2-0426-SM-5E44S",4.918
"UCS","Normal","GTEX-ZP4G-0726-SM-4WWF2",5.121
"UCS","Normal","GTEX-P4QT-2026-SM-3NMCJ",5.449
"UCS","Normal","GTEX-P78B-2526-SM-3P5ZY",5.519
"UCS","Normal","GTEX-113JC-2226-SM-5EGJG",4.931
"UCS","Normal","GTEX-14BIM-2226-SM-5SI8Y",5.287
"UCS","Normal","GTEX-Q734-1626-SM-48U1B",5.382
"UCS","Normal","GTEX-13VXT-1626-SM-5IJES",5.676
"UCS","Normal","GTEX-WYVS-1226-SM-4ONCL",5.262
"UCS","Normal","GTEX-1399S-2226-SM-5IFEW",5.173
"UCS","Normal","GTEX-OHPL-2026-SM-3TW8R",5.581
"UCS","Normal","GTEX-14BMU-1826-SM-5RQII",5.064
"UCS","Normal","GTEX-XUW1-0226-SM-4BOOS",5.255
"UCS","Normal","GTEX-145ME-1326-SM-5O98Q",4.853
"UCS","Normal","GTEX-12ZZX-2126-SM-5LZVL",5.494
"UCS","Normal","GTEX-R55G-1626-SM-48FF4",5.161
"UCS","Normal","GTEX-YJ8O-1126-SM-5P9IS",5.217
"UCS","Normal","GTEX-T2IS-2226-SM-4DM65",5.081
"UCS","Normal","GTEX-13PL7-2026-SM-5IFGK",4.972
"UCS","Normal","GTEX-W5WG-1326-SM-4LMI9",5.003
"UCS","Normal","GTEX-13FTX-1026-SM-5J2O5",5.434
"UCS","Normal","GTEX-1117F-2426-SM-5EGGH",5.438
"UCS","Normal","GTEX-132AR-1526-SM-5KM1L",4.927
"UCS","Normal","GTEX-13OVJ-2326-SM-5IJGA",5.026
"UCS","Normal","GTEX-WEY5-0726-SM-4LMID",5.312
"UCS","Normal","GTEX-1399U-1326-SM-5IJET",5.147
"UCS","Normal","GTEX-11P81-1626-SM-5BC52",5.316
"UCS","Normal","GTEX-ZV6S-1526-SM-5NQ7O",4.822
"UCS","Normal","GTEX-N7MT-0726-SM-3TW8S",5.476
"UCS","Normal","GTEX-11ZTT-1726-SM-5EQL4",4.726
"UCS","Normal","GTEX-S4UY-1226-SM-4AD51",5.184
"UCS","Normal","GTEX-13S7M-1726-SM-5RQK3",5.766
"UCS","Normal","GTEX-12WSK-2026-SM-5CVNB",4.82
"UCS","Normal","GTEX-ZXES-0726-SM-5E451",4.912
"UCS","Normal","GTEX-XUZC-0926-SM-4BOQF",5.325
"UCS","Normal","GTEX-ZYVF-0526-SM-5E43E",5.573
"UCS","Normal","GTEX-WWYW-2826-SM-4MVOQ",5.481
"UCS","Normal","GTEX-T6MO-1526-SM-4DM57",4.815
"UCS","Normal","GTEX-WXYG-1326-SM-4ONCN",5.042
"UCS","Normal","GTEX-UPIC-1526-SM-4IHLU",5.614
"UCS","Normal","GTEX-XUJ4-1526-SM-4BONU",4.66
"UCS","Normal","GTEX-POMQ-1226-SM-3P61F",5.395
"UCS","Normal","GTEX-13QBU-1626-SM-5LU4S",5.095
"UCS","Normal","GTEX-11EM3-1926-SM-5987U",4.762
"UCS","Normal","GTEX-PWN1-2026-SM-48TD9",4.844
"UCS","Normal","GTEX-13N11-1126-SM-5KM41",5.294
"UCS","Normal","GTEX-T5JW-1526-SM-4DM5E",5.005
"UCS","Normal","GTEX-TMMY-2226-SM-4DXTN",5.393
"UCS","Normal","GTEX-13OVI-1026-SM-5L3EM",4.928
"UCS","Normal","GTEX-S341-1026-SM-4AD71",4.943
"UCS","Normal","GTEX-ZAJG-2826-SM-5HL8D",5.773
"UCS","Normal","GTEX-ZTPG-2026-SM-5O999",5.432
"UCS","Normal","GTEX-WI4N-2426-SM-4OOSC",6.214
"UVM","Tumor","TCGA-V4-A9EE-01",6.142
"UVM","Tumor","TCGA-VD-AA8N-01",6.093
"UVM","Tumor","TCGA-V4-A9EI-01",6.459
"UVM","Tumor","TCGA-VD-AA8O-01",6.051
"UVM","Tumor","TCGA-WC-A888-01",6.466
"UVM","Tumor","TCGA-WC-A881-01",5.643
"UVM","Tumor","TCGA-WC-A88A-01",5.762
"UVM","Tumor","TCGA-YZ-A980-01",6.331
"UVM","Tumor","TCGA-V4-A9EO-01",5.931
"UVM","Tumor","TCGA-WC-A87U-01",5.564
"UVM","Tumor","TCGA-VD-A8KD-01",5.769
"UVM","Tumor","TCGA-VD-AA8Q-01",5.249
"UVM","Tumor","TCGA-VD-A8KH-01",5.692
"UVM","Tumor","TCGA-V4-A9F8-01",6.447
"UVM","Tumor","TCGA-VD-A8KF-01",5.981
"UVM","Tumor","TCGA-VD-A8KI-01",6.441
"UVM","Tumor","TCGA-V4-A9EA-01",6.002
"UVM","Tumor","TCGA-VD-A8KM-01",6.082
"UVM","Tumor","TCGA-V4-A9EQ-01",6.262
"UVM","Tumor","TCGA-VD-AA8M-01",4.881
"UVM","Tumor","TCGA-WC-A87T-01",5.304
"UVM","Tumor","TCGA-WC-A880-01",5.829
"UVM","Tumor","TCGA-V4-A9EL-01",6.264
"UVM","Tumor","TCGA-WC-A885-01",6.017
"UVM","Tumor","TCGA-WC-AA9E-01",5.369
"UVM","Tumor","TCGA-V4-A9F0-01",6.047
"UVM","Tumor","TCGA-WC-A87Y-01",6.133
"UVM","Tumor","TCGA-V4-A9ET-01",6.167
"UVM","Tumor","TCGA-V3-A9ZX-01",6.019
"UVM","Tumor","TCGA-V4-A9EF-01",5.928
"UVM","Tumor","TCGA-V3-A9ZY-01",5.969
"UVM","Tumor","TCGA-VD-A8KK-01",6.435
"UVM","Tumor","TCGA-V4-A9EH-01",6.249
"UVM","Tumor","TCGA-V4-A9EM-01",5.268
"UVM","Tumor","TCGA-VD-A8KJ-01",5.73
"UVM","Tumor","TCGA-VD-A8KO-01",5.527
"UVM","Tumor","TCGA-V4-A9E9-01",6.056
"UVM","Tumor","TCGA-V4-A9E8-01",6.948
"UVM","Tumor","TCGA-V4-A9ED-01",6.185
"UVM","Tumor","TCGA-V4-A9F4-01",5.3
"UVM","Tumor","TCGA-VD-AA8S-01",6.475
"UVM","Tumor","TCGA-VD-A8K7-01",5.773
"UVM","Tumor","TCGA-V4-A9EJ-01",5.852
"UVM","Tumor","TCGA-VD-A8KA-01",5.98
"UVM","Tumor","TCGA-V4-A9F5-01",6.53
"UVM","Tumor","TCGA-V4-A9EU-01",6.329
"UVM","Tumor","TCGA-VD-AA8T-01",6.031
"UVM","Tumor","TCGA-YZ-A982-01",6.168
"UVM","Tumor","TCGA-V4-A9EZ-01",5.434
"UVM","Tumor","TCGA-V4-A9F2-01",6.208
"UVM","Tumor","TCGA-V4-A9F7-01",5.087
"UVM","Tumor","TCGA-VD-AA8R-01",5.26
"UVM","Tumor","TCGA-VD-A8KL-01",6.035
"UVM","Tumor","TCGA-WC-A883-01",5.671
"UVM","Tumor","TCGA-V4-A9EC-01",5.713
"UVM","Tumor","TCGA-VD-A8KE-01",6.201
"UVM","Tumor","TCGA-VD-A8K9-01",5.91
"UVM","Tumor","TCGA-WC-AA9A-01",5.889
"UVM","Tumor","TCGA-V4-A9EY-01",5.937
"UVM","Tumor","TCGA-VD-A8KB-01",5.574
"UVM","Tumor","TCGA-VD-AA8P-01",5.892
"UVM","Tumor","TCGA-VD-A8KN-01",6.09
"UVM","Tumor","TCGA-V4-A9EV-01",6.047
"UVM","Tumor","TCGA-WC-A87W-01",5.914
"UVM","Tumor","TCGA-VD-A8K8-01",6.125
"UVM","Tumor","TCGA-V4-A9EX-01",6.219
"UVM","Tumor","TCGA-V4-A9ES-01",5.667
"UVM","Tumor","TCGA-V4-A9E5-01",5.492
"UVM","Tumor","TCGA-YZ-A983-01",5.193
"UVM","Tumor","TCGA-WC-A882-01",5.634
"UVM","Tumor","TCGA-YZ-A984-01",6.391
"UVM","Tumor","TCGA-V4-A9F3-01",6.088
"UVM","Tumor","TCGA-RZ-AB0B-01",6.078
"UVM","Tumor","TCGA-VD-A8KG-01",6.009
"UVM","Tumor","TCGA-V4-A9F1-01",6.213
"UVM","Tumor","TCGA-V4-A9EW-01",5.19
"UVM","Tumor","TCGA-YZ-A985-01",6.204
"UVM","Tumor","TCGA-V4-A9EK-01",5.431
"UVM","Tumor","TCGA-WC-A884-01",6.293
