lib,term,p,padj,n_overlap,genes
GO_Biological_Process_2023,Translation (GO:0006412),3.1958735515088694e-15,2.348967060359019e-12,17,GADD45GIP1;RPS9;NDUFA7;DHPS;MRPS2;RPSA;RPL23A;MRPL37;APEH;MRPL12;MRPL34;MRPL4;RPL18A;RPL14;RACK1;RPL29;UBA52
GO_Biological_Process_2023,Macromolecule Biosynthetic Process (GO:0009059),2.4079024530457294e-09,8.849041514943056e-07,11,RPS9;RPL18A;DHPS;POLD2;RPL14;RPSA;RPL23A;MRPL37;RPL29;MRPL12;MRPL34
GO_Biological_Process_2023,Gene Expression (GO:0010467),3.6214990566759428e-09,8.87267268885606e-07,13,RPS9;ALYREF;DHPS;RPSA;RPL23A;MRPL37;MRPL12;MRPL34;EXOSC4;RPL18A;RPL14;STUB1;RPL29
GO_Biological_Process_2023,Peptide Biosynthetic Process (GO:0043043),8.121694788241666e-09,1.4923614173394061e-06,10,RPS9;RPL18A;DHPS;RPL14;RPSA;RPL23A;MRPL37;RPL29;MRPL12;MRPL34
GO_Biological_Process_2023,Cytoplasmic Translation (GO:0002181),2.4673220235872126e-08,3.6269633746732024e-06,8,RPS9;RPL18A;RACK1;RPL14;RPSA;RPL23A;RPL29;UBA52
GO_Biological_Process_2023,Mitochondrial Translation (GO:0032543),6.894561431963229e-07,8.445837754154956e-05,7,MRPL4;GADD45GIP1;NDUFA7;MRPS2;MRPL37;MRPL12;MRPL34
GO_Biological_Process_2023,Mitochondrial Gene Expression (GO:0140053),9.671252054913046e-07,0.00010154814657658698,7,MRPL4;GADD45GIP1;NDUFA7;MRPS2;MRPL37;MRPL12;MRPL34
GO_Biological_Process_2023,Ribosome Assembly (GO:0042255),5.5190445322269966e-06,0.0005070622163983554,5,PPAN;MPV17L2;MRPS2;RPSA;RPL23A
GO_Biological_Process_2023,Mitochondrial Ribosome Assembly (GO:0061668),1.057938118914941e-05,0.0008639827971138685,3,DHX30;MPV17L2;MRPS2
GO_Biological_Process_2023,Aerobic Respiration (GO:0009060),1.2575811329913023e-05,0.000868305316287696,5,NDUFA13;NDUFA7;NDUFB7;MDH2;UQCRC1
GO_Biological_Process_2023,rRNA Processing (GO:0006364),1.2995045549883887e-05,0.000868305316287696,6,DDX49;EXOSC4;PES1;NHP2;RPL14;RRP9
GO_Biological_Process_2023,Cellular Respiration (GO:0045333),7.420052784284086e-05,0.004544782330374003,5,NDUFA13;NDUFA7;NDUFB7;MDH2;UQCRC1
GO_Biological_Process_2023,Mitochondrial Respiratory Chain Complex Assembly (GO:0033108),9.743741360681377e-05,0.0053911402198139335,5,NDUFA13;NDUFB7;SAMM50;UQCC5;ECSIT
GO_Biological_Process_2023,rRNA Metabolic Process (GO:0016072),0.00010268838513931302,0.0053911402198139335,5,DDX49;EXOSC4;PES1;RPL14;RRP9
GO_Biological_Process_2023,protein-RNA Complex Assembly (GO:0022618),0.00011991535704284434,0.005875852495099373,6,XAB2;PPAN;EIF3G;RPSA;RPL23A;LSM4
GO_Biological_Process_2023,Ribosome Biogenesis (GO:0042254),0.00014350338909075024,0.0064131600037020215,6,RPS9;EXOSC4;DDX49;PES1;RPL14;RRP9
GO_Biological_Process_2023,ncRNA Processing (GO:0034470),0.00016033559543799543,0.0064131600037020215,5,DDX49;EXOSC4;PES1;RPL14;RRP9
GO_Biological_Process_2023,Regulation Of Cell Growth (GO:0001558),0.00016380094466361147,0.0064131600037020215,7,PHB1;NDUFA13;EXOSC4;DDX49;BRAT1;MLST8;RACK1
GO_Biological_Process_2023,Ribosomal Large Subunit Biogenesis (GO:0042273),0.0001657823674426373,0.0064131600037020215,4,PES1;PPAN;RPL14;RPL23A
GO_Biological_Process_2023,Ribosomal Large Subunit Assembly (GO:0000027),0.00018482643389906202,0.00679237144579053,3,DHX30;PPAN;RPL23A
GO_Biological_Process_2023,Protein Targeting To Mitochondrion (GO:0006626),0.0002339725958869729,0.008189040856044051,4,NDUFA13;SAMM50;PMPCA;TIMM44
GO_Biological_Process_2023,Oxidative Phosphorylation (GO:0006119),0.0003014816670480268,0.010072228421831805,4,NDUFA13;NDUFA7;NDUFB7;UQCRC1
GO_Biological_Process_2023,Positive Regulation Of Growth (GO:0045927),0.0007850606167171464,0.025087806664656633,4,DDX49;EXOSC4;BRAT1;MLST8
GO_Biological_Process_2023,Cellular Response To Chemical Stress (GO:0062197),0.001116840589603358,0.03317776591138515,4,PRDX2;CHCHD2;TMEM161A;MLST8
GO_Biological_Process_2023,Mitochondrial Protein Processing (GO:0034982),0.0011284954391627604,0.03317776591138515,2,STOML2;PMPCA
GO_Biological_Process_2023,Mitochondrion Organization (GO:0007005),0.0014510470815211989,0.04101998480454158,5,PHB1;STOML2;CHCHD2;SAMM50;TIMM44
GO_Biological_Process_2023,Regulation Of Oxidoreductase Activity (GO:0051341),0.001936634462582429,0.05271949370363279,2,FDX2;ECSIT
GO_Biological_Process_2023,Positive Regulation Of Cell Growth (GO:0030307),0.0021272401450174324,0.0558400538067076,4,EXOSC4;DDX49;BRAT1;MLST8
GO_Biological_Process_2023,Cellular Response To ATP (GO:0071318),0.002251908371812029,0.05707422942351177,2,P2RY11;PDXP
GO_Biological_Process_2023,NADH Dehydrogenase Complex Assembly (GO:0010257),0.0025074370984639765,0.05759269585534446,3,NDUFA13;NDUFB7;ECSIT
GO_Biological_Process_2023,Proton Motive Force-Driven Mitochondrial ATP Synthesis (GO:0042776),0.0025074370984639765,0.05759269585534446,3,NDUFA13;NDUFA7;NDUFB7
GO_Biological_Process_2023,Mitochondrial Respiratory Chain Complex I Assembly (GO:0032981),0.0025074370984639765,0.05759269585534446,3,NDUFA13;NDUFB7;ECSIT
GO_Biological_Process_2023,Maturation Of 5.8S rRNA (GO:0000460),0.0029498822665064593,0.06570192320855296,2,EXOSC4;PES1
GO_Biological_Process_2023,Cellular Response To Oxidative Stress (GO:0034599),0.003042255349737141,0.06576640241343525,4,PRDX2;CHCHD2;TMEM161A;MPV17L2
GO_Biological_Process_2023,Ribonucleoprotein Complex Biogenesis (GO:0022613),0.0031368394714945654,0.06587362890138587,4,RPS9;PES1;RPL14;RRP9
GO_Biological_Process_2023,Proton Motive Force-Driven ATP Synthesis (GO:0015986),0.0035697102095940693,0.07288158344587892,3,NDUFA13;NDUFA7;NDUFB7
GO_Biological_Process_2023,Regulation Of Nuclear Division (GO:0051783),0.004161929576551853,0.0826761686152868,2,PDXP;PIN1
GO_Biological_Process_2023,Response To ATP (GO:0033198),0.004609052918383906,0.0891487867108466,2,P2RY11;PDXP
GO_Biological_Process_2023,mRNA Processing (GO:0006397),0.004816480010837254,0.09077212328116364,5,SF3B5;XAB2;ALYREF;PIN1;LSM4
GO_Biological_Process_2023,Aerobic Electron Transport Chain (GO:0019646),0.00507662260532069,0.09328294037276767,3,NDUFA7;NDUFB7;UQCRC1
GO_Biological_Process_2023,Mitochondrial ATP Synthesis Coupled Electron Transport (GO:0042775),0.005504504862005076,0.09867831886765197,3,NDUFA7;NDUFB7;UQCRC1
GO_Biological_Process_2023,Negative Regulation Of Protein Metabolic Process (GO:0051248),0.006824027842150436,0.11942048723763263,4,PHB1;IFRD2;RACK1;PIN1
GO_Biological_Process_2023,Peptidyl-Proline Modification (GO:0018208),0.00831949464007076,0.13938797132772107,2,NTMT1;PIN1
GO_Biological_Process_2023,Positive Regulation Of Proteasomal Ubiquitin-Dependent Protein Catabolic Process (GO:0032436),0.008809923408872142,0.13938797132772107,3,RACK1;RAD23A;STUB1
GO_Biological_Process_2023,Positive Regulation Of Ubiquitin-Dependent Protein Catabolic Process (GO:2000060),0.008809923408872142,0.13938797132772107,3,RACK1;RAD23A;STUB1
GO_Biological_Process_2023,Regulation Of Cell Division (GO:0051302),0.008809923408872142,0.13938797132772107,3,RACK1;PDXP;PIN1
GO_Biological_Process_2023,Protein Insertion Into Mitochondrial Membrane (GO:0051204),0.008929877998214632,0.13938797132772107,2,NDUFA13;SAMM50
GO_Biological_Process_2023,Ribosomal Small Subunit Biogenesis (GO:0042274),0.009102887923443008,0.13938797132772107,3,RPS9;RPSA;RRP9
GO_Biological_Process_2023,Positive Regulation Of Proteasomal Protein Catabolic Process (GO:1901800),0.010980135413536544,0.16217749799424508,3,RACK1;RAD23A;STUB1
GO_Biological_Process_2023,Positive Regulation Of Cellular Process (GO:0048522),0.011032482856751366,0.16217749799424508,8,RPS9;PHB1;EXOSC4;DDX49;BRAT1;DHPS;MLST8;RAD23A
GO_Biological_Process_2023,Negative Regulation Of Amide Metabolic Process (GO:0034249),0.011996428292654336,0.17288970186472427,3,IFRD2;RACK1;PIN1
GO_Biological_Process_2023,Histone Deubiquitination (GO:0016578),0.012993068528371718,0.1736346430609675,2,BABAM1;SF3B5
GO_Biological_Process_2023,Inner Mitochondrial Membrane Organization (GO:0007007),0.012993068528371718,0.1736346430609675,2,NDUFA13;SAMM50
GO_Biological_Process_2023,Cellular Response To Glucose Stimulus (GO:0071333),0.012993068528371718,0.1736346430609675,2,RACK1;RAB11B
GO_Biological_Process_2023,"Mitochondrial Electron Transport, NADH To Ubiquinone (GO:0006120)",0.012993068528371718,0.1736346430609675,2,NDUFA7;NDUFB7
GO_Biological_Process_2023,Regulation Of Protein Localization (GO:0032880),0.013433050353766835,0.17558752466180547,3,RACK1;PIN1;RAB11B
GO_Biological_Process_2023,"RNA Splicing, Via Transesterification Reactions With Bulged Adenosine As Nucleophile (GO:0000377)",0.013616991708466546,0.17558752466180547,4,SF3B5;XAB2;PIN1;LSM4
GO_Biological_Process_2023,Signal Release From Synapse (GO:0099643),0.016068631553737944,0.20362834813788602,2,RAB3A;STXBP2
GO_Biological_Process_2023,Vitamin Transport (GO:0051180),0.016881532408577954,0.20679877200507993,2,SLC19A1;CD320
GO_Biological_Process_2023,Organelle Transport Along Microtubule (GO:0072384),0.016881532408577954,0.20679877200507993,2,MAP1S;KXD1
GO_Biological_Process_2023,Regulation Of Cellular Response To Stress (GO:0080135),0.017437491692078474,0.21010748186356848,3,BABAM1;SF3B5;CHCHD2
GO_Biological_Process_2023,Regulation Of Proteasomal Ubiquitin-Dependent Protein Catabolic Process (GO:0032434),0.018309776436083253,0.2170594464600192,3,RACK1;RAD23A;STUB1
GO_Biological_Process_2023,DNA-templated Transcription (GO:0006351),0.018976693877274037,0.22139476190153043,4,XAB2;SNAPC2;CCDC124;MRPL12
GO_Biological_Process_2023,Lysosome Localization (GO:0032418),0.019422739883152303,0.22305802834557723,2,RAB3A;KXD1
GO_Biological_Process_2023,Regulation Of Translation (GO:0006417),0.019926573013715122,0.22414133274373704,4,IFRD2;RACK1;ELAVL1;ELP6
GO_Biological_Process_2023,Neurotransmitter Secretion (GO:0007269),0.020303338701821997,0.22414133274373704,2,RAB3A;STXBP2
GO_Biological_Process_2023,Protein Stabilization (GO:0050821),0.021913332773045056,0.22414133274373704,4,PHB1;CDC37;PIN1;STUB1
GO_Biological_Process_2023,"mRNA Splicing, Via Spliceosome (GO:0000398)",0.022950623528119767,0.22414133274373704,4,SF3B5;XAB2;PIN1;LSM4
GO_Biological_Process_2023,Regulation Of Protein Catabolic Process (GO:0042176),0.024563954645225376,0.22414133274373704,3,PHB1;NDUFA13;PIN1
GO_Biological_Process_2023,Regulation Of Intrinsic Apoptotic Signaling Pathway (GO:2001242),0.024949348712210842,0.22414133274373704,2,NDUFA13;RACK1
GO_Biological_Process_2023,Negative Regulation Of ERK1 And ERK2 Cascade (GO:0070373),0.024949348712210842,0.22414133274373704,2,PHB1;PIN1
GO_Biological_Process_2023,"CD4-positive, Alpha-Beta T Cell Activation (GO:0035710)",0.02524355128901587,0.22414133274373704,1,STOML2
GO_Biological_Process_2023,"Establishment Of Mitochondrion Localization, Microtubule-Mediated (GO:0034643)",0.02524355128901587,0.22414133274373704,1,MAP1S
GO_Biological_Process_2023,Negative Regulation Of Glucocorticoid Receptor Signaling Pathway (GO:2000323),0.02524355128901587,0.22414133274373704,1,PHB1
GO_Biological_Process_2023,Glyoxylate Metabolic Process (GO:0046487),0.02524355128901587,0.22414133274373704,1,GRHPR
GO_Biological_Process_2023,Guanine Nucleotide Transmembrane Transport (GO:1903790),0.02524355128901587,0.22414133274373704,1,SLC19A1
GO_Biological_Process_2023,Regulation Of Monoatomic Anion Transport (GO:0044070),0.02524355128901587,0.22414133274373704,1,RAB11B
GO_Biological_Process_2023,Neutrophil Degranulation (GO:0043312),0.02524355128901587,0.22414133274373704,1,STXBP2
GO_Biological_Process_2023,Presynaptic Active Zone Organization (GO:1990709),0.02524355128901587,0.22414133274373704,1,RAB3A
GO_Biological_Process_2023,Regulation Of Plasma Membrane Repair (GO:1905684),0.02524355128901587,0.22414133274373704,1,RAB3A
GO_Biological_Process_2023,Regulation Of Protein Depolymerization (GO:1901879),0.02524355128901587,0.22414133274373704,1,MAP1S
GO_Biological_Process_2023,snRNA Modification (GO:0040031),0.02524355128901587,0.22414133274373704,1,NHP2
GO_Biological_Process_2023,Negative Regulation Of Growth (GO:0045926),0.025616152313569947,0.22414133274373704,3,PHB1;NDUFA13;RACK1
GO_Biological_Process_2023,Regulation Of DNA Metabolic Process (GO:0051052),0.025616152313569947,0.22414133274373704,3,BABAM1;SF3B5;ALYREF
GO_Biological_Process_2023,Negative Regulation Of Cell Growth (GO:0030308),0.026151245270693374,0.22613135616423094,3,PHB1;NDUFA13;RACK1
GO_Biological_Process_2023,Dicarboxylic Acid Metabolic Process (GO:0043648),0.02691772640191098,0.22671140820089972,2,MDH2;SLC19A1
GO_Biological_Process_2023,Regulated Exocytosis (GO:0045055),0.02792475803092072,0.22671140820089972,2,RAB3A;RAB11B
GO_Biological_Process_2023,Regulation Of DNA Repair (GO:0006282),0.02835149858173841,0.22671140820089972,3,BABAM1;SF3B5;TMEM161A
GO_Biological_Process_2023,Positive Regulation Of Gastrulation (GO:2000543),0.03021603513748301,0.22671140820089972,1,RACK1
GO_Biological_Process_2023,Regulation Of Cellular Response To Hypoxia (GO:1900037),0.03021603513748301,0.22671140820089972,1,CHCHD2
GO_Biological_Process_2023,Positive Regulation Of Humoral Immune Response (GO:0002922),0.03021603513748301,0.22671140820089972,1,PHB1
GO_Biological_Process_2023,Positive Regulation Of Membrane Depolarization (GO:1904181),0.03021603513748301,0.22671140820089972,1,RACK1
GO_Biological_Process_2023,Regulation Of Glucocorticoid Receptor Signaling Pathway (GO:2000322),0.03021603513748301,0.22671140820089972,1,PHB1
GO_Biological_Process_2023,RIG-I Signaling Pathway (GO:0039529),0.03021603513748301,0.22671140820089972,1,PHB1
GO_Biological_Process_2023,Insulin Secretion Involved In Cellular Response To Glucose Stimulus (GO:0035773),0.03021603513748301,0.22671140820089972,1,RAB11B
GO_Biological_Process_2023,protein-DNA Covalent Cross-Linking Repair (GO:0106300),0.03021603513748301,0.22671140820089972,1,TEX264
GO_Biological_Process_2023,Polyadenylation-Dependent snoRNA 3'-End Processing (GO:0071051),0.03021603513748301,0.22671140820089972,1,EXOSC4
GO_Biological_Process_2023,Negative Regulation Of Protein Catabolic Process (GO:0042177),0.03103510116204576,0.22671140820089972,2,PHB1;PIN1
GO_Biological_Process_2023,Regulation Of Mitotic Nuclear Division (GO:0007088),0.03318129523359319,0.22671140820089972,2,PDXP;PIN1
GO_Biological_Process_2023,Nucleotide-Excision Repair (GO:0006289),0.03318129523359319,0.22671140820089972,2,XAB2;RAD23A
GO_Biological_Process_2023,Spermidine Metabolic Process (GO:0008216),0.03516340208830281,0.22671140820089972,1,DHPS
GO_Biological_Process_2023,Regulation Of Cyclic-Nucleotide Phosphodiesterase Activity (GO:0051342),0.03516340208830281,0.22671140820089972,1,RACK1
GO_Biological_Process_2023,Folic Acid Transport (GO:0015884),0.03516340208830281,0.22671140820089972,1,SLC19A1
GO_Biological_Process_2023,Negative Regulation Of miRNA-mediated Gene Silencing (GO:0060965),0.03516340208830281,0.22671140820089972,1,ELAVL1
GO_Biological_Process_2023,U4 snRNA 3'-End Processing (GO:0034475),0.03516340208830281,0.22671140820089972,1,EXOSC4
GO_Biological_Process_2023,Histone H2A K63-linked Deubiquitination (GO:0070537),0.03516340208830281,0.22671140820089972,1,BABAM1
GO_Biological_Process_2023,Regulation Of Leukocyte Degranulation (GO:0043300),0.03516340208830281,0.22671140820089972,1,STXBP2
GO_Biological_Process_2023,Regulation Of Lysosome Size (GO:0062196),0.03516340208830281,0.22671140820089972,1,KXD1
GO_Biological_Process_2023,Aldehyde Catabolic Process (GO:0046185),0.03516340208830281,0.22671140820089972,1,PDXP
GO_Biological_Process_2023,Aromatic Compound Catabolic Process (GO:0019439),0.03516340208830281,0.22671140820089972,1,PDXP
GO_Biological_Process_2023,Malate Metabolic Process (GO:0006108),0.03516340208830281,0.22671140820089972,1,MDH2
GO_Biological_Process_2023,rRNA Pseudouridine Synthesis (GO:0031118),0.03516340208830281,0.22671140820089972,1,NHP2
GO_Biological_Process_2023,Regulation Of Golgi To Plasma Membrane Protein Transport (GO:0042996),0.03516340208830281,0.22671140820089972,1,RACK1
GO_Biological_Process_2023,Cyclic Nucleotide Transport (GO:0070729),0.03516340208830281,0.22671140820089972,1,SLC19A1
GO_Biological_Process_2023,Glucose Metabolic Process (GO:0006006),0.036506112141143486,0.227880047718109,2,MDH2;BRAT1
GO_Biological_Process_2023,Positive Regulation Of Proteolysis (GO:0045862),0.036506112141143486,0.227880047718109,2,NDUFA13;STUB1
GO_Biological_Process_2023,Microtubule Cytoskeleton Organization Involved In Mitosis (GO:1902850),0.036506112141143486,0.227880047718109,2,MAP1S;TACC3
GO_Biological_Process_2023,Response To Retinoic Acid (GO:0032526),0.03764185224291706,0.227880047718109,2,NDUFA13;TMEM161A
GO_Biological_Process_2023,Negative Regulation Of Intrinsic Apoptotic Signaling Pathway (GO:2001243),0.03879104991994025,0.227880047718109,2,NDUFA13;TMEM161A
GO_Biological_Process_2023,CD40 Signaling Pathway (GO:0023035),0.04008577742562173,0.227880047718109,1,PHB1
GO_Biological_Process_2023,Transcription-Coupled Nucleotide-Excision Repair (GO:0006283),0.04008577742562173,0.227880047718109,1,XAB2
GO_Biological_Process_2023,Translational Termination (GO:0006415),0.04008577742562173,0.227880047718109,1,APEH
GO_Biological_Process_2023,Negative Regulation Of Oxidative Stress-Induced Neuron Death (GO:1903204),0.04008577742562173,0.227880047718109,1,RACK1
GO_Biological_Process_2023,Modification-Dependent Macromolecule Catabolic Process (GO:0043632),0.04008577742562173,0.227880047718109,1,UBA52
GO_Biological_Process_2023,Regulation Of Vesicle Fusion (GO:0031338),0.04008577742562173,0.227880047718109,1,RAB3A
GO_Biological_Process_2023,Cobalamin Transport (GO:0015889),0.04008577742562173,0.227880047718109,1,CD320
GO_Biological_Process_2023,Response To Misfolded Protein (GO:0051788),0.04008577742562173,0.227880047718109,1,STUB1
GO_Biological_Process_2023,Endocytic Recycling (GO:0032456),0.04231775647063989,0.227880047718109,2,VPS51;RAB11B
GO_Biological_Process_2023,Error-Prone Translesion Synthesis (GO:0042276),0.04498328588336053,0.227880047718109,1,POLD2
GO_Biological_Process_2023,Regulation Of Complement Activation (GO:0030449),0.04498328588336053,0.227880047718109,1,PHB1
GO_Biological_Process_2023,Regulation Of Endoplasmic Reticulum Unfolded Protein Response (GO:1900101),0.04498328588336053,0.227880047718109,1,RACK1
GO_Biological_Process_2023,Transferrin Transport (GO:0033572),0.04498328588336053,0.227880047718109,1,RAB11B
GO_Biological_Process_2023,[2Fe-2S] Cluster Assembly (GO:0044571),0.04498328588336053,0.227880047718109,1,FDX2
GO_Biological_Process_2023,Regulation Of Mast Cell Activation Involved In Immune Response (GO:0033006),0.04498328588336053,0.227880047718109,1,STXBP2
GO_Biological_Process_2023,Negative Regulation Of Transcription By Competitive Promoter Binding (GO:0010944),0.04498328588336053,0.227880047718109,1,PHB1
GO_Biological_Process_2023,Regulation Of Myeloid Leukocyte Mediated Immunity (GO:0002886),0.04498328588336053,0.227880047718109,1,STXBP2
GO_Biological_Process_2023,Nuclear mRNA Surveillance (GO:0071028),0.04498328588336053,0.227880047718109,1,EXOSC4
GO_Biological_Process_2023,Nucleobase-Containing Compound Biosynthetic Process (GO:0034654),0.04498328588336053,0.227880047718109,1,POLD2
GO_Biological_Process_2023,Organic Hydroxy Compound Catabolic Process (GO:1901616),0.04498328588336053,0.227880047718109,1,PDXP
GO_Biological_Process_2023,Regulation Of Protein Phosphorylation (GO:0001932),0.04678955171651729,0.227880047718109,4,BRAT1;FKBP8;RACK1;PIN1
GO_Biological_Process_2023,Negative Regulation Of Hydrogen Peroxide-Induced Cell Death (GO:1903206),0.049856051675230315,0.227880047718109,1,RACK1
GO_Biological_Process_2023,Fatty Acid Beta-Oxidation Using acyl-CoA Dehydrogenase (GO:0033539),0.049856051675230315,0.227880047718109,1,GCDH
GO_Biological_Process_2023,TORC1 Signaling (GO:0038202),0.049856051675230315,0.227880047718109,1,MLST8
GO_Biological_Process_2023,Positive Regulation Of Protein Depolymerization (GO:1901881),0.049856051675230315,0.227880047718109,1,PDXP
GO_Biological_Process_2023,Regulation Of Mitochondrial Depolarization (GO:0051900),0.049856051675230315,0.227880047718109,1,RACK1
GO_Biological_Process_2023,Nuclear RNA Surveillance (GO:0071027),0.049856051675230315,0.227880047718109,1,EXOSC4
GO_Biological_Process_2023,"Nuclear-Transcribed mRNA Catabolic Process, Exonucleolytic, 3'-5' (GO:0034427)",0.049856051675230315,0.227880047718109,1,EXOSC4
GO_Biological_Process_2023,Progesterone Receptor Signaling Pathway (GO:0050847),0.049856051675230315,0.227880047718109,1,PHB1
GO_Biological_Process_2023,Maintenance Of Synapse Structure (GO:0099558),0.049856051675230315,0.227880047718109,1,RAB3A
GO_Biological_Process_2023,Microtubule Anchoring At Centrosome (GO:0034454),0.049856051675230315,0.227880047718109,1,MAP1S
GO_Biological_Process_2023,Purine Ribonucleoside Triphosphate Biosynthetic Process (GO:0009206),0.049856051675230315,0.227880047718109,1,IMPDH2
GO_Biological_Process_2023,Positive Regulation Of MHC Class II Biosynthetic Process (GO:0045348),0.049856051675230315,0.227880047718109,1,RFXANK
GO_Biological_Process_2023,Removal Of Superoxide Radicals (GO:0019430),0.049856051675230315,0.227880047718109,1,PRDX2
GO_Biological_Process_2023,Positive Regulation Of Actin Filament Depolymerization (GO:0030836),0.049856051675230315,0.227880047718109,1,PDXP
GO_Biological_Process_2023,Negative Regulation Of Protein Binding (GO:0032091),0.050987781403003925,0.227880047718109,2,RACK1;PIN1
GO_Biological_Process_2023,Cellular Response To Hypoxia (GO:0071456),0.05227447898601839,0.227880047718109,2,MLST8;STUB1
GO_Biological_Process_2023,Response To Ionizing Radiation (GO:0010212),0.05227447898601839,0.227880047718109,2,BABAM1;BRAT1
GO_Biological_Process_2023,Negative Regulation Of Catabolic Process (GO:0009895),0.05227447898601839,0.227880047718109,2,PHB1;PIN1
GO_Biological_Process_2023,Cellular Response To Decreased Oxygen Levels (GO:0036294),0.05357275145510054,0.227880047718109,2,MLST8;STUB1
GO_Biological_Process_2023,Regulation Of Endocytic Recycling (GO:2001135),0.05470419842989522,0.227880047718109,1,RAB11B
GO_Biological_Process_2023,Regulation Of Endosome Size (GO:0051036),0.05470419842989522,0.227880047718109,1,KXD1
GO_Biological_Process_2023,P-body Assembly (GO:0033962),0.05470419842989522,0.227880047718109,1,LSM4
GO_Biological_Process_2023,Neutrophil Activation Involved In Immune Response (GO:0002283),0.05470419842989522,0.227880047718109,1,STXBP2
GO_Biological_Process_2023,Brain Morphogenesis (GO:0048854),0.05470419842989522,0.227880047718109,1,VPS51
GO_Biological_Process_2023,Mitochondrial Respiratory Chain Complex III Assembly (GO:0034551),0.05470419842989522,0.227880047718109,1,UQCC5
GO_Biological_Process_2023,Polyamine Metabolic Process (GO:0006595),0.05470419842989522,0.227880047718109,1,DHPS
GO_Biological_Process_2023,Regulation Of Type II Interferon-Mediated Signaling Pathway (GO:0060334),0.05470419842989522,0.227880047718109,1,CDC37
GO_Biological_Process_2023,Cellular Response To Superoxide (GO:0071451),0.05470419842989522,0.227880047718109,1,PRDX2
GO_Biological_Process_2023,Respiratory Chain Complex III Assembly (GO:0017062),0.05470419842989522,0.227880047718109,1,UQCC5
GO_Biological_Process_2023,Regulation Of Actin Filament Depolymerization (GO:0030834),0.05470419842989522,0.227880047718109,1,PDXP
GO_Biological_Process_2023,sno(s)RNA 3'-End Processing (GO:0031126),0.05470419842989522,0.227880047718109,1,EXOSC4
GO_Biological_Process_2023,Negative Regulation Of Transforming Growth Factor Beta Receptor Signaling Pathway (GO:0030512),0.058878630010240844,0.227880047718109,2,PIN1;STUB1
GO_Biological_Process_2023,Positive Regulation Of Response To Stimulus (GO:0048584),0.058878630010240844,0.227880047718109,2,BABAM1;TMEM161A
GO_Biological_Process_2023,Cell Morphogenesis Involved In Neuron Differentiation (GO:0048667),0.058878630010240844,0.227880047718109,2,RAB3A;MAP1S
GO_Biological_Process_2023,DNA Deamination (GO:0045006),0.059527849199832554,0.227880047718109,1,EXOSC4
GO_Biological_Process_2023,DNA Strand Elongation (GO:0022616),0.059527849199832554,0.227880047718109,1,POLD2
GO_Biological_Process_2023,DNA Strand Elongation Involved In DNA Replication (GO:0006271),0.059527849199832554,0.227880047718109,1,POLD2
GO_Biological_Process_2023,Folic Acid Metabolic Process (GO:0046655),0.059527849199832554,0.227880047718109,1,SLC19A1
GO_Biological_Process_2023,Negative Regulation Of Locomotion (GO:0040013),0.059527849199832554,0.227880047718109,1,PIN1
GO_Biological_Process_2023,Positive Regulation Of Regulated Secretory Pathway (GO:1903307),0.059527849199832554,0.227880047718109,1,RAB3A
GO_Biological_Process_2023,Neutrophil Mediated Immunity (GO:0002446),0.059527849199832554,0.227880047718109,1,STXBP2
GO_Biological_Process_2023,Organophosphate Catabolic Process (GO:0046434),0.059527849199832554,0.227880047718109,1,PDXP
GO_Biological_Process_2023,Protein Heterotetramerization (GO:0051290),0.059527849199832554,0.227880047718109,1,FARSA
GO_Biological_Process_2023,Protein Insertion Into Mitochondrial Inner Membrane (GO:0045039),0.059527849199832554,0.227880047718109,1,NDUFA13
GO_Biological_Process_2023,Cellular Response To Acidic pH (GO:0071468),0.059527849199832554,0.227880047718109,1,RAB11B
GO_Biological_Process_2023,Microtubule Anchoring At Microtubule Organizing Center (GO:0072393),0.059527849199832554,0.227880047718109,1,MAP1S
GO_Biological_Process_2023,"Mitochondrial Electron Transport, Ubiquinol To Cytochrome C (GO:0006122)",0.059527849199832554,0.227880047718109,1,UQCRC1
GO_Biological_Process_2023,Pseudouridine Synthesis (GO:0001522),0.059527849199832554,0.227880047718109,1,NHP2
GO_Biological_Process_2023,Mitochondrial Transcription (GO:0006390),0.059527849199832554,0.227880047718109,1,MRPL12
GO_Biological_Process_2023,Cristae Formation (GO:0042407),0.059527849199832554,0.227880047718109,1,SAMM50
GO_Biological_Process_2023,Response To Interleukin-6 (GO:0070741),0.059527849199832554,0.227880047718109,1,PHB1
GO_Biological_Process_2023,Defense Response To Tumor Cell (GO:0002357),0.059527849199832554,0.227880047718109,1,PRDX2
GO_Biological_Process_2023,Proteolysis Involved In Protein Catabolic Process (GO:0051603),0.060232567118591235,0.22938309239463503,2,STUB1;UBA52
GO_Biological_Process_2023,Positive Regulation Of Hydrolase Activity (GO:0051345),0.06119574802391923,0.2317668526221301,3,NDUFA13;RACK1;PIN1
GO_Biological_Process_2023,Organelle Organization (GO:0006996),0.06282423669458134,0.2317668526221301,5,PHB1;STOML2;CHCHD2;VPS51;MLST8
GO_Biological_Process_2023,Regulation Of Cytokinesis (GO:0032465),0.06297239704646328,0.2317668526221301,2,PDXP;PIN1
GO_Biological_Process_2023,Negative Regulation Of Endoplasmic Reticulum Unfolded Protein Response (GO:1900102),0.0643271264420606,0.2317668526221301,1,RACK1
GO_Biological_Process_2023,ERBB2 Signaling Pathway (GO:0038128),0.0643271264420606,0.2317668526221301,1,STUB1
GO_Biological_Process_2023,GTP Metabolic Process (GO:0046039),0.0643271264420606,0.2317668526221301,1,IMPDH2
GO_Biological_Process_2023,Regulation Of Gastrulation (GO:0010470),0.0643271264420606,0.2317668526221301,1,RACK1
GO_Biological_Process_2023,acyl-CoA Biosynthetic Process (GO:0071616),0.0643271264420606,0.2317668526221301,1,GCDH
GO_Biological_Process_2023,Outer Mitochondrial Membrane Organization (GO:0007008),0.0643271264420606,0.2317668526221301,1,SAMM50
GO_Biological_Process_2023,Protein Insertion Into Mitochondrial Outer Membrane (GO:0045040),0.0643271264420606,0.2317668526221301,1,SAMM50
GO_Biological_Process_2023,Regulation Of Short-Term Neuronal Synaptic Plasticity (GO:0048172),0.0643271264420606,0.2317668526221301,1,RAB3A
GO_Biological_Process_2023,RNA Processing (GO:0006396),0.06713884202568682,0.23191818150020724,3,EXOSC4;AKAP8L;LSM4
GO_Biological_Process_2023,Vesicle-Mediated Transport To The Plasma Membrane (GO:0098876),0.06715992022160129,0.23191818150020724,2,VPS51;RAB11B
GO_Biological_Process_2023,Positive Regulation Of Protein Ubiquitination (GO:0031398),0.06857594715567523,0.23191818150020724,2,PIN1;STUB1
GO_Biological_Process_2023,Establishment Of Chromosome Localization (GO:0051303),0.06910215203883725,0.23191818150020724,1,MAP1S
GO_Biological_Process_2023,Formation Of Cytoplasmic Translation Initiation Complex (GO:0001732),0.06910215203883725,0.23191818150020724,1,EIF3G
GO_Biological_Process_2023,Positive Regulation Of Mitochondrial Translation (GO:0070131),0.06910215203883725,0.23191818150020724,1,MPV17L2
GO_Biological_Process_2023,Histone mRNA Catabolic Process (GO:0071044),0.06910215203883725,0.23191818150020724,1,EXOSC4
GO_Biological_Process_2023,Regulation Of Mast Cell Degranulation (GO:0043304),0.06910215203883725,0.23191818150020724,1,STXBP2
GO_Biological_Process_2023,Positive Regulation Of Telomerase RNA Localization To Cajal Body (GO:1904874),0.06910215203883725,0.23191818150020724,1,NHP2
GO_Biological_Process_2023,Post-Translational Protein Targeting To Endoplasmic Reticulum Membrane (GO:0006620),0.06910215203883725,0.23191818150020724,1,GET3
GO_Biological_Process_2023,"Maturation Of LSU-rRNA From Tricistronic rRNA Transcript (SSU-rRNA, 5.8S rRNA, LSU-rRNA) (GO:0000463)",0.06910215203883725,0.23191818150020724,1,PES1
GO_Biological_Process_2023,Mitochondrion Transport Along Microtubule (GO:0047497),0.06910215203883725,0.23191818150020724,1,MAP1S
GO_Biological_Process_2023,Regulation Of Vesicle Size (GO:0097494),0.06910215203883725,0.23191818150020724,1,KXD1
GO_Biological_Process_2023,Regulation Of MHC Class II Biosynthetic Process (GO:0045346),0.06910215203883725,0.23191818150020724,1,RFXANK
GO_Biological_Process_2023,Negative Regulation Of Androgen Receptor Signaling Pathway (GO:0060766),0.06910215203883725,0.23191818150020724,1,PHB1
GO_Biological_Process_2023,Exocytosis (GO:0006887),0.07143746073477412,0.23498696859389856,2,RAB3A;RAB11B
GO_Biological_Process_2023,Negative Regulation Of Binding (GO:0051100),0.07143746073477412,0.23498696859389856,2,RACK1;PIN1
GO_Biological_Process_2023,tRNA Wobble Base Modification (GO:0002097),0.07385304727236812,0.23498696859389856,1,ELP6
GO_Biological_Process_2023,tRNA Wobble Uridine Modification (GO:0002098),0.07385304727236812,0.23498696859389856,1,ELP6
GO_Biological_Process_2023,Folic Acid-Containing Compound Metabolic Process (GO:0006760),0.07385304727236812,0.23498696859389856,1,SLC19A1
GO_Biological_Process_2023,Negative Regulation Of Phagocytosis (GO:0050765),0.07385304727236812,0.23498696859389856,1,RACK1
GO_Biological_Process_2023,Regulation Of Intrinsic Apoptotic Signaling Pathway In Response To DNA Damage (GO:1902229),0.07385304727236812,0.23498696859389856,1,TMEM161A
GO_Biological_Process_2023,Alpha-Beta T Cell Activation (GO:0046631),0.07385304727236812,0.23498696859389856,1,STOML2
GO_Biological_Process_2023,Regulation Of miRNA-mediated Gene Silencing (GO:0060964),0.07385304727236812,0.23498696859389856,1,ELAVL1
GO_Biological_Process_2023,Amyloid-Beta Metabolic Process (GO:0050435),0.07385304727236812,0.23498696859389856,1,APEH
GO_Biological_Process_2023,Melanosome Transport (GO:0032402),0.07385304727236812,0.23498696859389856,1,RAB11B
GO_Biological_Process_2023,Pigment Granule Transport (GO:0051904),0.07385304727236812,0.23498696859389856,1,RAB11B
GO_Biological_Process_2023,Positive Regulation Of DNA Repair (GO:0045739),0.07580136988597623,0.2375030237031035,2,BABAM1;TMEM161A
GO_Biological_Process_2023,Regulation Of Vesicle-Mediated Transport (GO:0060627),0.07580136988597623,0.2375030237031035,2,RAB3A;RAB11B
GO_Biological_Process_2023,Protein Transport (GO:0015031),0.07628277234489202,0.2375030237031035,4,RAB3A;STXBP2;TIMM44;RAB11B
GO_Biological_Process_2023,Establishment Of Melanosome Localization (GO:0032401),0.07857993284130045,0.2375030237031035,1,RAB11B
GO_Biological_Process_2023,DNA Repair-Dependent Chromatin Remodeling (GO:0140861),0.07857993284130045,0.2375030237031035,1,BABAM1
GO_Biological_Process_2023,Tail-Anchored Membrane Protein Insertion Into ER Membrane (GO:0071816),0.07857993284130045,0.2375030237031035,1,GET3
GO_Biological_Process_2023,Nuclear Chromosome Segregation (GO:0098813),0.07857993284130045,0.2375030237031035,1,MAP1S
GO_Biological_Process_2023,Protein Localization To Mitochondrion (GO:0070585),0.07857993284130045,0.2375030237031035,1,FKBP8
GO_Biological_Process_2023,Phosphatidylinositol Dephosphorylation (GO:0046856),0.07857993284130045,0.2375030237031035,1,PMPCA
GO_Biological_Process_2023,Negative Regulation Of RNA Biosynthetic Process (GO:1902679),0.07857993284130045,0.2375030237031035,1,ZNF653
GO_Biological_Process_2023,Negative Regulation Of Amyloid-Beta Formation (GO:1902430),0.07857993284130045,0.2375030237031035,1,PIN1
GO_Biological_Process_2023,Reticulophagy (GO:0061709),0.07857993284130045,0.2375030237031035,1,TEX264
GO_Biological_Process_2023,Positive Regulation Of Protein Metabolic Process (GO:0051247),0.07884454120211871,0.2375030237031035,3,NDUFA13;STUB1;ELAVL1
GO_Biological_Process_2023,Golgi Vesicle Transport (GO:0048193),0.07977987921536317,0.2393396376460895,3,VPS51;TRAPPC5;COPE
GO_Biological_Process_2023,DNA Biosynthetic Process (GO:0071897),0.08328292883718645,0.24099587675327577,1,POLD2
GO_Biological_Process_2023,DNA Modification (GO:0006304),0.08328292883718645,0.24099587675327577,1,EXOSC4
GO_Biological_Process_2023,Regulation Of Establishment Of Cell Polarity (GO:2000114),0.08328292883718645,0.24099587675327577,1,RACK1
GO_Biological_Process_2023,"Nuclear-Transcribed mRNA Catabolic Process, Exonucleolytic (GO:0000291)",0.08328292883718645,0.24099587675327577,1,EXOSC4
GO_Biological_Process_2023,Regulation Of Telomerase RNA Localization To Cajal Body (GO:1904872),0.08328292883718645,0.24099587675327577,1,NHP2
GO_Biological_Process_2023,rRNA Modification (GO:0000154),0.08328292883718645,0.24099587675327577,1,NHP2
GO_Biological_Process_2023,Receptor Recycling (GO:0001881),0.08328292883718645,0.24099587675327577,1,RAB11B
GO_Biological_Process_2023,Response To Acidic pH (GO:0010447),0.08328292883718645,0.24099587675327577,1,RAB11B
GO_Biological_Process_2023,Ribosomal Small Subunit Assembly (GO:0000028),0.08328292883718645,0.24099587675327577,1,RPSA
GO_Biological_Process_2023,3'-UTR-mediated mRNA Stabilization (GO:0070935),0.08796215478207874,0.2413972739634152,1,ELAVL1
GO_Biological_Process_2023,Positive Regulation Of Glycolytic Process (GO:0045821),0.08796215478207874,0.2413972739634152,1,MLST8
GO_Biological_Process_2023,fatty-acyl-CoA Metabolic Process (GO:0035337),0.08796215478207874,0.2413972739634152,1,GCDH
GO_Biological_Process_2023,Regulation Of Establishment Or Maintenance Of Cell Polarity (GO:0032878),0.08796215478207874,0.2413972739634152,1,RACK1
GO_Biological_Process_2023,Glycerolipid Catabolic Process (GO:0046503),0.08796215478207874,0.2413972739634152,1,PNPLA6
GO_Biological_Process_2023,Vesicle-Mediated Transport In Synapse (GO:0099003),0.08796215478207874,0.2413972739634152,1,RAB3A
GO_Biological_Process_2023,Protein Import Into Mitochondrial Matrix (GO:0030150),0.08796215478207874,0.2413972739634152,1,TIMM44
GO_Biological_Process_2023,Melanosome Localization (GO:0032400),0.08796215478207874,0.2413972739634152,1,RAB11B
GO_Biological_Process_2023,Mitochondrial Fusion (GO:0008053),0.08796215478207874,0.2413972739634152,1,STOML2
GO_Biological_Process_2023,Positive Regulation Of G Protein-Coupled Receptor Signaling Pathway (GO:0045745),0.08796215478207874,0.2413972739634152,1,PHB1
GO_Biological_Process_2023,Negative Regulation Of Amyloid Precursor Protein Catabolic Process (GO:1902992),0.08796215478207874,0.2413972739634152,1,PIN1
GO_Biological_Process_2023,Negative Regulation Of Macromolecule Biosynthetic Process (GO:0010558),0.08937613566563447,0.2413972739634152,2,IFRD2;RACK1
GO_Biological_Process_2023,Positive Regulation Of Protein-Containing Complex Assembly (GO:0031334),0.08937613566563447,0.2413972739634152,2,RACK1;STUB1
GO_Biological_Process_2023,Axon Development (GO:0061564),0.0909264374481328,0.2413972739634152,2,RAB3A;MAP1S
GO_Biological_Process_2023,Protein Complex Oligomerization (GO:0051259),0.09248468910980343,0.2413972739634152,2,STOML2;ELAVL1
GO_Biological_Process_2023,COPII Vesicle Coating (GO:0048208),0.09261772960228992,0.2413972739634152,1,TRAPPC5
GO_Biological_Process_2023,Telomere Maintenance Via Telomerase (GO:0007004),0.09261772960228992,0.2413972739634152,1,NHP2
GO_Biological_Process_2023,RNA-templated DNA Biosynthetic Process (GO:0006278),0.09261772960228992,0.2413972739634152,1,NHP2
GO_Biological_Process_2023,Negative Regulation Of Peptidyl-Serine Phosphorylation (GO:0033137),0.09261772960228992,0.2413972739634152,1,RACK1
GO_Biological_Process_2023,Heme Biosynthetic Process (GO:0006783),0.09261772960228992,0.2413972739634152,1,SLC25A38
GO_Biological_Process_2023,"Vesicle Targeting, Rough ER To cis-Golgi (GO:0048207)",0.09261772960228992,0.2413972739634152,1,TRAPPC5
GO_Biological_Process_2023,Insulin Secretion (GO:0030073),0.09261772960228992,0.2413972739634152,1,RAB11B
GO_Biological_Process_2023,Protein Heterooligomerization (GO:0051291),0.09261772960228992,0.2413972739634152,1,FARSA
GO_Biological_Process_2023,Protein Insertion Into Membrane (GO:0051205),0.09261772960228992,0.2413972739634152,1,GET3
GO_Biological_Process_2023,Cellular Response To Misfolded Protein (GO:0071218),0.09261772960228992,0.2413972739634152,1,STUB1
GO_Biological_Process_2023,Purine Ribonucleotide Transport (GO:0015868),0.09261772960228992,0.2413972739634152,1,SLC19A1
GO_Biological_Process_2023,rRNA Catabolic Process (GO:0016075),0.09261772960228992,0.2413972739634152,1,EXOSC4
GO_Biological_Process_2023,Regulation Of Autophagy Of Mitochondrion (GO:1903146),0.09261772960228992,0.2413972739634152,1,FKBP8
GO_Biological_Process_2023,Calcium Ion Homeostasis (GO:0055074),0.09562456533018819,0.24395420531103815,2,STOML2;ATP13A1
GO_Biological_Process_2023,Transport Along Microtubule (GO:0010970),0.09724977164099889,0.24395420531103815,1,KXD1
GO_Biological_Process_2023,Activation Of Adenylate Cyclase Activity (GO:0007190),0.09724977164099889,0.24395420531103815,1,P2RY11
GO_Biological_Process_2023,Adenine Nucleotide Transport (GO:0051503),0.09724977164099889,0.24395420531103815,1,SLC19A1
GO_Biological_Process_2023,Hydrogen Peroxide Catabolic Process (GO:0042744),0.09724977164099889,0.24395420531103815,1,PRDX2
GO_Biological_Process_2023,Maturation Of LSU-rRNA (GO:0000470),0.09724977164099889,0.24395420531103815,1,PES1
GO_Biological_Process_2023,Regulation Of Spindle Organization (GO:0090224),0.09724977164099889,0.24395420531103815,1,TACC3
GO_Biological_Process_2023,Mitochondrial RNA Metabolic Process (GO:0000959),0.09724977164099889,0.24395420531103815,1,MRPL12
GO_Biological_Process_2023,Cellular Response To pH (GO:0071467),0.09724977164099889,0.24395420531103815,1,RAB11B
GO_Biological_Process_2023,Receptor Metabolic Process (GO:0043112),0.09724977164099889,0.24395420531103815,1,RAB11B
GO_Biological_Process_2023,Positive Regulation Of Embryonic Development (GO:0040019),0.09724977164099889,0.24395420531103815,1,RACK1
GO_Biological_Process_2023,Cellular Response To Organonitrogen Compound (GO:0071417),0.10039104986556256,0.24872399669522602,2,P2RY11;PDXP
GO_Biological_Process_2023,Negative Regulation Of MAPK Cascade (GO:0043409),0.10039104986556256,0.24872399669522602,2,PHB1;PIN1
GO_Biological_Process_2023,Sulfur Compound Transport (GO:0072348),0.10185839864661637,0.24872399669522602,1,SLC25A26
GO_Biological_Process_2023,"Maturation Of 5.8S rRNA From Tricistronic rRNA Transcript (SSU-rRNA, 5.8S rRNA, LSU-rRNA) (GO:0000466)",0.10185839864661637,0.24872399669522602,1,PES1
GO_Biological_Process_2023,Regulation Of Steroid Metabolic Process (GO:0019218),0.10185839864661637,0.24872399669522602,1,STUB1
GO_Biological_Process_2023,Plasma Membrane Repair (GO:0001778),0.10185839864661637,0.24872399669522602,1,RAB3A
GO_Biological_Process_2023,Porphyrin-Containing Compound Biosynthetic Process (GO:0006779),0.10185839864661637,0.24872399669522602,1,SLC25A38
GO_Biological_Process_2023,Modulation By Host Of Viral Genome Replication (GO:0044827),0.10185839864661637,0.24872399669522602,1,PHB1
GO_Biological_Process_2023,Negative Regulation Of Translation (GO:0017148),0.10360513863389278,0.25090343986660396,2,IFRD2;RACK1
GO_Biological_Process_2023,Positive Regulation Of Translation (GO:0045727),0.10522277190942457,0.25090343986660396,2,MPV17L2;ELAVL1
GO_Biological_Process_2023,Positive Regulation Of DNA Metabolic Process (GO:0051054),0.10522277190942457,0.25090343986660396,2,BABAM1;TMEM161A
GO_Biological_Process_2023,Regulation Of Mitochondrial Translation (GO:0070129),0.10644372781945091,0.25090343986660396,1,MPV17L2
GO_Biological_Process_2023,Oxoacid Metabolic Process (GO:0043436),0.10644372781945091,0.25090343986660396,1,GRHPR
GO_Biological_Process_2023,Protein Peptidyl-Prolyl Isomerization (GO:0000413),0.10644372781945091,0.25090343986660396,1,PIN1
GO_Biological_Process_2023,Mitochondrial Cytochrome C Oxidase Assembly (GO:0033617),0.10644372781945091,0.25090343986660396,1,UQCC5
GO_Biological_Process_2023,Cellular Response To Interferon-Beta (GO:0035458),0.10644372781945091,0.25090343986660396,1,NDUFA13
GO_Biological_Process_2023,Cellular Response To Topologically Incorrect Protein (GO:0035967),0.10644372781945091,0.25090343986660396,1,STUB1
GO_Biological_Process_2023,snRNA 3'-End Processing (GO:0034472),0.10644372781945091,0.25090343986660396,1,EXOSC4
GO_Biological_Process_2023,Cellular Response To Salt (GO:1902075),0.10684731520849937,0.25090343986660396,2,P2RY11;PDXP
GO_Biological_Process_2023,Positive Regulation Of Cysteine-Type Endopeptidase Activity Involved In Apoptotic Process (GO:0043280),0.10684731520849937,0.25090343986660396,2,NDUFA13;RACK1
GO_Biological_Process_2023,Positive Regulation Of Protein Modification Process (GO:0031401),0.10785637400704913,0.251044057469419,3,BRAT1;RACK1;PIN1
GO_Biological_Process_2023,Negative Regulation Of Transmembrane Receptor Protein Serine/Threonine Kinase Signaling Pathway (GO:0090101),0.1101166897144182,0.251044057469419,2,PIN1;STUB1
GO_Biological_Process_2023,Regulation Of Transforming Growth Factor Beta Receptor Signaling Pathway (GO:0017015),0.1101166897144182,0.251044057469419,2,PIN1;STUB1
GO_Biological_Process_2023,Translesion Synthesis (GO:0019985),0.11100587575178392,0.251044057469419,1,POLD2
GO_Biological_Process_2023,Positive Regulation Of Oxidoreductase Activity (GO:0051353),0.11100587575178392,0.251044057469419,1,FDX2
GO_Biological_Process_2023,U2-type Prespliceosome Assembly (GO:1903241),0.11100587575178392,0.251044057469419,1,SF3B5
GO_Biological_Process_2023,Histone mRNA Metabolic Process (GO:0008334),0.11100587575178392,0.251044057469419,1,EXOSC4
GO_Biological_Process_2023,Adaptive Immune Response Based On Somatic Recombination Of Immune Receptors Built From Immunoglobulin Superfamily Domains (GO:0002460),0.11100587575178392,0.251044057469419,1,PHB1
GO_Biological_Process_2023,Protein Targeting To ER (GO:0045047),0.11100587575178392,0.251044057469419,1,GET3
GO_Biological_Process_2023,Cellular Response To Interleukin-6 (GO:0071354),0.11100587575178392,0.251044057469419,1,PHB1
GO_Biological_Process_2023,Rescue Of Stalled Ribosome (GO:0072344),0.11100587575178392,0.251044057469419,1,RACK1
GO_Biological_Process_2023,Cytosolic Pattern Recognition Receptor Signaling Pathway (GO:0002753),0.11100587575178392,0.251044057469419,1,PHB1
GO_Biological_Process_2023,Positive Regulation Of Phosphorylation (GO:0042327),0.11431660128981072,0.2557998327054818,3,BRAT1;RACK1;PIN1
GO_Biological_Process_2023,Positive Regulation Of Interleukin-17 Production (GO:0032740),0.11554495844655777,0.2557998327054818,1,PHB1
GO_Biological_Process_2023,Positive Regulation Of Lipid Metabolic Process (GO:0045834),0.11554495844655777,0.2557998327054818,1,MLST8
GO_Biological_Process_2023,Regulation Of Microtubule Depolymerization (GO:0031114),0.11554495844655777,0.2557998327054818,1,MAP1S
GO_Biological_Process_2023,Iron Ion Transport (GO:0006826),0.11554495844655777,0.2557998327054818,1,RAB11B
GO_Biological_Process_2023,Regulation Of Supramolecular Fiber Organization (GO:1902903),0.11554495844655777,0.2557998327054818,1,MAP1S
GO_Biological_Process_2023,Dicarboxylic Acid Transport (GO:0006835),0.11554495844655777,0.2557998327054818,1,SLC19A1
GO_Biological_Process_2023,Endoplasmic Reticulum To Golgi Vesicle-Mediated Transport (GO:0006888),0.11673354694681366,0.257655126143868,2,TRAPPC5;COPE
GO_Biological_Process_2023,Positive Regulation Of Interleukin-2 Production (GO:0032743),0.12006109138115012,0.2587827042966139,1,STOML2
GO_Biological_Process_2023,Negative Regulation Of Intrinsic Apoptotic Signaling Pathway In Response To DNA Damage (GO:1902230),0.12006109138115012,0.2587827042966139,1,TMEM161A
GO_Biological_Process_2023,fatty-acyl-CoA Biosynthetic Process (GO:0046949),0.12006109138115012,0.2587827042966139,1,GCDH
GO_Biological_Process_2023,Positive Regulation Of Peptidase Activity (GO:0010952),0.12006109138115012,0.2587827042966139,1,NDUFA13
GO_Biological_Process_2023,Negative Regulation Of Response To Endoplasmic Reticulum Stress (GO:1903573),0.12006109138115012,0.2587827042966139,1,RACK1
GO_Biological_Process_2023,Negative Regulation Of Smoothened Signaling Pathway (GO:0045879),0.12006109138115012,0.2587827042966139,1,RACK1
GO_Biological_Process_2023,Cellular Response To Hexose Stimulus (GO:0071331),0.12006109138115012,0.2587827042966139,1,RACK1
GO_Biological_Process_2023,Mitotic Cell Cycle Checkpoint Signaling (GO:0007093),0.12006109138115012,0.2587827042966139,1,BABAM1
GO_Biological_Process_2023,Regulation Of Protein Binding (GO:0043393),0.12176118235811757,0.26167973401525263,2,RACK1;PIN1
GO_Biological_Process_2023,Telomere Maintenance Via Telomere Lengthening (GO:0010833),0.12455438941371809,0.26342597406844065,1,NHP2
GO_Biological_Process_2023,Calcium-Ion Regulated Exocytosis (GO:0017156),0.12455438941371809,0.26342597406844065,1,RAB3A
GO_Biological_Process_2023,Respiratory Chain Complex IV Assembly (GO:0008535),0.12455438941371809,0.26342597406844065,1,UQCC5
GO_Biological_Process_2023,Positive Regulation Of Adenylate Cyclase Activity (GO:0045762),0.12455438941371809,0.26342597406844065,1,P2RY11
GO_Biological_Process_2023,Positive Regulation Of Macromolecule Biosynthetic Process (GO:0010557),0.1285460388995092,0.26342597406844065,2,RFXANK;ELAVL1
GO_Biological_Process_2023,Glycerophospholipid Catabolic Process (GO:0046475),0.1290249668906648,0.26342597406844065,1,PNPLA6
GO_Biological_Process_2023,Regulation Of Immunoglobulin Production (GO:0002637),0.1290249668906648,0.26342597406844065,1,PHB1
GO_Biological_Process_2023,Activation Of Phospholipase C Activity (GO:0007202),0.1290249668906648,0.26342597406844065,1,PHB1
GO_Biological_Process_2023,Regulation Of Microtubule Polymerization Or Depolymerization (GO:0031110),0.1290249668906648,0.26342597406844065,1,MAP1S
GO_Biological_Process_2023,Iron-Sulfur Cluster Assembly (GO:0016226),0.1290249668906648,0.26342597406844065,1,FDX2
GO_Biological_Process_2023,Positive Regulation Of Ubiquitin-Protein Transferase Activity (GO:0051443),0.1290249668906648,0.26342597406844065,1,PIN1
GO_Biological_Process_2023,Regulation Of Peptidase Activity (GO:0052547),0.1290249668906648,0.26342597406844065,1,NDUFA13
GO_Biological_Process_2023,Metallo-Sulfur Cluster Assembly (GO:0031163),0.1290249668906648,0.26342597406844065,1,FDX2
GO_Biological_Process_2023,Protein Quality Control For Misfolded Or Incompletely Synthesized Proteins (GO:0006515),0.1290249668906648,0.26342597406844065,1,STUB1
GO_Biological_Process_2023,Microtubule Polymerization Or Depolymerization (GO:0031109),0.1290249668906648,0.26342597406844065,1,PIN1
GO_Biological_Process_2023,Monoubiquitinated Histone H2A Deubiquitination (GO:0035522),0.1290249668906648,0.26342597406844065,1,SF3B5
GO_Biological_Process_2023,Monoubiquitinated Histone Deubiquitination (GO:0035521),0.1290249668906648,0.26342597406844065,1,SF3B5
GO_Biological_Process_2023,Regulation Of Androgen Receptor Signaling Pathway (GO:0060765),0.1290249668906648,0.26342597406844065,1,PHB1
GO_Biological_Process_2023,Fatty Acid Derivative Biosynthetic Process (GO:1901570),0.13347293752000114,0.2648618500138478,1,GCDH
GO_Biological_Process_2023,Transcription By RNA Polymerase III (GO:0006383),0.13347293752000114,0.2648618500138478,1,SNAPC2
GO_Biological_Process_2023,RNA Phosphodiester Bond Hydrolysis (GO:0090501),0.13347293752000114,0.2648618500138478,1,NHP2
GO_Biological_Process_2023,Hematopoietic Progenitor Cell Differentiation (GO:0002244),0.13347293752000114,0.2648618500138478,1,ARMC6
GO_Biological_Process_2023,Vesicle Coating (GO:0006901),0.13347293752000114,0.2648618500138478,1,TRAPPC5
GO_Biological_Process_2023,Regulation Of Lipid Biosynthetic Process (GO:0046890),0.13347293752000114,0.2648618500138478,1,MLST8
GO_Biological_Process_2023,Regulation Of Monoatomic Ion Transport (GO:0043269),0.13347293752000114,0.2648618500138478,1,RAB11B
GO_Biological_Process_2023,Phospholipid Catabolic Process (GO:0009395),0.13347293752000114,0.2648618500138478,1,PNPLA6
GO_Biological_Process_2023,Cellular Response To Osmotic Stress (GO:0071470),0.13347293752000114,0.2648618500138478,1,MLST8
GO_Biological_Process_2023,Negative Regulation Of G2/M Transition Of Mitotic Cell Cycle (GO:0010972),0.13347293752000114,0.2648618500138478,1,BABAM1
GO_Biological_Process_2023,Regulation Of Mitotic Cell Cycle (GO:0007346),0.13369217191175176,0.2648618500138478,2,PDXP;PIN1
GO_Biological_Process_2023,TOR Signaling (GO:0031929),0.13789841450708185,0.26813580598599246,1,MLST8
GO_Biological_Process_2023,Positive Regulation Of Viral Genome Replication (GO:0045070),0.13789841450708185,0.26813580598599246,1,RAD23A
GO_Biological_Process_2023,Protein Insertion Into ER Membrane (GO:0045048),0.13789841450708185,0.26813580598599246,1,GET3
GO_Biological_Process_2023,Positive Regulation Of B Cell Proliferation (GO:0030890),0.13789841450708185,0.26813580598599246,1,CD320
GO_Biological_Process_2023,Modified Amino Acid Transport (GO:0072337),0.13789841450708185,0.26813580598599246,1,SLC19A1
GO_Biological_Process_2023,Response To Interferon-Beta (GO:0035456),0.13789841450708185,0.26813580598599246,1,NDUFA13
GO_Biological_Process_2023,Positive Regulation Of Dephosphorylation (GO:0035306),0.13789841450708185,0.26813580598599246,1,PIN1
GO_Biological_Process_2023,Protein Targeting (GO:0006605),0.14062533213605818,0.2725065777519649,2,CDC37;TIMM44
GO_Biological_Process_2023,Positive Regulation Of Protein Targeting To Mitochondrion (GO:1903955),0.14230151047491377,0.2725065777519649,1,PIN1
GO_Biological_Process_2023,Phospholipid Dephosphorylation (GO:0046839),0.14230151047491377,0.2725065777519649,1,PMPCA
GO_Biological_Process_2023,Mitotic G2 DNA Damage Checkpoint Signaling (GO:0007095),0.14230151047491377,0.2725065777519649,1,BABAM1
GO_Biological_Process_2023,Cytoplasmic Translational Initiation (GO:0002183),0.14230151047491377,0.2725065777519649,1,EIF3G
GO_Biological_Process_2023,Regulation Of Cell Cycle Process (GO:0010564),0.1423707834785776,0.2725065777519649,2,PDXP;PIN1
GO_Biological_Process_2023,Negative Regulation Of Intracellular Steroid Hormone Receptor Signaling Pathway (GO:0033144),0.14668233749516316,0.27854282478824705,1,PHB1
GO_Biological_Process_2023,Organic Cation Transport (GO:0015695),0.14668233749516316,0.27854282478824705,1,SLC25A26
GO_Biological_Process_2023,Regulation Of Protein Localization To Cell Surface (GO:2000008),0.14668233749516316,0.27854282478824705,1,RAB11B
GO_Biological_Process_2023,Gluconeogenesis (GO:0006094),0.1510410070630034,0.27854282478824705,1,MDH2
GO_Biological_Process_2023,Vesicle Budding From Membrane (GO:0006900),0.1510410070630034,0.27854282478824705,1,TRAPPC5
GO_Biological_Process_2023,Amide Transport (GO:0042886),0.1510410070630034,0.27854282478824705,1,SLC19A1
GO_Biological_Process_2023,Protein Transmembrane Import Into Intracellular Organelle (GO:0044743),0.1510410070630034,0.27854282478824705,1,TIMM44
GO_Biological_Process_2023,Mitochondrial Membrane Organization (GO:0007006),0.1510410070630034,0.27854282478824705,1,SAMM50
GO_Biological_Process_2023,Regulation Of Ubiquitin-Protein Transferase Activity (GO:0051438),0.1510410070630034,0.27854282478824705,1,PIN1
GO_Biological_Process_2023,Chromosome Condensation (GO:0030261),0.1510410070630034,0.27854282478824705,1,AKAP8L
GO_Biological_Process_2023,Regulation Of Protein Kinase B Signaling (GO:0051896),0.15293855036625975,0.27854282478824705,2,PHB1;RACK1
GO_Biological_Process_2023,Cellular Response To Oxygen-Containing Compound (GO:1901701),0.1535859725570329,0.27854282478824705,4,NDUFA13;P2RY11;MPV17L2;PDXP
GO_Biological_Process_2023,Protein Localization To Organelle (GO:0033365),0.15471485015711253,0.27854282478824705,2,FKBP8;GET3
GO_Biological_Process_2023,Negative Regulation Of Cellular Biosynthetic Process (GO:0031327),0.15471485015711253,0.27854282478824705,2,IFRD2;RACK1
GO_Biological_Process_2023,Negative Regulation Of Endocytosis (GO:0045806),0.15537763015398814,0.27854282478824705,1,RACK1
GO_Biological_Process_2023,Actin Filament Bundle Assembly (GO:0051017),0.15537763015398814,0.27854282478824705,1,PDXP
GO_Biological_Process_2023,Positive Regulation Of Protein Dephosphorylation (GO:0035307),0.15537763015398814,0.27854282478824705,1,PIN1
GO_Biological_Process_2023,Positive Regulation Of Small Molecule Metabolic Process (GO:0062013),0.15537763015398814,0.27854282478824705,1,MLST8
GO_Biological_Process_2023,intra-Golgi Vesicle-Mediated Transport (GO:0006891),0.15537763015398814,0.27854282478824705,1,COPE
GO_Biological_Process_2023,Protein K63-linked Deubiquitination (GO:0070536),0.15537763015398814,0.27854282478824705,1,BABAM1
GO_Biological_Process_2023,Carboxylic Acid Metabolic Process (GO:0019752),0.15537763015398814,0.27854282478824705,1,GRHPR
GO_Biological_Process_2023,Regulation Of Type I Interferon-Mediated Signaling Pathway (GO:0060338),0.15537763015398814,0.27854282478824705,1,CDC37
GO_Biological_Process_2023,Monoubiquitinated Protein Deubiquitination (GO:0035520),0.15537763015398814,0.27854282478824705,1,SF3B5
GO_Biological_Process_2023,ncRNA Catabolic Process (GO:0034661),0.15537763015398814,0.27854282478824705,1,EXOSC4
GO_Biological_Process_2023,Regulation Of Amyloid-Beta Formation (GO:1902003),0.15537763015398814,0.27854282478824705,1,PIN1
GO_Biological_Process_2023,Positive Regulation Of Establishment Of Protein Localization To Mitochondrion (GO:1903749),0.15537763015398814,0.27854282478824705,1,PIN1
GO_Biological_Process_2023,Intracellular Calcium Ion Homeostasis (GO:0006874),0.15827952108025908,0.28079869164192195,2,STOML2;ATP13A1
GO_Biological_Process_2023,Vesicle-Mediated Transport (GO:0016192),0.15838484796786986,0.28079869164192195,4,RAB3A;VPS51;STXBP2;KXD1
GO_Biological_Process_2023,Positive Regulation Of Immunoglobulin Production (GO:0002639),0.15969231715146037,0.28079869164192195,1,PHB1
GO_Biological_Process_2023,Superoxide Metabolic Process (GO:0006801),0.15969231715146037,0.28079869164192195,1,PRDX2
GO_Biological_Process_2023,Regulation Of Interleukin-17 Production (GO:0032660),0.15969231715146037,0.28079869164192195,1,PHB1
GO_Biological_Process_2023,Regulation Of Neuronal Synaptic Plasticity (GO:0048168),0.15969231715146037,0.28079869164192195,1,RAB3A
GO_Biological_Process_2023,Microtubule Polymerization (GO:0046785),0.15969231715146037,0.28079869164192195,1,PIN1
GO_Biological_Process_2023,Positive Regulation Of Carbohydrate Metabolic Process (GO:0045913),0.15969231715146037,0.28079869164192195,1,MLST8
GO_Biological_Process_2023,tRNA Aminoacylation For Protein Translation (GO:0006418),0.16398517794435913,0.2856139947609099,1,FARSA
GO_Biological_Process_2023,Hexose Biosynthetic Process (GO:0019319),0.16398517794435913,0.2856139947609099,1,MDH2
GO_Biological_Process_2023,Regulation Of Regulated Secretory Pathway (GO:1903305),0.16398517794435913,0.2856139947609099,1,RAB3A
GO_Biological_Process_2023,Response To Nutrient Levels (GO:0031667),0.16398517794435913,0.2856139947609099,1,MLST8
GO_Biological_Process_2023,COPII-coated Vesicle Budding (GO:0090114),0.1682563218331979,0.2896215375817341,1,TRAPPC5
GO_Biological_Process_2023,Negative Regulation Of Protein Kinase B Signaling (GO:0051898),0.1682563218331979,0.2896215375817341,1,RACK1
GO_Biological_Process_2023,Positive Regulation Of Phospholipase C Activity (GO:0010863),0.1682563218331979,0.2896215375817341,1,PHB1
GO_Biological_Process_2023,Histone H3 Acetylation (GO:0043966),0.1682563218331979,0.2896215375817341,1,SF3B5
GO_Biological_Process_2023,Protein Destabilization (GO:0031648),0.1682563218331979,0.2896215375817341,1,RAD23A
GO_Biological_Process_2023,Neuron Projection Morphogenesis (GO:0048812),0.17087371647883107,0.29282172132990164,2,RAB3A;MAP1S
GO_Biological_Process_2023,Spliceosomal snRNP Assembly (GO:0000387),0.1725058575997924,0.29282172132990164,1,LSM4
GO_Biological_Process_2023,Positive Regulation Of Immune Effector Process (GO:0002699),0.1725058575997924,0.29282172132990164,1,PHB1
GO_Biological_Process_2023,Synaptic Vesicle Cycle (GO:0099504),0.1725058575997924,0.29282172132990164,1,RAB3A
GO_Biological_Process_2023,RNA Stabilization (GO:0043489),0.1725058575997924,0.29282172132990164,1,ELAVL1
GO_Biological_Process_2023,Positive Regulation Of Exocytosis (GO:0045921),0.1725058575997924,0.29282172132990164,1,RAB3A
GO_Biological_Process_2023,Negative Regulation Of Protein Phosphorylation (GO:0001933),0.17632240422638285,0.29725265836682296,2,FKBP8;RACK1
GO_Biological_Process_2023,Regulation Of Intracellular Transport (GO:0032386),0.1767338934779614,0.29725265836682296,1,RAB11B
GO_Biological_Process_2023,Positive Regulation Of Production Of Molecular Mediator Of Immune Response (GO:0002702),0.1767338934779614,0.29725265836682296,1,PHB1
GO_Biological_Process_2023,Import Into Cell (GO:0098657),0.1767338934779614,0.29725265836682296,1,SLC19A1
GO_Biological_Process_2023,Positive Regulation Of Intrinsic Apoptotic Signaling Pathway (GO:2001244),0.18094053720874811,0.3003698310397894,1,RACK1
GO_Biological_Process_2023,Positive Regulation Of Lipid Biosynthetic Process (GO:0046889),0.18094053720874811,0.3003698310397894,1,MLST8
GO_Biological_Process_2023,Regulation Of Mitotic Spindle Organization (GO:0060236),0.18094053720874811,0.3003698310397894,1,TACC3
GO_Biological_Process_2023,Carboxylic Acid Transmembrane Transport (GO:1905039),0.18094053720874811,0.3003698310397894,1,SLC19A1
GO_Biological_Process_2023,Regulation Of Protein Targeting To Mitochondrion (GO:1903214),0.18094053720874811,0.3003698310397894,1,PIN1
GO_Biological_Process_2023,Cellular Response To Organic Cyclic Compound (GO:0071407),0.18179869061961407,0.3003698310397894,2,P2RY11;PDXP
GO_Biological_Process_2023,Positive Regulation Of DNA-templated Transcription (GO:0045893),0.18299192708369352,0.3003698310397894,9,SF3B5;PHB1;CHCHD2;ALYREF;STXBP2;AKAP8L;PIN1;RFXANK;MRPL12
GO_Biological_Process_2023,Regulation Of Cytokine-Mediated Signaling Pathway (GO:0001959),0.1851258958653396,0.3003698310397894,1,CDC37
GO_Biological_Process_2023,L-alpha-amino Acid Transmembrane Transport (GO:1902475),0.1851258958653396,0.3003698310397894,1,SLC25A38
GO_Biological_Process_2023,Regulation Of Glycolytic Process (GO:0006110),0.1851258958653396,0.3003698310397894,1,MLST8
GO_Biological_Process_2023,Water-Soluble Vitamin Metabolic Process (GO:0006767),0.1851258958653396,0.3003698310397894,1,SLC19A1
GO_Biological_Process_2023,Nucleic Acid-Templated Transcription (GO:0097659),0.1851258958653396,0.3003698310397894,1,XAB2
GO_Biological_Process_2023,Regulation Of Protein Dephosphorylation (GO:0035304),0.1851258958653396,0.3003698310397894,1,PIN1
GO_Biological_Process_2023,Cell Cycle G2/M Phase Transition (GO:0044839),0.1851258958653396,0.3003698310397894,1,AKAP8L
GO_Biological_Process_2023,Cellular Response To Heat (GO:0034605),0.1851258958653396,0.3003698310397894,1,STUB1
GO_Biological_Process_2023,Positive Regulation Of Catalytic Activity (GO:0043085),0.1851258958653396,0.3003698310397894,1,FDX2
GO_Biological_Process_2023,DNA Repair (GO:0006281),0.18587794136547128,0.30092574207846123,3,BABAM1;TEX264;RAD23A
GO_Biological_Process_2023,Synaptic Vesicle Exocytosis (GO:0016079),0.18929007620664925,0.3031115599387521,1,RAB3A
GO_Biological_Process_2023,Negative Regulation Of mRNA Catabolic Process (GO:1902373),0.18929007620664925,0.3031115599387521,1,ELAVL1
GO_Biological_Process_2023,Positive Regulation Of Viral Process (GO:0048524),0.18929007620664925,0.3031115599387521,1,RAD23A
GO_Biological_Process_2023,Cellular Response To Retinoic Acid (GO:0071300),0.18929007620664925,0.3031115599387521,1,NDUFA13
GO_Biological_Process_2023,Regulation Of Amide Metabolic Process (GO:0034248),0.18929007620664925,0.3031115599387521,1,ELP6
GO_Biological_Process_2023,Translational Elongation (GO:0006414),0.19343318424352546,0.30840214841429764,1,RACK1
GO_Biological_Process_2023,Regulation Of Ubiquitin-Dependent Protein Catabolic Process (GO:2000058),0.19343318424352546,0.30840214841429764,1,RAD23A
GO_Biological_Process_2023,Regulation Of Cell Cycle (GO:0051726),0.1948966128470319,0.3100627931657326,3,PES1;RACK1;RAD23A
GO_Biological_Process_2023,Intracellular Glucose Homeostasis (GO:0001678),0.19755532557176078,0.3109275466707584,1,RACK1
GO_Biological_Process_2023,Intracellular Steroid Hormone Receptor Signaling Pathway (GO:0030518),0.19755532557176078,0.3109275466707584,1,PHB1
GO_Biological_Process_2023,mRNA Catabolic Process (GO:0006402),0.19755532557176078,0.3109275466707584,1,EXOSC4
GO_Biological_Process_2023,Energy Derivation By Oxidation Of Organic Compounds (GO:0015980),0.19755532557176078,0.3109275466707584,1,UQCRC1
GO_Biological_Process_2023,Regulation Of Cellular Component Size (GO:0032535),0.19755532557176078,0.3109275466707584,1,KXD1
GO_Biological_Process_2023,Establishment Of Protein Localization To Mitochondrion (GO:0072655),0.20165660528680016,0.31402034933431805,1,TIMM44
GO_Biological_Process_2023,Synaptic Vesicle Recycling (GO:0036465),0.20165660528680016,0.31402034933431805,1,RAB3A
GO_Biological_Process_2023,Nucleobase-Containing Compound Catabolic Process (GO:0034655),0.20165660528680016,0.31402034933431805,1,EXOSC4
GO_Biological_Process_2023,Regulation Of B Cell Proliferation (GO:0030888),0.20165660528680016,0.31402034933431805,1,CD320
GO_Biological_Process_2023,Positive Regulation Of Biosynthetic Process (GO:0009891),0.20165660528680016,0.31402034933431805,1,MLST8
GO_Biological_Process_2023,Regulation Of Cellular Metabolic Process (GO:0031323),0.20573712788189055,0.3176823298176251,1,STUB1
GO_Biological_Process_2023,Establishment Of Protein Localization To Extracellular Region (GO:0035592),0.20573712788189055,0.3176823298176251,1,RAB3A
GO_Biological_Process_2023,Hexose Metabolic Process (GO:0019318),0.20573712788189055,0.3176823298176251,1,BRAT1
GO_Biological_Process_2023,Regulation Of Protein Modification Process (GO:0031399),0.20573712788189055,0.3176823298176251,1,PIN1
GO_Biological_Process_2023,Vacuolar Transport (GO:0007034),0.20979699739375907,0.3205837694062638,1,VPS51
GO_Biological_Process_2023,Antiviral Innate Immune Response (GO:0140374),0.20979699739375907,0.3205837694062638,1,PHB1
GO_Biological_Process_2023,Intracellular Protein Transmembrane Transport (GO:0065002),0.20979699739375907,0.3205837694062638,1,TIMM44
GO_Biological_Process_2023,Mitotic G2/M Transition Checkpoint (GO:0044818),0.20979699739375907,0.3205837694062638,1,BABAM1
GO_Biological_Process_2023,Response To Glucose (GO:0009749),0.20979699739375907,0.3205837694062638,1,RACK1
GO_Biological_Process_2023,Brain Development (GO:0007420),0.2132552286636605,0.3233944305578917,2,VPS51;MAP1S
GO_Biological_Process_2023,Regulation Of Interleukin-2 Production (GO:0032663),0.21383631734848346,0.3233944305578917,1,STOML2
GO_Biological_Process_2023,Positive Regulation Of Smooth Muscle Cell Proliferation (GO:0048661),0.21383631734848346,0.3233944305578917,1,PHB1
GO_Biological_Process_2023,Protein Monoubiquitination (GO:0006513),0.21383631734848346,0.3233944305578917,1,STUB1
GO_Biological_Process_2023,Positive Regulation Of TOR Signaling (GO:0032008),0.21383631734848346,0.3233944305578917,1,MLST8
GO_Biological_Process_2023,Erythrocyte Differentiation (GO:0030218),0.2218537199073844,0.3341444346965728,1,SLC25A38
GO_Biological_Process_2023,Fatty Acid Beta-Oxidation (GO:0006635),0.2218537199073844,0.3341444346965728,1,GCDH
GO_Biological_Process_2023,tRNA Processing (GO:0008033),0.2258320069783284,0.3373709860346979,1,QTRT1
GO_Biological_Process_2023,Regulation Of Mitochondrion Organization (GO:0010821),0.2258320069783284,0.3373709860346979,1,FKBP8
GO_Biological_Process_2023,Plasma Membrane Bounded Cell Projection Morphogenesis (GO:0120039),0.2258320069783284,0.3373709860346979,1,MAP1S
GO_Biological_Process_2023,Positive Regulation Of Cell Death (GO:0010942),0.2258320069783284,0.3373709860346979,1,PHB1
GO_Biological_Process_2023,RNA Modification (GO:0009451),0.22979015339982095,0.33983050854903096,1,QTRT1
GO_Biological_Process_2023,Positive Regulation Of Protein Localization To Plasma Membrane (GO:1903078),0.22979015339982095,0.33983050854903096,1,RACK1
GO_Biological_Process_2023,Metaphase Plate Congression (GO:0051310),0.22979015339982095,0.33983050854903096,1,MAP1S
GO_Biological_Process_2023,Regulation Of Smoothened Signaling Pathway (GO:0008589),0.22979015339982095,0.33983050854903096,1,RACK1
GO_Biological_Process_2023,Microtubule Bundle Formation (GO:0001578),0.22979015339982095,0.33983050854903096,1,MAP1S
GO_Biological_Process_2023,Intracellular Protein Transport (GO:0006886),0.230614077300187,0.3403641502322037,3,CDC37;STXBP2;TIMM44
GO_Biological_Process_2023,Neurotransmitter Transport (GO:0006836),0.2337282600685548,0.3417590638822041,1,STXBP2
GO_Biological_Process_2023,Regulation Of Protein Localization To Nucleus (GO:1900180),0.2337282600685548,0.3417590638822041,1,PIN1
GO_Biological_Process_2023,Regulation Of Proteolysis (GO:0030162),0.2337282600685548,0.3417590638822041,1,STUB1
GO_Biological_Process_2023,Positive Regulation Of B Cell Activation (GO:0050871),0.2337282600685548,0.3417590638822041,1,CD320
GO_Biological_Process_2023,Endosomal Transport (GO:0016197),0.23388409405816146,0.3417590638822041,2,VPS51;RAB11B
GO_Biological_Process_2023,Protein-Containing Complex Assembly (GO:0065003),0.23465996232703273,0.34221244506025605,3,STOML2;SAMM50;TRAPPC5
GO_Biological_Process_2023,Regulation Of Cyclin-Dependent Protein Kinase Activity (GO:1904029),0.23764642747380324,0.3424904395945988,1,CDC37
GO_Biological_Process_2023,Regulation Of Macromolecule Biosynthetic Process (GO:0010556),0.23764642747380324,0.3424904395945988,1,ELP6
GO_Biological_Process_2023,Regulation Of Proteasomal Protein Catabolic Process (GO:0061136),0.23764642747380324,0.3424904395945988,1,RAD23A
GO_Biological_Process_2023,mRNA Stabilization (GO:0048255),0.23764642747380324,0.3424904395945988,1,ELAVL1
GO_Biological_Process_2023,Mitochondrial Transport (GO:0006839),0.23764642747380324,0.3424904395945988,1,TIMM44
GO_Biological_Process_2023,Positive Regulation Of NIK/NF-kappaB Signaling (GO:1901224),0.23764642747380324,0.3424904395945988,1,PHB1
GO_Biological_Process_2023,Phosphate-Containing Compound Metabolic Process (GO:0006796),0.2414186724660594,0.343395348840785,2,MLST8;PDXP
GO_Biological_Process_2023,ERBB Signaling Pathway (GO:0038127),0.24154475557916438,0.343395348840785,1,STUB1
GO_Biological_Process_2023,Regulation Of Exocytosis (GO:0017157),0.24154475557916438,0.343395348840785,1,RAB3A
GO_Biological_Process_2023,Protein K63-linked Ubiquitination (GO:0070534),0.24154475557916438,0.343395348840785,1,STUB1
GO_Biological_Process_2023,Organelle Disassembly (GO:1903008),0.24154475557916438,0.343395348840785,1,TEX264
GO_Biological_Process_2023,Regulation Of Smooth Muscle Cell Proliferation (GO:0048660),0.24154475557916438,0.343395348840785,1,PHB1
GO_Biological_Process_2023,Endoplasmic Reticulum Organization (GO:0007029),0.24154475557916438,0.343395348840785,1,GET3
GO_Biological_Process_2023,Purine Ribonucleotide Biosynthetic Process (GO:0009152),0.24542334380987546,0.3482358256761746,1,IMPDH2
GO_Biological_Process_2023,Axonogenesis (GO:0007409),0.24896503801579875,0.3503297973824961,2,RAB3A;MAP1S
GO_Biological_Process_2023,Peptide Metabolic Process (GO:0006518),0.24928229119870132,0.3503297973824961,1,APEH
GO_Biological_Process_2023,Regulation Of Stem Cell Population Maintenance (GO:2000036),0.24928229119870132,0.3503297973824961,1,ELAVL1
GO_Biological_Process_2023,Mitotic DNA Damage Checkpoint Signaling (GO:0044773),0.24928229119870132,0.3503297973824961,1,BABAM1
GO_Biological_Process_2023,Positive Regulation Of Cellular Metabolic Process (GO:0031325),0.24928229119870132,0.3503297973824961,1,CHCHD2
GO_Biological_Process_2023,Defense Response To Virus (GO:0051607),0.25085305479450537,0.3518644947976364,2,PHB1;EXOSC4
GO_Biological_Process_2023,Intracellular Monoatomic Cation Homeostasis (GO:0030003),0.2527415333861539,0.3523569066630785,2,STOML2;ATP13A1
GO_Biological_Process_2023,RNA Catabolic Process (GO:0006401),0.25312169621510944,0.3523569066630785,1,EXOSC4
GO_Biological_Process_2023,Post-Transcriptional Regulation Of Gene Expression (GO:0010608),0.25312169621510944,0.3523569066630785,1,ELP6
GO_Biological_Process_2023,Myeloid Cell Differentiation (GO:0030099),0.25312169621510944,0.3523569066630785,1,SLC25A38
GO_Biological_Process_2023,Transcription By RNA Polymerase II (GO:0006366),0.2565196635396153,0.35365565121088993,2,SNAPC2;CCDC124
GO_Biological_Process_2023,Protein Localization To Membrane (GO:0072657),0.2565196635396153,0.35365565121088993,2,RAB3A;RAB11B
GO_Biological_Process_2023,Modification-Dependent Protein Catabolic Process (GO:0019941),0.2565196635396153,0.35365565121088993,2,STUB1;UBA52
GO_Biological_Process_2023,Regulation Of Phagocytosis (GO:0050764),0.256941656798116,0.35365565121088993,1,RACK1
GO_Biological_Process_2023,mRNA Transport (GO:0051028),0.256941656798116,0.35365565121088993,1,ALYREF
GO_Biological_Process_2023,Selective Autophagy (GO:0061912),0.256941656798116,0.35365565121088993,1,TEX264
GO_Biological_Process_2023,Positive Regulation Of Protein Binding (GO:0032092),0.2607422704872568,0.3575477030002495,1,PIN1
GO_Biological_Process_2023,Regulation Of Cell Death (GO:0010941),0.2607422704872568,0.3575477030002495,1,PHB1
GO_Biological_Process_2023,Regulation Of Programmed Cell Death (GO:0043067),0.2621890079004636,0.35886204991962894,2,PRDX2;PHB1
GO_Biological_Process_2023,Histone Acetylation (GO:0016573),0.264523634281119,0.3613845189528299,1,SF3B5
GO_Biological_Process_2023,Regulation Of Pathway-Restricted SMAD Protein Phosphorylation (GO:0060393),0.2682858447887149,0.36516684429575086,1,PIN1
GO_Biological_Process_2023,Negative Regulation Of Autophagy (GO:0010507),0.2682858447887149,0.36516684429575086,1,MLST8
GO_Biological_Process_2023,Spliceosomal Complex Assembly (GO:0000245),0.27202899800019026,0.36619288192333305,1,SF3B5
GO_Biological_Process_2023,Glycerophospholipid Metabolic Process (GO:0006650),0.27202899800019026,0.36619288192333305,1,PNPLA6
GO_Biological_Process_2023,mRNA Export From Nucleus (GO:0006406),0.27202899800019026,0.36619288192333305,1,ALYREF
GO_Biological_Process_2023,Cell Junction Organization (GO:0034330),0.27202899800019026,0.36619288192333305,1,PIN1
GO_Biological_Process_2023,Protein-Containing Complex Disassembly (GO:0032984),0.27202899800019026,0.36619288192333305,1,APEH
GO_Biological_Process_2023,Positive Regulation Of Apoptotic Signaling Pathway (GO:2001235),0.27202899800019026,0.36619288192333305,1,RACK1
GO_Biological_Process_2023,Organic Substance Transport (GO:0071702),0.2735304150360602,0.367540868467101,2,SLC19A1;CD320
GO_Biological_Process_2023,Protein Polymerization (GO:0051258),0.27575318948424205,0.36917776734229124,1,PIN1
GO_Biological_Process_2023,Phosphatidylinositol Metabolic Process (GO:0046488),0.27575318948424205,0.36917776734229124,1,PMPCA
GO_Biological_Process_2023,Regulation Of Secretion By Cell (GO:1903530),0.27945851435839386,0.3727804138900535,1,RAB3A
GO_Biological_Process_2023,Positive Regulation Of Cysteine-Type Endopeptidase Activity (GO:2001056),0.27945851435839386,0.3727804138900535,1,NDUFA13
GO_Biological_Process_2023,RNA Export From Nucleus (GO:0006405),0.2831450673243588,0.37565275177509694,1,ALYREF
GO_Biological_Process_2023,Cellular Response To Light Stimulus (GO:0071482),0.2831450673243588,0.37565275177509694,1,TMEM161A
GO_Biological_Process_2023,Positive Regulation Of Cell Cycle (GO:0045787),0.2831450673243588,0.37565275177509694,1,RAD23A
GO_Biological_Process_2023,Protein Modification By Small Protein Conjugation (GO:0032446),0.28404576627448,0.37616871749863573,3,RACK1;STUB1;UBA52
GO_Biological_Process_2023,Response To Reactive Oxygen Species (GO:0000302),0.2868129424498307,0.3791502026989668,1,MPV17L2
GO_Biological_Process_2023,tRNA Modification (GO:0006400),0.290462233502279,0.3805521241072639,1,QTRT1
GO_Biological_Process_2023,Activation Of Cysteine-Type Endopeptidase Activity Involved In Apoptotic Process (GO:0006919),0.290462233502279,0.3805521241072639,1,RACK1
GO_Biological_Process_2023,Protein Secretion (GO:0009306),0.290462233502279,0.3805521241072639,1,RAB3A
GO_Biological_Process_2023,Regulation Of Viral Genome Replication (GO:0045069),0.290462233502279,0.3805521241072639,1,RAD23A
GO_Biological_Process_2023,Negative Regulation Of Cellular Catabolic Process (GO:0031330),0.290462233502279,0.3805521241072639,1,MLST8
GO_Biological_Process_2023,Regulation Of Apoptotic Process (GO:0042981),0.29105898458979274,0.380655433582736,5,PRDX2;PHB1;FKBP8;MLST8;RACK1
GO_Biological_Process_2023,Negative Regulation Of Cellular Process (GO:0048523),0.29348327003265945,0.38314423352398697,4,PHB1;NDUFA13;RACK1;PIN1
GO_Biological_Process_2023,Establishment Of Protein Localization To Membrane (GO:0090150),0.2977054357946365,0.3870731366654277,1,RAB11B
GO_Biological_Process_2023,DNA-templated DNA Replication (GO:0006261),0.2977054357946365,0.3870731366654277,1,POLD2
GO_Biological_Process_2023,Regulation Of GTPase Activity (GO:0043087),0.29807264673827494,0.3870731366654277,2,RACK1;PIN1
GO_Biological_Process_2023,Positive Regulation Of Protein Transport (GO:0051222),0.3012995320852558,0.38851781768888244,1,RACK1
GO_Biological_Process_2023,Regulation Of G Protein-Coupled Receptor Signaling Pathway (GO:0008277),0.3012995320852558,0.38851781768888244,1,PHB1
GO_Biological_Process_2023,Regulation Of Actin Filament-Based Process (GO:0032970),0.3012995320852558,0.38851781768888244,1,MLST8
GO_Biological_Process_2023,Regulation Of Cellular Biosynthetic Process (GO:0031326),0.3012995320852558,0.38851781768888244,1,ELP6
GO_Biological_Process_2023,Positive Regulation Of Protein Phosphorylation (GO:0001934),0.3021345910534415,0.3889123019689658,3,BRAT1;RACK1;PIN1
GO_Biological_Process_2023,Protein Autoubiquitination (GO:0051865),0.30487541445898425,0.3917542476002682,1,STUB1
GO_Biological_Process_2023,Negative Regulation Of Programmed Cell Death (GO:0043069),0.30771484330490295,0.3919659544877962,3,PRDX2;FKBP8;MLST8
GO_Biological_Process_2023,Regulation Of Cellular Localization (GO:0060341),0.3084331743263414,0.3919659544877962,1,RACK1
GO_Biological_Process_2023,Protein Targeting To Membrane (GO:0006612),0.3084331743263414,0.3919659544877962,1,GET3
GO_Biological_Process_2023,Plasma Membrane Organization (GO:0007009),0.3084331743263414,0.3919659544877962,1,RAB3A
GO_Biological_Process_2023,Second-Messenger-Mediated Signaling (GO:0019932),0.3084331743263414,0.3919659544877962,1,P2RY11
GO_Biological_Process_2023,Proteasomal Protein Catabolic Process (GO:0010498),0.3093644790185293,0.3919659544877962,2,RAD23A;STUB1
GO_Biological_Process_2023,Positive Regulation Of Cell Motility (GO:2000147),0.31124331041945713,0.3919659544877962,2,RACK1;ELP6
GO_Biological_Process_2023,DNA Damage Response (GO:0006974),0.31190309562682256,0.3919659544877962,3,BABAM1;BRAT1;MLST8
GO_Biological_Process_2023,DNA Replication (GO:0006260),0.3119729025515113,0.3919659544877962,1,POLD2
GO_Biological_Process_2023,Ubiquitin-Dependent ERAD Pathway (GO:0030433),0.3119729025515113,0.3919659544877962,1,STUB1
GO_Biological_Process_2023,Positive Regulation Of Secretion By Cell (GO:1903532),0.3119729025515113,0.3919659544877962,1,RAB3A
GO_Biological_Process_2023,Protein Tetramerization (GO:0051262),0.3119729025515113,0.3919659544877962,1,FARSA
GO_Biological_Process_2023,Cellular Response To Reactive Oxygen Species (GO:0034614),0.3119729025515113,0.3919659544877962,1,MPV17L2
GO_Biological_Process_2023,Positive Regulation Of Lymphocyte Proliferation (GO:0050671),0.3154946896665915,0.395040199156635,1,CD320
GO_Biological_Process_2023,Regulation Of mRNA Stability (GO:0043488),0.3154946896665915,0.395040199156635,1,ELAVL1
GO_Biological_Process_2023,Negative Regulation Of Phosphorylation (GO:0042326),0.3189986257224674,0.3987482821530842,1,FKBP8
GO_Biological_Process_2023,Chromatin Remodeling (GO:0006338),0.3243649494066087,0.4047678061355813,2,BABAM1;PHB1
GO_Biological_Process_2023,Regulation Of Innate Immune Response (GO:0045088),0.3294042210966763,0.4082834780877859,1,CDC37
GO_Biological_Process_2023,Negative Regulation Of Protein Modification Process (GO:0031400),0.3294042210966763,0.4082834780877859,1,FKBP8
GO_Biological_Process_2023,Cellular Response To Nutrient Levels (GO:0031669),0.3294042210966763,0.4082834780877859,1,MLST8
GO_Biological_Process_2023,Regulation Of TOR Signaling (GO:0032006),0.3294042210966763,0.4082834780877859,1,MLST8
GO_Biological_Process_2023,Negative Regulation Of Intracellular Signal Transduction (GO:1902532),0.32997030782298614,0.40829659301329096,2,NDUFA13;RACK1
GO_Biological_Process_2023,Regulation Of Cyclin-Dependent Protein Serine/Threonine Kinase Activity (GO:0000079),0.3328376443087539,0.4084067922653324,1,CDC37
GO_Biological_Process_2023,Positive Regulation Of Protein Modification By Small Protein Conjugation Or Removal (GO:1903322),0.3328376443087539,0.4084067922653324,1,STUB1
GO_Biological_Process_2023,Cellular Response To UV (GO:0034644),0.3328376443087539,0.4084067922653324,1,TMEM161A
GO_Biological_Process_2023,Positive Regulation Of Catabolic Process (GO:0009896),0.3328376443087539,0.4084067922653324,1,NDUFA13
GO_Biological_Process_2023,Positive Regulation Of Cytoskeleton Organization (GO:0051495),0.3328376443087539,0.4084067922653324,1,PDXP
GO_Biological_Process_2023,Positive Regulation Of GTPase Activity (GO:0043547),0.3355633579085106,0.4110651134379255,2,RACK1;PIN1
GO_Biological_Process_2023,Wound Healing (GO:0042060),0.3362536600102222,0.41122535791599557,1,RAB3A
GO_Biological_Process_2023,Activation Of Protein Kinase Activity (GO:0032147),0.3396523554957474,0.4140041149077518,1,PHB1
GO_Biological_Process_2023,Macromolecule Modification (GO:0043412),0.3396523554957474,0.4140041149077518,1,UBA52
GO_Biological_Process_2023,Regulation Of Phosphorylation (GO:0042325),0.3430338177845722,0.41674356375481086,1,PIN1
GO_Biological_Process_2023,Negative Regulation Of Apoptotic Signaling Pathway (GO:2001234),0.3430338177845722,0.41674356375481086,1,NDUFA13
GO_Biological_Process_2023,Epigenetic Regulation Of Gene Expression (GO:0040029),0.34639813340988046,0.4180667127360626,1,PHB1
GO_Biological_Process_2023,Vascular Transport (GO:0010232),0.34639813340988046,0.4180667127360626,1,SLC19A1
GO_Biological_Process_2023,Phospholipase C-activating G Protein-Coupled Receptor Signaling Pathway (GO:0007200),0.34639813340988046,0.4180667127360626,1,P2RY11
GO_Biological_Process_2023,Regulation Of NIK/NF-kappaB Signaling (GO:1901222),0.34639813340988046,0.4180667127360626,1,PHB1
GO_Biological_Process_2023,Regulation Of Autophagy (GO:0010506),0.3485608362909303,0.4192417065389078,2,FKBP8;MLST8
GO_Biological_Process_2023,Regulation Of Cysteine-Type Endopeptidase Activity Involved In Apoptotic Process (GO:0043281),0.34974538840420183,0.4192417065389078,1,NDUFA13
GO_Biological_Process_2023,Transport Across Blood-Brain Barrier (GO:0150104),0.3530756685001142,0.4192417065389078,1,SLC19A1
GO_Biological_Process_2023,Nuclear-Transcribed mRNA Catabolic Process (GO:0000956),0.3530756685001142,0.4192417065389078,1,EXOSC4
GO_Biological_Process_2023,Calcium-Mediated Signaling (GO:0019722),0.3530756685001142,0.4192417065389078,1,P2RY11
GO_Biological_Process_2023,mRNA Metabolic Process (GO:0016071),0.3530756685001142,0.4192417065389078,1,AKAP8L
GO_Biological_Process_2023,Macromolecule Catabolic Process (GO:0009057),0.3530756685001142,0.4192417065389078,1,EXOSC4
GO_Biological_Process_2023,Mitotic Spindle Organization (GO:0007052),0.3530756685001142,0.4192417065389078,1,MAP1S
GO_Biological_Process_2023,Positive Regulation Of Amide Metabolic Process (GO:0034250),0.3530756685001142,0.4192417065389078,1,ELAVL1
GO_Biological_Process_2023,Positive Regulation Of Canonical Wnt Signaling Pathway (GO:0090263),0.3530756685001142,0.4192417065389078,1,PIN1
GO_Biological_Process_2023,Regulation Of ERK1 And ERK2 Cascade (GO:0070372),0.35410638958405954,0.4197874134585222,2,PHB1;PIN1
GO_Biological_Process_2023,ERAD Pathway (GO:0036503),0.366228737801746,0.4327622544763397,1,STUB1
GO_Biological_Process_2023,Organic Anion Transport (GO:0015711),0.366228737801746,0.4327622544763397,1,SLC19A1
GO_Biological_Process_2023,Regulation Of RNA Metabolic Process (GO:0051252),0.37270561895828835,0.4383018078949471,1,SF3B5
GO_Biological_Process_2023,Positive Regulation Of Binding (GO:0051099),0.37270561895828835,0.4383018078949471,1,PIN1
GO_Biological_Process_2023,Regulation Of Actin Cytoskeleton Organization (GO:0032956),0.37270561895828835,0.4383018078949471,1,MLST8
GO_Biological_Process_2023,B Cell Activation (GO:0042113),0.37591943748490464,0.44067111092728056,1,PHB1
GO_Biological_Process_2023,Positive Regulation Of Protein Catabolic Process (GO:0045732),0.37591943748490464,0.44067111092728056,1,NDUFA13
GO_Biological_Process_2023,Positive Regulation Of Protein Kinase B Signaling (GO:0051897),0.37911695126655665,0.4423031098109828,1,PHB1
GO_Biological_Process_2023,Regulation Of Peptidyl-Serine Phosphorylation (GO:0033135),0.37911695126655665,0.4423031098109828,1,RACK1
GO_Biological_Process_2023,Positive Regulation Of Cellular Component Biogenesis (GO:0044089),0.37911695126655665,0.4423031098109828,1,RACK1
GO_Biological_Process_2023,Protein Ubiquitination (GO:0016567),0.3816291199864392,0.44390080249497127,3,RACK1;STUB1;UBA52
GO_Biological_Process_2023,Vesicle Organization (GO:0016050),0.3822982421487303,0.44390080249497127,1,TRAPPC5
GO_Biological_Process_2023,"Retrograde Transport, Endosome To Golgi (GO:0042147)",0.3822982421487303,0.44390080249497127,1,VPS51
GO_Biological_Process_2023,T Cell Receptor Signaling Pathway (GO:0050852),0.38546339163987653,0.44687002027651296,1,STOML2
GO_Biological_Process_2023,Positive Regulation Of Supramolecular Fiber Organization (GO:1902905),0.3886124808534803,0.4491040462693523,1,PDXP
GO_Biological_Process_2023,Regulation Of Protein Metabolic Process (GO:0051246),0.3886124808534803,0.4491040462693523,1,ELP6
GO_Biological_Process_2023,Monocarboxylic Acid Metabolic Process (GO:0032787),0.3917455904459541,0.45201414282225466,1,GRHPR
GO_Biological_Process_2023,RNA Splicing (GO:0008380),0.3948628007367752,0.4541849116455865,1,LSM4
GO_Biological_Process_2023,Phosphatidylinositol Biosynthetic Process (GO:0006661),0.3948628007367752,0.4541849116455865,1,PMPCA
GO_Biological_Process_2023,Negative Regulation Of Signal Transduction (GO:0009968),0.3960324721840076,0.45481854227382124,2,RACK1;ZNF653
GO_Biological_Process_2023,Response To UV (GO:0009411),0.40104984239534247,0.45986214377625073,1,TMEM161A
GO_Biological_Process_2023,Hemopoiesis (GO:0030097),0.4041198324262492,0.4626605558150984,1,ARMC6
GO_Biological_Process_2023,Positive Regulation Of Cell Migration (GO:0030335),0.4049899708664891,0.4629356587665155,2,RACK1;ELP6
GO_Biological_Process_2023,Regulation Of RNA Splicing (GO:0043484),0.407174240334478,0.46470973081652384,1,SF3B5
GO_Biological_Process_2023,Negative Regulation Of Nucleic Acid-Templated Transcription (GO:1903507),0.41193166291290995,0.4694104995984323,3,PHB1;NDUFA13;ZNF653
GO_Biological_Process_2023,Lysosomal Transport (GO:0007041),0.4162447522844623,0.47359116552489133,1,VPS51
GO_Biological_Process_2023,Monoatomic Ion Transport (GO:0006811),0.4222152748646144,0.4796417728369267,1,SLC25A26
GO_Biological_Process_2023,Central Nervous System Development (GO:0007417),0.4244731869924413,0.4814626426534635,2,DHX30;MAP1S
GO_Biological_Process_2023,Glycerophospholipid Biosynthetic Process (GO:0046474),0.4251778207952197,0.48151879550768334,1,PMPCA
GO_Biological_Process_2023,Positive Regulation Of Wnt Signaling Pathway (GO:0030177),0.4281253246454937,0.4833673020191058,1,PIN1
GO_Biological_Process_2023,Regulation Of Wnt Signaling Pathway (GO:0030111),0.4281253246454937,0.4833673020191058,1,RACK1
GO_Biological_Process_2023,Response To Lipid (GO:0033993),0.43105786207443775,0.4859317923691898,1,TMEM161A
GO_Biological_Process_2023,RNA Metabolic Process (GO:0016070),0.43397550823954073,0.4862378026769244,1,EXOSC4
GO_Biological_Process_2023,Mitotic Cell Cycle Phase Transition (GO:0044772),0.43397550823954073,0.4862378026769244,1,TACC3
GO_Biological_Process_2023,Mitotic Sister Chromatid Segregation (GO:0000070),0.43397550823954073,0.4862378026769244,1,AKAP8L
GO_Biological_Process_2023,Cytoskeleton Organization (GO:0007010),0.43397550823954073,0.4862378026769244,1,MLST8
GO_Biological_Process_2023,Protein Deubiquitination (GO:0016579),0.4368783380844716,0.4880023989241437,1,BABAM1
GO_Biological_Process_2023,Regulation Of Protein Serine/Threonine Kinase Activity (GO:0071900),0.4368783380844716,0.4880023989241437,1,CDC37
GO_Biological_Process_2023,Regulation Of Protein Ubiquitination (GO:0031396),0.43976642602899374,0.4897398835322884,1,STUB1
GO_Biological_Process_2023,Positive Regulation Of Cellular Component Organization (GO:0051130),0.43976642602899374,0.4897398835322884,1,RACK1
GO_Biological_Process_2023,Regulation Of Cytoskeleton Organization (GO:0051493),0.44263984628307584,0.49219408020886646,1,MLST8
GO_Biological_Process_2023,Negative Regulation Of Apoptotic Process (GO:0043066),0.4471526904742992,0.49646106872901796,3,PRDX2;FKBP8;MLST8
GO_Biological_Process_2023,Positive Regulation Of Cell Population Proliferation (GO:0008284),0.4484918484540556,0.4971968455712381,3,RPS9;PHB1;DHPS
GO_Biological_Process_2023,Protein Maturation (GO:0051604),0.45117283639660777,0.4986647139120402,1,STUB1
GO_Biological_Process_2023,Protein Processing (GO:0016485),0.45117283639660777,0.4986647139120402,1,STOML2
GO_Biological_Process_2023,Regulation Of Protein-Containing Complex Assembly (GO:0043254),0.4567895003338674,0.5041145386567456,1,RACK1
GO_Biological_Process_2023,Cellular Response To Cytokine Stimulus (GO:0071345),0.4674979674382499,0.5147779693655501,2,PHB1;NDUFA13
GO_Biological_Process_2023,Regulation Of Cell Motility (GO:2000145),0.4678526306614795,0.5147779693655501,1,PIN1
GO_Biological_Process_2023,Protein Dephosphorylation (GO:0006470),0.47058337039837705,0.5170086356394725,1,PDXP
GO_Biological_Process_2023,Positive Regulation Of Intracellular Protein Transport (GO:0090316),0.4760032908366396,0.5221827145745226,1,PIN1
GO_Biological_Process_2023,Cytosolic Transport (GO:0016482),0.4786926108283515,0.5243503263171958,1,VPS51
GO_Biological_Process_2023,Protein Homooligomerization (GO:0051260),0.4840303160256479,0.5294081581530524,1,ELAVL1
GO_Biological_Process_2023,Proteasome-Mediated Ubiquitin-Dependent Protein Catabolic Process (GO:0043161),0.485829005541899,0.5299391796476227,2,RAD23A;STUB1
GO_Biological_Process_2023,Golgi Organization (GO:0007030),0.4866788384518984,0.5299391796476227,1,VPS51
GO_Biological_Process_2023,Transmembrane Receptor Protein Serine/Threonine Kinase Signaling Pathway (GO:0007178),0.4866788384518984,0.5299391796476227,1,STUB1
GO_Biological_Process_2023,Positive Regulation Of Cytokine Production (GO:0001819),0.4874763467200183,0.5300223592296057,2,PHB1;STOML2
GO_Biological_Process_2023,Synapse Organization (GO:0050808),0.4893138983023021,0.5312344390726618,1,PIN1
GO_Biological_Process_2023,Negative Regulation Of Cell Motility (GO:2000146),0.49454390098005757,0.5361206006199739,1,PIN1
GO_Biological_Process_2023,Antigen Receptor-Mediated Signaling Pathway (GO:0050851),0.49713897837191195,0.5381401312273273,1,STOML2
GO_Biological_Process_2023,Non-Membrane-Bounded Organelle Assembly (GO:0140694),0.49972086222526646,0.5401394613758395,1,LSM4
GO_Biological_Process_2023,Positive Regulation Of Intracellular Signal Transduction (GO:1902533),0.5034831836166487,0.5434069602910966,3,PHB1;MLST8;RACK1
GO_Biological_Process_2023,Protein Localization To Plasma Membrane (GO:0072659),0.5048453145340125,0.5440781615579167,1,RAB3A
GO_Biological_Process_2023,Negative Regulation Of Wnt Signaling Pathway (GO:0030178),0.5124346910952726,0.5514487524963768,1,RACK1
GO_Biological_Process_2023,Negative Regulation Of Gene Expression (GO:0010629),0.5133877016207774,0.5516666091977651,2,IFRD2;RACK1
GO_Biological_Process_2023,Protein Localization To Cell Periphery (GO:1990778),0.5174301670448507,0.5551987923765915,1,RAB3A
GO_Biological_Process_2023,Positive Regulation Of Transferase Activity (GO:0051347),0.5199088659087284,0.5570452134736376,1,PIN1
GO_Biological_Process_2023,Positive Regulation Of Transcription By RNA Polymerase II (GO:0045944),0.5245801087685384,0.5612319940973446,5,CHCHD2;STXBP2;AKAP8L;PIN1;RFXANK
GO_Biological_Process_2023,Positive Regulation Of Cellular Catabolic Process (GO:0031331),0.5272695705697074,0.5632894394894403,1,MLST8
GO_Biological_Process_2023,Dephosphorylation (GO:0016311),0.529698218759658,0.5650626861949907,1,PDXP
GO_Biological_Process_2023,Defense Response To Symbiont (GO:0140546),0.5321145113914838,0.5668176316996241,1,EXOSC4
GO_Biological_Process_2023,Protein Localization (GO:0008104),0.536896648143164,0.5710839889800658,2,STXBP2;TIMM44
GO_Biological_Process_2023,Positive Regulation Of Nucleic Acid-Templated Transcription (GO:1903508),0.5434858332064826,0.5772573517438796,3,SF3B5;PHB1;MRPL12
GO_Biological_Process_2023,Cellular Response To Growth Factor Stimulus (GO:0071363),0.5486877954904755,0.581941601277777,1,RACK1
GO_Biological_Process_2023,Ubiquitin-Dependent Protein Catabolic Process (GO:0006511),0.5611132784162209,0.5942626219537787,2,RAD23A;STUB1
GO_Biological_Process_2023,Regulation Of Macromolecule Metabolic Process (GO:0060255),0.5646795770584497,0.5971791210618138,1,PIN1
GO_Biological_Process_2023,Nitrogen Compound Transport (GO:0071705),0.5669178348455791,0.5986847824877883,1,CD320
GO_Biological_Process_2023,Peptidyl-Serine Modification (GO:0018209),0.5735644610362591,0.6048348333739605,1,NTMT1
GO_Biological_Process_2023,Double-Strand Break Repair (GO:0006302),0.5779393269282427,0.6085750792152699,1,BABAM1
GO_Biological_Process_2023,Generation Of Neurons (GO:0048699),0.5865561647926287,0.6167650659836653,1,PIN1
GO_Biological_Process_2023,Neuron Differentiation (GO:0030182),0.5886830128411195,0.6181171634831755,1,PIN1
GO_Biological_Process_2023,Positive Regulation Of Cellular Biosynthetic Process (GO:0031328),0.5907990265731289,0.6194540435538513,1,ELAVL1
GO_Biological_Process_2023,Positive Regulation Of ERK1 And ERK2 Cascade (GO:0070374),0.601218483726814,0.6294808910814933,1,PHB1
GO_Biological_Process_2023,Negative Regulation Of Macromolecule Metabolic Process (GO:0010605),0.6153657361992282,0.6433766943192499,1,RACK1
GO_Biological_Process_2023,Neuron Projection Development (GO:0031175),0.6270956027529703,0.6547091875332857,1,MAP1S
GO_Biological_Process_2023,Endomembrane System Organization (GO:0010256),0.6347180103488669,0.6617272873849889,1,VPS51
GO_Biological_Process_2023,Nervous System Development (GO:0007399),0.6513978549685004,0.6781549906541753,2,DHX30;MAP1S
GO_Biological_Process_2023,Regulation Of Cell Migration (GO:0030334),0.6526467832408073,0.6784941805968788,2,RACK1;ELP6
GO_Biological_Process_2023,Regulation Of Canonical Wnt Signaling Pathway (GO:0060828),0.654893234881943,0.6798679768901525,1,PIN1
GO_Biological_Process_2023,Regulation Of Nucleic Acid-Templated Transcription (GO:1903506),0.6745297775830837,0.6992657073675127,2,PHB1;ZNF653
GO_Biological_Process_2023,Protein Polyubiquitination (GO:0000209),0.6871753235938832,0.7113716378049354,1,STUB1
GO_Biological_Process_2023,Apoptotic Process (GO:0006915),0.6903943469226466,0.7116968372905262,1,BRAT1
GO_Biological_Process_2023,Cellular Response To Lipid (GO:0071396),0.6903943469226466,0.7116968372905262,1,NDUFA13
GO_Biological_Process_2023,Cilium Organization (GO:0044782),0.6903943469226466,0.7116968372905262,1,POC1A
GO_Biological_Process_2023,Positive Regulation Of Gene Expression (GO:0010628),0.7063572812391332,0.7271324953932253,2,PHB1;ELAVL1
GO_Biological_Process_2023,Cilium Assembly (GO:0060271),0.7135139715623547,0.7334724043333296,1,POC1A
GO_Biological_Process_2023,Positive Regulation Of Programmed Cell Death (GO:0043068),0.7164644938940433,0.7354768198493322,1,RACK1
GO_Biological_Process_2023,Positive Regulation Of Signal Transduction (GO:0009967),0.7456850141924881,0.7644051400717974,1,PHB1
GO_Biological_Process_2023,Positive Regulation Of Apoptotic Process (GO:0043065),0.7509027087213193,0.7686817422147211,1,RACK1
GO_Biological_Process_2023,Regulation Of Cell Population Proliferation (GO:0042127),0.7543253140124644,0.7704701659557793,3,RPS9;PHB1;DHPS
GO_Biological_Process_2023,Chemical Synaptic Transmission (GO:0007268),0.7547462850179063,0.7704701659557793,1,STXBP2
GO_Biological_Process_2023,Plasma Membrane Bounded Cell Projection Assembly (GO:0120031),0.7572759838931553,0.7719803719299156,1,POC1A
GO_Biological_Process_2023,DNA Metabolic Process (GO:0006259),0.7731007278256602,0.7870208240330474,1,POLD2
GO_Biological_Process_2023,Positive Regulation Of MAPK Cascade (GO:0043410),0.7975867954525999,0.8108247505638464,1,PHB1
GO_Biological_Process_2023,Supramolecular Fiber Organization (GO:0097435),0.80379796825386,0.8160103683240153,1,PIN1
GO_Biological_Process_2023,Organelle Assembly (GO:0070925),0.8098203571774681,0.8209902931385367,1,POC1A
GO_Biological_Process_2023,Proteolysis (GO:0006508),0.8175663429419769,0.8277014628958032,1,APEH
GO_Biological_Process_2023,Regulation Of Gene Expression (GO:0010468),0.833490911494159,0.8426627509603944,4,SF3B5;PHB1;RACK1;PIN1
GO_Biological_Process_2023,Positive Regulation Of Macromolecule Metabolic Process (GO:0010604),0.8471477612736555,0.8552934128243638,1,PHB1
GO_Biological_Process_2023,Negative Regulation Of Cell Population Proliferation (GO:0008285),0.8586380693487156,0.8657050493433551,1,PHB1
GO_Biological_Process_2023,Protein Modification Process (GO:0036211),0.88202570545519,0.8880669774103626,2,PDXP;UBA52
GO_Biological_Process_2023,Phosphorylation (GO:0016310),0.8911036070307393,0.895979686959772,1,MLST8
GO_Biological_Process_2023,Regulation Of Transcription By RNA Polymerase II (GO:0006357),0.9029637119192052,0.9066643828696938,7,PHB1;CHCHD2;STXBP2;AKAP8L;PIN1;RFXANK;ZNF653
GO_Biological_Process_2023,Regulation Of DNA-templated Transcription (GO:0006355),0.9352399247962055,0.9377917390521298,6,SF3B5;PHB1;NDUFA13;RFXANK;MRPL12;ZNF653
GO_Biological_Process_2023,Negative Regulation Of DNA-templated Transcription (GO:0045892),0.9698707550461255,0.9711921048486407,2,PHB1;NDUFA13
GO_Biological_Process_2023,Negative Regulation Of Transcription By RNA Polymerase II (GO:0000122),0.9812696358663664,0.9812696358663664,1,PHB1
GO_Cellular_Component_2023,Mitochondrial Membrane (GO:0031966),3.247206760095905e-14,2.325547082942861e-12,22,GADD45GIP1;PHB1;STOML2;NDUFA7;NDUFA13;NDUFB7;MPV17L2;MRPS2;UQCC5;TIMM44;MRPL37;MRPL12;ECSIT;MRPL34;SLC25A38;MRPL4;QTRT1;SLC25A26;SAMM50;UQCRC1;PMPCA;UBA52
GO_Cellular_Component_2023,Mitochondrial Inner Membrane (GO:0005743),3.720875332708578e-14,2.325547082942861e-12,19,GADD45GIP1;PHB1;STOML2;NDUFA7;NDUFA13;NDUFB7;MPV17L2;MRPS2;UQCC5;TIMM44;MRPL37;MRPL12;ECSIT;MRPL34;SLC25A38;MRPL4;SLC25A26;UQCRC1;PMPCA
GO_Cellular_Component_2023,Organelle Inner Membrane (GO:0019866),1.3754995451954132e-13,5.731248104980888e-12,19,GADD45GIP1;PHB1;STOML2;NDUFA7;NDUFA13;NDUFB7;MPV17L2;MRPS2;UQCC5;TIMM44;MRPL37;MRPL12;ECSIT;MRPL34;SLC25A38;MRPL4;SLC25A26;UQCRC1;PMPCA
GO_Cellular_Component_2023,Large Ribosomal Subunit (GO:0015934),6.715468240332201e-06,0.00016788670600830503,5,RPL18A;RPL14;RPL23A;RPL29;UBA52
GO_Cellular_Component_2023,Cytosolic Large Ribosomal Subunit (GO:0022625),6.715468240332201e-06,0.00016788670600830503,5,RPL18A;RPL14;RPL23A;RPL29;UBA52
GO_Cellular_Component_2023,Cytosolic Small Ribosomal Subunit (GO:0022627),5.585246506259105e-05,0.001098050224846914,4,RPS9;RACK1;RPSA;UBA52
GO_Cellular_Component_2023,Small Ribosomal Subunit (GO:0015935),6.149081259142718e-05,0.001098050224846914,4,RPS9;RACK1;RPSA;UBA52
GO_Cellular_Component_2023,Nucleus (GO:0005634),9.819688756306628e-05,0.0015343263681729105,40,SF3B5;PHB1;DDX49;TEX264;BRAT1;STXBP2;CCDC124;RRP1;AKAP8L;PPAN;ECSIT;ELAVL1;BABAM1;DHX30;CHCHD2;EXOSC4;SNAPC2;NTMT1;POLD2;RACK1;PMPCA;RPS9;MDH2;MAP1S;IFRD2;ALYREF;RPSA;RFXANK;RAD23A;RPL23A;LSM4;ELP6;XAB2;IMPDH2;EIF3G;PIN1;STUB1;ZNF653;UBA52;RABL6
GO_Cellular_Component_2023,Mitochondrial Ribosome (GO:0005761),0.00018482643389906202,0.0025670338041536393,3,NDUFA7;MRPL37;MRPL34
GO_Cellular_Component_2023,Mitochondrial Matrix (GO:0005759),0.00046877832483461064,0.005859729060432633,8,GADD45GIP1;GCDH;NDUFA7;MDH2;FDX2;TIMM44;MRPL37;MRPL34
GO_Cellular_Component_2023,Intracellular Membrane-Bounded Organelle (GO:0043231),0.0005211713268586858,0.0059224014415759745,42,SF3B5;PHB1;DDX49;TEX264;BRAT1;STXBP2;CCDC124;RRP1;AKAP8L;PPAN;ECSIT;ELAVL1;BABAM1;DHX30;CHCHD2;EXOSC4;VPS51;SNAPC2;NTMT1;POLD2;RACK1;PMPCA;RPS9;MDH2;MAP1S;IFRD2;ALYREF;RPSA;RFXANK;RAD23A;RPL23A;LSM4;ELP6;XAB2;IMPDH2;EIF3G;TACC3;PIN1;STUB1;ZNF653;UBA52;RABL6
GO_Cellular_Component_2023,Mitochondrial Envelope (GO:0005740),0.0009134341542805102,0.009514939107088647,5,STOML2;NDUFA13;CHCHD2;NDUFB7;FKBP8
GO_Cellular_Component_2023,Mitochondrial Respiratory Chain Complex I (GO:0005747),0.0011925956804552317,0.010648175718350283,3,NDUFA13;NDUFA7;NDUFB7
GO_Cellular_Component_2023,Respiratory Chain Complex I (GO:0045271),0.0011925956804552317,0.010648175718350283,3,NDUFA13;NDUFA7;NDUFB7
GO_Cellular_Component_2023,"Preribosome, Large Subunit Precursor (GO:0030687)",0.0037362085914807515,0.030596639914938255,2,PES1;PPAN
GO_Cellular_Component_2023,Mitochondrial Intermembrane Space (GO:0005758),0.003916369909112097,0.030596639914938255,3,CHCHD2;STOML2;NDUFB7
GO_Cellular_Component_2023,Organelle Envelope Lumen (GO:0031970),0.00507662260532069,0.037328107392063894,3,CHCHD2;STOML2;NDUFB7
GO_Cellular_Component_2023,U2-type Spliceosomal Complex (GO:0005684),0.010980135413536544,0.07625094037178155,3,SF3B5;XAB2;LSM4
GO_Cellular_Component_2023,Nucleolus (GO:0005730),0.01697794762619251,0.11169702385652967,9,RPS9;EXOSC4;VPS51;MAP1S;PES1;RRP1;RPL23A;GET3;RRP9
GO_Cellular_Component_2023,Nuclear Lumen (GO:0031981),0.01816574789522976,0.113535924345186,9,RPS9;EXOSC4;VPS51;MAP1S;PES1;RRP1;RPL23A;GET3;RRP9
GO_Cellular_Component_2023,Box C/D RNP Complex (GO:0031428),0.02524355128901587,0.1473060440447587,1,RRP9
GO_Cellular_Component_2023,U2-type Precatalytic Spliceosome (GO:0071005),0.025925863751877533,0.1473060440447587,2,SF3B5;LSM4
GO_Cellular_Component_2023,Precatalytic Spliceosome (GO:0071011),0.028946781382182714,0.15156638831165006,2,SF3B5;LSM4
GO_Cellular_Component_2023,Spliceosomal snRNP Complex (GO:0097525),0.03427566652773426,0.15156638831165006,2,SF3B5;LSM4
GO_Cellular_Component_2023,TORC2 Complex (GO:0031932),0.03516340208830281,0.15156638831165006,1,MLST8
GO_Cellular_Component_2023,U6 snRNP (GO:0005688),0.03516340208830281,0.15156638831165006,1,LSM4
GO_Cellular_Component_2023,Clathrin-Sculpted Gamma-Aminobutyric Acid Transport Vesicle (GO:0061200),0.03516340208830281,0.15156638831165006,1,RAB3A
GO_Cellular_Component_2023,Clathrin-Sculpted Gamma-Aminobutyric Acid Transport Vesicle Membrane (GO:0061202),0.03516340208830281,0.15156638831165006,1,RAB3A
GO_Cellular_Component_2023,Cytolytic Granule (GO:0044194),0.03516340208830281,0.15156638831165006,1,STXBP2
GO_Cellular_Component_2023,Ribosome (GO:0005840),0.03879104991994025,0.16162937466641772,2,RPS9;RPL18A
GO_Cellular_Component_2023,Mitochondrial Outer Membrane (GO:0005741),0.042148567710899365,0.16535513666620152,3,QTRT1;SAMM50;UBA52
GO_Cellular_Component_2023,Nucleolar Exosome (RNase Complex) (GO:0101019),0.04498328588336053,0.16535513666620152,1,EXOSC4
GO_Cellular_Component_2023,post-mRNA Release Spliceosomal Complex (GO:0071014),0.04498328588336053,0.16535513666620152,1,XAB2
GO_Cellular_Component_2023,Nuclear Inclusion Body (GO:0042405),0.049856051675230315,0.16535513666620152,1,STUB1
GO_Cellular_Component_2023,Primary Lysosome (GO:0005766),0.049856051675230315,0.16535513666620152,1,STXBP2
GO_Cellular_Component_2023,Small-Subunit Processome (GO:0032040),0.05357275145510054,0.16535513666620152,2,RPS9;RRP9
GO_Cellular_Component_2023,Mitochondrial Respiratory Chain Complex III (GO:0005750),0.05470419842989522,0.16535513666620152,1,UQCRC1
GO_Cellular_Component_2023,TRAPPII Protein Complex (GO:1990071),0.05470419842989522,0.16535513666620152,1,TRAPPC5
GO_Cellular_Component_2023,TRAPPIII Protein Complex (GO:1990072),0.05470419842989522,0.16535513666620152,1,TRAPPC5
GO_Cellular_Component_2023,Respiratory Chain Complex III (GO:0045275),0.05470419842989522,0.16535513666620152,1,UQCRC1
GO_Cellular_Component_2023,Organelle Outer Membrane (GO:0031968),0.05630939214200283,0.16535513666620152,3,QTRT1;SAMM50;UBA52
GO_Cellular_Component_2023,COPI Vesicle Coat (GO:0030126),0.059527849199832554,0.16535513666620152,1,COPE
GO_Cellular_Component_2023,MIB Complex (GO:0140275),0.059527849199832554,0.16535513666620152,1,SAMM50
GO_Cellular_Component_2023,SAM Complex (GO:0001401),0.059527849199832554,0.16535513666620152,1,SAMM50
GO_Cellular_Component_2023,Cytoplasmic Side Of Lysosomal Membrane (GO:0098574),0.059527849199832554,0.16535513666620152,1,KXD1
GO_Cellular_Component_2023,Mitotic Spindle Microtubule (GO:1990498),0.0643271264420606,0.17480197402733857,1,MAP1S
GO_Cellular_Component_2023,TIM23 Mitochondrial Import Inner Membrane Translocase Complex (GO:0005744),0.07385304727236812,0.19641767891587267,1,TIMM44
GO_Cellular_Component_2023,COPI-coated Vesicle Membrane (GO:0030663),0.07857993284130045,0.2046352417742199,1,COPE
GO_Cellular_Component_2023,Mitochondrial Outer Membrane Translocase Complex (GO:0005742),0.10185839864661637,0.2598428536903479,1,SAMM50
GO_Cellular_Component_2023,SAGA Complex (GO:0000124),0.11100587575178392,0.2775146893794598,1,SF3B5
GO_Cellular_Component_2023,U2 snRNP (GO:0005686),0.12006109138115012,0.2942673808361523,1,SF3B5
GO_Cellular_Component_2023,Ficolin-1-Rich Granule Lumen (GO:1904813),0.13025610587298203,0.3089651331481508,2,IMPDH2;APEH
GO_Cellular_Component_2023,U12-type Spliceosomal Complex (GO:0005689),0.13347293752000114,0.3089651331481508,1,SF3B5
GO_Cellular_Component_2023,Polysomal Ribosome (GO:0042788),0.13347293752000114,0.3089651331481508,1,RPL18A
GO_Cellular_Component_2023,U2-type Catalytic Step 2 Spliceosome (GO:0071007),0.13789841450708185,0.31340548751609515,1,XAB2
GO_Cellular_Component_2023,Peroxisome (GO:0005777),0.14062533213605818,0.31389583066084414,2,GRHPR;IMPDH2
GO_Cellular_Component_2023,Intracellular Organelle Lumen (GO:0070013),0.14718194612170818,0.32276742570550043,7,GADD45GIP1;GCDH;MDH2;IMPDH2;FDX2;TIMM44;APEH
GO_Cellular_Component_2023,Intracellular Non-Membrane-Bounded Organelle (GO:0043232),0.1557943360537469,0.33576365528824764,9,RPS9;EXOSC4;VPS51;MAP1S;PES1;RRP1;RPL23A;GET3;RRP9
GO_Cellular_Component_2023,U4/U6 X U5 tri-snRNP Complex (GO:0046540),0.16398517794435913,0.3390466367577385,1,LSM4
GO_Cellular_Component_2023,Autophagosome Membrane (GO:0000421),0.16398517794435913,0.3390466367577385,1,TEX264
GO_Cellular_Component_2023,Mitotic Spindle (GO:0072686),0.1654547587377764,0.3390466367577385,2,MAP1S;TACC3
GO_Cellular_Component_2023,Spliceosomal tri-snRNP Complex (GO:0097526),0.1682563218331979,0.33922645530886675,1,LSM4
GO_Cellular_Component_2023,Vesicle Coat (GO:0030120),0.1725058575997924,0.3422735269837151,1,COPE
GO_Cellular_Component_2023,SAGA-type Complex (GO:0070461),0.1767338934779614,0.34518338569914336,1,SF3B5
GO_Cellular_Component_2023,Recycling Endosome (GO:0055037),0.19467247085854683,0.3743701362664362,2,VPS51;RAB11B
GO_Cellular_Component_2023,Euchromatin (GO:0000791),0.20165660528680016,0.38048350460026414,1,EXOSC4
GO_Cellular_Component_2023,Chromosome (GO:0005694),0.20393915846574157,0.38048350460026414,2,PES1;RRP1
GO_Cellular_Component_2023,Microbody Lumen (GO:0031907),0.2218537199073844,0.4015650530082671,1,GRHPR
GO_Cellular_Component_2023,Peroxisomal Matrix (GO:0005782),0.2218537199073844,0.4015650530082671,1,GRHPR
GO_Cellular_Component_2023,Endoplasmic Reticulum Membrane (GO:0005789),0.22487642968462956,0.4015650530082671,6,TEX264;ATP13A1;PNPLA6;GET3;UBA52;COPE
GO_Cellular_Component_2023,Microbody Membrane (GO:0031903),0.23764642747380324,0.4125806032531306,1,IMPDH2
GO_Cellular_Component_2023,Peroxisomal Membrane (GO:0005778),0.23764642747380324,0.4125806032531306,1,IMPDH2
GO_Cellular_Component_2023,Ficolin-1-Rich Granule (GO:0101002),0.2414186724660594,0.41338813778434824,2,IMPDH2;APEH
GO_Cellular_Component_2023,Extracellular Membrane-Bounded Organelle (GO:0065010),0.25312169621510944,0.4239160805787164,1,RAB3A
GO_Cellular_Component_2023,Vacuolar Membrane (GO:0005774),0.2607422704872568,0.4239160805787164,1,TEX264
GO_Cellular_Component_2023,Endocytic Vesicle (GO:0030139),0.2640791571706615,0.4239160805787164,2,UBA52;RAB11B
GO_Cellular_Component_2023,Transport Vesicle Membrane (GO:0030658),0.264523634281119,0.4239160805787164,1,RAB3A
GO_Cellular_Component_2023,Extracellular Vesicle (GO:1903561),0.264523634281119,0.4239160805787164,1,RAB3A
GO_Cellular_Component_2023,Caveola (GO:0005901),0.27202899800019026,0.4304256297471365,1,CD320
GO_Cellular_Component_2023,Platelet Alpha Granule Lumen (GO:0031093),0.2868129424498307,0.44814522257786044,1,TEX264
GO_Cellular_Component_2023,Spindle (GO:0005819),0.29052978811977426,0.4483125513801684,2,MAP1S;TACC3
GO_Cellular_Component_2023,Spindle Microtubule (GO:0005876),0.29409303370539047,0.4483125513801684,1,MAP1S
GO_Cellular_Component_2023,Recycling Endosome Membrane (GO:0055038),0.3012995320852558,0.45376435555008404,1,RAB11B
GO_Cellular_Component_2023,Cytoplasmic Stress Granule (GO:0010494),0.3224848002656778,0.4798880956334491,1,ELAVL1
GO_Cellular_Component_2023,Glutamatergic Synapse (GO:0098978),0.3294042210966763,0.4844179722009946,1,PIN1
GO_Cellular_Component_2023,Vesicle (GO:0031982),0.3374248130181248,0.4865142323172479,2,RAB3A;UBA52
GO_Cellular_Component_2023,Plasma Membrane Raft (GO:0044853),0.3430338177845722,0.4865142323172479,1,CD320
GO_Cellular_Component_2023,P-body (GO:0000932),0.34639813340988046,0.4865142323172479,1,LSM4
GO_Cellular_Component_2023,Autophagosome (GO:0005776),0.34639813340988046,0.4865142323172479,1,TEX264
GO_Cellular_Component_2023,Platelet Alpha Granule (GO:0031091),0.366228737801746,0.5075211720975732,1,TEX264
GO_Cellular_Component_2023,Clathrin-Coated Vesicle Membrane (GO:0030665),0.3694754132870333,0.5075211720975732,1,RAB3A
GO_Cellular_Component_2023,Phagocytic Vesicle (GO:0045335),0.40104984239534247,0.53379562673373,1,RAB11B
GO_Cellular_Component_2023,trans-Golgi Network Membrane (GO:0032588),0.40104984239534247,0.53379562673373,1,VPS51
GO_Cellular_Component_2023,Dendrite (GO:0030425),0.40141431130376504,0.53379562673373,2,MAP1S;RACK1
GO_Cellular_Component_2023,Cytoplasmic Vesicle Lumen (GO:0060205),0.44549867250883485,0.5861824638274143,1,IMPDH2
GO_Cellular_Component_2023,Secretory Granule Lumen (GO:0034774),0.4808676890633593,0.6261298034679157,2,TEX264;IMPDH2
GO_Cellular_Component_2023,Asymmetric Synapse (GO:0032279),0.49454390098005757,0.6363732950901932,1,RPL14
GO_Cellular_Component_2023,Actin Cytoskeleton (GO:0015629),0.49891666335071155,0.6363732950901932,2,STOML2;PDXP
GO_Cellular_Component_2023,Postsynaptic Density (GO:0014069),0.5392898773606531,0.664161724352124,1,RPL14
GO_Cellular_Component_2023,Neuron Projection (GO:0043005),0.5434858332064826,0.664161724352124,3,RAB3A;MAP1S;RACK1
GO_Cellular_Component_2023,Lysosomal Membrane (GO:0005765),0.544560569905799,0.664161724352124,2,KXD1;UBA52
GO_Cellular_Component_2023,Azurophil Granule (GO:0042582),0.5486877954904755,0.664161724352124,1,STXBP2
GO_Cellular_Component_2023,Endosome Membrane (GO:0010008),0.5521372193523958,0.664161724352124,2,UBA52;RAB11B
GO_Cellular_Component_2023,Specific Granule (GO:0042581),0.5578958484557841,0.664161724352124,1,STXBP2
GO_Cellular_Component_2023,Endocytic Vesicle Membrane (GO:0030666),0.5578958484557841,0.664161724352124,1,UBA52
GO_Cellular_Component_2023,Tertiary Granule (GO:0070820),0.5646795770584497,0.6658957276632662,1,STXBP2
GO_Cellular_Component_2023,Membrane Raft (GO:0045121),0.580110064215273,0.676410217008182,1,STOML2
GO_Cellular_Component_2023,Basolateral Plasma Membrane (GO:0016323),0.5844184274950692,0.676410217008182,1,SLC19A1
GO_Cellular_Component_2023,Cytoplasmic Vesicle Membrane (GO:0030659),0.592933703428676,0.6799698433815092,2,RAB3A;UBA52
GO_Cellular_Component_2023,Microtubule (GO:0005874),0.613375548822533,0.6970176691165149,1,MAP1S
GO_Cellular_Component_2023,Axon (GO:0030424),0.651308934478352,0.7334560072954415,1,RAB3A
GO_Cellular_Component_2023,Nuclear Membrane (GO:0031965),0.6887889564742959,0.768737674636491,1,APEH
GO_Cellular_Component_2023,trans-Golgi Network (GO:0005802),0.7105330494551174,0.7859878865653953,1,VPS51
GO_Cellular_Component_2023,Lysosome (GO:0005764),0.7305481001850366,0.7973328375182535,2,STXBP2;UBA52
GO_Cellular_Component_2023,Cilium (GO:0005929),0.7335462105167933,0.7973328375182535,1,PMPCA
GO_Cellular_Component_2023,Polymeric Cytoskeletal Fiber (GO:0099513),0.7443637703992545,0.8021161318957485,1,MAP1S
GO_Cellular_Component_2023,Secretory Granule Membrane (GO:0030667),0.7622581232709544,0.8143783368279428,1,RAB3A
GO_Cellular_Component_2023,Lytic Vacuole Membrane (GO:0098852),0.7719205957141912,0.8177124954599484,1,UBA52
GO_Cellular_Component_2023,Bounding Membrane Of Organelle (GO:0098588),0.7934857580058946,0.827508949540821,3,RAB3A;UBA52;COPE
GO_Cellular_Component_2023,Early Endosome (GO:0005769),0.7944085915591881,0.827508949540821,1,PHB1
GO_Cellular_Component_2023,Cytoskeleton (GO:0005856),0.8141226827616774,0.8410358292992535,2,STOML2;PDXP
GO_Cellular_Component_2023,Microtubule Cytoskeleton (GO:0015630),0.8286032536228838,0.8489787434660694,1,MAP1S
GO_Cellular_Component_2023,Focal Adhesion (GO:0005925),0.8644121210467612,0.8769682875952952,1,RPS9
GO_Cellular_Component_2023,Cell-Substrate Junction (GO:0030055),0.8699525412945328,0.8769682875952952,1,RPS9
GO_Cellular_Component_2023,Golgi Membrane (GO:0000139),0.8899596879966333,0.8899596879966333,1,COPE
KEGG_2021_Human,Ribosome,5.056604937437001e-10,3.286793209334051e-08,11,MRPL4;RPS9;RPL18A;RPL14;MRPS2;RPSA;RPL23A;RPL29;MRPL12;MRPL34;UBA52
KEGG_2021_Human,Coronavirus disease,0.0001872601469633529,0.0060859547763089696,7,RPS9;RPL18A;RPL14;RPSA;RPL23A;RPL29;UBA52
KEGG_2021_Human,Parkinson disease,0.0017441326460268024,0.03778954066391405,6,TRAP1;NDUFA7;NDUFA13;NDUFB7;UQCRC1;UBA52
KEGG_2021_Human,Oxidative phosphorylation,0.0048054072216090924,0.07611408690668468,4,NDUFA7;NDUFA13;NDUFB7;UQCRC1
KEGG_2021_Human,Thermogenesis,0.006739509837783312,0.07611408690668468,5,NDUFA7;NDUFA13;NDUFB7;UQCRC1;MLST8
KEGG_2021_Human,Spliceosome,0.007319444176358889,0.07611408690668468,4,SF3B5;XAB2;ALYREF;LSM4
KEGG_2021_Human,Non-alcoholic fatty liver disease,0.008196901666873735,0.07611408690668468,4,NDUFA7;NDUFA13;NDUFB7;UQCRC1
KEGG_2021_Human,Glyoxylate and dicarboxylate metabolism,0.010208747246936652,0.0829460713813603,2,GRHPR;MDH2
KEGG_2021_Human,Homologous recombination,0.018558778906954777,0.12993695721174897,2,BABAM1;POLD2
KEGG_2021_Human,Diabetic cardiomyopathy,0.02024961755552317,0.12993695721174897,4,NDUFA7;NDUFA13;NDUFB7;UQCRC1
KEGG_2021_Human,Nucleotide excision repair,0.023988361331399807,0.12993695721174897,2,POLD2;RAD23A
KEGG_2021_Human,Pyruvate metabolism,0.023988361331399807,0.12993695721174897,2,GRHPR;MDH2
KEGG_2021_Human,Vitamin B6 metabolism,0.03021603513748301,0.15108017568741505,1,PDXP
KEGG_2021_Human,Pathways of neurodegeneration,0.03474745931958053,0.16132748969805247,6,TRAP1;NDUFA7;NDUFA13;NDUFB7;UQCRC1;UBA52
KEGG_2021_Human,Amyotrophic lateral sclerosis,0.0386897914012312,0.16290684236088165,5,NDUFA7;NDUFA13;NDUFB7;ALYREF;UQCRC1
KEGG_2021_Human,Retrograde endocannabinoid signaling,0.04010014581190933,0.16290684236088165,3,NDUFA7;NDUFA13;NDUFB7
KEGG_2021_Human,Prion disease,0.051166568884610894,0.1956368810293946,4,NDUFA7;NDUFA13;NDUFB7;UQCRC1
KEGG_2021_Human,RNA degradation,0.061597203419314316,0.22243434568085726,2,EXOSC4;LSM4
KEGG_2021_Human,RNA transport,0.06976411718617756,0.23239230485588128,3,ALYREF;EIF3G;TACC3
KEGG_2021_Human,Huntington disease,0.07150532457104039,0.23239230485588128,4,NDUFA7;NDUFA13;NDUFB7;UQCRC1
KEGG_2021_Human,Phenylalanine metabolism,0.08328292883718645,0.25778049401986286,1,MIF
KEGG_2021_Human,Mismatch repair,0.11100587575178392,0.3248758925766435,1,POLD2
KEGG_2021_Human,Vitamin digestion and absorption,0.11554495844655777,0.3248758925766435,1,SLC19A1
KEGG_2021_Human,Alzheimer disease,0.11995417572060682,0.3248758925766435,4,NDUFA7;NDUFA13;NDUFB7;UQCRC1
KEGG_2021_Human,AMPK signaling pathway,0.1251423287328076,0.3253700547052997,2,ELAVL1;RAB11B
KEGG_2021_Human,Citrate cycle (TCA cycle),0.14230151047491377,0.35575377618728443,1,MDH2
KEGG_2021_Human,Base excision repair,0.15537763015398814,0.3645553639719288,1,POLD2
KEGG_2021_Human,Ubiquitin mediated proteolysis,0.16006772038608835,0.3645553639719288,2,STUB1;UBA52
KEGG_2021_Human,Tyrosine metabolism,0.1682563218331979,0.3645553639719288,1,MIF
KEGG_2021_Human,DNA replication,0.1682563218331979,0.3645553639719288,1,POLD2
KEGG_2021_Human,Primary immunodeficiency,0.1767338934779614,0.37057106696991904,1,RFXANK
KEGG_2021_Human,"Glycine, serine and threonine metabolism",0.1851258958653396,0.37450512410405745,1,GRHPR
KEGG_2021_Human,Tryptophan metabolism,0.19343318424352546,0.37450512410405745,1,GCDH
KEGG_2021_Human,Fatty acid degradation,0.19755532557176078,0.37450512410405745,1,GCDH
KEGG_2021_Human,Vasopressin-regulated water reabsorption,0.20165660528680016,0.37450512410405745,1,RAB11B
KEGG_2021_Human,Protein processing in endoplasmic reticulum,0.21699361295252756,0.3917940233865081,2,RAD23A;STUB1
KEGG_2021_Human,Cysteine and methionine metabolism,0.2258320069783284,0.3967319041511175,1,MDH2
KEGG_2021_Human,Lysine degradation,0.27575318948424205,0.4716830872756772,1,GCDH
KEGG_2021_Human,Aminoacyl-tRNA biosynthesis,0.2868129424498307,0.4776699898912592,1,FARSA
KEGG_2021_Human,Mitophagy,0.29409303370539047,0.4776699898912592,1,UBA52
KEGG_2021_Human,RIG-I-like receptor signaling pathway,0.3012995320852558,0.4776699898912592,1,PIN1
KEGG_2021_Human,Synaptic vesicle cycle,0.3294042210966763,0.49793661328567346,1,RAB3A
KEGG_2021_Human,Antigen processing and presentation,0.3294042210966763,0.49793661328567346,1,RFXANK
KEGG_2021_Human,Peroxisome,0.3430338177845722,0.5067545035453908,1,MPV17L2
KEGG_2021_Human,Insulin secretion,0.35638905886629263,0.5082514539620986,1,RAB3A
KEGG_2021_Human,Cardiac muscle contraction,0.3596856443424082,0.5082514539620986,1,UQCRC1
KEGG_2021_Human,Bile secretion,0.3694754132870333,0.510976635396961,1,SLC4A5
KEGG_2021_Human,IL-17 signaling pathway,0.3822982421487303,0.5133216409578077,1,ELAVL1
KEGG_2021_Human,mRNA surveillance pathway,0.3948628007367752,0.5133216409578077,1,ALYREF
KEGG_2021_Human,Glycerophospholipid metabolism,0.3948628007367752,0.5133216409578077,1,PNPLA6
KEGG_2021_Human,Drug metabolism,0.4251778207952197,0.5314722759940247,1,IMPDH2
KEGG_2021_Human,Ribosome biogenesis in eukaryotes,0.4251778207952197,0.5314722759940247,1,NHP2
KEGG_2021_Human,Purine metabolism,0.4840303160256479,0.5936220856918323,1,IMPDH2
KEGG_2021_Human,Autophagy,0.5048453145340125,0.602630110022028,1,MLST8
KEGG_2021_Human,Measles,0.5099177854032545,0.602630110022028,1,RACK1
KEGG_2021_Human,PI3K-Akt signaling pathway,0.5415054421529893,0.6230378470923896,2,CDC37;MLST8
KEGG_2021_Human,mTOR signaling pathway,0.5463562659117879,0.6230378470923896,1,MLST8
KEGG_2021_Human,Influenza A,0.5865561647926287,0.6573474260607045,1,RAB11B
KEGG_2021_Human,Tuberculosis,0.6032706296625326,0.6646201852214343,1,RFXANK
KEGG_2021_Human,Kaposi sarcoma-associated herpesvirus infection,0.6290158428382022,0.6814338297413857,1,UBA52
KEGG_2021_Human,Shigellosis,0.7179284511823544,0.761712279609122,1,UBA52
KEGG_2021_Human,Endocytosis,0.7265563282425472,0.761712279609122,1,RAB11B
KEGG_2021_Human,MAPK signaling pathway,0.7800556069187284,0.8048192769796405,1,ECSIT
KEGG_2021_Human,Neuroactive ligand-receptor interaction,0.8277093383424934,0.8406422967540949,1,P2RY11
KEGG_2021_Human,Herpes simplex virus 1 infection,0.9241148518199428,0.9241148518199428,1,ALYREF
