set,lib,term,p,padj,n_overlap,genes
top300_raw,GO_Biological_Process_2023,Mitochondrial Respiratory Chain Complex Assembly (GO:0033108),7.013731879805932e-11,9.55270282029568e-08,14,SURF1;NDUFA5;PET100;COX17;NDUFA1;OMA1;TMEM223;LYRM2;SAMM50;AIFM1;NDUFAF3;NDUFS1;SDHAF4;COX14
top300_raw,GO_Biological_Process_2023,Protein Transport (GO:0015031),1.2176832065605014e-08,8.292422636677015e-06,21,SEC13;SYS1;UNC93B1;USO1;STX7;CMTM6;MIA2;COPZ1;RAB11B;SCAMP4;SNX4;PREPL;IFT22;KRT18;SNX27;KIF3B;ARFIP2;IFT27;ARFIP1;SIL1;TMED4
top300_raw,GO_Biological_Process_2023,GPI Anchor Biosynthetic Process (GO:0006506),4.750695151545208e-06,0.0021568155988015243,6,DPM3;PIGT;PIGO;PGAP4;SLC30A5;PIGP
top300_raw,GO_Biological_Process_2023,Mitochondrial Cytochrome C Oxidase Assembly (GO:0033617),1.5686044016383605e-05,0.005341097987578617,5,SURF1;TMEM223;PET100;COX17;COX14
top300_raw,GO_Biological_Process_2023,Respiratory Chain Complex IV Assembly (GO:0008535),3.730201049551283e-05,0.008798672813530873,5,TMEM223;SURF1;PET100;COX17;COX14
top300_raw,GO_Biological_Process_2023,Glycolipid Biosynthetic Process (GO:0009247),4.141085836907935e-05,0.008798672813530873,6,TM9SF2;DPM3;PIGO;PGAP4;SLC30A5;PIGP
top300_raw,GO_Biological_Process_2023,GPI Anchor Metabolic Process (GO:0006505),4.5220785385254116e-05,0.008798672813530873,5,DPM3;PIGO;PGAP4;SLC30A5;PIGP
top300_raw,GO_Biological_Process_2023,Cilium Assembly (GO:0060271),8.267831120369966e-05,0.014075982482429868,13,SPAG16;RSPH4A;TRAF3IP1;PARVA;BBIP1;RPGRIP1L;TTC39C;DYNC2LI1;CFAP298;IFT22;KIF3B;IFT27;ENKD1
top300_raw,GO_Biological_Process_2023,Zinc Ion Transport (GO:0006829),0.00035080263860191933,0.05248506594926947,4,SLC30A9;SLC30A5;SLC39A4;SLC39A3
top300_raw,GO_Biological_Process_2023,Protein Glycosylation (GO:0006486),0.000385352907116516,0.05248506594926947,9,DPAGT1;KRTCAP2;DPM3;TMEM258;DAD1;MLEC;PLOD2;ALG1;POMGNT2
top300_raw,GO_Biological_Process_2023,Glycerol Metabolic Process (GO:0006071),0.0005042369993995074,0.06243370847110264,3,TKFC;GOT1;GALK2
top300_raw,GO_Biological_Process_2023,Cotranslational Protein Targeting To Membrane (GO:0006613),0.0008547684066723394,0.09433818650919171,3,TRAM1;SIL1;SEC63
top300_raw,GO_Biological_Process_2023,Protein Localization (GO:0008104),0.0009004379035385405,0.09433818650919171,14,SEC13;UNC93B1;USO1;STX7;CBY1;COPZ1;TM9SF2;IFT22;SNX27;ARFIP2;IFT27;ARFIP1;SIL1;TMED4
top300_raw,GO_Biological_Process_2023,NADH Dehydrogenase Complex Assembly (GO:0010257),0.001169663606094986,0.10620545543342473,5,LYRM2;NDUFA5;NDUFA1;NDUFAF3;NDUFS1
top300_raw,GO_Biological_Process_2023,Mitochondrial Respiratory Chain Complex I Assembly (GO:0032981),0.001169663606094986,0.10620545543342473,5,LYRM2;NDUFA5;NDUFA1;NDUFAF3;NDUFS1
top300_raw,GO_Biological_Process_2023,Intraciliary Anterograde Transport (GO:0035720),0.0016188034811639598,0.1378006463340821,3,IFT22;TRAF3IP1;IFT27
top300_raw,GO_Biological_Process_2023,Cellular Respiration (GO:0045333),0.001757047590542757,0.1407705187246609,6,SURF1;NDUFA5;NDUFA1;NDUFS1;SDHAF4;NDUFV3
top300_raw,GO_Biological_Process_2023,Aerobic Respiration (GO:0009060),0.00189700896786557,0.14354034523516146,5,SURF1;NDUFA5;NDUFA1;NDUFS1;NDUFV3
top300_raw,GO_Biological_Process_2023,RNA Decapping (GO:0110154),0.002176476887111483,0.14821807601229198,2,NUDT16;NUDT12
top300_raw,GO_Biological_Process_2023,Gastrulation With Mouth Forming Second (GO:0001702),0.002176476887111483,0.14821807601229198,2,UGDH;LRP5
top300_raw,GO_Biological_Process_2023,Protein Lipidation (GO:0006497),0.0023642986306854187,0.1521736204479778,5,DPM3;PIGO;PGAP4;SLC30A5;PIGP
top300_raw,GO_Biological_Process_2023,Fatty Acid Metabolic Process (GO:0006631),0.0024580173640642525,0.1521736204479778,7,ACLY;CPT1A;MECR;CPT2;PEX2;ACSL3;MCAT
top300_raw,GO_Biological_Process_2023,Protein N-linked Glycosylation (GO:0006487),0.00271900478453097,0.1610123702839644,5,DPAGT1;KRTCAP2;TMEM258;DAD1;MLEC
top300_raw,GO_Biological_Process_2023,Plasma Membrane Bounded Cell Projection Assembly (GO:0120031),0.0030546217460489223,0.16932845723224577,11,SPAG16;CFAP298;IFT22;DMTN;KIF3B;TRAF3IP1;ARFIP2;IFT27;PARVA;BBIP1;TTC39C
top300_raw,GO_Biological_Process_2023,Amino-Acid Betaine Metabolic Process (GO:0006577),0.003232408140997349,0.16932845723224577,2,CPT1A;CPT2
top300_raw,GO_Biological_Process_2023,Galactose Metabolic Process (GO:0006012),0.003232408140997349,0.16932845723224577,2,SLC35A2;GALK2
top300_raw,GO_Biological_Process_2023,Phosphatidylinositol Biosynthetic Process (GO:0006661),0.00359884397773927,0.17693785596259975,6,DPM3;PIGO;PGAP4;SLC30A5;PIGP;MTMR6
top300_raw,GO_Biological_Process_2023,Zinc Ion Transmembrane Transport (GO:0071577),0.0036374889625204057,0.17693785596259975,3,SLC30A5;SLC39A4;SLC39A3
top300_raw,GO_Biological_Process_2023,Intracellular Protein Transport (GO:0006886),0.0038515320003365636,0.18088919256753103,12,SEC13;IFT22;SNX27;UNC93B1;USO1;STX7;ARFIP2;IFT27;ARFIP1;SIL1;COPZ1;TMED4
top300_raw,GO_Biological_Process_2023,Aspartate Family Amino Acid Biosynthetic Process (GO:0009067),0.004480641819508172,0.19243220502156935,2,GOT1;PLOD2
top300_raw,GO_Biological_Process_2023,Cytochrome Complex Assembly (GO:0017004),0.004480641819508172,0.19243220502156935,2,SURF1;CYBA
top300_raw,GO_Biological_Process_2023,Hexose Metabolic Process (GO:0019318),0.004558762293875543,0.19243220502156935,4,SLC35A2;OMA1;SLC37A4;GALK2
top300_raw,GO_Biological_Process_2023,Long-Chain Fatty Acid Transport (GO:0015909),0.0047377423306406916,0.19243220502156935,3,CPT1A;CPT2;ACSL3
top300_raw,GO_Biological_Process_2023,Ubiquitin-Dependent ERAD Pathway (GO:0030433),0.004803740800832127,0.19243220502156935,5,RHBDD2;TMEM129;EDEM2;DNAJC10;ERLIN2
top300_raw,GO_Biological_Process_2023,Ornithine Metabolic Process (GO:0006591),0.007530279750921495,0.27948978096573024,2,ALDH18A1;AZIN1
top300_raw,GO_Biological_Process_2023,Carnitine Metabolic Process (GO:0009437),0.007530279750921495,0.27948978096573024,2,CPT1A;CPT2
top300_raw,GO_Biological_Process_2023,Cilium Organization (GO:0044782),0.007699717882972238,0.27948978096573024,9,SPAG16;CFAP298;IFT22;KIF3B;TRAF3IP1;IFT27;PARVA;BBIP1;TTC39C
top300_raw,GO_Biological_Process_2023,Endoplasmic Reticulum To Golgi Vesicle-Mediated Transport (GO:0006888),0.007797805930027716,0.27948978096573024,6,SEC13;COPB1;USO1;MIA2;ERGIC3;TMED4
top300_raw,GO_Biological_Process_2023,Proton Motive Force-Driven Mitochondrial ATP Synthesis (GO:0042776),0.00816205819265309,0.28241319840397866,4,NDUFA5;NDUFA1;NDUFS1;NDUFV3
top300_raw,GO_Biological_Process_2023,Golgi To Plasma Membrane Protein Transport (GO:0043001),0.008294073374566188,0.28241319840397866,3,PREPL;SYS1;KRT18
top300_raw,GO_Biological_Process_2023,mRNA Metabolic Process (GO:0016071),0.0090780043940126,0.3015668776742722,5,ALKBH5;SF3B2;ANG;NUDT16;NUDT12
top300_raw,GO_Biological_Process_2023,Mitochondrial Protein Processing (GO:0034982),0.009320149734981171,0.302239141405818,2,MIPEP;OMA1
top300_raw,GO_Biological_Process_2023,Golgi Vesicle Transport (GO:0048193),0.009961640516049048,0.3112638859586807,8,NBAS;COPB1;USO1;COG1;MIA2;ERGIC3;COPZ1;TMED4
top300_raw,GO_Biological_Process_2023,Regulation Of Calcium-Mediated Signaling (GO:0050848),0.010055514671205544,0.3112638859586807,3,TMBIM4;JPT2;CALM2
top300_raw,GO_Biological_Process_2023,Glutamine Family Amino Acid Metabolic Process (GO:0009064),0.011011353234456199,0.32595896324256274,3,GOT1;DDAH1;ALDH18A1
top300_raw,GO_Biological_Process_2023,Erythrocyte Development (GO:0048821),0.01127924832181666,0.32595896324256274,2,ALAS1;DMTN
top300_raw,GO_Biological_Process_2023,Negative Regulation Of RNA Metabolic Process (GO:0051253),0.01127924832181666,0.32595896324256274,2,TMBIM6;NUDT16
top300_raw,GO_Biological_Process_2023,Glucose Metabolic Process (GO:0006006),0.0118324604371953,0.32595896324256274,4,G6PC3;LRP5;OMA1;SLC37A4
top300_raw,GO_Biological_Process_2023,Transition Metal Ion Transport (GO:0000041),0.012017915319055564,0.32595896324256274,3,SLC30A9;SLC30A5;COX17
top300_raw,GO_Biological_Process_2023,Proton Motive Force-Driven ATP Synthesis (GO:0015986),0.012531602926097077,0.32595896324256274,4,NDUFA5;NDUFA1;NDUFS1;NDUFV3
top300_raw,GO_Biological_Process_2023,acetyl-CoA Biosynthetic Process (GO:0006085),0.0134021306472713,0.32595896324256274,2,ACLY;DLAT
top300_raw,GO_Biological_Process_2023,Adipose Tissue Development (GO:0060612),0.0134021306472713,0.32595896324256274,2,SPTLC2;LRP5
top300_raw,GO_Biological_Process_2023,Regulation Of Monooxygenase Activity (GO:0032768),0.0134021306472713,0.32595896324256274,2,POR;DDAH1
top300_raw,GO_Biological_Process_2023,Ribosome Disassembly (GO:0032790),0.0134021306472713,0.32595896324256274,2,GFM2;MTIF3
top300_raw,GO_Biological_Process_2023,Fatty Acid Transmembrane Transport (GO:1902001),0.0134021306472713,0.32595896324256274,2,CPT1A;CPT2
top300_raw,GO_Biological_Process_2023,Quinone Biosynthetic Process (GO:1901663),0.0134021306472713,0.32595896324256274,2,COQ4;COQ6
top300_raw,GO_Biological_Process_2023,"Mitochondrial Electron Transport, NADH To Ubiquinone (GO:0006120)",0.014184800364915973,0.3389420718774659,3,NDUFA5;NDUFS1;NDUFV3
top300_raw,GO_Biological_Process_2023,Oxidative Phosphorylation (GO:0006119),0.014785487169370923,0.34720402628764135,4,NDUFA5;NDUFA1;NDUFS1;NDUFV3
top300_raw,GO_Biological_Process_2023,Endocytic Recycling (GO:0032456),0.015589920998227353,0.35017859880768076,4,SNX4;SNX27;CMTM6;RAB11B
top300_raw,GO_Biological_Process_2023,Positive Regulation Of Macroautophagy (GO:0016239),0.015589920998227353,0.35017859880768076,4,SNX4;SCOC;SPTLC2;SLC25A4
top300_raw,GO_Biological_Process_2023,Ubiquinone Biosynthetic Process (GO:0006744),0.01568347615805325,0.35017859880768076,2,COQ4;COQ6
top300_raw,GO_Biological_Process_2023,Negative Regulation Of Peptidyl-Threonine Phosphorylation (GO:0010801),0.018118086134139243,0.3738914138590553,2,DMTN;CALM2
top300_raw,GO_Biological_Process_2023,Dolichol Metabolic Process (GO:0019348),0.018118086134139243,0.3738914138590553,2,DPAGT1;DPM3
top300_raw,GO_Biological_Process_2023,Electron Transport Chain (GO:0022900),0.018118086134139243,0.3738914138590553,2,POR;NDUFA5
top300_raw,GO_Biological_Process_2023,Ubiquinone Metabolic Process (GO:0006743),0.018118086134139243,0.3738914138590553,2,COQ4;COQ6
top300_raw,GO_Biological_Process_2023,Regulation Of ATP Biosynthetic Process (GO:2001169),0.018118086134139243,0.3738914138590553,2,DNAJC30;ATPSCKMT
top300_raw,GO_Biological_Process_2023,Aerobic Electron Transport Chain (GO:0019646),0.019080483989019452,0.3833981966035355,4,NDUFA5;NDUFA1;NDUFS1;NDUFV3
top300_raw,GO_Biological_Process_2023,Establishment Of Protein Localization To Plasma Membrane (GO:0061951),0.019141760182849056,0.3833981966035355,3,PREPL;SYS1;KRT18
top300_raw,GO_Biological_Process_2023,Nucleotide-Sugar Biosynthetic Process (GO:0009226),0.02070088124588021,0.40270621636820686,2,UGDH;UXS1
top300_raw,GO_Biological_Process_2023,Peptidyl-Lysine Trimethylation (GO:0018023),0.02070088124588021,0.40270621636820686,2,SETD3;ATPSCKMT
top300_raw,GO_Biological_Process_2023,Mitochondrial ATP Synthesis Coupled Electron Transport (GO:0042775),0.020992761646213425,0.40270621636820686,4,NDUFA5;NDUFA1;NDUFS1;NDUFV3
top300_raw,GO_Biological_Process_2023,Regulation Of Microtubule-Based Process (GO:0032886),0.023410069674460254,0.43708817365462405,3,TRAF3IP1;ERBB2;TRIM36
top300_raw,GO_Biological_Process_2023,Protein O-linked Mannosylation (GO:0035269),0.023426899175321262,0.43708817365462405,2,DPM3;POMGNT2
top300_raw,GO_Biological_Process_2023,Organelle Assembly (GO:0070925),0.02405642654152951,0.44276828310220534,10,SPAG16;CFAP298;IFT22;KIF3B;TRAF3IP1;STX7;IFT27;PARVA;BBIP1;TTC39C
top300_raw,GO_Biological_Process_2023,Intracellular Zinc Ion Homeostasis (GO:0006882),0.026291292253072487,0.4630533257451692,2,SLC30A9;SLC30A5
top300_raw,GO_Biological_Process_2023,Long-Chain fatty-acyl-CoA Biosynthetic Process (GO:0035338),0.026291292253072487,0.4630533257451692,2,ACSL3;HSD17B12
top300_raw,GO_Biological_Process_2023,Receptor Recycling (GO:0001881),0.026291292253072487,0.4630533257451692,2,PEX2;RAB11B
top300_raw,GO_Biological_Process_2023,mRNA Catabolic Process (GO:0006402),0.026518472399503085,0.4630533257451692,3,NBAS;NUDT16;NUDT12
top300_raw,GO_Biological_Process_2023,Regulation Of Defense Response To Virus (GO:0050688),0.029289325161763996,0.498650760879032,2,TRAF3IP1;ELMOD2
top300_raw,GO_Biological_Process_2023,Intracellular Lipid Transport (GO:0032365),0.029289325161763996,0.498650760879032,2,CPT1A;CPT2
top300_raw,GO_Biological_Process_2023,Regulation Of Apoptotic Signaling Pathway (GO:2001233),0.029836552061166147,0.50169609762109,3,DEPTOR;PTPMT1;TMBIM6
top300_raw,GO_Biological_Process_2023,Sphingosine Metabolic Process (GO:0006670),0.03241637268684274,0.5074839034422967,2,SPTLC2;PLPP2
top300_raw,GO_Biological_Process_2023,Gastrulation (GO:0007369),0.03241637268684274,0.5074839034422967,2,UGDH;LRP5
top300_raw,GO_Biological_Process_2023,Heme Biosynthetic Process (GO:0006783),0.03241637268684274,0.5074839034422967,2,PGRMC1;ALAS1
top300_raw,GO_Biological_Process_2023,Vesicle Docking (GO:0048278),0.03241637268684274,0.5074839034422967,2,STX7;USO1
top300_raw,GO_Biological_Process_2023,Protein Insertion Into Membrane (GO:0051205),0.03241637268684274,0.5074839034422967,2,TRAM1;GET1
top300_raw,GO_Biological_Process_2023,Negative Regulation Of Calcium Ion Transmembrane Transport (GO:1903170),0.03241637268684274,0.5074839034422967,2,TMBIM6;CALM2
top300_raw,GO_Biological_Process_2023,Golgi To Plasma Membrane Transport (GO:0006893),0.03336313092441845,0.516370276352931,3,PREPL;SYS1;KRT18
top300_raw,GO_Biological_Process_2023,"Retrograde Vesicle-Mediated Transport, Golgi To Endoplasmic Reticulum (GO:0006890)",0.03520409402016418,0.5338428966454946,3,NBAS;ERGIC3;COPZ1
top300_raw,GO_Biological_Process_2023,Regulation Of Necroptotic Process (GO:0060544),0.035667917470440534,0.5338428966454946,2,AIFM1;SLC25A4
top300_raw,GO_Biological_Process_2023,Glutamate Metabolic Process (GO:0006536),0.035667917470440534,0.5338428966454946,2,GOT1;ALDH18A1
top300_raw,GO_Biological_Process_2023,Vesicle-Mediated Transport To The Plasma Membrane (GO:0098876),0.036243122341241725,0.5365557894431655,4,SNX4;SNX27;CMTM6;RAB11B
top300_raw,GO_Biological_Process_2023,Fatty Acid Beta-Oxidation (GO:0006635),0.037096503664386445,0.5425773204079722,3,CPT2;PEX2;MCAT
top300_raw,GO_Biological_Process_2023,Aminoglycan Biosynthetic Process (GO:0006023),0.03903954786765581,0.5425773204079722,2,UGDH;HEXA
top300_raw,GO_Biological_Process_2023,Porphyrin-Containing Compound Biosynthetic Process (GO:0006779),0.03903954786765581,0.5425773204079722,2,PGRMC1;ALAS1
top300_raw,GO_Biological_Process_2023,Protein Mannosylation (GO:0035268),0.03903954786765581,0.5425773204079722,2,DPM3;POMGNT2
top300_raw,GO_Biological_Process_2023,Nucleocytoplasmic Transport (GO:0006913),0.0390400715124679,0.5425773204079722,3,RANBP2;SEC13;RITA1
top300_raw,GO_Biological_Process_2023,Dicarboxylic Acid Metabolic Process (GO:0043648),0.0390400715124679,0.5425773204079722,3,ACLY;GOT1;ALDH18A1
top300_raw,GO_Biological_Process_2023,Positive Regulation Of Protein Autophosphorylation (GO:0031954),0.04252695578138395,0.5433834211000953,2,TOM1L1;CALM2
top300_raw,GO_Biological_Process_2023,Fatty Acid Oxidation (GO:0019395),0.04307939183353614,0.5433834211000953,3,CPT2;PEX2;MCAT
top300_raw,GO_Biological_Process_2023,ERAD Pathway (GO:0036503),0.044969592344346034,0.5433834211000953,4,RHBDD2;TMEM129;DNAJC10;ERLIN2
top300_raw,GO_Biological_Process_2023,Long-Chain fatty-acyl-CoA Metabolic Process (GO:0035336),0.0461259345762886,0.5433834211000953,2,ACSL3;HSD17B12
top300_raw,GO_Biological_Process_2023,Protein Targeting To ER (GO:0045047),0.0461259345762886,0.5433834211000953,2,SPCS1;SEC63
top300_raw,GO_Biological_Process_2023,Organelle Disassembly (GO:1903008),0.0473192189992339,0.5433834211000953,3,KIF9;GFM2;MTIF3
top300_raw,GO_Biological_Process_2023,Endoplasmic Reticulum Organization (GO:0007029),0.0473192189992339,0.5433834211000953,3,RTN3;TRAM1;GET1
top300_raw,GO_Biological_Process_2023,Negative Regulation Of TOR Signaling (GO:0032007),0.0473192189992339,0.5433834211000953,3,SEC13;DEPTOR;ENDOG
top300_raw,GO_Biological_Process_2023,Ceramide Metabolic Process (GO:0006672),0.04951333058749944,0.5433834211000953,3,TM9SF2;SPTLC2;PLPP2
top300_raw,GO_Biological_Process_2023,mRNA Polyadenylation (GO:0006378),0.04983237702866962,0.5433834211000953,2,CPSF1;PEX2
top300_raw,GO_Biological_Process_2023,Protein Exit From Endoplasmic Reticulum (GO:0032527),0.04983237702866962,0.5433834211000953,2,SEC13;TMEM129
top300_raw,GO_Biological_Process_2023,Regulation Of Actin Nucleation (GO:0051125),0.04983237702866962,0.5433834211000953,2,ARFIP2;ARFIP1
top300_raw,GO_Biological_Process_2023,Nucleotide-Excision Repair (GO:0006289),0.05175633370857966,0.5433834211000953,3,DDB1;SLC30A9;CETN2
top300_raw,GO_Biological_Process_2023,RNA Polyadenylation (GO:0043631),0.05364227330427298,0.5433834211000953,2,CPSF1;PEX2
top300_raw,GO_Biological_Process_2023,fatty-acyl-CoA Biosynthetic Process (GO:0046949),0.05364227330427298,0.5433834211000953,2,HSD17B12;ACSL3
top300_raw,GO_Biological_Process_2023,Vesicle Cargo Loading (GO:0035459),0.05364227330427298,0.5433834211000953,2,SEC13;MIA2
top300_raw,GO_Biological_Process_2023,Lamellipodium Assembly (GO:0030032),0.05364227330427298,0.5433834211000953,2,DMTN;ARFIP2
top300_raw,GO_Biological_Process_2023,Negative Regulation Of TORC1 Signaling (GO:1904262),0.05364227330427298,0.5433834211000953,2,SEC13;DEPTOR
top300_raw,GO_Biological_Process_2023,Endosomal Transport (GO:0016197),0.05450650485035506,0.5433834211000953,6,SNX4;PREPL;SNX27;CMTM6;EPS15L1;RAB11B
top300_raw,GO_Biological_Process_2023,DNA-templated Transcription Elongation (GO:0006354),0.05755170894318743,0.5433834211000953,2,PBRM1;PEX2
top300_raw,GO_Biological_Process_2023,Protein Targeting To Mitochondrion (GO:0006626),0.058774031542666125,0.5433834211000953,3,MIPEP;SAMM50;AIFM1
top300_raw,GO_Biological_Process_2023,Protein-Containing Complex Assembly (GO:0065003),0.05998278502999579,0.5433834211000953,9,RSPH4A;DMTN;SAMM50;AIFM1;TUBGCP2;CYBA;OMA1;FADD;PFDN6
top300_raw,GO_Biological_Process_2023,Mitochondrial Translation (GO:0032543),0.0600662515448201,0.5433834211000953,4,GFM2;IARS2;MTIF3;MRPL33
top300_raw,GO_Biological_Process_2023,Regulation Of Extrinsic Apoptotic Signaling Pathway (GO:2001236),0.061207846248586634,0.5433834211000953,3,DEPTOR;FADD;ZMYND11
top300_raw,GO_Biological_Process_2023,Peptidyl-Lysine Methylation (GO:0018022),0.06155686299926461,0.5433834211000953,2,SETD3;ATPSCKMT
top300_raw,GO_Biological_Process_2023,Iron-Sulfur Cluster Assembly (GO:0016226),0.06155686299926461,0.5433834211000953,2,NFU1;NUBP1
top300_raw,GO_Biological_Process_2023,Metallo-Sulfur Cluster Assembly (GO:0031163),0.06155686299926461,0.5433834211000953,2,NFU1;NUBP1
top300_raw,GO_Biological_Process_2023,Myeloid Cell Development (GO:0061515),0.06155686299926461,0.5433834211000953,2,ALAS1;DMTN
top300_raw,GO_Biological_Process_2023,Fatty Acid Catabolic Process (GO:0009062),0.06368808484733696,0.5433834211000953,3,CPT2;PEX2;MCAT
top300_raw,GO_Biological_Process_2023,Regulation Of Protein Targeting To Membrane (GO:0090313),0.06565400603509194,0.5433834211000953,2,DMTN;ERBB2
top300_raw,GO_Biological_Process_2023,Transcription Elongation By RNA Polymerase II (GO:0006368),0.06565400603509194,0.5433834211000953,2,PBRM1;PEX2
top300_raw,GO_Biological_Process_2023,Glycosaminoglycan Metabolic Process (GO:0030203),0.06565400603509194,0.5433834211000953,2,UGDH;HEXA
top300_raw,GO_Biological_Process_2023,Intracellular Monoatomic Cation Homeostasis (GO:0030003),0.06715582079533267,0.5433834211000953,6,SLC12A2;SLC30A9;SLC30A5;RMDN3;NUBP1;SLC39A4
top300_raw,GO_Biological_Process_2023,Alpha-Amino Acid Metabolic Process (GO:1901605),0.06983949830370577,0.5433834211000953,2,SRR;DDAH1
top300_raw,GO_Biological_Process_2023,Protein Insertion Into ER Membrane (GO:0045048),0.06983949830370577,0.5433834211000953,2,TRAM1;GET1
top300_raw,GO_Biological_Process_2023,Morphogenesis Of An Epithelium (GO:0002009),0.06983949830370577,0.5433834211000953,2,TRAF3IP1;DAG1
top300_raw,GO_Biological_Process_2023,Response To Metal Ion (GO:0010038),0.07140182681862418,0.5433834211000953,3,PPP5C;AHCYL1;CALM2
top300_raw,GO_Biological_Process_2023,Regulation Of Enamel Mineralization (GO:0070173),0.07279028186522928,0.5433834211000953,1,SLC4A2
top300_raw,GO_Biological_Process_2023,ERBB2-EGFR Signaling Pathway (GO:0038134),0.07279028186522928,0.5433834211000953,1,ERBB2
top300_raw,GO_Biological_Process_2023,"Negative Regulation Of Nuclear-Transcribed mRNA Catabolic Process, Nonsense-Mediated Decay (GO:2000623)",0.07279028186522928,0.5433834211000953,1,NBAS
top300_raw,GO_Biological_Process_2023,Regulation Of Monoatomic Anion Transport (GO:0044070),0.07279028186522928,0.5433834211000953,1,RAB11B
top300_raw,GO_Biological_Process_2023,Aromatic Compound Biosynthetic Process (GO:0019438),0.07279028186522928,0.5433834211000953,1,PNPO
top300_raw,GO_Biological_Process_2023,Aspartate Metabolic Process (GO:0006531),0.07279028186522928,0.5433834211000953,1,GOT1
top300_raw,GO_Biological_Process_2023,Attachment Of GPI Anchor To Protein (GO:0016255),0.07279028186522928,0.5433834211000953,1,PIGT
top300_raw,GO_Biological_Process_2023,Cellular Heat Acclimation (GO:0070370),0.07279028186522928,0.5433834211000953,1,RBBP7
top300_raw,GO_Biological_Process_2023,Cellular Lipid Biosynthetic Process (GO:0097384),0.07279028186522928,0.5433834211000953,1,DHRS7B
top300_raw,GO_Biological_Process_2023,Pexophagy (GO:0000425),0.07279028186522928,0.5433834211000953,1,PEX2
top300_raw,GO_Biological_Process_2023,Plus-End-Directed Organelle Transport Along Microtubule (GO:0072386),0.07279028186522928,0.5433834211000953,1,KIF3B
top300_raw,GO_Biological_Process_2023,Cerebral Cortex Neuron Differentiation (GO:0021895),0.07279028186522928,0.5433834211000953,1,GET1
top300_raw,GO_Biological_Process_2023,Response To Bile Acid (GO:1903412),0.07279028186522928,0.5433834211000953,1,ALAS1
top300_raw,GO_Biological_Process_2023,Establishment Of Lymphocyte Polarity (GO:0001767),0.07279028186522928,0.5433834211000953,1,SNX27
top300_raw,GO_Biological_Process_2023,succinyl-CoA Catabolic Process (GO:1901289),0.07279028186522928,0.5433834211000953,1,SUCLG2
top300_raw,GO_Biological_Process_2023,Toll-Like Receptor 9 Signaling Pathway (GO:0034162),0.07279028186522928,0.5433834211000953,1,UNC93B1
top300_raw,GO_Biological_Process_2023,Glycerol Ether Biosynthetic Process (GO:0046504),0.07279028186522928,0.5433834211000953,1,DHRS7B
top300_raw,GO_Biological_Process_2023,Heat Acclimation (GO:0010286),0.07279028186522928,0.5433834211000953,1,RBBP7
top300_raw,GO_Biological_Process_2023,Hexose Catabolic Process (GO:0019320),0.07279028186522928,0.5433834211000953,1,LRP5
top300_raw,GO_Biological_Process_2023,Hydrogen Peroxide Biosynthetic Process (GO:0050665),0.07279028186522928,0.5433834211000953,1,CYBA
top300_raw,GO_Biological_Process_2023,Insulin Processing (GO:0030070),0.07279028186522928,0.5433834211000953,1,SLC30A5
top300_raw,GO_Biological_Process_2023,Protein Localization To Non-Motile Cilium (GO:0097499),0.07279028186522928,0.5433834211000953,1,BBIP1
top300_raw,GO_Biological_Process_2023,Proton-Transporting V-type ATPase Complex Assembly (GO:0070070),0.07279028186522928,0.5433834211000953,1,TMEM9
top300_raw,GO_Biological_Process_2023,Purine Deoxyribonucleotide Catabolic Process (GO:0009155),0.07279028186522928,0.5433834211000953,1,NUDT16
top300_raw,GO_Biological_Process_2023,Mitochondrial Translational Elongation (GO:0070125),0.07279028186522928,0.5433834211000953,1,GFM2
top300_raw,GO_Biological_Process_2023,"Regulation Of DNA Damage Response, Signal Transduction By P53 Class Mediator Resulting In Transcription Of P21 Class Mediator (GO:1902162)",0.07279028186522928,0.5433834211000953,1,ZNHIT1
top300_raw,GO_Biological_Process_2023,Multinuclear Osteoclast Differentiation (GO:0072674),0.07279028186522928,0.5433834211000953,1,TCTA
top300_raw,GO_Biological_Process_2023,Negative Regulation Of Cell Size (GO:0045792),0.07279028186522928,0.5433834211000953,1,DEPTOR
top300_raw,GO_Biological_Process_2023,Negative Regulation Of Cellular Response To Hypoxia (GO:1900038),0.07279028186522928,0.5433834211000953,1,TMBIM6
top300_raw,GO_Biological_Process_2023,DNA Repair (GO:0006281),0.07290291139766822,0.5433834211000953,8,DDB1;BABAM2;PPP5C;SLC30A9;NEIL2;CETN2;CENPS;FANCF
top300_raw,GO_Biological_Process_2023,Monocarboxylic Acid Biosynthetic Process (GO:0072330),0.07406217323394,0.5433834211000953,3,ACLY;SRR;MCAT
top300_raw,GO_Biological_Process_2023,Phospholipid Dephosphorylation (GO:0046839),0.0741097879019695,0.5433834211000953,2,PLPP2;MTMR6
top300_raw,GO_Biological_Process_2023,Lamellipodium Organization (GO:0097581),0.0741097879019695,0.5433834211000953,2,DMTN;ARFIP2
top300_raw,GO_Biological_Process_2023,Regulation Of Arp2/3 Complex-Mediated Actin Nucleation (GO:0034315),0.0741097879019695,0.5433834211000953,2,ARFIP2;ARFIP1
top300_raw,GO_Biological_Process_2023,Negative Regulation Of Protein Phosphorylation (GO:0001933),0.07411435504769172,0.5433834211000953,5,DEPTOR;DMTN;TRAF3IP1;DNAJC10;CALM2
top300_raw,GO_Biological_Process_2023,Response To Reactive Oxygen Species (GO:0000302),0.07676608203489829,0.5433834211000953,3,TXNRD2;CAT;PEX2
top300_raw,GO_Biological_Process_2023,Non-Motile Cilium Assembly (GO:1905515),0.07846140899157186,0.5433834211000953,2,RPGRIP1L;ENKD1
top300_raw,GO_Biological_Process_2023,Regulation Of Protein Autophosphorylation (GO:0031952),0.07846140899157186,0.5433834211000953,2,TOM1L1;CALM2
top300_raw,GO_Biological_Process_2023,Regulation Of Response To Biotic Stimulus (GO:0002831),0.07846140899157186,0.5433834211000953,2,TKFC;ELMOD2
top300_raw,GO_Biological_Process_2023,Cellular Nitrogen Compound Biosynthetic Process (GO:0044271),0.08289097999720813,0.5433834211000953,2,MTARC2;SPTLC2
top300_raw,GO_Biological_Process_2023,Gluconeogenesis (GO:0006094),0.08289097999720813,0.5433834211000953,2,G6PC3;SLC37A4
top300_raw,GO_Biological_Process_2023,Mitochondrial Membrane Organization (GO:0007006),0.08289097999720813,0.5433834211000953,2,SAMM50;SLC25A4
top300_raw,GO_Biological_Process_2023,Regulation Of Cellular Response To Hypoxia (GO:1900037),0.0867018798458083,0.5433834211000953,1,DDAH1
top300_raw,GO_Biological_Process_2023,Regulation Of Histamine Secretion By Mast Cell (GO:1903593),0.0867018798458083,0.5433834211000953,1,SNX4
top300_raw,GO_Biological_Process_2023,TRAIL-activated Apoptotic Signaling Pathway (GO:0036462),0.0867018798458083,0.5433834211000953,1,FADD
top300_raw,GO_Biological_Process_2023,Actin Filament Reorganization (GO:0090527),0.0867018798458083,0.5433834211000953,1,DMTN
top300_raw,GO_Biological_Process_2023,Aldehyde Biosynthetic Process (GO:0046184),0.0867018798458083,0.5433834211000953,1,PNPO
top300_raw,GO_Biological_Process_2023,Angiotensin-Activated Signaling Pathway (GO:0038166),0.0867018798458083,0.5433834211000953,1,AHCYL1
top300_raw,GO_Biological_Process_2023,Anterograde Dendritic Transport (GO:0098937),0.0867018798458083,0.5433834211000953,1,KIF3B
top300_raw,GO_Biological_Process_2023,Phospholipase C-activating Dopamine Receptor Signaling Pathway (GO:0060158),0.0867018798458083,0.5433834211000953,1,GNA11
top300_raw,GO_Biological_Process_2023,Citrulline Metabolic Process (GO:0000052),0.0867018798458083,0.5433834211000953,1,DDAH1
top300_raw,GO_Biological_Process_2023,Response To Lead Ion (GO:0010288),0.0867018798458083,0.5433834211000953,1,PPP5C
top300_raw,GO_Biological_Process_2023,Retinal Rod Cell Differentiation (GO:0060221),0.0867018798458083,0.5433834211000953,1,RPGRIP1L
top300_raw,GO_Biological_Process_2023,Smooth Muscle Cell Migration (GO:0014909),0.0867018798458083,0.5433834211000953,1,PARVA
top300_raw,GO_Biological_Process_2023,Ganglioside Catabolic Process (GO:0006689),0.0867018798458083,0.5433834211000953,1,HEXA
top300_raw,GO_Biological_Process_2023,Toll-Like Receptor 3 Signaling Pathway (GO:0034138),0.0867018798458083,0.5433834211000953,1,UNC93B1
top300_raw,GO_Biological_Process_2023,Transepithelial Chloride Transport (GO:0030321),0.0867018798458083,0.5433834211000953,1,SLC12A2
top300_raw,GO_Biological_Process_2023,Positive Regulation Of Mitophagy (GO:1901526),0.0867018798458083,0.5433834211000953,1,SLC25A4
top300_raw,GO_Biological_Process_2023,Glutathione Biosynthetic Process (GO:0006750),0.0867018798458083,0.5433834211000953,1,HAGH
top300_raw,GO_Biological_Process_2023,Zinc Ion Import Into Organelle (GO:0062111),0.0867018798458083,0.5433834211000953,1,SLC30A5
top300_raw,GO_Biological_Process_2023,Insulin Secretion Involved In Cellular Response To Glucose Stimulus (GO:0035773),0.0867018798458083,0.5433834211000953,1,RAB11B
top300_raw,GO_Biological_Process_2023,Positive Regulation Of Synaptic Plasticity (GO:0031915),0.0867018798458083,0.5433834211000953,1,ANAPC2
top300_raw,GO_Biological_Process_2023,Intraciliary Transport Involved In Cilium Assembly (GO:0035735),0.0867018798458083,0.5433834211000953,1,DYNC2LI1
top300_raw,GO_Biological_Process_2023,"Protein Import Into Peroxisome Matrix, Receptor Recycling (GO:0016562)",0.0867018798458083,0.5433834211000953,1,PEX2
top300_raw,GO_Biological_Process_2023,Protein Localization To Ciliary Membrane (GO:1903441),0.0867018798458083,0.5433834211000953,1,BBIP1
top300_raw,GO_Biological_Process_2023,Mitochondrion-Endoplasmic Reticulum Membrane Tethering (GO:1990456),0.0867018798458083,0.5433834211000953,1,PDZD8
top300_raw,GO_Biological_Process_2023,Pyrimidine Nucleotide-Sugar Transmembrane Transport (GO:0090481),0.0867018798458083,0.5433834211000953,1,SLC35A2
top300_raw,GO_Biological_Process_2023,Regulation Of MDA-5 Signaling Pathway (GO:0039533),0.0867018798458083,0.5433834211000953,1,TKFC
top300_raw,GO_Biological_Process_2023,Positive Regulation Of T Cell Mediated Cytotoxicity (GO:0001916),0.08739520185411868,0.5433834211000953,2,STX7;FADD
top300_raw,GO_Biological_Process_2023,intra-Golgi Vesicle-Mediated Transport (GO:0006891),0.08739520185411868,0.5433834211000953,2,COPB1;COPZ1
top300_raw,GO_Biological_Process_2023,Positive Regulation Of Protein Transport (GO:0051222),0.08800498436624231,0.5433834211000953,3,ANG;ACSL3;ERGIC3
top300_raw,GO_Biological_Process_2023,Organophosphate Biosynthetic Process (GO:0090407),0.09197085639999728,0.5433834211000953,2,PNPO;GALK2
top300_raw,GO_Biological_Process_2023,Histone Deubiquitination (GO:0016578),0.09197085639999728,0.5433834211000953,2,BABAM2;TAF6
top300_raw,GO_Biological_Process_2023,Inner Mitochondrial Membrane Organization (GO:0007007),0.09197085639999728,0.5433834211000953,2,APOO;SAMM50
top300_raw,GO_Biological_Process_2023,Regulation Of Cytoskeleton Organization (GO:0051493),0.09265474314908977,0.5433834211000953,4,DMTN;TRAF3IP1;TRIM36;SLC4A2
top300_raw,GO_Biological_Process_2023,Protein Targeting To Membrane (GO:0006612),0.09386947397691511,0.5433834211000953,3,TRAM1;SIL1;SEC63
top300_raw,GO_Biological_Process_2023,tRNA Aminoacylation For Protein Translation (GO:0006418),0.09661480458347134,0.5433834211000953,2,IARS2;CARS2
top300_raw,GO_Biological_Process_2023,Hexose Biosynthetic Process (GO:0019319),0.09661480458347134,0.5433834211000953,2,G6PC3;SLC37A4
top300_raw,GO_Biological_Process_2023,Mitochondrion Organization (GO:0007005),0.0973236802685808,0.5433834211000953,5,SAMM50;AIFM1;NDUFS1;OMA1;SLC25A4
top300_raw,GO_Biological_Process_2023,ADP Transport (GO:0015866),0.10040543927022255,0.5433834211000953,1,SLC25A4
top300_raw,GO_Biological_Process_2023,ATP Synthesis Coupled Electron Transport (GO:0042773),0.10040543927022255,0.5433834211000953,1,NDUFV3
top300_raw,GO_Biological_Process_2023,Regulation Of Cyclic-Nucleotide Phosphodiesterase Activity (GO:0051342),0.10040543927022255,0.5433834211000953,1,CALM2
top300_raw,GO_Biological_Process_2023,Negative Regulation Of Mitochondrial Fusion (GO:0010637),0.10040543927022255,0.5433834211000953,1,OMA1
top300_raw,GO_Biological_Process_2023,NADH Metabolic Process (GO:0006734),0.10040543927022255,0.5433834211000953,1,NUDT12
top300_raw,GO_Biological_Process_2023,SREBP Signaling Pathway (GO:0032933),0.10040543927022255,0.5433834211000953,1,ERLIN2
top300_raw,GO_Biological_Process_2023,Alditol Metabolic Process (GO:0019400),0.10040543927022255,0.5433834211000953,1,GALK2
top300_raw,GO_Biological_Process_2023,Regulation Of Mitophagy (GO:1901524),0.10040543927022255,0.5433834211000953,1,SLC25A4
top300_raw,GO_Biological_Process_2023,Arginine Catabolic Process (GO:0006527),0.10040543927022255,0.5433834211000953,1,DDAH1
top300_raw,GO_Biological_Process_2023,Nonribosomal Peptide Biosynthetic Process (GO:0019184),0.10040543927022255,0.5433834211000953,1,HAGH
top300_raw,GO_Biological_Process_2023,Osteoblast Development (GO:0002076),0.10040543927022255,0.5433834211000953,1,LRP5
top300_raw,GO_Biological_Process_2023,Cardiolipin Biosynthetic Process (GO:0032049),0.10040543927022255,0.5433834211000953,1,PTPMT1
top300_raw,GO_Biological_Process_2023,Peptidyl-Lysine Hydroxylation (GO:0017185),0.10040543927022255,0.5433834211000953,1,PLOD2
top300_raw,GO_Biological_Process_2023,Peptidyl-Proline Hydroxylation To 4-hydroxy-L-proline (GO:0018401),0.10040543927022255,0.5433834211000953,1,P4HTM
top300_raw,GO_Biological_Process_2023,Cellular Modified Amino Acid Biosynthetic Process (GO:0042398),0.10040543927022255,0.5433834211000953,1,PLOD2
top300_raw,GO_Biological_Process_2023,Cellular Response To Angiotensin (GO:1904385),0.10040543927022255,0.5433834211000953,1,AHCYL1
top300_raw,GO_Biological_Process_2023,Cellular Response To Potassium Ion (GO:0035865),0.10040543927022255,0.5433834211000953,1,SLC12A2
top300_raw,GO_Biological_Process_2023,Regulation Of Vascular Wound Healing (GO:0061043),0.10040543927022255,0.5433834211000953,1,SLC12A2
top300_raw,GO_Biological_Process_2023,Depyrimidination (GO:0045008),0.10040543927022255,0.5433834211000953,1,NEIL2
top300_raw,GO_Biological_Process_2023,Response To Potassium Ion (GO:0035864),0.10040543927022255,0.5433834211000953,1,SLC12A2
top300_raw,GO_Biological_Process_2023,"Endonucleolytic Cleavage In ITS1 To Separate SSU-rRNA From 5.8S rRNA And LSU-rRNA From Tricistronic rRNA Transcript (SSU-rRNA, 5.8S rRNA, LSU-rRNA) (GO:0000447)",0.10040543927022255,0.5433834211000953,1,UTP20
top300_raw,GO_Biological_Process_2023,Positive Regulation Of Fibroblast Migration (GO:0010763),0.10040543927022255,0.5433834211000953,1,DMTN
top300_raw,GO_Biological_Process_2023,Positive Regulation Of Gluconeogenesis (GO:0045722),0.10040543927022255,0.5433834211000953,1,DDB1
top300_raw,GO_Biological_Process_2023,Spleen Development (GO:0048536),0.10040543927022255,0.5433834211000953,1,FADD
top300_raw,GO_Biological_Process_2023,Histone H2A K63-linked Deubiquitination (GO:0070537),0.10040543927022255,0.5433834211000953,1,BABAM2
top300_raw,GO_Biological_Process_2023,Positive Regulation Of Ryanodine-Sensitive Calcium-Release Channel Activity (GO:0060316),0.10040543927022255,0.5433834211000953,1,CALM2
top300_raw,GO_Biological_Process_2023,Positive Regulation Of Tooth Mineralization (GO:0070172),0.10040543927022255,0.5433834211000953,1,SLC4A2
top300_raw,GO_Biological_Process_2023,"Post-Translational Protein Targeting To Membrane, Translocation (GO:0031204)",0.10040543927022255,0.5433834211000953,1,SEC63
top300_raw,GO_Biological_Process_2023,Purine Nucleotide Catabolic Process (GO:0006195),0.10040543927022255,0.5433834211000953,1,NUDT12
top300_raw,GO_Biological_Process_2023,"Regulation Of CD8-positive, Alpha-Beta T Cell Differentiation (GO:0043376)",0.10040543927022255,0.5433834211000953,1,SLC4A2
top300_raw,GO_Biological_Process_2023,"Negative Regulation Of CD8-positive, Alpha-Beta T Cell Activation (GO:2001186)",0.10040543927022255,0.5433834211000953,1,SLC4A2
top300_raw,GO_Biological_Process_2023,Negative Regulation Of T Cell Apoptotic Process (GO:0070233),0.10040543927022255,0.5433834211000953,1,FADD
top300_raw,GO_Biological_Process_2023,Regulation Of Peptidyl-Threonine Phosphorylation (GO:0010799),0.10132398490771195,0.5433834211000953,2,DMTN;CALM2
top300_raw,GO_Biological_Process_2023,Interstrand Cross-Link Repair (GO:0036297),0.10132398490771195,0.5433834211000953,2,FANCF;CENPS
top300_raw,GO_Biological_Process_2023,Regulation Of T Cell Mediated Cytotoxicity (GO:0001914),0.10132398490771195,0.5433834211000953,2,STX7;FADD
top300_raw,GO_Biological_Process_2023,Regulation Of Plasma Membrane Bounded Cell Projection Assembly (GO:0120032),0.10295770645630148,0.5433834211000953,3,DYNC2LI1;DMTN;CDKL1
top300_raw,GO_Biological_Process_2023,Sphingolipid Biosynthetic Process (GO:0030148),0.10920297230356486,0.5433834211000953,3,TM9SF2;SPTLC2;PLPP2
top300_raw,GO_Biological_Process_2023,Monoatomic Cation Homeostasis (GO:0055080),0.10920297230356486,0.5433834211000953,3,SLC12A2;ZNHIT1;SLC39A4
top300_raw,GO_Biological_Process_2023,Regulation Of Neurotransmitter Secretion (GO:0046928),0.110926174071121,0.5433834211000953,2,PNKD;PREPL
top300_raw,GO_Biological_Process_2023,Connective Tissue Development (GO:0061448),0.110926174071121,0.5433834211000953,2,SPTLC2;LRP5
top300_raw,GO_Biological_Process_2023,Positive Regulation Of Cation Channel Activity (GO:2001259),0.110926174071121,0.5433834211000953,2,ATPSCKMT;CALM2
top300_raw,GO_Biological_Process_2023,Regulation Of Protein Catabolic Process (GO:0042176),0.1115261291258792,0.5433834211000953,4,DDB1;CUL4A;TMEM9;AZIN1
top300_raw,GO_Biological_Process_2023,Long-Chain Fatty Acid Metabolic Process (GO:0001676),0.11237947876508865,0.5433834211000953,3,CPT1A;CPT2;ACSL3
top300_raw,GO_Biological_Process_2023,Regulation Of TOR Signaling (GO:0032006),0.11237947876508865,0.5433834211000953,3,SEC13;DEPTOR;ENDOG
top300_raw,GO_Biological_Process_2023,Negative Regulation Of Mitotic Nuclear Division (GO:0045839),0.1139040603715798,0.5433834211000953,1,TOM1L1
top300_raw,GO_Biological_Process_2023,Apoptotic DNA Fragmentation (GO:0006309),0.1139040603715798,0.5433834211000953,1,ENDOG
top300_raw,GO_Biological_Process_2023,Regulation Of Podosome Assembly (GO:0071801),0.1139040603715798,0.5433834211000953,1,KIF9
top300_raw,GO_Biological_Process_2023,Peptidyl-Lysine Monomethylation (GO:0018026),0.1139040603715798,0.5433834211000953,1,SETD3
top300_raw,GO_Biological_Process_2023,Regulation Of Sterol Biosynthetic Process (GO:0106118),0.1139040603715798,0.5433834211000953,1,ERLIN2
top300_raw,GO_Biological_Process_2023,"Phototransduction, Visible Light (GO:0007603)",0.1139040603715798,0.5433834211000953,1,GNA11
top300_raw,GO_Biological_Process_2023,Cellular Response To Sterol Depletion (GO:0071501),0.1139040603715798,0.5433834211000953,1,ERLIN2
top300_raw,GO_Biological_Process_2023,Positive Regulation Of Adaptive Immune Response (GO:0002821),0.1139040603715798,0.5433834211000953,1,FADD
top300_raw,GO_Biological_Process_2023,Ribonucleoside Bisphosphate Catabolic Process (GO:0034031),0.1139040603715798,0.5433834211000953,1,SUCLG2
top300_raw,GO_Biological_Process_2023,Positive Regulation Of Extracellular Matrix Assembly (GO:1901203),0.1139040603715798,0.5433834211000953,1,DAG1
top300_raw,GO_Biological_Process_2023,succinyl-CoA Metabolic Process (GO:0006104),0.1139040603715798,0.5433834211000953,1,SUCLG2
top300_raw,GO_Biological_Process_2023,Positive Regulation Of Ligase Activity (GO:0051351),0.1139040603715798,0.5433834211000953,1,ATPSCKMT
top300_raw,GO_Biological_Process_2023,Positive Regulation Of Mast Cell Degranulation (GO:0043306),0.1139040603715798,0.5433834211000953,1,SNX4
top300_raw,GO_Biological_Process_2023,Translational Termination (GO:0006415),0.1139040603715798,0.5433834211000953,1,GFM2
top300_raw,GO_Biological_Process_2023,Positive Regulation Of Synapse Maturation (GO:0090129),0.1139040603715798,0.5433834211000953,1,ANAPC2
top300_raw,GO_Biological_Process_2023,Protein Hexamerization (GO:0034214),0.1139040603715798,0.5433834211000953,1,UGDH
top300_raw,GO_Biological_Process_2023,Purine Nucleoside Bisphosphate Catabolic Process (GO:0034034),0.1139040603715798,0.5433834211000953,1,SUCLG2
top300_raw,GO_Biological_Process_2023,"Regulation Of CD8-positive, Alpha-Beta T Cell Proliferation (GO:2000564)",0.1139040603715798,0.5433834211000953,1,SLC4A2
top300_raw,GO_Biological_Process_2023,Negative Regulation Of Alpha-Beta T Cell Differentiation (GO:0046639),0.1139040603715798,0.5433834211000953,1,SLC4A2
top300_raw,GO_Biological_Process_2023,Positive Regulation Of Catabolic Process (GO:0009896),0.11559097562455842,0.5433834211000953,3,DDB1;CUL4A;MAGEF1
top300_raw,GO_Biological_Process_2023,Negative Regulation Of Mitochondrion Organization (GO:0010823),0.11581343326472375,0.5433834211000953,2,OMA1;SLC25A4
top300_raw,GO_Biological_Process_2023,Regulation Of Mitochondrial Membrane Potential (GO:0051881),0.11581343326472375,0.5433834211000953,2,TUSC2;NDUFS1
top300_raw,GO_Biological_Process_2023,Nuclear Transport (GO:0051169),0.11581343326472375,0.5433834211000953,2,RANBP2;SEC13
top300_raw,GO_Biological_Process_2023,Generation Of Neurons (GO:0048699),0.11738862580030207,0.5433834211000953,5,RTN3;TUBGCP2;ERBB2;FZD8;POMGNT2
top300_raw,GO_Biological_Process_2023,Regulation Of Organelle Assembly (GO:1902115),0.11883676459359482,0.5433834211000953,3,DYNC2LI1;KIF9;CDKL1
top300_raw,GO_Biological_Process_2023,Regulation Of Microtubule Cytoskeleton Organization (GO:0070507),0.12075442226820902,0.5433834211000953,2,TRAF3IP1;TRIM36
top300_raw,GO_Biological_Process_2023,mRNA 3'-End Processing (GO:0031124),0.12075442226820902,0.5433834211000953,2,CPSF1;PEX2
top300_raw,GO_Biological_Process_2023,Negative Regulation Of Apoptotic Signaling Pathway (GO:2001234),0.12542841235184013,0.5433834211000953,3,TMBIM6;ZMYND11;SLC25A4
top300_raw,GO_Biological_Process_2023,Axoneme Assembly (GO:0035082),0.12574644373668795,0.5433834211000953,2,SPAG16;RSPH4A
top300_raw,GO_Biological_Process_2023,Positive Regulation Of Response To Biotic Stimulus (GO:0002833),0.12574644373668795,0.5433834211000953,2,CYBA;FADD
top300_raw,GO_Biological_Process_2023,NAD Biosynthesis Via Nicotinamide Riboside Salvage Pathway (GO:0034356),0.12720079756895925,0.5433834211000953,1,NUDT12
top300_raw,GO_Biological_Process_2023,Negative Regulation Of Necroptotic Process (GO:0060546),0.12720079756895925,0.5433834211000953,1,SLC25A4
top300_raw,GO_Biological_Process_2023,Actin-Mediated Cell Contraction (GO:0070252),0.12720079756895925,0.5433834211000953,1,PARVA
top300_raw,GO_Biological_Process_2023,Aminoglycan Metabolic Process (GO:0006022),0.12720079756895925,0.5433834211000953,1,HEXA
top300_raw,GO_Biological_Process_2023,Autophagy Of Peroxisome (GO:0030242),0.12720079756895925,0.5433834211000953,1,PEX2
top300_raw,GO_Biological_Process_2023,Oligosaccharide Catabolic Process (GO:0009313),0.12720079756895925,0.5433834211000953,1,IDNK
top300_raw,GO_Biological_Process_2023,Carbohydrate Phosphorylation (GO:0046835),0.12720079756895925,0.5433834211000953,1,TKFC
top300_raw,GO_Biological_Process_2023,Peptidyl-Lysine Dimethylation (GO:0018027),0.12720079756895925,0.5433834211000953,1,SETD3
top300_raw,GO_Biological_Process_2023,Peptidyl-Serine Dephosphorylation (GO:0070262),0.12720079756895925,0.5433834211000953,1,PPP5C
top300_raw,GO_Biological_Process_2023,Phosphatidylglycerol Biosynthetic Process (GO:0006655),0.12720079756895925,0.5433834211000953,1,PTPMT1
top300_raw,GO_Biological_Process_2023,Regulation Of Transmembrane Transporter Activity (GO:0022898),0.12720079756895925,0.5433834211000953,1,AHCYL1
top300_raw,GO_Biological_Process_2023,Chloride Ion Homeostasis (GO:0055064),0.12720079756895925,0.5433834211000953,1,SLC12A2
top300_raw,GO_Biological_Process_2023,Dicarboxylic Acid Biosynthetic Process (GO:0043650),0.12720079756895925,0.5433834211000953,1,GOT1
top300_raw,GO_Biological_Process_2023,Endodermal Cell Fate Commitment (GO:0001711),0.12720079756895925,0.5433834211000953,1,PEX2
top300_raw,GO_Biological_Process_2023,Ether Lipid Biosynthetic Process (GO:0008611),0.12720079756895925,0.5433834211000953,1,DHRS7B
top300_raw,GO_Biological_Process_2023,Positive Regulation Of mRNA 3'-End Processing (GO:0031442),0.12720079756895925,0.5433834211000953,1,PEX2
top300_raw,GO_Biological_Process_2023,Positive Regulation Of Mesenchymal Cell Proliferation (GO:0002053),0.12720079756895925,0.5433834211000953,1,LRP5
top300_raw,GO_Biological_Process_2023,Transferrin Transport (GO:0033572),0.12720079756895925,0.5433834211000953,1,RAB11B
top300_raw,GO_Biological_Process_2023,Glycosphingolipid Catabolic Process (GO:0046479),0.12720079756895925,0.5433834211000953,1,HEXA
top300_raw,GO_Biological_Process_2023,Insulin Metabolic Process (GO:1901142),0.12720079756895925,0.5433834211000953,1,SLC30A5
top300_raw,GO_Biological_Process_2023,Lipid Import Into Cell (GO:0140354),0.12720079756895925,0.5433834211000953,1,ACSL3
top300_raw,GO_Biological_Process_2023,Long-Chain Fatty Acid Import Into Cell (GO:0044539),0.12720079756895925,0.5433834211000953,1,ACSL3
top300_raw,GO_Biological_Process_2023,Microtubule Anchoring (GO:0034453),0.12720079756895925,0.5433834211000953,1,DAG1
top300_raw,GO_Biological_Process_2023,Mitochondrial Ribosome Assembly (GO:0061668),0.12720079756895925,0.5433834211000953,1,DHX30
top300_raw,GO_Biological_Process_2023,Monoatomic Anion Homeostasis (GO:0055081),0.12720079756895925,0.5433834211000953,1,SLC12A2
top300_raw,GO_Biological_Process_2023,Necroptotic Process (GO:0070266),0.12720079756895925,0.5433834211000953,1,ITPK1
top300_raw,GO_Biological_Process_2023,Negative Regulation Of Alpha-Beta T Cell Proliferation (GO:0046642),0.12720079756895925,0.5433834211000953,1,SLC4A2
top300_raw,GO_Biological_Process_2023,Negative Regulation Of Cell-Cell Adhesion Mediated By Cadherin (GO:2000048),0.12720079756895925,0.5433834211000953,1,EPCAM
top300_raw,GO_Biological_Process_2023,Translational Elongation (GO:0006414),0.13078686867808018,0.5433834211000953,2,GFM2;PTRH1
top300_raw,GO_Biological_Process_2023,Regulation Of Cell Cycle Process (GO:0010564),0.13195323340016646,0.5433834211000953,4,PBRM1;CETN2;NUDT16;CALM2
top300_raw,GO_Biological_Process_2023,Positive Regulation Of T Cell Mediated Immunity (GO:0002711),0.13587313502051848,0.5433834211000953,2,STX7;FADD
top300_raw,GO_Biological_Process_2023,Energy Derivation By Oxidation Of Organic Compounds (GO:0015980),0.13587313502051848,0.5433834211000953,2,NDUFS1;SDHAF4
top300_raw,GO_Biological_Process_2023,L-serine Metabolic Process (GO:0006563),0.1402986599880225,0.5433834211000953,1,SRR
top300_raw,GO_Biological_Process_2023,Negative Regulation Of Mitochondrial Outer Membrane Permeabilization Involved In Apoptotic Signaling Pathway (GO:1901029),0.1402986599880225,0.5433834211000953,1,SLC25A4
top300_raw,GO_Biological_Process_2023,Regulation Of Glycoprotein Biosynthetic Process (GO:0010559),0.1402986599880225,0.5433834211000953,1,TM9SF2
top300_raw,GO_Biological_Process_2023,Negative Regulation Of Nuclear Division (GO:0051784),0.1402986599880225,0.5433834211000953,1,TOM1L1
top300_raw,GO_Biological_Process_2023,SRP-dependent Cotranslational Protein Targeting To Membrane (GO:0006614),0.1402986599880225,0.5433834211000953,1,SEC63
top300_raw,GO_Biological_Process_2023,T Cell Chemotaxis (GO:0010818),0.1402986599880225,0.5433834211000953,1,SLC12A2
top300_raw,GO_Biological_Process_2023,Negative Regulation Of Programmed Necrotic Cell Death (GO:0062099),0.1402986599880225,0.5433834211000953,1,SLC25A4
top300_raw,GO_Biological_Process_2023,Ammonium Transmembrane Transport (GO:0072488),0.1402986599880225,0.5433834211000953,1,SLC12A2
top300_raw,GO_Biological_Process_2023,Arginine Metabolic Process (GO:0006525),0.1402986599880225,0.5433834211000953,1,DDAH1
top300_raw,GO_Biological_Process_2023,Neuron Projection Maintenance (GO:1990535),0.1402986599880225,0.5433834211000953,1,KIFBP
top300_raw,GO_Biological_Process_2023,"Regulation Of Nuclear-Transcribed mRNA Catabolic Process, Nonsense-Mediated Decay (GO:2000622)",0.1402986599880225,0.5433834211000953,1,NBAS
top300_raw,GO_Biological_Process_2023,Peptidyl-Proline Hydroxylation (GO:0019511),0.1402986599880225,0.5433834211000953,1,P4HTM
top300_raw,GO_Biological_Process_2023,Phosphate Ion Transmembrane Transport (GO:0035435),0.1402986599880225,0.5433834211000953,1,SLC37A4
top300_raw,GO_Biological_Process_2023,Regulation Of Synapse Maturation (GO:0090128),0.1402986599880225,0.5433834211000953,1,ANAPC2
top300_raw,GO_Biological_Process_2023,Regulation Of Toll-Like Receptor 2 Signaling Pathway (GO:0034135),0.1402986599880225,0.5433834211000953,1,CYBA
top300_raw,GO_Biological_Process_2023,Positive Regulation Of DNA-templated DNA Replication (GO:2000105),0.1402986599880225,0.5433834211000953,1,ENDOG
top300_raw,GO_Biological_Process_2023,Positive Regulation Of MHC Class II Biosynthetic Process (GO:0045348),0.1402986599880225,0.5433834211000953,1,RFXANK
top300_raw,GO_Biological_Process_2023,Response To Corticosteroid (GO:0031960),0.1402986599880225,0.5433834211000953,1,GOT1
top300_raw,GO_Biological_Process_2023,Copper Ion Transport (GO:0006825),0.1402986599880225,0.5433834211000953,1,COX17
top300_raw,GO_Biological_Process_2023,Positive Regulation Of Autophagy Of Mitochondrion (GO:1903599),0.1402986599880225,0.5433834211000953,1,SLC25A4
top300_raw,GO_Biological_Process_2023,Diol Metabolic Process (GO:0034311),0.1402986599880225,0.5433834211000953,1,PLPP2
top300_raw,GO_Biological_Process_2023,Serine Family Amino Acid Biosynthetic Process (GO:0009070),0.1402986599880225,0.5433834211000953,1,SRR
top300_raw,GO_Biological_Process_2023,tRNA Threonylcarbamoyladenosine Metabolic Process (GO:0070525),0.1402986599880225,0.5433834211000953,1,GON7
top300_raw,GO_Biological_Process_2023,Positive Regulation Of Macrophage Differentiation (GO:0045651),0.1402986599880225,0.5433834211000953,1,FADD
top300_raw,GO_Biological_Process_2023,Protein Deneddylation (GO:0000338),0.1402986599880225,0.5433834211000953,1,GPS1
top300_raw,GO_Biological_Process_2023,Negative Regulation Of Immune System Process (GO:0002683),0.14100274617201516,0.5433834211000953,2,LRRC14;FADD
top300_raw,GO_Biological_Process_2023,Response To Unfolded Protein (GO:0006986),0.14100274617201516,0.5433834211000953,2,TRAM1;TMBIM6
top300_raw,GO_Biological_Process_2023,Regulation Of Cellular Metabolic Process (GO:0031323),0.14617326963615715,0.5433834211000953,2,NEK4;JMJD8
top300_raw,GO_Biological_Process_2023,Regulation Of Stem Cell Differentiation (GO:2000736),0.14617326963615715,0.5433834211000953,2,OCIAD1;RBBP7
top300_raw,GO_Biological_Process_2023,Zymogen Activation (GO:0031638),0.14617326963615715,0.5433834211000953,2,OMA1;FADD
top300_raw,GO_Biological_Process_2023,Organic Anion Transport (GO:0015711),0.14947576745774732,0.5433834211000953,3,SLC35A2;SLC4A2;SLC25A4
top300_raw,GO_Biological_Process_2023,Protein Localization To Organelle (GO:0033365),0.15098916140222968,0.5433834211000953,4,TRAM1;SYS1;GET1;PEX2
top300_raw,GO_Biological_Process_2023,Intracellular Protein Transmembrane Transport (GO:0065002),0.15138233577827764,0.5433834211000953,2,PEX2;SEC63
top300_raw,GO_Biological_Process_2023,AMP Metabolic Process (GO:0046033),0.15320061211632643,0.5433834211000953,1,AK9
top300_raw,GO_Biological_Process_2023,Regulation Of Cilium Movement (GO:0003352),0.15320061211632643,0.5433834211000953,1,CFAP298
top300_raw,GO_Biological_Process_2023,Regulation Of Endocytic Recycling (GO:2001135),0.15320061211632643,0.5433834211000953,1,RAB11B
top300_raw,GO_Biological_Process_2023,"RNA Splicing, Via Endonucleolytic Cleavage And Ligation (GO:0000394)",0.15320061211632643,0.5433834211000953,1,TRPT1
top300_raw,GO_Biological_Process_2023,Negative Regulation Of Release Of Sequestered Calcium Ion Into Cytosol (GO:0051280),0.15320061211632643,0.5433834211000953,1,CALM2
top300_raw,GO_Biological_Process_2023,Negative Regulation Of Ryanodine-Sensitive Calcium-Release Channel Activity (GO:0060315),0.15320061211632643,0.5433834211000953,1,CALM2
top300_raw,GO_Biological_Process_2023,Regulation Of mRNA 3'-End Processing (GO:0031440),0.15320061211632643,0.5433834211000953,1,PEX2
top300_raw,GO_Biological_Process_2023,Regulation Of Mesenchymal Cell Proliferation (GO:0010464),0.15320061211632643,0.5433834211000953,1,LRP5
top300_raw,GO_Biological_Process_2023,Regulation Of Microtubule-Based Movement (GO:0060632),0.15320061211632643,0.5433834211000953,1,CFAP298
top300_raw,GO_Biological_Process_2023,Regulation Of Mitochondrial Fusion (GO:0010635),0.15320061211632643,0.5433834211000953,1,OMA1
top300_raw,GO_Biological_Process_2023,Negative Regulation Of Vascular Permeability (GO:0043116),0.15320061211632643,0.5433834211000953,1,DDAH1
top300_raw,GO_Biological_Process_2023,Aspartate Family Amino Acid Catabolic Process (GO:0009068),0.15320061211632643,0.5433834211000953,1,GOT1
top300_raw,GO_Biological_Process_2023,"Base-Excision Repair, AP Site Formation (GO:0006285)",0.15320061211632643,0.5433834211000953,1,NEIL2
top300_raw,GO_Biological_Process_2023,Central Nervous System Neuron Axonogenesis (GO:0021955),0.15320061211632643,0.5433834211000953,1,KIFBP
top300_raw,GO_Biological_Process_2023,Central Nervous System Projection Neuron Axonogenesis (GO:0021952),0.15320061211632643,0.5433834211000953,1,KIFBP
top300_raw,GO_Biological_Process_2023,Positive Regulation Of Coagulation (GO:0050820),0.15320061211632643,0.5433834211000953,1,DMTN
top300_raw,GO_Biological_Process_2023,Endosomal Lumen Acidification (GO:0048388),0.15320061211632643,0.5433834211000953,1,TMEM9
top300_raw,GO_Biological_Process_2023,Sphingoid Metabolic Process (GO:0046519),0.15320061211632643,0.5433834211000953,1,PLPP2
top300_raw,GO_Biological_Process_2023,Positive Regulation Of Hemostasis (GO:1900048),0.15320061211632643,0.5433834211000953,1,DMTN
top300_raw,GO_Biological_Process_2023,"tRNA Splicing, Via Endonucleolytic Cleavage And Ligation (GO:0006388)",0.15320061211632643,0.5433834211000953,1,TRPT1
top300_raw,GO_Biological_Process_2023,Glutamine Family Amino Acid Biosynthetic Process (GO:0009084),0.15320061211632643,0.5433834211000953,1,ALDH18A1
top300_raw,GO_Biological_Process_2023,Heterocycle Biosynthetic Process (GO:0018130),0.15320061211632643,0.5433834211000953,1,PYCR3
top300_raw,GO_Biological_Process_2023,Positive Regulation Of Platelet Aggregation (GO:1901731),0.15320061211632643,0.5433834211000953,1,DMTN
top300_raw,GO_Biological_Process_2023,Positive Regulation Of Protein Exit From Endoplasmic Reticulum (GO:0070863),0.15320061211632643,0.5433834211000953,1,EDEM2
top300_raw,GO_Biological_Process_2023,Programmed Necrotic Cell Death (GO:0097300),0.15320061211632643,0.5433834211000953,1,ITPK1
top300_raw,GO_Biological_Process_2023,Magnesium Ion Transport (GO:0015693),0.15320061211632643,0.5433834211000953,1,NIPA1
top300_raw,GO_Biological_Process_2023,Methylguanosine-Cap Decapping (GO:0110156),0.15320061211632643,0.5433834211000953,1,NUDT12
top300_raw,GO_Biological_Process_2023,Mitochondrial Genome Maintenance (GO:0000002),0.15320061211632643,0.5433834211000953,1,SLC25A4
top300_raw,GO_Biological_Process_2023,Regulation Of Alcohol Biosynthetic Process (GO:1902930),0.15320061211632643,0.5433834211000953,1,ERLIN2
top300_raw,GO_Biological_Process_2023,Negative Regulation Of Amyloid Fibril Formation (GO:1905907),0.15320061211632643,0.5433834211000953,1,PFDN6
top300_raw,GO_Biological_Process_2023,Regulation Of Cell Communication By Electrical Coupling Involved In Cardiac Conduction (GO:1901844),0.15320061211632643,0.5433834211000953,1,CALM2
top300_raw,GO_Biological_Process_2023,Protein Monoubiquitination (GO:0006513),0.15662763631944016,0.5478011865958888,2,PEX2;FANCF
top300_raw,GO_Biological_Process_2023,Protein O-linked Glycosylation (GO:0006493),0.16383172003194202,0.5478011865958888,3,DPM3;PLOD2;POMGNT2
top300_raw,GO_Biological_Process_2023,Negative Regulation Of Mitochondrial Membrane Permeability (GO:0035795),0.16590957450841412,0.5478011865958888,1,SLC25A4
top300_raw,GO_Biological_Process_2023,UV-damage Excision Repair (GO:0070914),0.16590957450841412,0.5478011865958888,1,DDB1
top300_raw,GO_Biological_Process_2023,Negative Regulation Of Substrate Adhesion-Dependent Cell Spreading (GO:1900025),0.16590957450841412,0.5478011865958888,1,DMTN
top300_raw,GO_Biological_Process_2023,Aspartate Family Amino Acid Metabolic Process (GO:0009066),0.16590957450841412,0.5478011865958888,1,GOT1
top300_raw,GO_Biological_Process_2023,Oligosaccharide-Lipid Intermediate Biosynthetic Process (GO:0006490),0.16590957450841412,0.5478011865958888,1,DPAGT1
top300_raw,GO_Biological_Process_2023,Cardiolipin Metabolic Process (GO:0032048),0.16590957450841412,0.5478011865958888,1,PTPMT1
top300_raw,GO_Biological_Process_2023,"Regulation Of Retrograde Protein Transport, ER To Cytosol (GO:1904152)",0.16590957450841412,0.5478011865958888,1,EDEM2
top300_raw,GO_Biological_Process_2023,Cellular Response To Acidic pH (GO:0071468),0.16590957450841412,0.5478011865958888,1,RAB11B
top300_raw,GO_Biological_Process_2023,Cristae Formation (GO:0042407),0.16590957450841412,0.5478011865958888,1,SAMM50
top300_raw,GO_Biological_Process_2023,Detection Of Calcium Ion (GO:0005513),0.16590957450841412,0.5478011865958888,1,CALM2
top300_raw,GO_Biological_Process_2023,Positive Regulation Of Integrin-Mediated Signaling Pathway (GO:2001046),0.16590957450841412,0.5478011865958888,1,DMTN
top300_raw,GO_Biological_Process_2023,Positive Regulation Of Reactive Oxygen Species Biosynthetic Process (GO:1903428),0.16590957450841412,0.5478011865958888,1,CYBA
top300_raw,GO_Biological_Process_2023,Pyrimidine Deoxyribonucleotide Catabolic Process (GO:0009223),0.16590957450841412,0.5478011865958888,1,NEIL2
top300_raw,GO_Biological_Process_2023,Morphogenesis Of A Polarized Epithelium (GO:0001738),0.16590957450841412,0.5478011865958888,1,TRAF3IP1
top300_raw,GO_Biological_Process_2023,Negative Regulation Of Alcohol Biosynthetic Process (GO:1902931),0.16590957450841412,0.5478011865958888,1,ERLIN2
top300_raw,GO_Biological_Process_2023,Regulation Of Cell Communication By Electrical Coupling (GO:0010649),0.16590957450841412,0.5478011865958888,1,CALM2
top300_raw,GO_Biological_Process_2023,Neurogenesis (GO:0022008),0.1672180071576185,0.5478011865958888,2,ERBB2;RITA1
top300_raw,GO_Biological_Process_2023,Nuclear Export (GO:0051168),0.1672180071576185,0.5478011865958888,2,RANBP2;RITA1
top300_raw,GO_Biological_Process_2023,Erythrocyte Differentiation (GO:0030218),0.1672180071576185,0.5478011865958888,2,ALAS1;DMTN
top300_raw,GO_Biological_Process_2023,Peptidyl-Lysine Modification (GO:0018205),0.16748349883196395,0.5478011865958888,3,RANBP2;ATPSCKMT;PLOD2
top300_raw,GO_Biological_Process_2023,Sphingolipid Metabolic Process (GO:0006665),0.16748349883196395,0.5478011865958888,3,TM9SF2;SPTLC2;PLPP2
top300_raw,GO_Biological_Process_2023,Positive Regulation Of Protein Metabolic Process (GO:0051247),0.17255468459909817,0.5478011865958888,5,DDB1;CUL4A;ERBB2;FADD;LARP1B
top300_raw,GO_Biological_Process_2023,Regulation Of Mitochondrion Organization (GO:0010821),0.17255875666095588,0.5478011865958888,2,SLC30A9;OMA1
top300_raw,GO_Biological_Process_2023,Pyruvate Metabolic Process (GO:0006090),0.17255875666095588,0.5478011865958888,2,SRR;DLAT
top300_raw,GO_Biological_Process_2023,Regulation Of TORC1 Signaling (GO:1903432),0.17255875666095588,0.5478011865958888,2,SEC13;DEPTOR
top300_raw,GO_Biological_Process_2023,Positive Regulation Of Leukocyte Mediated Cytotoxicity (GO:0001912),0.17792709644230686,0.5478011865958888,2,STX7;FADD
top300_raw,GO_Biological_Process_2023,Microtubule Bundle Formation (GO:0001578),0.17792709644230686,0.5478011865958888,2,SPAG16;RSPH4A
top300_raw,GO_Biological_Process_2023,ATP Transport (GO:0015867),0.17842842428567599,0.5478011865958888,1,SLC25A4
top300_raw,GO_Biological_Process_2023,ERBB2 Signaling Pathway (GO:0038128),0.17842842428567599,0.5478011865958888,1,ERBB2
top300_raw,GO_Biological_Process_2023,Regulation Of Flagellated Sperm Motility (GO:1901317),0.17842842428567599,0.5478011865958888,1,KIF9
top300_raw,GO_Biological_Process_2023,Regulation Of Gastrulation (GO:0010470),0.17842842428567599,0.5478011865958888,1,DAG1
top300_raw,GO_Biological_Process_2023,T Cell Differentiation In Thymus (GO:0033077),0.17842842428567599,0.5478011865958888,1,FADD
top300_raw,GO_Biological_Process_2023,Regulation Of Lamellipodium Organization (GO:1902743),0.17842842428567599,0.5478011865958888,1,DMTN
top300_raw,GO_Biological_Process_2023,acyl-CoA Biosynthetic Process (GO:0071616),0.17842842428567599,0.5478011865958888,1,ACLY
top300_raw,GO_Biological_Process_2023,Negative Regulation Of Toll-Like Receptor Signaling Pathway (GO:0034122),0.17842842428567599,0.5478011865958888,1,LRRC14
top300_raw,GO_Biological_Process_2023,Outer Mitochondrial Membrane Organization (GO:0007008),0.17842842428567599,0.5478011865958888,1,SAMM50
top300_raw,GO_Biological_Process_2023,Cardiocyte Differentiation (GO:0035051),0.17842842428567599,0.5478011865958888,1,CBY1
top300_raw,GO_Biological_Process_2023,Chondroitin Sulfate Biosynthetic Process (GO:0030206),0.17842842428567599,0.5478011865958888,1,UGDH
top300_raw,GO_Biological_Process_2023,Response To Chemokine (GO:1990868),0.17842842428567599,0.5478011865958888,1,SLC12A2
top300_raw,GO_Biological_Process_2023,Signal Peptide Processing (GO:0006465),0.17842842428567599,0.5478011865958888,1,SPCS1
top300_raw,GO_Biological_Process_2023,Endolysosomal Toll-Like Receptor Signaling Pathway (GO:0140894),0.17842842428567599,0.5478011865958888,1,UNC93B1
top300_raw,GO_Biological_Process_2023,"Endonucleolytic Cleavage Of Tricistronic rRNA Transcript (SSU-rRNA, 5.8S rRNA, LSU-rRNA) (GO:0000479)",0.17842842428567599,0.5478011865958888,1,UTP20
top300_raw,GO_Biological_Process_2023,Endoplasmic Reticulum Mannose Trimming (GO:1904380),0.17842842428567599,0.5478011865958888,1,EDEM2
top300_raw,GO_Biological_Process_2023,Sphingoid Biosynthetic Process (GO:0046520),0.17842842428567599,0.5478011865958888,1,SPTLC2
top300_raw,GO_Biological_Process_2023,Sphingosine Biosynthetic Process (GO:0046512),0.17842842428567599,0.5478011865958888,1,SPTLC2
top300_raw,GO_Biological_Process_2023,Ether Lipid Metabolic Process (GO:0046485),0.17842842428567599,0.5478011865958888,1,DHRS7B
top300_raw,GO_Biological_Process_2023,Extracellular Transport (GO:0006858),0.17842842428567599,0.5478011865958888,1,SPA17
top300_raw,GO_Biological_Process_2023,Eye Photoreceptor Cell Development (GO:0042462),0.17842842428567599,0.5478011865958888,1,RPGRIP1L
top300_raw,GO_Biological_Process_2023,Thymus Development (GO:0048538),0.17842842428567599,0.5478011865958888,1,FADD
top300_raw,GO_Biological_Process_2023,Intracellular Potassium Ion Homeostasis (GO:0030007),0.17842842428567599,0.5478011865958888,1,SLC12A2
top300_raw,GO_Biological_Process_2023,Intraciliary Retrograde Transport (GO:0035721),0.17842842428567599,0.5478011865958888,1,DYNC2LI1
top300_raw,GO_Biological_Process_2023,Protein Hydroxylation (GO:0018126),0.17842842428567599,0.5478011865958888,1,PLOD2
top300_raw,GO_Biological_Process_2023,Protein Import Into Peroxisome Matrix (GO:0016558),0.17842842428567599,0.5478011865958888,1,PEX2
top300_raw,GO_Biological_Process_2023,Protein Insertion Into Mitochondrial Outer Membrane (GO:0045040),0.17842842428567599,0.5478011865958888,1,SAMM50
top300_raw,GO_Biological_Process_2023,Microtubule-Based Transport (GO:0099111),0.17842842428567599,0.5478011865958888,1,SPA17
top300_raw,GO_Biological_Process_2023,Mitochondrial DNA Metabolic Process (GO:0032042),0.17842842428567599,0.5478011865958888,1,ENDOG
top300_raw,GO_Biological_Process_2023,Regulation Of Cell Fate Commitment (GO:0010453),0.17842842428567599,0.5478011865958888,1,RBBP7
top300_raw,GO_Biological_Process_2023,Monocarboxylic Acid Metabolic Process (GO:0032787),0.1785783603880871,0.5478011865958888,3,CPT1A;MECR;ACSL3
top300_raw,GO_Biological_Process_2023,Dephosphorylation (GO:0016311),0.17984646793147355,0.5504514366801505,4,PPP5C;ACP6;PLPP2;MTMR6
top300_raw,GO_Biological_Process_2023,Positive Regulation Of Transcription Initiation By RNA Polymerase II (GO:0060261),0.18332100652695532,0.5521816092404778,2,ZNHIT1;TAF6
top300_raw,GO_Biological_Process_2023,Actin Cytoskeleton Reorganization (GO:0031532),0.18873852094710034,0.5521816092404778,2,DMTN;PARVA
top300_raw,GO_Biological_Process_2023,Mitochondrial Transport (GO:0006839),0.18873852094710034,0.5521816092404778,2,KIFBP;SLC25A4
top300_raw,GO_Biological_Process_2023,Response To UV (GO:0009411),0.18986801084752547,0.5521816092404778,3,DDB1;CUL4A;CAT
top300_raw,GO_Biological_Process_2023,2-Oxoglutarate Metabolic Process (GO:0006103),0.19075999588431108,0.5521816092404778,1,GOT1
top300_raw,GO_Biological_Process_2023,Negative Regulation Of Fatty Acid Biosynthetic Process (GO:0045717),0.19075999588431108,0.5521816092404778,1,ERLIN2
top300_raw,GO_Biological_Process_2023,COPII-coated Vesicle Cargo Loading (GO:0090110),0.19075999588431108,0.5521816092404778,1,SEC13
top300_raw,GO_Biological_Process_2023,"RNA Phosphodiester Bond Hydrolysis, Endonucleolytic (GO:0090502)",0.19075999588431108,0.5521816092404778,1,NUDT16
top300_raw,GO_Biological_Process_2023,Regulation Of Macrophage Differentiation (GO:0045649),0.19075999588431108,0.5521816092404778,1,FADD
top300_raw,GO_Biological_Process_2023,Bone Morphogenesis (GO:0060349),0.19075999588431108,0.5521816092404778,1,LRP5
top300_raw,GO_Biological_Process_2023,Regulation Of Sensory Perception Of Pain (GO:0051930),0.19075999588431108,0.5521816092404778,1,ATPSCKMT
top300_raw,GO_Biological_Process_2023,Resolution Of Meiotic Recombination Intermediates (GO:0000712),0.19075999588431108,0.5521816092404778,1,CENPS
top300_raw,GO_Biological_Process_2023,Respiratory Electron Transport Chain (GO:0022904),0.19075999588431108,0.5521816092404778,1,NDUFA5
top300_raw,GO_Biological_Process_2023,Serine Family Amino Acid Metabolic Process (GO:0009069),0.19075999588431108,0.5521816092404778,1,SRR
top300_raw,GO_Biological_Process_2023,Positive Regulation Of Histone Acetylation (GO:0035066),0.19075999588431108,0.5521816092404778,1,GLYR1
top300_raw,GO_Biological_Process_2023,Post-Translational Protein Targeting To Endoplasmic Reticulum Membrane (GO:0006620),0.19075999588431108,0.5521816092404778,1,SEC63
top300_raw,GO_Biological_Process_2023,Primary Alcohol Metabolic Process (GO:0034308),0.19075999588431108,0.5521816092404778,1,PECR
top300_raw,GO_Biological_Process_2023,Protein Maturation By Iron-Sulfur Cluster Transfer (GO:0097428),0.19075999588431108,0.5521816092404778,1,MAGEF1
top300_raw,GO_Biological_Process_2023,Regulation Of MHC Class II Biosynthetic Process (GO:0045346),0.19075999588431108,0.5521816092404778,1,RFXANK
top300_raw,GO_Biological_Process_2023,Regulation Of Bone Remodeling (GO:0046850),0.19075999588431108,0.5521816092404778,1,SLC4A2
top300_raw,GO_Biological_Process_2023,Regulation Of Carbohydrate Catabolic Process (GO:0043470),0.19075999588431108,0.5521816092404778,1,JMJD8
top300_raw,GO_Biological_Process_2023,Regulation Of Cell Fate Specification (GO:0042659),0.19075999588431108,0.5521816092404778,1,RBBP7
top300_raw,GO_Biological_Process_2023,Negative Regulation Of Defense Response To Virus (GO:0050687),0.19075999588431108,0.5521816092404778,1,TRAF3IP1
top300_raw,GO_Biological_Process_2023,Cellular Component Assembly (GO:0022607),0.1970495754983711,0.5521816092404778,6,SPAG16;RTN3;RSPH4A;DMTN;TUBGCP2;STX7
top300_raw,GO_Biological_Process_2023,Regulation Of Protein Secretion (GO:0050708),0.19749355984124936,0.5521816092404778,3,SLC12A2;ARFIP1;ANG
top300_raw,GO_Biological_Process_2023,Neuron Migration (GO:0001764),0.19963676191554863,0.5521816092404778,2,TUBGCP2;POMGNT2
top300_raw,GO_Biological_Process_2023,Epithelium Development (GO:0060429),0.20105650456009067,0.5521816092404778,4,GSTK1;CPT1A;ANXA4;DAG1
top300_raw,GO_Biological_Process_2023,Mitochondrial Gene Expression (GO:0140053),0.20133404794417883,0.5521816092404778,3,GFM2;IARS2;MRPL33
top300_raw,GO_Biological_Process_2023,Negative Regulation Of Endoplasmic Reticulum Stress-Induced Intrinsic Apoptotic Signaling Pathway (GO:1902236),0.20290708162909607,0.5521816092404778,1,TMBIM6
top300_raw,GO_Biological_Process_2023,Regulation Of Cholesterol Biosynthetic Process (GO:0045540),0.20290708162909607,0.5521816092404778,1,ERLIN2
top300_raw,GO_Biological_Process_2023,Negative Regulation Of Focal Adhesion Assembly (GO:0051895),0.20290708162909607,0.5521816092404778,1,DMTN
top300_raw,GO_Biological_Process_2023,Golgi To Endosome Transport (GO:0006895),0.20290708162909607,0.5521816092404778,1,SYS1
top300_raw,GO_Biological_Process_2023,T Cell Homeostasis (GO:0043029),0.20290708162909607,0.5521816092404778,1,FADD
top300_raw,GO_Biological_Process_2023,Nitric Oxide Biosynthetic Process (GO:0006809),0.20290708162909607,0.5521816092404778,1,MTARC2
top300_raw,GO_Biological_Process_2023,Regulation Of rRNA Processing (GO:2000232),0.20290708162909607,0.5521816092404778,1,NUDT16
top300_raw,GO_Biological_Process_2023,Pigment Granule Transport (GO:0051904),0.20290708162909607,0.5521816092404778,1,RAB11B
top300_raw,GO_Biological_Process_2023,Regulation Of Systemic Arterial Blood Pressure (GO:0003073),0.20290708162909607,0.5521816092404778,1,DDAH1
top300_raw,GO_Biological_Process_2023,"Positive Regulation Of DNA Damage Response, Signal Transduction By P53 Class Mediator (GO:0043517)",0.20290708162909607,0.5521816092404778,1,ZNHIT1
top300_raw,GO_Biological_Process_2023,Ceramide Catabolic Process (GO:0046514),0.20290708162909607,0.5521816092404778,1,HEXA
top300_raw,GO_Biological_Process_2023,Coenzyme A Metabolic Process (GO:0015936),0.20290708162909607,0.5521816092404778,1,ACLY
top300_raw,GO_Biological_Process_2023,Dolichol-Linked Oligosaccharide Biosynthetic Process (GO:0006488),0.20290708162909607,0.5521816092404778,1,DPAGT1
top300_raw,GO_Biological_Process_2023,Endoplasmic Reticulum To Cytosol Transport (GO:1903513),0.20290708162909607,0.5521816092404778,1,TMEM129
top300_raw,GO_Biological_Process_2023,Positive Regulation Of Glucose Metabolic Process (GO:0010907),0.20290708162909607,0.5521816092404778,1,DDB1
top300_raw,GO_Biological_Process_2023,Glutamine Family Amino Acid Catabolic Process (GO:0009065),0.20290708162909607,0.5521816092404778,1,DDAH1
top300_raw,GO_Biological_Process_2023,Positive Regulation Of Secretion (GO:0051047),0.20290708162909607,0.5521816092404778,1,ACSL3
top300_raw,GO_Biological_Process_2023,Positive Regulation Of Sprouting Angiogenesis (GO:1903672),0.20290708162909607,0.5521816092404778,1,JMJD8
top300_raw,GO_Biological_Process_2023,Positive Regulation Of Transmembrane Transport (GO:0034764),0.20290708162909607,0.5521816092404778,1,AZIN1
top300_raw,GO_Biological_Process_2023,Melanosome Transport (GO:0032402),0.20290708162909607,0.5521816092404778,1,RAB11B
top300_raw,GO_Biological_Process_2023,Regulation Of Amyloid Fibril Formation (GO:1905906),0.20290708162909607,0.5521816092404778,1,PFDN6
top300_raw,GO_Biological_Process_2023,Negative Regulation Of Cell-Substrate Junction Organization (GO:0150118),0.20290708162909607,0.5521816092404778,1,DMTN
top300_raw,GO_Biological_Process_2023,Proteasome-Mediated Ubiquitin-Dependent Protein Catabolic Process (GO:0043161),0.20442615481541906,0.5521816092404778,7,DDB1;CUL4A;RHBDD2;TMEM129;DNAJC10;ERLIN2;ANAPC2
top300_raw,GO_Biological_Process_2023,Regulation Of Mitotic Nuclear Division (GO:0007088),0.20511381626050593,0.5521816092404778,2,TOM1L1;LRP5
top300_raw,GO_Biological_Process_2023,Peptide Metabolic Process (GO:0006518),0.20511381626050593,0.5521816092404778,2,MIPEP;SPCS1
top300_raw,GO_Biological_Process_2023,Positive Regulation Of DNA-templated Transcription Initiation (GO:2000144),0.20511381626050593,0.5521816092404778,2,ZNHIT1;TAF6
top300_raw,GO_Biological_Process_2023,Intrinsic Apoptotic Signaling Pathway (GO:0097193),0.2090671269347415,0.5521816092404778,3,CUL4A;AIFM1;DNAJC10
top300_raw,GO_Biological_Process_2023,RNA Catabolic Process (GO:0006401),0.21060712827984118,0.5521816092404778,2,NUDT16;NUDT12
top300_raw,GO_Biological_Process_2023,Regulation Of Transcription Initiation By RNA Polymerase II (GO:0060260),0.21060712827984118,0.5521816092404778,2,ZNHIT1;TAF6
top300_raw,GO_Biological_Process_2023,Membrane Lipid Biosynthetic Process (GO:0046467),0.21060712827984118,0.5521816092404778,2,SPTLC2;PLPP2
top300_raw,GO_Biological_Process_2023,Monoatomic Anion Transport (GO:0006820),0.21060712827984118,0.5521816092404778,2,CLCN4;SLC4A2
top300_raw,GO_Biological_Process_2023,Response To Calcium Ion (GO:0051592),0.2129584022394735,0.5521816092404778,3,AHCYL1;DMTN;CALM2
top300_raw,GO_Biological_Process_2023,acetyl-CoA Metabolic Process (GO:0006084),0.21487243237698472,0.5521816092404778,1,ACLY
top300_raw,GO_Biological_Process_2023,Activation Of Cysteine-Type Endopeptidase Activity (GO:0097202),0.21487243237698472,0.5521816092404778,1,FADD
top300_raw,GO_Biological_Process_2023,Negative Regulation Of Viral-Induced Cytoplasmic Pattern Recognition Receptor Signaling Pathway (GO:0039532),0.21487243237698472,0.5521816092404778,1,TKFC
top300_raw,GO_Biological_Process_2023,Apoptotic Nuclear Changes (GO:0030262),0.21487243237698472,0.5521816092404778,1,ENDOG
top300_raw,GO_Biological_Process_2023,Neuron Projection Organization (GO:0106027),0.21487243237698472,0.5521816092404778,1,KIFBP
top300_raw,GO_Biological_Process_2023,Nitric Oxide Metabolic Process (GO:0046209),0.21487243237698472,0.5521816092404778,1,MTARC2
top300_raw,GO_Biological_Process_2023,Phosphatidylinositol Dephosphorylation (GO:0046856),0.21487243237698472,0.5521816092404778,1,MTMR6
top300_raw,GO_Biological_Process_2023,Regulation Of Stem Cell Proliferation (GO:0072091),0.21487243237698472,0.5521816092404778,1,EPCAM
top300_raw,GO_Biological_Process_2023,Chondroitin Sulfate Metabolic Process (GO:0030204),0.21487243237698472,0.5521816092404778,1,UGDH
top300_raw,GO_Biological_Process_2023,Positive Regulation Of Autophagosome Assembly (GO:2000786),0.21487243237698472,0.5521816092404778,1,SNX4
top300_raw,GO_Biological_Process_2023,Dicarboxylic Acid Catabolic Process (GO:0043649),0.21487243237698472,0.5521816092404778,1,GOT1
top300_raw,GO_Biological_Process_2023,Ruffle Organization (GO:0031529),0.21487243237698472,0.5521816092404778,1,ARFIP2
top300_raw,GO_Biological_Process_2023,Endoplasmic Reticulum Tubular Network Organization (GO:0071786),0.21487243237698472,0.5521816092404778,1,RTN3
top300_raw,GO_Biological_Process_2023,Positive Regulation Of Homotypic Cell-Cell Adhesion (GO:0034112),0.21487243237698472,0.5521816092404778,1,DMTN
top300_raw,GO_Biological_Process_2023,Establishment Of Melanosome Localization (GO:0032401),0.21487243237698472,0.5521816092404778,1,RAB11B
top300_raw,GO_Biological_Process_2023,Establishment Of Protein Localization To Endoplasmic Reticulum (GO:0072599),0.21487243237698472,0.5521816092404778,1,SPCS1
top300_raw,GO_Biological_Process_2023,Tail-Anchored Membrane Protein Insertion Into ER Membrane (GO:0071816),0.21487243237698472,0.5521816092404778,1,GET1
top300_raw,GO_Biological_Process_2023,Glycoprotein Catabolic Process (GO:0006516),0.21487243237698472,0.5521816092404778,1,EDEM2
top300_raw,GO_Biological_Process_2023,Heart Process (GO:0003015),0.21487243237698472,0.5521816092404778,1,ZNHIT1
top300_raw,GO_Biological_Process_2023,Positive Regulation Of Stem Cell Proliferation (GO:2000648),0.21487243237698472,0.5521816092404778,1,EPCAM
top300_raw,GO_Biological_Process_2023,"Protein Alpha-1,2-Demannosylation (GO:0036508)",0.21487243237698472,0.5521816092404778,1,EDEM2
top300_raw,GO_Biological_Process_2023,Protein Targeting To Peroxisome (GO:0006625),0.21487243237698472,0.5521816092404778,1,PEX2
top300_raw,GO_Biological_Process_2023,Mitophagy (GO:0000423),0.21487243237698472,0.5521816092404778,1,ARFIP2
top300_raw,GO_Biological_Process_2023,Negative Regulation Of Amyloid-Beta Formation (GO:1902430),0.21487243237698472,0.5521816092404778,1,RTN3
top300_raw,GO_Biological_Process_2023,Regulation Of Cardiac Muscle Contraction By Regulation Of The Release Of Sequestered Calcium Ion (GO:0010881),0.21487243237698472,0.5521816092404778,1,CALM2
top300_raw,GO_Biological_Process_2023,Renal System Development (GO:0072001),0.21611498518505984,0.5522487989156689,2,TRAF3IP1;IFT27
top300_raw,GO_Biological_Process_2023,Selective Autophagy (GO:0061912),0.21611498518505984,0.5522487989156689,2,ARFIP2;PEX2
top300_raw,GO_Biological_Process_2023,Glycosaminoglycan Biosynthetic Process (GO:0006024),0.21611498518505984,0.5522487989156689,2,UGDH;HEXA
top300_raw,GO_Biological_Process_2023,Positive Regulation Of Autophagy (GO:0010508),0.21686529928337947,0.5531283476104173,3,SCOC;ENDOG;DHRSX
top300_raw,GO_Biological_Process_2023,Anterior/Posterior Pattern Specification (GO:0009952),0.2216357215203968,0.5562328441476515,2,LRP5;HOXB7
top300_raw,GO_Biological_Process_2023,Cilium Movement (GO:0003341),0.2216357215203968,0.5562328441476515,2,RSPH4A;SPA17
top300_raw,GO_Biological_Process_2023,Negative Regulation Of Fibroblast Proliferation (GO:0048147),0.22665875807778754,0.5562328441476515,1,PEX2
top300_raw,GO_Biological_Process_2023,DNA Modification (GO:0006304),0.22665875807778754,0.5562328441476515,1,NEIL2
top300_raw,GO_Biological_Process_2023,Negative Regulation Of Interleukin-8 Production (GO:0032717),0.22665875807778754,0.5562328441476515,1,ANXA4
top300_raw,GO_Biological_Process_2023,G Protein-Coupled Acetylcholine Receptor Signaling Pathway (GO:0007213),0.22665875807778754,0.5562328441476515,1,GNA11
top300_raw,GO_Biological_Process_2023,NAD Biosynthetic Process (GO:0009435),0.22665875807778754,0.5562328441476515,1,NUDT12
top300_raw,GO_Biological_Process_2023,NLS-bearing Protein Import Into Nucleus (GO:0006607),0.22665875807778754,0.5562328441476515,1,RANBP2
top300_raw,GO_Biological_Process_2023,T Cell Migration (GO:0072678),0.22665875807778754,0.5562328441476515,1,SLC12A2
top300_raw,GO_Biological_Process_2023,Carboxylic Acid Biosynthetic Process (GO:0046394),0.22665875807778754,0.5562328441476515,1,UGDH
top300_raw,GO_Biological_Process_2023,Peptidyl-Threonine Dephosphorylation (GO:0035970),0.22665875807778754,0.5562328441476515,1,PPP5C
top300_raw,GO_Biological_Process_2023,Peroxisomal Membrane Transport (GO:0015919),0.22665875807778754,0.5562328441476515,1,PEX2
top300_raw,GO_Biological_Process_2023,Cellular Response To Unfolded Protein (GO:0034620),0.22665875807778754,0.5562328441476515,1,TMBIM6
top300_raw,GO_Biological_Process_2023,Response To Acidic pH (GO:0010447),0.22665875807778754,0.5562328441476515,1,RAB11B
top300_raw,GO_Biological_Process_2023,Positive Regulation Of Cell Cycle Phase Transition (GO:1901989),0.22665875807778754,0.5562328441476515,1,PEX2
top300_raw,GO_Biological_Process_2023,Detection Of Visible Light (GO:0009584),0.22665875807778754,0.5562328441476515,1,GNA11
top300_raw,GO_Biological_Process_2023,"Retrograde Protein Transport, ER To Cytosol (GO:0030970)",0.22665875807778754,0.5562328441476515,1,TMEM129
top300_raw,GO_Biological_Process_2023,Diol Biosynthetic Process (GO:0034312),0.22665875807778754,0.5562328441476515,1,SPTLC2
top300_raw,GO_Biological_Process_2023,Transepithelial Transport (GO:0070633),0.22665875807778754,0.5562328441476515,1,SLC12A2
top300_raw,GO_Biological_Process_2023,Positive Regulation Of Peptidyl-Lysine Acetylation (GO:2000758),0.22665875807778754,0.5562328441476515,1,GLYR1
top300_raw,GO_Biological_Process_2023,Motile Cilium Assembly (GO:0044458),0.22665875807778754,0.5562328441476515,1,ENKD1
top300_raw,GO_Biological_Process_2023,Nitrogen Compound Transport (GO:0071705),0.22934169030734186,0.5618046442420856,4,SLC12A2;SCAMP4;SNX4;CMTM6
top300_raw,GO_Biological_Process_2023,Actin Filament Capping (GO:0051693),0.23826872845166958,0.5663560351678428,1,ADD3
top300_raw,GO_Biological_Process_2023,Regulation Of Mitochondrial Membrane Permeability (GO:0046902),0.23826872845166958,0.5663560351678428,1,SLC25A4
top300_raw,GO_Biological_Process_2023,Regulation Of Mitochondrial Outer Membrane Permeabilization Involved In Apoptotic Signaling Pathway (GO:1901028),0.23826872845166958,0.5663560351678428,1,SLC25A4
top300_raw,GO_Biological_Process_2023,Nitric Oxide Mediated Signal Transduction (GO:0007263),0.23826872845166958,0.5663560351678428,1,DDAH1
top300_raw,GO_Biological_Process_2023,Barbed-End Actin Filament Capping (GO:0051016),0.23826872845166958,0.5663560351678428,1,ADD3
top300_raw,GO_Biological_Process_2023,Regulation Of Protein Neddylation (GO:2000434),0.23826872845166958,0.5663560351678428,1,GPS1
top300_raw,GO_Biological_Process_2023,Regulation Of Synaptic Vesicle Exocytosis (GO:2000300),0.23826872845166958,0.5663560351678428,1,PREPL
top300_raw,GO_Biological_Process_2023,fatty-acyl-CoA Metabolic Process (GO:0035337),0.23826872845166958,0.5663560351678428,1,ACSL3
top300_raw,GO_Biological_Process_2023,Glucose 6-Phosphate Metabolic Process (GO:0051156),0.23826872845166958,0.5663560351678428,1,G6PC3
top300_raw,GO_Biological_Process_2023,Positive Regulation Of Phosphoprotein Phosphatase Activity (GO:0032516),0.23826872845166958,0.5663560351678428,1,CALM2
top300_raw,GO_Biological_Process_2023,Intracellular Sodium Ion Homeostasis (GO:0006883),0.23826872845166958,0.5663560351678428,1,SLC12A2
top300_raw,GO_Biological_Process_2023,Lysosomal Lumen Acidification (GO:0007042),0.23826872845166958,0.5663560351678428,1,TMEM9
top300_raw,GO_Biological_Process_2023,Protein Autoprocessing (GO:0016540),0.23826872845166958,0.5663560351678428,1,OMA1
top300_raw,GO_Biological_Process_2023,Melanosome Localization (GO:0032400),0.23826872845166958,0.5663560351678428,1,RAB11B
top300_raw,GO_Biological_Process_2023,Regulation Of Adaptive Immune Response (GO:0002819),0.23826872845166958,0.5663560351678428,1,FADD
top300_raw,GO_Biological_Process_2023,Negative Regulation Of Amyloid Precursor Protein Catabolic Process (GO:1902992),0.23826872845166958,0.5663560351678428,1,RTN3
top300_raw,GO_Biological_Process_2023,Regulation Of Cell-Cell Adhesion Mediated By Cadherin (GO:2000047),0.23826872845166958,0.5663560351678428,1,EPCAM
top300_raw,GO_Biological_Process_2023,Inorganic Anion Transmembrane Transport (GO:0098661),0.24381575454293886,0.5735213726152991,2,SLC12A2;SLC37A4
top300_raw,GO_Biological_Process_2023,Brain Development (GO:0007420),0.2487233042900666,0.5735213726152991,4,RTN3;DNAJC30;TUBGCP2;RBBP7
top300_raw,GO_Biological_Process_2023,Negative Regulation Of Fatty Acid Metabolic Process (GO:0045922),0.24970497353955387,0.5735213726152991,1,ERLIN2
top300_raw,GO_Biological_Process_2023,DNA Catabolic Process (GO:0006308),0.24970497353955387,0.5735213726152991,1,ENDOG
top300_raw,GO_Biological_Process_2023,NADP Metabolic Process (GO:0006739),0.24970497353955387,0.5735213726152991,1,NUDT12
top300_raw,GO_Biological_Process_2023,Negative Regulation Of Peptidyl-Serine Phosphorylation (GO:0033137),0.24970497353955387,0.5735213726152991,1,DMTN
top300_raw,GO_Biological_Process_2023,Regulation Of Integrin-Mediated Signaling Pathway (GO:2001044),0.24970497353955387,0.5735213726152991,1,DMTN
top300_raw,GO_Biological_Process_2023,Bicarbonate Transport (GO:0015701),0.24970497353955387,0.5735213726152991,1,SLC4A2
top300_raw,GO_Biological_Process_2023,Phosphate Ion Transport (GO:0006817),0.24970497353955387,0.5735213726152991,1,SLC37A4
top300_raw,GO_Biological_Process_2023,Chondroitin Sulfate Proteoglycan Biosynthetic Process (GO:0050650),0.24970497353955387,0.5735213726152991,1,UGDH
top300_raw,GO_Biological_Process_2023,Positive Regulation Of Activated T Cell Proliferation (GO:0042104),0.24970497353955387,0.5735213726152991,1,FADD
top300_raw,GO_Biological_Process_2023,Response To Fatty Acid (GO:0070542),0.24970497353955387,0.5735213726152991,1,PPP5C
top300_raw,GO_Biological_Process_2023,Positive Regulation Of Hormone Secretion (GO:0046887),0.24970497353955387,0.5735213726152991,1,SNX4
top300_raw,GO_Biological_Process_2023,Superoxide Anion Generation (GO:0042554),0.24970497353955387,0.5735213726152991,1,CYBA
top300_raw,GO_Biological_Process_2023,tRNA Metabolic Process (GO:0006399),0.24970497353955387,0.5735213726152991,1,ANG
top300_raw,GO_Biological_Process_2023,Ganglioside Metabolic Process (GO:0001573),0.24970497353955387,0.5735213726152991,1,HEXA
top300_raw,GO_Biological_Process_2023,Glycosphingolipid Biosynthetic Process (GO:0006688),0.24970497353955387,0.5735213726152991,1,TM9SF2
top300_raw,GO_Biological_Process_2023,Insulin Secretion (GO:0030073),0.24970497353955387,0.5735213726152991,1,RAB11B
top300_raw,GO_Biological_Process_2023,Purine Ribonucleotide Transport (GO:0015868),0.24970497353955387,0.5735213726152991,1,SLC25A4
top300_raw,GO_Biological_Process_2023,Negative Regulation Of RNA Splicing (GO:0033119),0.24970497353955387,0.5735213726152991,1,TMBIM6
top300_raw,GO_Biological_Process_2023,Canonical Wnt Signaling Pathway (GO:0060070),0.2549430610454674,0.5760798294218819,2,LRP5;FZD8
top300_raw,GO_Biological_Process_2023,Cellular Response To Light Stimulus (GO:0071482),0.2549430610454674,0.5760798294218819,2,DDB1;CUL4A
top300_raw,GO_Biological_Process_2023,Fatty Acid Biosynthetic Process (GO:0006633),0.2549430610454674,0.5760798294218819,2,ACLY;MCAT
top300_raw,GO_Biological_Process_2023,Cellular Response To Oxidative Stress (GO:0034599),0.25665427972807575,0.5760798294218819,3,PYROXD1;GSR;PEX2
top300_raw,GO_Biological_Process_2023,Protein Processing (GO:0016485),0.25665427972807575,0.5760798294218819,3,SPCS1;TMEM208;OMA1
top300_raw,GO_Biological_Process_2023,Regulation Of Fibroblast Migration (GO:0010762),0.260970084253525,0.5760798294218819,1,DMTN
top300_raw,GO_Biological_Process_2023,Adenine Nucleotide Transport (GO:0051503),0.260970084253525,0.5760798294218819,1,SLC25A4
top300_raw,GO_Biological_Process_2023,Negative Regulation Of Stem Cell Population Maintenance (GO:1902455),0.260970084253525,0.5760798294218819,1,RBBP7
top300_raw,GO_Biological_Process_2023,Regulation Of Meiotic Cell Cycle (GO:0051445),0.260970084253525,0.5760798294218819,1,ANAPC2
top300_raw,GO_Biological_Process_2023,Nuclear-Transcribed mRNA poly(A) Tail Shortening (GO:0000289),0.260970084253525,0.5760798294218819,1,CNOT11
top300_raw,GO_Biological_Process_2023,Calcium-Mediated Signaling Using Intracellular Calcium Source (GO:0035584),0.260970084253525,0.5760798294218819,1,DMTN
top300_raw,GO_Biological_Process_2023,Regulation Of Protein Localization To Cell Periphery (GO:1904375),0.260970084253525,0.5760798294218819,1,STX7
top300_raw,GO_Biological_Process_2023,Regulation Of Smooth Muscle Contraction (GO:0006940),0.260970084253525,0.5760798294218819,1,SETD3
top300_raw,GO_Biological_Process_2023,Regulation Of Toll-Like Receptor Signaling Pathway (GO:0034121),0.260970084253525,0.5760798294218819,1,LRRC14
top300_raw,GO_Biological_Process_2023,Cellular Response To pH (GO:0071467),0.260970084253525,0.5760798294218819,1,RAB11B
top300_raw,GO_Biological_Process_2023,Endothelial Cell Development (GO:0001885),0.260970084253525,0.5760798294218819,1,MARVELD2
top300_raw,GO_Biological_Process_2023,Epithelial Cilium Movement Involved In Extracellular Fluid Movement (GO:0003351),0.260970084253525,0.5760798294218819,1,SPA17
top300_raw,GO_Biological_Process_2023,Striated Muscle Cell Differentiation (GO:0051146),0.260970084253525,0.5760798294218819,1,CBY1
top300_raw,GO_Biological_Process_2023,Sulfur Compound Catabolic Process (GO:0044273),0.260970084253525,0.5760798294218819,1,SUCLG2
top300_raw,GO_Biological_Process_2023,Gamma-Aminobutyric Acid Signaling Pathway (GO:0007214),0.260970084253525,0.5760798294218819,1,SLC12A2
top300_raw,GO_Biological_Process_2023,Hydrogen Peroxide Catabolic Process (GO:0042744),0.260970084253525,0.5760798294218819,1,CAT
top300_raw,GO_Biological_Process_2023,Intracellular Monoatomic Ion Homeostasis (GO:0006873),0.260970084253525,0.5760798294218819,1,SLC39A4
top300_raw,GO_Biological_Process_2023,Receptor Metabolic Process (GO:0043112),0.260970084253525,0.5760798294218819,1,RAB11B
top300_raw,GO_Biological_Process_2023,Regulation Of Cardiac Muscle Contraction By Calcium Ion Signaling (GO:0010882),0.260970084253525,0.5760798294218819,1,CALM2
top300_raw,GO_Biological_Process_2023,Neuron Differentiation (GO:0030182),0.2618360442252519,0.5770561363022542,4,RTN3;UGDH;ERBB2;FZD8
top300_raw,GO_Biological_Process_2023,Positive Regulation Of Cellular Biosynthetic Process (GO:0031328),0.2651352246937485,0.5833831599885064,4,DDB1;DDAH1;ERBB2;LARP1B
top300_raw,GO_Biological_Process_2023,Positive Regulation Of I-kappaB kinase/NF-kappaB Signaling (GO:0043123),0.268442165003691,0.5863207705146544,4,PPP5C;FADD;JMJD8;TMED4
top300_raw,GO_Biological_Process_2023,Regulation Of I-kappaB kinase/NF-kappaB Signaling (GO:0043122),0.26944162012175044,0.5863207705146544,5,PPP5C;FADD;ZMYND11;JMJD8;TMED4
top300_raw,GO_Biological_Process_2023,Negative Regulation Of Double-Strand Break Repair Via Homologous Recombination (GO:2000042),0.2720666130435107,0.5863207705146544,1,MAGEF1
top300_raw,GO_Biological_Process_2023,Negative Regulation Of Osteoclast Differentiation (GO:0045671),0.2720666130435107,0.5863207705146544,1,TCTA
top300_raw,GO_Biological_Process_2023,Anaphase-Promoting Complex-Dependent Catabolic Process (GO:0031145),0.2720666130435107,0.5863207705146544,1,ANAPC2
top300_raw,GO_Biological_Process_2023,Regulation Of Transferase Activity (GO:0051338),0.2720666130435107,0.5863207705146544,1,JMJD8
top300_raw,GO_Biological_Process_2023,Chaperone-Mediated Protein Complex Assembly (GO:0051131),0.2720666130435107,0.5863207705146544,1,PFDN6
top300_raw,GO_Biological_Process_2023,Positive Regulation Of Blood Coagulation (GO:0030194),0.2720666130435107,0.5863207705146544,1,DMTN
top300_raw,GO_Biological_Process_2023,Sodium Ion Import Across Plasma Membrane (GO:0098719),0.2720666130435107,0.5863207705146544,1,SLC12A2
top300_raw,GO_Biological_Process_2023,Positive Regulation Of Signal Transduction By P53 Class Mediator (GO:1901798),0.2720666130435107,0.5863207705146544,1,GET1
top300_raw,GO_Biological_Process_2023,Positive Regulation Of Vacuole Organization (GO:0044090),0.2720666130435107,0.5863207705146544,1,SNX4
top300_raw,GO_Biological_Process_2023,"Maturation Of 5.8S rRNA From Tricistronic rRNA Transcript (SSU-rRNA, 5.8S rRNA, LSU-rRNA) (GO:0000466)",0.2720666130435107,0.5863207705146544,1,UTP20
top300_raw,GO_Biological_Process_2023,Mitochondrial Calcium Ion Homeostasis (GO:0051560),0.2720666130435107,0.5863207705146544,1,PDZD8
top300_raw,GO_Biological_Process_2023,Positive Regulation Of Macromolecule Biosynthetic Process (GO:0010557),0.2769181407044346,0.5884610921409,3,ERBB2;RFXANK;LARP1B
top300_raw,GO_Biological_Process_2023,Phospholipid Metabolic Process (GO:0006644),0.2772169506771702,0.5884610921409,2,ACP6;PLPP2
top300_raw,GO_Biological_Process_2023,Establishment Of Protein Localization To Membrane (GO:0090150),0.2772169506771702,0.5884610921409,2,SEC63;RAB11B
top300_raw,GO_Biological_Process_2023,Organonitrogen Compound Biosynthetic Process (GO:1901566),0.28099116233175225,0.5884610921409,3,ALAS1;SPTLC2;PLPP2
top300_raw,GO_Biological_Process_2023,Regulation Of Actin Filament-Based Process (GO:0032970),0.28278200858122254,0.5884610921409,2,DMTN;SLC4A2
top300_raw,GO_Biological_Process_2023,Regulation Of Cellular Biosynthetic Process (GO:0031326),0.28278200858122254,0.5884610921409,2,TOM1L1;TM9SF2
top300_raw,GO_Biological_Process_2023,NAD Metabolic Process (GO:0019674),0.2829970744143095,0.5884610921409,1,NUDT12
top300_raw,GO_Biological_Process_2023,Negative Regulation Of Myeloid Cell Differentiation (GO:0045638),0.2829970744143095,0.5884610921409,1,PEX2
top300_raw,GO_Biological_Process_2023,Regulation Of Histone Acetylation (GO:0035065),0.2829970744143095,0.5884610921409,1,GLYR1
top300_raw,GO_Biological_Process_2023,Acetylcholine Receptor Signaling Pathway (GO:0095500),0.2829970744143095,0.5884610921409,1,GNA11
top300_raw,GO_Biological_Process_2023,Acylglycerol Biosynthetic Process (GO:0046463),0.2829970744143095,0.5884610921409,1,ANG
top300_raw,GO_Biological_Process_2023,Oxoacid Metabolic Process (GO:0043436),0.2829970744143095,0.5884610921409,1,MTARC2
top300_raw,GO_Biological_Process_2023,Regulation Of Release Of Sequestered Calcium Ion Into Cytosol By Sarcoplasmic Reticulum (GO:0010880),0.2829970744143095,0.5884610921409,1,CALM2
top300_raw,GO_Biological_Process_2023,Placenta Development (GO:0001890),0.2829970744143095,0.5884610921409,1,ANG
top300_raw,GO_Biological_Process_2023,Cellular Response To Topologically Incorrect Protein (GO:0035967),0.2829970744143095,0.5884610921409,1,TMBIM6
top300_raw,GO_Biological_Process_2023,Ribosomal Large Subunit Assembly (GO:0000027),0.2829970744143095,0.5884610921409,1,DHX30
top300_raw,GO_Biological_Process_2023,tRNA Aminoacylation (GO:0043039),0.2829970744143095,0.5884610921409,1,IARS2
top300_raw,GO_Biological_Process_2023,Positive Regulation Of Phosphatase Activity (GO:0010922),0.2829970744143095,0.5884610921409,1,CALM2
top300_raw,GO_Biological_Process_2023,Vesicle Transport Along Microtubule (GO:0047496),0.2829970744143095,0.5884610921409,1,KIF3B
top300_raw,GO_Biological_Process_2023,Membrane Protein Ectodomain Proteolysis (GO:0006509),0.2829970744143095,0.5884610921409,1,DAG1
top300_raw,GO_Biological_Process_2023,Protein Neddylation (GO:0045116),0.2829970744143095,0.5884610921409,1,GPS1
top300_raw,GO_Biological_Process_2023,Negative Regulation Of G Protein-Coupled Receptor Signaling Pathway (GO:0045744),0.2829970744143095,0.5884610921409,1,RPGRIP1L
top300_raw,GO_Biological_Process_2023,Regulation Of Catabolic Process (GO:0009894),0.2829970744143095,0.5884610921409,1,TMEM9
top300_raw,GO_Biological_Process_2023,Regulation Of DNA Metabolic Process (GO:0051052),0.28506964207560265,0.5918671532118457,3,TOM1L1;BABAM2;TAF6
top300_raw,GO_Biological_Process_2023,Regulation Of Cilium Assembly (GO:1902017),0.28834330297439953,0.5959386625965586,2,DYNC2LI1;CDKL1
top300_raw,GO_Biological_Process_2023,Kidney Development (GO:0001822),0.28834330297439953,0.5959386625965586,2,TRAF3IP1;IFT27
top300_raw,GO_Biological_Process_2023,Lipid Biosynthetic Process (GO:0008610),0.28834330297439953,0.5959386625965586,2,ACLY;MCAT
top300_raw,GO_Biological_Process_2023,Regulation Of Cholesterol Metabolic Process (GO:0090181),0.2937639454320363,0.5980665077405583,1,ERLIN2
top300_raw,GO_Biological_Process_2023,U2-type Prespliceosome Assembly (GO:1903241),0.2937639454320363,0.5980665077405583,1,SF3B2
top300_raw,GO_Biological_Process_2023,Rescue Of Stalled Ribosome (GO:0072344),0.2937639454320363,0.5980665077405583,1,PTRH1
top300_raw,GO_Biological_Process_2023,Positive Regulation Of Oxidoreductase Activity (GO:0051353),0.2937639454320363,0.5980665077405583,1,POR
top300_raw,GO_Biological_Process_2023,Heparan Sulfate Proteoglycan Biosynthetic Process (GO:0015012),0.2937639454320363,0.5980665077405583,1,UGDH
top300_raw,GO_Biological_Process_2023,Hepaticobiliary System Development (GO:0061008),0.2937639454320363,0.5980665077405583,1,GFER
top300_raw,GO_Biological_Process_2023,Positive Regulation Of Protein Targeting To Membrane (GO:0090314),0.2937639454320363,0.5980665077405583,1,ERBB2
top300_raw,GO_Biological_Process_2023,Potassium Ion Homeostasis (GO:0055075),0.2937639454320363,0.5980665077405583,1,SLC12A2
top300_raw,GO_Biological_Process_2023,Protein N-linked Glycosylation Via Asparagine (GO:0018279),0.2937639454320363,0.5980665077405583,1,DAD1
top300_raw,GO_Biological_Process_2023,Microtubule Nucleation (GO:0007020),0.2937639454320363,0.5980665077405583,1,TUBGCP2
top300_raw,GO_Biological_Process_2023,Regulation Of Anatomical Structure Morphogenesis (GO:0022603),0.2973324630561287,0.6044280816155929,3,ERBB2;DAG1;PDZD8
top300_raw,GO_Biological_Process_2023,Phosphate-Containing Compound Metabolic Process (GO:0006796),0.2985021426170186,0.6059015175028007,4,G6PC3;ACP6;PLPP2;GALK2
top300_raw,GO_Biological_Process_2023,Positive Regulation Of Secretion By Cell (GO:1903532),0.29945009242395,0.6069211694663986,2,SLC12A2;ANG
top300_raw,GO_Biological_Process_2023,Regulation Of Endoplasmic Reticulum Stress-Induced Intrinsic Apoptotic Signaling Pathway (GO:1902235),0.3043696664494129,0.6073114571756157,1,TMBIM6
top300_raw,GO_Biological_Process_2023,Negative Regulation Of Ion Transmembrane Transporter Activity (GO:0032413),0.3043696664494129,0.6073114571756157,1,CALM2
top300_raw,GO_Biological_Process_2023,Outflow Tract Septum Morphogenesis (GO:0003148),0.3043696664494129,0.6073114571756157,1,PARVA
top300_raw,GO_Biological_Process_2023,Peroxisome Organization (GO:0007031),0.3043696664494129,0.6073114571756157,1,PEX2
top300_raw,GO_Biological_Process_2023,Regulation Of Ryanodine-Sensitive Calcium-Release Channel Activity (GO:0060314),0.3043696664494129,0.6073114571756157,1,CALM2
top300_raw,GO_Biological_Process_2023,Secondary Alcohol Biosynthetic Process (GO:1902653),0.3043696664494129,0.6073114571756157,1,ACLY
top300_raw,GO_Biological_Process_2023,Gliogenesis (GO:0042063),0.3043696664494129,0.6073114571756157,1,METRN
top300_raw,GO_Biological_Process_2023,Positive Regulation Of Peptidyl-Threonine Phosphorylation (GO:0010800),0.3043696664494129,0.6073114571756157,1,CALM2
top300_raw,GO_Biological_Process_2023,Iron Ion Transport (GO:0006826),0.3043696664494129,0.6073114571756157,1,RAB11B
top300_raw,GO_Biological_Process_2023,Negative Regulation Of Cell Junction Assembly (GO:1901889),0.3043696664494129,0.6073114571756157,1,DMTN
top300_raw,GO_Biological_Process_2023,Gland Development (GO:0048732),0.3049934190221154,0.6073114571756157,2,FADD;GFER
top300_raw,GO_Biological_Process_2023,Regulation Of Cell Cycle G1/S Phase Transition (GO:1902806),0.3049934190221154,0.6073114571756157,2,PBRM1;PEX2
top300_raw,GO_Biological_Process_2023,Regulation Of DNA Repair (GO:0006282),0.30552524808998327,0.6074823181000836,3,BABAM2;PBRM1;TAF6
top300_raw,GO_Biological_Process_2023,Protein Modification By Small Protein Conjugation (GO:0032446),0.30623433472452305,0.6080046120915458,7,RANBP2;DDB1;CUL4A;GPS1;MAGEF1;TMEM129;FBXO25
top300_raw,GO_Biological_Process_2023,Negative Regulation Of Phosphorylation (GO:0042326),0.3105286436788872,0.6081989583225277,2,TRAF3IP1;DNAJC10
top300_raw,GO_Biological_Process_2023,Negative Regulation Of Intracellular Protein Transport (GO:0090317),0.31481664142245375,0.6081989583225277,1,DMTN
top300_raw,GO_Biological_Process_2023,Negative Regulation Of Lipid Biosynthetic Process (GO:0051055),0.31481664142245375,0.6081989583225277,1,ERLIN2
top300_raw,GO_Biological_Process_2023,Negative Regulation Of Protein Localization To Membrane (GO:1905476),0.31481664142245375,0.6081989583225277,1,DMTN
top300_raw,GO_Biological_Process_2023,Activation Of Protein Kinase B Activity (GO:0032148),0.31481664142245375,0.6081989583225277,1,ANG
top300_raw,GO_Biological_Process_2023,Negative Regulation Of Response To Endoplasmic Reticulum Stress (GO:1903573),0.31481664142245375,0.6081989583225277,1,TMBIM6
top300_raw,GO_Biological_Process_2023,Regulation Of Lysosomal Lumen pH (GO:0035751),0.31481664142245375,0.6081989583225277,1,TMEM9
top300_raw,GO_Biological_Process_2023,Regulation Of Platelet Aggregation (GO:0090330),0.31481664142245375,0.6081989583225277,1,DMTN
top300_raw,GO_Biological_Process_2023,Organophosphate Ester Transport (GO:0015748),0.31481664142245375,0.6081989583225277,1,PCTP
top300_raw,GO_Biological_Process_2023,Osteoclast Differentiation (GO:0030316),0.31481664142245375,0.6081989583225277,1,SLC4A2
top300_raw,GO_Biological_Process_2023,Cholesterol Biosynthetic Process (GO:0006695),0.31481664142245375,0.6081989583225277,1,ACLY
top300_raw,GO_Biological_Process_2023,Ribonucleoside Bisphosphate Metabolic Process (GO:0033875),0.31481664142245375,0.6081989583225277,1,ACLY
top300_raw,GO_Biological_Process_2023,Sodium Ion Homeostasis (GO:0055078),0.31481664142245375,0.6081989583225277,1,SLC12A2
top300_raw,GO_Biological_Process_2023,Inner Ear Morphogenesis (GO:0042472),0.31481664142245375,0.6081989583225277,1,TTC39C
top300_raw,GO_Biological_Process_2023,Purine Nucleoside Bisphosphate Metabolic Process (GO:0034032),0.31481664142245375,0.6081989583225277,1,ACLY
top300_raw,GO_Biological_Process_2023,Purine Ribonucleotide Catabolic Process (GO:0009154),0.31481664142245375,0.6081989583225277,1,SUCLG2
top300_raw,GO_Biological_Process_2023,Mitotic Cell Cycle Checkpoint Signaling (GO:0007093),0.31481664142245375,0.6081989583225277,1,BABAM2
top300_raw,GO_Biological_Process_2023,Regulation Of Cell Cycle Phase Transition (GO:1901987),0.31481664142245375,0.6081989583225277,1,DDB1
top300_raw,GO_Biological_Process_2023,Regulation Of Cell Size (GO:0008361),0.31481664142245375,0.6081989583225277,1,DEPTOR
top300_raw,GO_Biological_Process_2023,Wnt Signaling Pathway (GO:0016055),0.3160547646719879,0.6097260474266962,2,LRP5;FZD8
top300_raw,GO_Biological_Process_2023,Epithelial Cell Differentiation (GO:0030855),0.31783059930966395,0.6122846906078674,3,GSTK1;CPT1A;ANXA4
top300_raw,GO_Biological_Process_2023,Chloride Transport (GO:0006821),0.32157081198801113,0.6183408886064048,2,SLC12A2;CLCN4
top300_raw,GO_Biological_Process_2023,Regulation Of Fatty Acid Biosynthetic Process (GO:0042304),0.32510723861692825,0.6183408886064048,1,ERLIN2
top300_raw,GO_Biological_Process_2023,Regulation Of Myeloid Cell Differentiation (GO:0045637),0.32510723861692825,0.6183408886064048,1,PEX2
top300_raw,GO_Biological_Process_2023,Regulation Of Nucleotide-Excision Repair (GO:2000819),0.32510723861692825,0.6183408886064048,1,PBRM1
top300_raw,GO_Biological_Process_2023,Organelle Membrane Fusion (GO:0090174),0.32510723861692825,0.6183408886064048,1,STX7
top300_raw,GO_Biological_Process_2023,Regulation Of Reactive Oxygen Species Biosynthetic Process (GO:1903426),0.32510723861692825,0.6183408886064048,1,CYBA
top300_raw,GO_Biological_Process_2023,Response To Glucocorticoid (GO:0051384),0.32510723861692825,0.6183408886064048,1,GOT1
top300_raw,GO_Biological_Process_2023,Positive Regulation Of Monooxygenase Activity (GO:0032770),0.32510723861692825,0.6183408886064048,1,POR
top300_raw,GO_Biological_Process_2023,Positive Regulation Of Nuclear Division (GO:0051785),0.32510723861692825,0.6183408886064048,1,LRP5
top300_raw,GO_Biological_Process_2023,Regulation Of Innate Immune Response (GO:0045088),0.3270758464855492,0.6183408886064048,2,TKFC;FADD
top300_raw,GO_Biological_Process_2023,Negative Regulation Of Protein Modification Process (GO:0031400),0.3270758464855492,0.6183408886064048,2,TRAF3IP1;DNAJC10
top300_raw,GO_Biological_Process_2023,Positive Regulation Of Tumor Necrosis Factor Production (GO:0032760),0.3270758464855492,0.6183408886064048,2,CYBA;FADD
top300_raw,GO_Biological_Process_2023,Proteolysis Involved In Protein Catabolic Process (GO:0051603),0.3270758464855492,0.6183408886064048,2,DDB1;OMA1
top300_raw,GO_Biological_Process_2023,Protein Ubiquitination (GO:0016567),0.3273302354517018,0.6183408886064048,8,DDB1;CUL4A;BABAM2;MAGEF1;TMEM129;FBXO25;PEX2;FANCF
top300_raw,GO_Biological_Process_2023,Regulation Of Cell Differentiation (GO:0045595),0.32894172652804693,0.6186859861980468,4,PBRM1;DAG1;OCIAD1;RBBP7
top300_raw,GO_Biological_Process_2023,Cellular Response To UV (GO:0034644),0.33256895940929876,0.6186859861980468,2,DDB1;CUL4A
top300_raw,GO_Biological_Process_2023,Protein Import Into Nucleus (GO:0006606),0.33256895940929876,0.6186859861980468,2,RANBP2;SEC13
top300_raw,GO_Biological_Process_2023,Regulation Of Insulin Secretion Involved In Cellular Response To Glucose Stimulus (GO:0061178),0.3352437911543192,0.6186859861980468,1,LRP5
top300_raw,GO_Biological_Process_2023,Activation Of Phospholipase C Activity (GO:0007202),0.3352437911543192,0.6186859861980468,1,ANG
top300_raw,GO_Biological_Process_2023,Cardiac Muscle Cell Differentiation (GO:0055007),0.3352437911543192,0.6186859861980468,1,CBY1
top300_raw,GO_Biological_Process_2023,Cell Surface Receptor Signaling Pathway Involved In Cell-Cell Signaling (GO:1905114),0.3352437911543192,0.6186859861980468,1,LRP5
top300_raw,GO_Biological_Process_2023,Cellular Response To Epidermal Growth Factor Stimulus (GO:0071364),0.3352437911543192,0.6186859861980468,1,ERBB2
top300_raw,GO_Biological_Process_2023,Positive Regulation Of TORC1 Signaling (GO:1904263),0.3352437911543192,0.6186859861980468,1,SEC13
top300_raw,GO_Biological_Process_2023,Positive Regulation Of Calcium Ion Transmembrane Transporter Activity (GO:1901021),0.3352437911543192,0.6186859861980468,1,CALM2
top300_raw,GO_Biological_Process_2023,Positive Regulation Of Nitric Oxide Biosynthetic Process (GO:0045429),0.3352437911543192,0.6186859861980468,1,DDAH1
top300_raw,GO_Biological_Process_2023,Positive Regulation Of Response To Wounding (GO:1903036),0.3352437911543192,0.6186859861980468,1,DMTN
top300_raw,GO_Biological_Process_2023,Protein Quality Control For Misfolded Or Incompletely Synthesized Proteins (GO:0006515),0.3352437911543192,0.6186859861980468,1,OMA1
top300_raw,GO_Biological_Process_2023,Monoubiquitinated Histone H2A Deubiquitination (GO:0035522),0.3352437911543192,0.6186859861980468,1,TAF6
top300_raw,GO_Biological_Process_2023,Monoubiquitinated Histone Deubiquitination (GO:0035521),0.3352437911543192,0.6186859861980468,1,TAF6
top300_raw,GO_Biological_Process_2023,Negative Regulation Of Notch Signaling Pathway (GO:0045746),0.3352437911543192,0.6186859861980468,1,RITA1
top300_raw,GO_Biological_Process_2023,Regulation Of Cytokinesis (GO:0032465),0.33804927139050067,0.6186859861980468,2,CETN2;CALM2
top300_raw,GO_Biological_Process_2023,Glycoprotein Biosynthetic Process (GO:0009101),0.33804927139050067,0.6186859861980468,2,DAD1;ALG1
top300_raw,GO_Biological_Process_2023,Regulation Of Interleukin-8 Production (GO:0032677),0.343515932070971,0.6186859861980468,2,ANXA4;FADD
top300_raw,GO_Biological_Process_2023,Activation Of Protein Kinase Activity (GO:0032147),0.343515932070971,0.6186859861980468,2,TOM1L1;ANG
top300_raw,GO_Biological_Process_2023,Spindle Assembly (GO:0051225),0.343515932070971,0.6186859861980468,2,KIF3B;TUBGCP2
top300_raw,GO_Biological_Process_2023,Negative Regulation Of NF-kappaB Transcription Factor Activity (GO:0032088),0.343515932070971,0.6186859861980468,2,LRRC14;ANXA4
top300_raw,GO_Biological_Process_2023,RNA Phosphodiester Bond Hydrolysis (GO:0090501),0.3452285972911275,0.6186859861980468,1,NUDT16
top300_raw,GO_Biological_Process_2023,Negative Regulation Of Wound Healing (GO:0061045),0.3452285972911275,0.6186859861980468,1,SLC12A2
top300_raw,GO_Biological_Process_2023,Regulation Of Monoatomic Ion Transport (GO:0043269),0.3452285972911275,0.6186859861980468,1,RAB11B
top300_raw,GO_Biological_Process_2023,Regulation Of Nitric-Oxide Synthase Activity (GO:0050999),0.3452285972911275,0.6186859861980468,1,DDAH1
top300_raw,GO_Biological_Process_2023,Regulation Of Protein Localization To Membrane (GO:1905475),0.3452285972911275,0.6186859861980468,1,STX7
top300_raw,GO_Biological_Process_2023,Determination Of Bilateral Symmetry (GO:0009855),0.3452285972911275,0.6186859861980468,1,KIF3B
top300_raw,GO_Biological_Process_2023,Diterpenoid Metabolic Process (GO:0016101),0.3452285972911275,0.6186859861980468,1,PECR
top300_raw,GO_Biological_Process_2023,Establishment Of Endothelial Barrier (GO:0061028),0.3452285972911275,0.6186859861980468,1,MARVELD2
top300_raw,GO_Biological_Process_2023,Sterol Biosynthetic Process (GO:0016126),0.3452285972911275,0.6186859861980468,1,ACLY
top300_raw,GO_Biological_Process_2023,Positive Regulation Of mRNA Processing (GO:0050685),0.3452285972911275,0.6186859861980468,1,PEX2
top300_raw,GO_Biological_Process_2023,Positive Regulation Of Nitric Oxide Metabolic Process (GO:1904407),0.3452285972911275,0.6186859861980468,1,DDAH1
top300_raw,GO_Biological_Process_2023,Protein Insertion Into Mitochondrial Membrane (GO:0051204),0.3452285972911275,0.6186859861980468,1,SAMM50
top300_raw,GO_Biological_Process_2023,Protein Localization To Golgi Apparatus (GO:0034067),0.3452285972911275,0.6186859861980468,1,SYS1
top300_raw,GO_Biological_Process_2023,Membrane Fusion (GO:0061025),0.3452285972911275,0.6186859861980468,1,USO1
top300_raw,GO_Biological_Process_2023,Negative Regulation Of G2/M Transition Of Mitotic Cell Cycle (GO:0010972),0.3452285972911275,0.6186859861980468,1,BABAM2
top300_raw,GO_Biological_Process_2023,Regulation Of Bone Resorption (GO:0045124),0.3452285972911275,0.6186859861980468,1,SLC4A2
top300_raw,GO_Biological_Process_2023,Negative Regulation Of Cation Channel Activity (GO:2001258),0.3452285972911275,0.6186859861980468,1,CALM2
top300_raw,GO_Biological_Process_2023,Negative Regulation Of Programmed Cell Death (GO:0043069),0.34720524341622616,0.6199962318620669,7,BABAM2;KRT18;TMBIM4;ANXA4;ERBB2;CAT;TMBIM6
top300_raw,GO_Biological_Process_2023,Positive Regulation Of Tumor Necrosis Factor Superfamily Cytokine Production (GO:1903557),0.34896811921882614,0.6199962318620669,2,CYBA;FADD
top300_raw,GO_Biological_Process_2023,Regulation Of Cell Division (GO:0051302),0.35440503823042635,0.6199962318620669,2,CETN2;CALM2
top300_raw,GO_Biological_Process_2023,DNA Damage Response (GO:0006974),0.354510167985009,0.6199962318620669,7,DDB1;CUL4A;BABAM2;ENDOG;NEK4;CENPS;FANCF
top300_raw,GO_Biological_Process_2023,JNK Cascade (GO:0007254),0.3550639213306991,0.6199962318620669,1,GPS1
top300_raw,GO_Biological_Process_2023,RNA Biosynthetic Process (GO:0032774),0.3550639213306991,0.6199962318620669,1,TAF6
top300_raw,GO_Biological_Process_2023,Carbohydrate Derivative Biosynthetic Process (GO:1901137),0.3550639213306991,0.6199962318620669,1,GALK2
top300_raw,GO_Biological_Process_2023,Organic Cyclic Compound Biosynthetic Process (GO:1901362),0.3550639213306991,0.6199962318620669,1,PYCR3
top300_raw,GO_Biological_Process_2023,Regulation Of Protein Modification By Small Protein Conjugation Or Removal (GO:1903320),0.3550639213306991,0.6199962318620669,1,GPS1
top300_raw,GO_Biological_Process_2023,Phosphatidic Acid Biosynthetic Process (GO:0006654),0.3550639213306991,0.6199962318620669,1,ACP6
top300_raw,GO_Biological_Process_2023,Regulation Of Striated Muscle Contraction (GO:0006942),0.3550639213306991,0.6199962318620669,1,CALM2
top300_raw,GO_Biological_Process_2023,Positive Regulation Of Dephosphorylation (GO:0035306),0.3550639213306991,0.6199962318620669,1,CALM2
top300_raw,GO_Biological_Process_2023,Establishment Of Mitotic Spindle Orientation (GO:0000132),0.3550639213306991,0.6199962318620669,1,ENKD1
top300_raw,GO_Biological_Process_2023,Vacuolar Acidification (GO:0007035),0.3550639213306991,0.6199962318620669,1,TMEM9
top300_raw,GO_Biological_Process_2023,Heterotypic Cell-Cell Adhesion (GO:0034113),0.3550639213306991,0.6199962318620669,1,PARVA
top300_raw,GO_Biological_Process_2023,Integrated Stress Response Signaling (GO:0140467),0.3550639213306991,0.6199962318620669,1,OMA1
top300_raw,GO_Biological_Process_2023,Positive Regulation Of Viral Genome Replication (GO:0045070),0.3550639213306991,0.6199962318620669,1,DDB1
top300_raw,GO_Biological_Process_2023,Protein K11-linked Ubiquitination (GO:0070979),0.3550639213306991,0.6199962318620669,1,ANAPC2
top300_raw,GO_Biological_Process_2023,Maintenance Of Blood-Brain Barrier (GO:0035633),0.3550639213306991,0.6199962318620669,1,SLC12A2
top300_raw,GO_Biological_Process_2023,Regulation Of Blood Coagulation (GO:0030193),0.3550639213306991,0.6199962318620669,1,DMTN
top300_raw,GO_Biological_Process_2023,Organic Substance Transport (GO:0071702),0.3561470620793812,0.6210912913599452,4,SCAMP4;SNX4;CMTM6;PCTP
top300_raw,GO_Biological_Process_2023,Purine Ribonucleotide Metabolic Process (GO:0009150),0.35982592141764463,0.6257148393633621,2,ACLY;NDUFS1
top300_raw,GO_Biological_Process_2023,Negative Regulation Of Myeloid Leukocyte Differentiation (GO:0002762),0.36475199366430366,0.6257148393633621,1,TCTA
top300_raw,GO_Biological_Process_2023,Negative Regulation Of Peptidyl-Tyrosine Phosphorylation (GO:0050732),0.36475199366430366,0.6257148393633621,1,DMTN
top300_raw,GO_Biological_Process_2023,Regulation Of Vasculature Development (GO:1901342),0.36475199366430366,0.6257148393633621,1,ERBB2
top300_raw,GO_Biological_Process_2023,Response To Amino Acid (GO:0043200),0.36475199366430366,0.6257148393633621,1,TMBIM6
top300_raw,GO_Biological_Process_2023,Response To Epidermal Growth Factor (GO:0070849),0.36475199366430366,0.6257148393633621,1,ERBB2
top300_raw,GO_Biological_Process_2023,Extrinsic Apoptotic Signaling Pathway Via Death Domain Receptors (GO:0008625),0.36475199366430366,0.6257148393633621,1,FADD
top300_raw,GO_Biological_Process_2023,Positive Regulation Of Phosphate Metabolic Process (GO:0045937),0.36475199366430366,0.6257148393633621,1,ANG
top300_raw,GO_Biological_Process_2023,Intrinsic Apoptotic Signaling Pathway In Response To Endoplasmic Reticulum Stress (GO:0070059),0.36475199366430366,0.6257148393633621,1,DNAJC10
top300_raw,GO_Biological_Process_2023,"Maturation Of SSU-rRNA From Tricistronic rRNA Transcript (SSU-rRNA, 5.8S rRNA, LSU-rRNA) (GO:0000462)",0.36475199366430366,0.6257148393633621,1,UTP20
top300_raw,GO_Biological_Process_2023,Mitotic G2 DNA Damage Checkpoint Signaling (GO:0007095),0.36475199366430366,0.6257148393633621,1,BABAM2
top300_raw,GO_Biological_Process_2023,Negative Regulation Of Calcium Ion Transmembrane Transporter Activity (GO:1901020),0.36475199366430366,0.6257148393633621,1,CALM2
top300_raw,GO_Biological_Process_2023,Nuclear-Transcribed mRNA Catabolic Process (GO:0000956),0.36523002738169813,0.6257148393633621,2,NBAS;CNOT11
top300_raw,GO_Biological_Process_2023,Positive Regulation Of Amide Metabolic Process (GO:0034250),0.36523002738169813,0.6257148393633621,2,ERBB2;LARP1B
top300_raw,GO_Biological_Process_2023,Regulation Of Mitotic Cell Cycle Phase Transition (GO:1901990),0.37061664038432274,0.6309279776225912,2,DDB1;PBRM1
top300_raw,GO_Biological_Process_2023,Negative Regulation Of Signal Transduction (GO:0009968),0.37212630400079577,0.6309279776225912,5,LRRC14;RITA1;CBY1;TMBIM6;RPGRIP1L
top300_raw,GO_Biological_Process_2023,Regulation Of Gluconeogenesis (GO:0006111),0.37429501168799834,0.6309279776225912,1,DDB1
top300_raw,GO_Biological_Process_2023,Actin Filament Polymerization (GO:0030041),0.37429501168799834,0.6309279776225912,1,ANG
top300_raw,GO_Biological_Process_2023,acyl-CoA Metabolic Process (GO:0006637),0.37429501168799834,0.6309279776225912,1,SUCLG2
top300_raw,GO_Biological_Process_2023,Regulation Of Protein Localization To Cell Surface (GO:2000008),0.37429501168799834,0.6309279776225912,1,RAB11B
top300_raw,GO_Biological_Process_2023,Cellular Response To cAMP (GO:0071320),0.37429501168799834,0.6309279776225912,1,DMTN
top300_raw,GO_Biological_Process_2023,Central Nervous System Neuron Differentiation (GO:0021953),0.37429501168799834,0.6309279776225912,1,GET1
top300_raw,GO_Biological_Process_2023,Endodermal Cell Differentiation (GO:0035987),0.37429501168799834,0.6309279776225912,1,PEX2
top300_raw,GO_Biological_Process_2023,Positive Regulation Of Extrinsic Apoptotic Signaling Pathway (GO:2001238),0.37429501168799834,0.6309279776225912,1,FADD
top300_raw,GO_Biological_Process_2023,Positive Regulation Of Proteolysis Involved In Protein Catabolic Process (GO:1903052),0.37429501168799834,0.6309279776225912,1,MAGEF1
top300_raw,GO_Biological_Process_2023,Negative Regulation Of Cell-Matrix Adhesion (GO:0001953),0.37429501168799834,0.6309279776225912,1,DMTN
top300_raw,GO_Biological_Process_2023,Regulation Of Cell Morphogenesis (GO:0022604),0.37429501168799834,0.6309279776225912,1,PDZD8
top300_raw,GO_Biological_Process_2023,Regulation Of Cold-Induced Thermogenesis (GO:0120161),0.37515742010031333,0.6316000076348909,3,CPT2;PCTP;OMA1
top300_raw,GO_Biological_Process_2023,Negative Regulation Of Protein Kinase Activity (GO:0006469),0.38133464969938696,0.6334457949457103,2,DEPTOR;LRP5
top300_raw,GO_Biological_Process_2023,Defense Response To Symbiont (GO:0140546),0.3832897870659015,0.6334457949457103,3,FADD;AZI2;ZMYND11
top300_raw,GO_Biological_Process_2023,Negative Regulation Of Osteoblast Differentiation (GO:0045668),0.38369514011028705,0.6334457949457103,1,LRP5
top300_raw,GO_Biological_Process_2023,Regulation Of Metaphase/Anaphase Transition Of Cell Cycle (GO:1902099),0.38369514011028705,0.6334457949457103,1,PBRM1
top300_raw,GO_Biological_Process_2023,Phosphatidylinositol 3-Kinase Signaling (GO:0014065),0.38369514011028705,0.6334457949457103,1,ERBB2
top300_raw,GO_Biological_Process_2023,Regulation Of Transcription By RNA Polymerase I (GO:0006356),0.38369514011028705,0.6334457949457103,1,ERBB2
top300_raw,GO_Biological_Process_2023,Chromosome Condensation (GO:0030261),0.38369514011028705,0.6334457949457103,1,AIFM1
top300_raw,GO_Biological_Process_2023,Glycosphingolipid Metabolic Process (GO:0006687),0.38369514011028705,0.6334457949457103,1,TM9SF2
top300_raw,GO_Biological_Process_2023,Very Long-Chain Fatty Acid Metabolic Process (GO:0000038),0.38369514011028705,0.6334457949457103,1,PEX2
top300_raw,GO_Biological_Process_2023,Vesicle Budding From Membrane (GO:0006900),0.38369514011028705,0.6334457949457103,1,SEC13
top300_raw,GO_Biological_Process_2023,Intracellular pH Reduction (GO:0051452),0.38369514011028705,0.6334457949457103,1,TMEM9
top300_raw,GO_Biological_Process_2023,Left/Right Pattern Formation (GO:0060972),0.38369514011028705,0.6334457949457103,1,KIF3B
top300_raw,GO_Biological_Process_2023,Protein Transmembrane Import Into Intracellular Organelle (GO:0044743),0.38369514011028705,0.6334457949457103,1,PEX2
top300_raw,GO_Biological_Process_2023,Proteoglycan Biosynthetic Process (GO:0030166),0.38369514011028705,0.6334457949457103,1,UGDH
top300_raw,GO_Biological_Process_2023,Purine Ribonucleoside Triphosphate Metabolic Process (GO:0009205),0.38369514011028705,0.6334457949457103,1,NDUFS1
top300_raw,GO_Biological_Process_2023,Regulation Of Calcium Ion Transmembrane Transporter Activity (GO:1901019),0.38369514011028705,0.6334457949457103,1,CALM2
top300_raw,GO_Biological_Process_2023,Cellular Response To Chemical Stress (GO:0062197),0.38666473766968884,0.6341280147006193,2,PYROXD1;GSR
top300_raw,GO_Biological_Process_2023,Positive Regulation Of DNA Repair (GO:0045739),0.38666473766968884,0.6341280147006193,2,BABAM2;PBRM1
top300_raw,GO_Biological_Process_2023,Negative Regulation Of Double-Strand Break Repair (GO:2000780),0.39295451131227804,0.6341280147006193,1,MAGEF1
top300_raw,GO_Biological_Process_2023,Actin Filament Bundle Assembly (GO:0051017),0.39295451131227804,0.6341280147006193,1,DMTN
top300_raw,GO_Biological_Process_2023,Actin Filament Bundle Organization (GO:0061572),0.39295451131227804,0.6341280147006193,1,DMTN
top300_raw,GO_Biological_Process_2023,Regulation Of Lamellipodium Assembly (GO:0010591),0.39295451131227804,0.6341280147006193,1,DMTN
top300_raw,GO_Biological_Process_2023,Phosphatidic Acid Metabolic Process (GO:0046473),0.39295451131227804,0.6341280147006193,1,ACP6
top300_raw,GO_Biological_Process_2023,Regulation Of Sprouting Angiogenesis (GO:1903670),0.39295451131227804,0.6341280147006193,1,JMJD8
top300_raw,GO_Biological_Process_2023,Regulation Of Type I Interferon-Mediated Signaling Pathway (GO:0060338),0.39295451131227804,0.6341280147006193,1,FADD
top300_raw,GO_Biological_Process_2023,Positive Regulation Of Ion Transmembrane Transporter Activity (GO:0032414),0.39295451131227804,0.6341280147006193,1,COX17
top300_raw,GO_Biological_Process_2023,Ubiquitin-Dependent Protein Catabolic Process Via The Multivesicular Body Sorting Pathway (GO:0043162),0.39295451131227804,0.6341280147006193,1,TOM1L1
top300_raw,GO_Biological_Process_2023,Positive Regulation Of Protein Dephosphorylation (GO:0035307),0.39295451131227804,0.6341280147006193,1,CALM2
top300_raw,GO_Biological_Process_2023,Positive Regulation Of Release Of Sequestered Calcium Ion Into Cytosol (GO:0051281),0.39295451131227804,0.6341280147006193,1,CALM2
top300_raw,GO_Biological_Process_2023,Protein K63-linked Deubiquitination (GO:0070536),0.39295451131227804,0.6341280147006193,1,BABAM2
top300_raw,GO_Biological_Process_2023,Monoubiquitinated Protein Deubiquitination (GO:0035520),0.39295451131227804,0.6341280147006193,1,TAF6
top300_raw,GO_Biological_Process_2023,Regulation Of G0 To G1 Transition (GO:0070316),0.39295451131227804,0.6341280147006193,1,PBRM1
top300_raw,GO_Biological_Process_2023,ncRNA Catabolic Process (GO:0034661),0.39295451131227804,0.6341280147006193,1,NUDT16
top300_raw,GO_Biological_Process_2023,Regulation Of Activated T Cell Proliferation (GO:0046006),0.39295451131227804,0.6341280147006193,1,FADD
top300_raw,GO_Biological_Process_2023,Regulation Of Amyloid-Beta Formation (GO:1902003),0.39295451131227804,0.6341280147006193,1,RTN3
top300_raw,GO_Biological_Process_2023,Regulation Of Epithelial Cell Proliferation (GO:0050678),0.3972639857271054,0.6352822148470897,2,ERBB2;PEX2
top300_raw,GO_Biological_Process_2023,Regulation Of Actin Cytoskeleton Organization (GO:0032956),0.3972639857271054,0.6352822148470897,2,DMTN;SLC4A2
top300_raw,GO_Biological_Process_2023,ATP Metabolic Process (GO:0046034),0.40207522606830093,0.6352822148470897,1,NDUFS1
top300_raw,GO_Biological_Process_2023,Negative Regulation Of Mitotic Cell Cycle (GO:0045930),0.40207522606830093,0.6352822148470897,1,TOM1L1
top300_raw,GO_Biological_Process_2023,Apoptotic Mitochondrial Changes (GO:0008637),0.40207522606830093,0.6352822148470897,1,NDUFS1
top300_raw,GO_Biological_Process_2023,Cellular Response To Glucose Stimulus (GO:0071333),0.40207522606830093,0.6352822148470897,1,RAB11B
top300_raw,GO_Biological_Process_2023,Cellular Response To Hydrogen Peroxide (GO:0070301),0.40207522606830093,0.6352822148470897,1,CAT
top300_raw,GO_Biological_Process_2023,Smoothened Signaling Pathway (GO:0007224),0.40207522606830093,0.6352822148470897,1,IFT27
top300_raw,GO_Biological_Process_2023,Establishment Of Mitotic Spindle Localization (GO:0040001),0.40207522606830093,0.6352822148470897,1,ENKD1
top300_raw,GO_Biological_Process_2023,Superoxide Metabolic Process (GO:0006801),0.40207522606830093,0.6352822148470897,1,CYBA
top300_raw,GO_Biological_Process_2023,Glial Cell Differentiation (GO:0010001),0.40207522606830093,0.6352822148470897,1,METRN
top300_raw,GO_Biological_Process_2023,Transcription Initiation-Coupled Chromatin Remodeling (GO:0045815),0.40207522606830093,0.6352822148470897,1,GLYR1
top300_raw,GO_Biological_Process_2023,Positive Regulation Of Transcription By RNA Polymerase I (GO:0045943),0.40207522606830093,0.6352822148470897,1,ERBB2
top300_raw,GO_Biological_Process_2023,Membrane Protein Proteolysis (GO:0033619),0.40207522606830093,0.6352822148470897,1,DAG1
top300_raw,GO_Biological_Process_2023,Microtubule Polymerization (GO:0046785),0.40207522606830093,0.6352822148470897,1,TUBGCP2
top300_raw,GO_Biological_Process_2023,Regulation Of DNA Biosynthetic Process (GO:2000278),0.40207522606830093,0.6352822148470897,1,TOM1L1
top300_raw,GO_Biological_Process_2023,Negative Regulation Of JNK Cascade (GO:0046329),0.40207522606830093,0.6352822148470897,1,ZMYND11
top300_raw,GO_Biological_Process_2023,Negative Regulation Of Cell Cycle Process (GO:0010948),0.40207522606830093,0.6352822148470897,1,TOM1L1
top300_raw,GO_Biological_Process_2023,Positive Regulation Of Protein Catabolic Process (GO:0045732),0.40253197607418384,0.6352822148470897,2,DDB1;CUL4A
top300_raw,GO_Biological_Process_2023,Regulation Of Cellular Senescence (GO:2000772),0.411059353902692,0.6413090950921724,1,NEK4
top300_raw,GO_Biological_Process_2023,Action Potential (GO:0001508),0.411059353902692,0.6413090950921724,1,GNA11
top300_raw,GO_Biological_Process_2023,One-Carbon Compound Transport (GO:0019755),0.411059353902692,0.6413090950921724,1,SLC4A2
top300_raw,GO_Biological_Process_2023,Regulation Of Regulated Secretory Pathway (GO:1903305),0.411059353902692,0.6413090950921724,1,PREPL
top300_raw,GO_Biological_Process_2023,Establishment Of Spindle Orientation (GO:0051294),0.411059353902692,0.6413090950921724,1,ENKD1
top300_raw,GO_Biological_Process_2023,Positive Regulation Of Mitotic Nuclear Division (GO:0045840),0.411059353902692,0.6413090950921724,1,LRP5
top300_raw,GO_Biological_Process_2023,Positive Regulation Of Substrate Adhesion-Dependent Cell Spreading (GO:1900026),0.411059353902692,0.6413090950921724,1,DMTN
top300_raw,GO_Biological_Process_2023,Liver Development (GO:0001889),0.411059353902692,0.6413090950921724,1,GFER
top300_raw,GO_Biological_Process_2023,Protein Methylation (GO:0006479),0.411059353902692,0.6413090950921724,1,SETD3
top300_raw,GO_Biological_Process_2023,Regulation Of Cardiac Muscle Contraction (GO:0055117),0.411059353902692,0.6413090950921724,1,CALM2
top300_raw,GO_Biological_Process_2023,Central Nervous System Development (GO:0007417),0.41958619998757357,0.6476964523740727,5,DHX30;RTN3;DNAJC30;TUBGCP2;RBBP7
top300_raw,GO_Biological_Process_2023,COPII-coated Vesicle Budding (GO:0090114),0.41990893351417485,0.6476964523740727,1,SEC13
top300_raw,GO_Biological_Process_2023,Negative Regulation Of Protein Kinase B Signaling (GO:0051898),0.41990893351417485,0.6476964523740727,1,DAG1
top300_raw,GO_Biological_Process_2023,Regulation Of Intracellular Protein Transport (GO:0033157),0.41990893351417485,0.6476964523740727,1,ERGIC3
top300_raw,GO_Biological_Process_2023,Base-Excision Repair (GO:0006284),0.41990893351417485,0.6476964523740727,1,NEIL2
top300_raw,GO_Biological_Process_2023,Substrate Adhesion-Dependent Cell Spreading (GO:0034446),0.41990893351417485,0.6476964523740727,1,PARVA
top300_raw,GO_Biological_Process_2023,Positive Regulation Of Phospholipase C Activity (GO:0010863),0.41990893351417485,0.6476964523740727,1,ANG
top300_raw,GO_Biological_Process_2023,Histone H3 Acetylation (GO:0043966),0.41990893351417485,0.6476964523740727,1,TAF6
top300_raw,GO_Biological_Process_2023,Histone Deacetylation (GO:0016575),0.41990893351417485,0.6476964523740727,1,RBBP7
top300_raw,GO_Biological_Process_2023,Protein Destabilization (GO:0031648),0.41990893351417485,0.6476964523740727,1,PEX2
top300_raw,GO_Biological_Process_2023,Vesicle-Mediated Transport (GO:0016192),0.4206238289507003,0.6480652206231378,7,UEVLD;SNX27;STX7;OCIAD1;MIA2;IFT27;EPS15L1
top300_raw,GO_Biological_Process_2023,Regulation Of Defense Response (GO:0031347),0.4285341351329535,0.6552060331283602,2,TKFC;ELMOD2
top300_raw,GO_Biological_Process_2023,Negative Regulation Of Smooth Muscle Cell Proliferation (GO:0048662),0.4286259732139273,0.6552060331283602,1,ANG
top300_raw,GO_Biological_Process_2023,Negative Regulation Of Stress-Activated MAPK Cascade (GO:0032873),0.4286259732139273,0.6552060331283602,1,ZMYND11
top300_raw,GO_Biological_Process_2023,Regulation Of Phosphoprotein Phosphatase Activity (GO:0043666),0.4286259732139273,0.6552060331283602,1,CALM2
top300_raw,GO_Biological_Process_2023,Positive Regulation Of Receptor Signaling Pathway Via JAK-STAT (GO:0046427),0.4286259732139273,0.6552060331283602,1,OCIAD1
top300_raw,GO_Biological_Process_2023,Positive Regulation Of Receptor Signaling Pathway Via STAT (GO:1904894),0.4286259732139273,0.6552060331283602,1,OCIAD1
top300_raw,GO_Biological_Process_2023,Muscle Cell Differentiation (GO:0042692),0.4286259732139273,0.6552060331283602,1,ZNHIT1
top300_raw,GO_Biological_Process_2023,Positive Regulation Of Cold-Induced Thermogenesis (GO:0120162),0.43366357687625945,0.6621634436159926,2,CPT2;OMA1
top300_raw,GO_Biological_Process_2023,Regulation Of Intracellular Transport (GO:0032386),0.43721245161274186,0.6631217807311296,1,RAB11B
top300_raw,GO_Biological_Process_2023,Negative Regulation Of Type I Interferon Production (GO:0032480),0.43721245161274186,0.6631217807311296,1,TRAF3IP1
top300_raw,GO_Biological_Process_2023,Response To cAMP (GO:0051591),0.43721245161274186,0.6631217807311296,1,DMTN
top300_raw,GO_Biological_Process_2023,Positive Regulation Of Axonogenesis (GO:0050772),0.43721245161274186,0.6631217807311296,1,METRN
top300_raw,GO_Biological_Process_2023,Positive Regulation Of Myoblast Differentiation (GO:0045663),0.43721245161274186,0.6631217807311296,1,PBRM1
top300_raw,GO_Biological_Process_2023,mRNA Transcription By RNA Polymerase II (GO:0042789),0.43721245161274186,0.6631217807311296,1,TAF6
top300_raw,GO_Biological_Process_2023,Organelle Organization (GO:0006996),0.43773244798614624,0.6631719623549847,7,KIF9;DMTN;STX7;COG1;PEX2;PDZD8;TMED4
top300_raw,GO_Biological_Process_2023,Anterograde Axonal Transport (GO:0008089),0.44567031770233795,0.668486520592128,1,KIF3B
top300_raw,GO_Biological_Process_2023,Regulation Of Nitric Oxide Biosynthetic Process (GO:0045428),0.44567031770233795,0.668486520592128,1,DDAH1
top300_raw,GO_Biological_Process_2023,Axonal Transport (GO:0098930),0.44567031770233795,0.668486520592128,1,KIF3B
top300_raw,GO_Biological_Process_2023,"Nuclear-Transcribed mRNA Catabolic Process, Deadenylation-Dependent Decay (GO:0000288)",0.44567031770233795,0.668486520592128,1,CNOT11
top300_raw,GO_Biological_Process_2023,Positive Regulation Of ATP-dependent Activity (GO:0032781),0.44567031770233795,0.668486520592128,1,DNAJC10
top300_raw,GO_Biological_Process_2023,Positive Regulation Of Intracellular Transport (GO:0032388),0.44567031770233795,0.668486520592128,1,ERGIC3
top300_raw,GO_Biological_Process_2023,Positive Regulation Of Lymphocyte Differentiation (GO:0045621),0.44567031770233795,0.668486520592128,1,PBRM1
top300_raw,GO_Biological_Process_2023,Positive Regulation Of Pattern Recognition Receptor Signaling Pathway (GO:0062208),0.44567031770233795,0.668486520592128,1,CYBA
top300_raw,GO_Biological_Process_2023,Negative Regulation Of Cell-Substrate Adhesion (GO:0010812),0.44567031770233795,0.668486520592128,1,DMTN
top300_raw,GO_Biological_Process_2023,Apoptotic Process (GO:0006915),0.44720957824657875,0.668486520592128,4,AHCYL1;AIFM1;NDUFS1;FADD
top300_raw,GO_Biological_Process_2023,Chromatin Remodeling (GO:0006338),0.44720957824657875,0.668486520592128,4,PBRM1;ZNHIT1;GET1;RBBP7
top300_raw,GO_Biological_Process_2023,Calcium Ion Homeostasis (GO:0055074),0.4539301352160741,0.668486520592128,2,ZNHIT1;RMDN3
top300_raw,GO_Biological_Process_2023,Regulation Of Glycolytic Process (GO:0006110),0.45400149159157005,0.668486520592128,1,JMJD8
top300_raw,GO_Biological_Process_2023,Negative Regulation Of Secretion By Cell (GO:1903531),0.45400149159157005,0.668486520592128,1,PNKD
top300_raw,GO_Biological_Process_2023,Nucleic Acid-Templated Transcription (GO:0097659),0.45400149159157005,0.668486520592128,1,PPP5C
top300_raw,GO_Biological_Process_2023,Regulation Of Protein Dephosphorylation (GO:0035304),0.45400149159157005,0.668486520592128,1,CALM2
top300_raw,GO_Biological_Process_2023,Regulation Of Small Molecule Metabolic Process (GO:0062012),0.45400149159157005,0.668486520592128,1,JMJD8
top300_raw,GO_Biological_Process_2023,Cellular Response To Heat (GO:0034605),0.45400149159157005,0.668486520592128,1,RBBP7
top300_raw,GO_Biological_Process_2023,Positive Regulation Of Cell Cycle G1/S Phase Transition (GO:1902808),0.45400149159157005,0.668486520592128,1,PEX2
top300_raw,GO_Biological_Process_2023,Positive Regulation Of Monoatomic Ion Transport (GO:0043270),0.45400149159157005,0.668486520592128,1,AHCYL1
top300_raw,GO_Biological_Process_2023,Positive Regulation Of Myeloid Leukocyte Differentiation (GO:0002763),0.45400149159157005,0.668486520592128,1,FADD
top300_raw,GO_Biological_Process_2023,Positive Regulation Of Stem Cell Population Maintenance (GO:1902459),0.45400149159157005,0.668486520592128,1,RBBP7
top300_raw,GO_Biological_Process_2023,Positive Regulation Of Wound Healing (GO:0090303),0.45400149159157005,0.668486520592128,1,DMTN
top300_raw,GO_Biological_Process_2023,Protein Deacetylation (GO:0006476),0.45400149159157005,0.668486520592128,1,RBBP7
top300_raw,GO_Biological_Process_2023,Regulation Of Autophagosome Assembly (GO:2000785),0.45400149159157005,0.668486520592128,1,SNX4
top300_raw,GO_Biological_Process_2023,Negative Regulation Of Cell-Cell Adhesion (GO:0022408),0.45400149159157005,0.668486520592128,1,EPCAM
top300_raw,GO_Biological_Process_2023,Negative Regulation Of Intracellular Signal Transduction (GO:1902532),0.45712686017943094,0.6723615373265497,4,ENDOG;DEPTOR;DAG1;ZMYND11
top300_raw,GO_Biological_Process_2023,Negative Regulation Of mRNA Catabolic Process (GO:1902373),0.4622078647119825,0.6740118969354605,1,NBAS
top300_raw,GO_Biological_Process_2023,Acylglycerol Metabolic Process (GO:0006639),0.4622078647119825,0.6740118969354605,1,GALK2
top300_raw,GO_Biological_Process_2023,Non-Canonical Wnt Signaling Pathway (GO:0035567),0.4622078647119825,0.6740118969354605,1,FZD8
top300_raw,GO_Biological_Process_2023,Carbohydrate Catabolic Process (GO:0016052),0.4622078647119825,0.6740118969354605,1,ENOSF1
top300_raw,GO_Biological_Process_2023,Response To Amino Acid Starvation (GO:1990928),0.4622078647119825,0.6740118969354605,1,PEX2
top300_raw,GO_Biological_Process_2023,Stem Cell Differentiation (GO:0048863),0.4622078647119825,0.6740118969354605,1,EPCAM
top300_raw,GO_Biological_Process_2023,Positive Regulation Of Viral Process (GO:0048524),0.4622078647119825,0.6740118969354605,1,DDB1
top300_raw,GO_Biological_Process_2023,Negative Regulation Of DNA Recombination (GO:0045910),0.4622078647119825,0.6740118969354605,1,MAGEF1
top300_raw,GO_Biological_Process_2023,Positive Regulation Of Developmental Process (GO:0051094),0.46370549068619965,0.6754725971279186,4,PBRM1;DAG1;RBBP7;ANAPC2
top300_raw,GO_Biological_Process_2023,DNA Recombination (GO:0006310),0.4702913004579676,0.6756716785060674,1,ENDOG
top300_raw,GO_Biological_Process_2023,Regulation Of Osteoclast Differentiation (GO:0045670),0.4702913004579676,0.6756716785060674,1,TCTA
top300_raw,GO_Biological_Process_2023,Branching Morphogenesis Of An Epithelial Tube (GO:0048754),0.4702913004579676,0.6756716785060674,1,LRP5
top300_raw,GO_Biological_Process_2023,Organic Hydroxy Compound Biosynthetic Process (GO:1901617),0.4702913004579676,0.6756716785060674,1,PNPO
top300_raw,GO_Biological_Process_2023,Cellular Response To Glucose Starvation (GO:0042149),0.4702913004579676,0.6756716785060674,1,TBL2
top300_raw,GO_Biological_Process_2023,Regulation Of Ubiquitin-Dependent Protein Catabolic Process (GO:2000058),0.4702913004579676,0.6756716785060674,1,MAGEF1
top300_raw,GO_Biological_Process_2023,Ceramide Biosynthetic Process (GO:0046513),0.4702913004579676,0.6756716785060674,1,SPTLC2
top300_raw,GO_Biological_Process_2023,Stress-Activated MAPK Cascade (GO:0051403),0.4702913004579676,0.6756716785060674,1,GPS1
top300_raw,GO_Biological_Process_2023,Substantia Nigra Development (GO:0021762),0.4702913004579676,0.6756716785060674,1,CALM2
top300_raw,GO_Biological_Process_2023,Lipid Modification (GO:0030258),0.4702913004579676,0.6756716785060674,1,PLPP2
top300_raw,GO_Biological_Process_2023,Potassium Ion Import Across Plasma Membrane (GO:1990573),0.4702913004579676,0.6756716785060674,1,SLC12A2
top300_raw,GO_Biological_Process_2023,Negative Regulation Of I-kappaB kinase/NF-kappaB Signaling (GO:0043124),0.4702913004579676,0.6756716785060674,1,ZMYND11
top300_raw,GO_Biological_Process_2023,Regulation Of Axonogenesis (GO:0050770),0.4702913004579676,0.6756716785060674,1,METRN
top300_raw,GO_Biological_Process_2023,DNA-templated DNA Replication Maintenance Of Fidelity (GO:0045005),0.47825363444654867,0.6833846807495051,1,CENPS
top300_raw,GO_Biological_Process_2023,Regulation Of Filopodium Assembly (GO:0051489),0.47825363444654867,0.6833846807495051,1,DMTN
top300_raw,GO_Biological_Process_2023,Skeletal System Morphogenesis (GO:0048705),0.47825363444654867,0.6833846807495051,1,LRP5
top300_raw,GO_Biological_Process_2023,mRNA Transcription (GO:0009299),0.47825363444654867,0.6833846807495051,1,TAF6
top300_raw,GO_Biological_Process_2023,Regulation Of Cellular Response To Stress (GO:0080135),0.47867032704480755,0.6833846807495051,2,BABAM2;TAF6
top300_raw,GO_Biological_Process_2023,Monoatomic Ion Transport (GO:0006811),0.47867032704480755,0.6833846807495051,2,SLC12A2;SLC4A2
top300_raw,GO_Biological_Process_2023,Positive Regulation Of Metabolic Process (GO:0009893),0.4835360447891577,0.6853661194116021,2,CPT2;OMA1
top300_raw,GO_Biological_Process_2023,Glycerophospholipid Biosynthetic Process (GO:0046474),0.4835360447891577,0.6853661194116021,2,ACP6;MTMR6
top300_raw,GO_Biological_Process_2023,Positive Regulation Of Translation (GO:0045727),0.4835360447891577,0.6853661194116021,2,ERBB2;LARP1B
top300_raw,GO_Biological_Process_2023,Bone Development (GO:0060348),0.48609667500118026,0.6853661194116021,1,LRP5
top300_raw,GO_Biological_Process_2023,Positive Regulation Of Biosynthetic Process (GO:0009891),0.48609667500118026,0.6853661194116021,1,CYBA
top300_raw,GO_Biological_Process_2023,Positive Regulation Of Cytokine-Mediated Signaling Pathway (GO:0001961),0.48609667500118026,0.6853661194116021,1,FADD
top300_raw,GO_Biological_Process_2023,Extracellular Matrix Disassembly (GO:0022617),0.48609667500118026,0.6853661194116021,1,KIF9
top300_raw,GO_Biological_Process_2023,Positive Regulation Of Osteoblast Differentiation (GO:0045669),0.48609667500118026,0.6853661194116021,1,LRP5
top300_raw,GO_Biological_Process_2023,Lymphocyte Chemotaxis (GO:0048247),0.48609667500118026,0.6853661194116021,1,SLC12A2
top300_raw,GO_Biological_Process_2023,Mitotic Spindle Assembly (GO:0090307),0.48609667500118026,0.6853661194116021,1,KIF3B
top300_raw,GO_Biological_Process_2023,Regulation Of DNA-templated Transcription Elongation (GO:0032784),0.48609667500118026,0.6853661194116021,1,ZMYND11
top300_raw,GO_Biological_Process_2023,Regulation Of Cell-Substrate Adhesion (GO:0010810),0.48609667500118026,0.6853661194116021,1,DMTN
top300_raw,GO_Biological_Process_2023,Negative Regulation Of Developmental Process (GO:0051093),0.48837366245406794,0.6870131165814182,2,OMA1;RBBP7
top300_raw,GO_Biological_Process_2023,Cellular Response To Salt (GO:1902075),0.48837366245406794,0.6870131165814182,2,SLC12A2;DMTN
top300_raw,GO_Biological_Process_2023,Response To Lipid (GO:0033993),0.4931829262727506,0.6870131165814182,2,SRR;ALAS1
top300_raw,GO_Biological_Process_2023,I-kappaB kinase/NF-kappaB Signaling (GO:0007249),0.4938222034751897,0.6870131165814182,1,AZI2
top300_raw,GO_Biological_Process_2023,Negative Regulation Of Response To Biotic Stimulus (GO:0002832),0.4938222034751897,0.6870131165814182,1,TRAF3IP1
top300_raw,GO_Biological_Process_2023,Chromosome Organization (GO:0051276),0.4938222034751897,0.6870131165814182,1,AIFM1
top300_raw,GO_Biological_Process_2023,Determination Of Left/Right Symmetry (GO:0007368),0.4938222034751897,0.6870131165814182,1,KIF3B
top300_raw,GO_Biological_Process_2023,Epidermal Growth Factor Receptor Signaling Pathway (GO:0007173),0.4938222034751897,0.6870131165814182,1,ERBB2
top300_raw,GO_Biological_Process_2023,Establishment Of Protein Localization To Extracellular Region (GO:0035592),0.4938222034751897,0.6870131165814182,1,MIA2
top300_raw,GO_Biological_Process_2023,Positive Regulation Of Innate Immune Response (GO:0045089),0.4938222034751897,0.6870131165814182,1,FADD
top300_raw,GO_Biological_Process_2023,Triglyceride Metabolic Process (GO:0006641),0.4938222034751897,0.6870131165814182,1,GALK2
top300_raw,GO_Biological_Process_2023,Mitotic Nuclear Division (GO:0140014),0.4938222034751897,0.6870131165814182,1,KIF3B
top300_raw,GO_Biological_Process_2023,Natural Killer Cell Activation (GO:0030101),0.4938222034751897,0.6870131165814182,1,SNX27
top300_raw,GO_Biological_Process_2023,Cytoskeleton Organization (GO:0007010),0.49796359639345,0.6901275916907247,2,DMTN;PDZD8
top300_raw,GO_Biological_Process_2023,Mitotic Cell Cycle Phase Transition (GO:0044772),0.49796359639345,0.6901275916907247,2,CUL4A;ANAPC2
top300_raw,GO_Biological_Process_2023,Regulation Of Fibroblast Proliferation (GO:0048145),0.501431974790771,0.6901275916907247,1,PEX2
top300_raw,GO_Biological_Process_2023,T Cell Differentiation (GO:0030217),0.501431974790771,0.6901275916907247,1,FADD
top300_raw,GO_Biological_Process_2023,Cellular Component Disassembly (GO:0022411),0.501431974790771,0.6901275916907247,1,KIF9
top300_raw,GO_Biological_Process_2023,Replication Fork Processing (GO:0031297),0.501431974790771,0.6901275916907247,1,CENPS
top300_raw,GO_Biological_Process_2023,Response To Hydrogen Peroxide (GO:0042542),0.501431974790771,0.6901275916907247,1,CAT
top300_raw,GO_Biological_Process_2023,Protein Sumoylation (GO:0016925),0.501431974790771,0.6901275916907247,1,RANBP2
top300_raw,GO_Biological_Process_2023,Mitotic G2/M Transition Checkpoint (GO:0044818),0.501431974790771,0.6901275916907247,1,BABAM2
top300_raw,GO_Biological_Process_2023,Negative Regulation Of Cold-Induced Thermogenesis (GO:0120163),0.501431974790771,0.6901275916907247,1,PCTP
top300_raw,GO_Biological_Process_2023,Protein Modification Process (GO:0036211),0.5016345930791611,0.6901275916907247,11,PPP5C;PIGT;SETD3;NEK4;DAD1;ERBB2;PLOD2;TAF6;ALG1;MTMR6;CDKL1
top300_raw,GO_Biological_Process_2023,Regulation Of Protein Serine/Threonine Kinase Activity (GO:0071900),0.5027154463850704,0.6902201995730503,2,LRP5;CALM2
top300_raw,GO_Biological_Process_2023,Small GTPase Mediated Signal Transduction (GO:0007264),0.5027154463850704,0.6902201995730503,2,ARFIP2;NUCB2
top300_raw,GO_Biological_Process_2023,Negative Regulation Of Cell Population Proliferation (GO:0008285),0.5044507766496185,0.691905294860806,6,PBRM1;DDAH1;UTP20;PEX2;ANG;GET1
top300_raw,GO_Biological_Process_2023,Bicellular Tight Junction Assembly (GO:0070830),0.5089277175902275,0.6945486486552002,1,MARVELD2
top300_raw,GO_Biological_Process_2023,Regulation Of Signal Transduction By P53 Class Mediator (GO:1901796),0.5089277175902275,0.6945486486552002,1,GET1
top300_raw,GO_Biological_Process_2023,Regulation Of Wound Healing (GO:0061041),0.5089277175902275,0.6945486486552002,1,DMTN
top300_raw,GO_Biological_Process_2023,Positive Regulation Of TOR Signaling (GO:0032008),0.5089277175902275,0.6945486486552002,1,SEC13
top300_raw,GO_Biological_Process_2023,Regulation Of T Cell Differentiation (GO:0045580),0.5089277175902275,0.6945486486552002,1,PBRM1
top300_raw,GO_Biological_Process_2023,Response To Endoplasmic Reticulum Stress (GO:0034976),0.5121318460790285,0.6982217961557926,2,AIFM1;DNAJC10
top300_raw,GO_Biological_Process_2023,Regulation Of Intrinsic Apoptotic Signaling Pathway (GO:2001242),0.5163111350542522,0.7004141095058679,1,PTPMT1
top300_raw,GO_Biological_Process_2023,Cellular Response To Mechanical Stimulus (GO:0071260),0.5163111350542522,0.7004141095058679,1,FADD
top300_raw,GO_Biological_Process_2023,Chloride Transmembrane Transport (GO:1902476),0.5163111350542522,0.7004141095058679,1,SLC12A2
top300_raw,GO_Biological_Process_2023,Cytoplasmic Microtubule Organization (GO:0031122),0.5163111350542522,0.7004141095058679,1,TUBGCP2
top300_raw,GO_Biological_Process_2023,Positive Regulation Of Reactive Oxygen Species Metabolic Process (GO:2000379),0.5163111350542522,0.7004141095058679,1,CYBA
top300_raw,GO_Biological_Process_2023,Regulation Of Mitotic Metaphase/Anaphase Transition (GO:0030071),0.5235839047838299,0.7081641294097084,1,PBRM1
top300_raw,GO_Biological_Process_2023,Autophagy Of Mitochondrion (GO:0000422),0.5235839047838299,0.7081641294097084,1,ARFIP2
top300_raw,GO_Biological_Process_2023,Regulation Of Cell Communication (GO:0010646),0.5235839047838299,0.7081641294097084,1,ZMYND11
top300_raw,GO_Biological_Process_2023,Positive Regulation Of Protein Serine/Threonine Kinase Activity (GO:0071902),0.5260353739751633,0.7107739874545362,2,ERBB2;CALM2
top300_raw,GO_Biological_Process_2023,Positive Regulation Of Cell Cycle Process (GO:0090068),0.5306102628919752,0.7128977706689671,2,LRP5;NUDT16
top300_raw,GO_Biological_Process_2023,Ribonucleoprotein Complex Biogenesis (GO:0022613),0.5306102628919752,0.7128977706689671,2,CUL4A;UTP20
top300_raw,GO_Biological_Process_2023,Cell Chemotaxis (GO:0060326),0.5307476794848257,0.7128977706689671,1,PARVA
top300_raw,GO_Biological_Process_2023,Positive Regulation Of Fat Cell Differentiation (GO:0045600),0.5307476794848257,0.7128977706689671,1,LRP5
top300_raw,GO_Biological_Process_2023,tRNA Processing (GO:0008033),0.5307476794848257,0.7128977706689671,1,TRPT1
top300_raw,GO_Biological_Process_2023,Intracellular Iron Ion Homeostasis (GO:0006879),0.5307476794848257,0.7128977706689671,1,NUBP1
top300_raw,GO_Biological_Process_2023,Regulation Of Protein-Containing Complex Assembly (GO:0043254),0.5351550968532869,0.7181095979450017,2,KIF9;TRAF3IP1
top300_raw,GO_Biological_Process_2023,RNA Modification (GO:0009451),0.5378040872105058,0.7181266340987341,1,AARS1
top300_raw,GO_Biological_Process_2023,Amide Biosynthetic Process (GO:0043604),0.5378040872105058,0.7181266340987341,1,SPTLC2
top300_raw,GO_Biological_Process_2023,Regulation Of Release Of Sequestered Calcium Ion Into Cytosol (GO:0051279),0.5378040872105058,0.7181266340987341,1,CALM2
top300_raw,GO_Biological_Process_2023,Regulation Of Substrate Adhesion-Dependent Cell Spreading (GO:1900024),0.5378040872105058,0.7181266340987341,1,DMTN
top300_raw,GO_Biological_Process_2023,Regulated Exocytosis (GO:0045055),0.5378040872105058,0.7181266340987341,1,RAB11B
top300_raw,GO_Biological_Process_2023,Defense Response To Virus (GO:0051607),0.541261846662366,0.7220358816397087,3,FADD;AZI2;ZMYND11
top300_raw,GO_Biological_Process_2023,Negative Regulation Of Response To Stimulus (GO:0048585),0.5447547318030103,0.7224498001126582,1,DDAH1
top300_raw,GO_Biological_Process_2023,Cardiac Muscle Tissue Development (GO:0048738),0.5447547318030103,0.7224498001126582,1,CBY1
top300_raw,GO_Biological_Process_2023,Regulation Of Proteolysis (GO:0030162),0.5447547318030103,0.7224498001126582,1,FADD
top300_raw,GO_Biological_Process_2023,Cell Cycle G1/S Phase Transition (GO:0044843),0.5447547318030103,0.7224498001126582,1,CUL4A
top300_raw,GO_Biological_Process_2023,Cellular Response To Ionizing Radiation (GO:0071479),0.5447547318030103,0.7224498001126582,1,BABAM2
top300_raw,GO_Biological_Process_2023,Sprouting Angiogenesis (GO:0002040),0.5447547318030103,0.7224498001126582,1,PARVA
top300_raw,GO_Biological_Process_2023,Protein Localization To Nucleus (GO:0034504),0.548608019612801,0.7248962229365067,2,SEC13;PEX2
top300_raw,GO_Biological_Process_2023,Negative Regulation Of Metabolic Process (GO:0009892),0.551601193393437,0.7248962229365067,1,PCTP
top300_raw,GO_Biological_Process_2023,Actin Polymerization Or Depolymerization (GO:0008154),0.551601193393437,0.7248962229365067,1,ANG
top300_raw,GO_Biological_Process_2023,Regulation Of Macromolecule Biosynthetic Process (GO:0010556),0.551601193393437,0.7248962229365067,1,TOM1L1
top300_raw,GO_Biological_Process_2023,Blood Vessel Morphogenesis (GO:0048514),0.551601193393437,0.7248962229365067,1,LRP5
top300_raw,GO_Biological_Process_2023,Regulation Of Receptor Signaling Pathway Via JAK-STAT (GO:0046425),0.551601193393437,0.7248962229365067,1,OCIAD1
top300_raw,GO_Biological_Process_2023,Endosome Organization (GO:0007032),0.551601193393437,0.7248962229365067,1,TMEM9
top300_raw,GO_Biological_Process_2023,Tight Junction Assembly (GO:0120192),0.551601193393437,0.7248962229365067,1,MARVELD2
top300_raw,GO_Biological_Process_2023,Protein Homotetramerization (GO:0051289),0.551601193393437,0.7248962229365067,1,CBY1
top300_raw,GO_Biological_Process_2023,Transcription By RNA Polymerase II (GO:0006366),0.5519217204002624,0.7248962229365067,3,PBRM1;PEX2;TAF6
top300_raw,GO_Biological_Process_2023,Positive Regulation Of Epithelial Cell Proliferation (GO:0050679),0.5530314361033981,0.725653965291742,2,ERBB2;ANG
top300_raw,GO_Biological_Process_2023,Positive Regulation Of Defense Response (GO:0031349),0.5574242497188195,0.7263284894770152,2,CYBA;FADD
top300_raw,GO_Biological_Process_2023,Protein Dephosphorylation (GO:0006470),0.5574242497188195,0.7263284894770152,2,PPP5C;MTMR6
top300_raw,GO_Biological_Process_2023,Regulation Of Focal Adhesion Assembly (GO:0051893),0.5583450282543575,0.7263284894770152,1,DMTN
top300_raw,GO_Biological_Process_2023,Negative Regulation Of Protein Catabolic Process (GO:0042177),0.5583450282543575,0.7263284894770152,1,AZIN1
top300_raw,GO_Biological_Process_2023,Apical Junction Assembly (GO:0043297),0.5583450282543575,0.7263284894770152,1,MARVELD2
top300_raw,GO_Biological_Process_2023,Regulation Of Myoblast Differentiation (GO:0045661),0.5583450282543575,0.7263284894770152,1,PBRM1
top300_raw,GO_Biological_Process_2023,Peptidyl-Tyrosine Modification (GO:0018212),0.5583450282543575,0.7263284894770152,1,ERBB2
top300_raw,GO_Biological_Process_2023,Regulation Of Smooth Muscle Cell Proliferation (GO:0048660),0.5583450282543575,0.7263284894770152,1,ANG
top300_raw,GO_Biological_Process_2023,Monoatomic Anion Transmembrane Transport (GO:0098656),0.5583450282543575,0.7263284894770152,1,SLC12A2
top300_raw,GO_Biological_Process_2023,Regulation Of Mitotic Cell Cycle (GO:0007346),0.5617863805833877,0.7301078724757386,2,DDB1;ANAPC2
top300_raw,GO_Biological_Process_2023,Positive Regulation Of Intracellular Protein Transport (GO:0090316),0.566117757804817,0.7343356058382483,2,ERBB2;ERGIC3
top300_raw,GO_Biological_Process_2023,Protein-Containing Complex Organization (GO:0043933),0.566117757804817,0.7343356058382483,2,DMTN;TUBGCP2
top300_raw,GO_Biological_Process_2023,Regulation Of Response To External Stimulus (GO:0032101),0.5704183198172832,0.7357515354319637,2,TKFC;ELMOD2
top300_raw,GO_Biological_Process_2023,Regulation Of Tumor Necrosis Factor Production (GO:0032680),0.5704183198172832,0.7357515354319637,2,CYBA;FADD
top300_raw,GO_Biological_Process_2023,Cytosolic Transport (GO:0016482),0.5704183198172832,0.7357515354319637,2,PREPL;SYS1
top300_raw,GO_Biological_Process_2023,RNA Polymerase II Preinitiation Complex Assembly (GO:0051123),0.571530928404565,0.7357515354319637,1,TAF6
top300_raw,GO_Biological_Process_2023,Regulation Of Stem Cell Population Maintenance (GO:2000036),0.571530928404565,0.7357515354319637,1,RBBP7
top300_raw,GO_Biological_Process_2023,post-Golgi Vesicle-Mediated Transport (GO:0006892),0.571530928404565,0.7357515354319637,1,SYS1
top300_raw,GO_Biological_Process_2023,Mitotic DNA Damage Checkpoint Signaling (GO:0044773),0.571530928404565,0.7357515354319637,1,BABAM2
top300_raw,GO_Biological_Process_2023,Regulation Of Cation Channel Activity (GO:2001257),0.571530928404565,0.7357515354319637,1,CALM2
top300_raw,GO_Biological_Process_2023,Chromatin Organization (GO:0006325),0.573253764782801,0.7372725473410529,4,PBRM1;ZNHIT1;GET1;RBBP7
top300_raw,GO_Biological_Process_2023,Endosome To Lysosome Transport (GO:0008333),0.577975991963602,0.742644623636251,1,UEVLD
top300_raw,GO_Biological_Process_2023,Protein Targeting (GO:0006605),0.5789267944347257,0.7431652158530598,2,SPCS1;SEC63
top300_raw,GO_Biological_Process_2023,Golgi Organization (GO:0007030),0.5831346262797302,0.7458761656189034,2,COG1;TMED4
top300_raw,GO_Biological_Process_2023,Regulation Of Phagocytosis (GO:0050764),0.5843244263695815,0.7458761656189034,1,CYBA
top300_raw,GO_Biological_Process_2023,Response To Organic Cyclic Compound (GO:0014070),0.5843244263695815,0.7458761656189034,1,ALAS1
top300_raw,GO_Biological_Process_2023,Inorganic Anion Transport (GO:0015698),0.5843244263695815,0.7458761656189034,1,CLCN4
top300_raw,GO_Biological_Process_2023,Positive Regulation Of Type II Interferon Production (GO:0032729),0.5843244263695815,0.7458761656189034,1,FADD
top300_raw,GO_Biological_Process_2023,mRNA Transport (GO:0051028),0.5843244263695815,0.7458761656189034,1,ALKBH5
top300_raw,GO_Biological_Process_2023,Negative Regulation Of Apoptotic Process (GO:0043066),0.5874523063202561,0.746858676077076,7,BABAM2;KRT18;TMBIM4;ANXA4;ERBB2;CAT;TMBIM6
top300_raw,GO_Biological_Process_2023,DNA-templated Transcription Initiation (GO:0006352),0.5905776755763663,0.746858676077076,1,TAF6
top300_raw,GO_Biological_Process_2023,Negative Regulation Of Protein-Containing Complex Assembly (GO:0031333),0.5905776755763663,0.746858676077076,1,TRAF3IP1
top300_raw,GO_Biological_Process_2023,Cellular Response To Chemokine (GO:1990869),0.5905776755763663,0.746858676077076,1,SLC12A2
top300_raw,GO_Biological_Process_2023,Phospholipid Transport (GO:0015914),0.5905776755763663,0.746858676077076,1,PCTP
top300_raw,GO_Biological_Process_2023,Regulation Of Type I Interferon Production (GO:0032479),0.5905776755763663,0.746858676077076,1,TRAF3IP1
top300_raw,GO_Biological_Process_2023,Transcription Preinitiation Complex Assembly (GO:0070897),0.5905776755763663,0.746858676077076,1,TAF6
top300_raw,GO_Biological_Process_2023,Positive Regulation Of Proteolysis (GO:0045862),0.5905776755763663,0.746858676077076,1,FADD
top300_raw,GO_Biological_Process_2023,Microtubule Cytoskeleton Organization Involved In Mitosis (GO:1902850),0.5905776755763663,0.746858676077076,1,KIF3B
top300_raw,GO_Biological_Process_2023,Mitotic Cytokinesis (GO:0000281),0.5905776755763663,0.746858676077076,1,TRIM36
top300_raw,GO_Biological_Process_2023,Negative Regulation Of Cell Motility (GO:2000146),0.5955721839645514,0.7524761730609637,2,DAG1;RBBP7
top300_raw,GO_Biological_Process_2023,Positive Regulation Of Phagocytosis (GO:0050766),0.5967371619202828,0.7525518653105788,1,CYBA
top300_raw,GO_Biological_Process_2023,Histone Acetylation (GO:0016573),0.5967371619202828,0.7525518653105788,1,TAF6
top300_raw,GO_Biological_Process_2023,Negative Regulation Of Intrinsic Apoptotic Signaling Pathway (GO:2001243),0.6028042868087103,0.7572227821756875,1,TMBIM6
top300_raw,GO_Biological_Process_2023,Positive Regulation Of Interleukin-8 Production (GO:0032757),0.6028042868087103,0.7572227821756875,1,FADD
top300_raw,GO_Biological_Process_2023,Positive Regulation Of Organelle Assembly (GO:1902117),0.6028042868087103,0.7572227821756875,1,SNX4
top300_raw,GO_Biological_Process_2023,Cellular Response To Metal Ion (GO:0071248),0.6037088292862289,0.7572227821756875,2,SLC12A2;DMTN
top300_raw,GO_Biological_Process_2023,Protein Stabilization (GO:0050821),0.6062198199608584,0.7572227821756875,3,PARVA;GET1;PFDN6
top300_raw,GO_Biological_Process_2023,Regulation Of Embryonic Development (GO:0045995),0.6087804306038016,0.7572227821756875,1,DAG1
top300_raw,GO_Biological_Process_2023,Negative Regulation Of Kinase Activity (GO:0033673),0.6087804306038016,0.7572227821756875,1,DEPTOR
top300_raw,GO_Biological_Process_2023,Cell Junction Organization (GO:0034330),0.6087804306038016,0.7572227821756875,1,MARVELD2
top300_raw,GO_Biological_Process_2023,Phosphatidylinositol-Mediated Signaling (GO:0048015),0.6087804306038016,0.7572227821756875,1,ERBB2
top300_raw,GO_Biological_Process_2023,Positive Regulation Of Apoptotic Signaling Pathway (GO:2001235),0.6087804306038016,0.7572227821756875,1,FADD
top300_raw,GO_Biological_Process_2023,Spliceosomal Complex Assembly (GO:0000245),0.6087804306038016,0.7572227821756875,1,SF3B2
top300_raw,GO_Biological_Process_2023,Fat Cell Differentiation (GO:0045444),0.6087804306038016,0.7572227821756875,1,CBY1
top300_raw,GO_Biological_Process_2023,Glycerophospholipid Metabolic Process (GO:0006650),0.6087804306038016,0.7572227821756875,1,ACP6
top300_raw,GO_Biological_Process_2023,mRNA Export From Nucleus (GO:0006406),0.6087804306038016,0.7572227821756875,1,ALKBH5
top300_raw,GO_Biological_Process_2023,Protein-Containing Complex Disassembly (GO:0032984),0.6087804306038016,0.7572227821756875,1,PEX2
top300_raw,GO_Biological_Process_2023,Monoatomic Cation Transmembrane Transport (GO:0098655),0.6106378616524276,0.7588401163965386,4,SLC12A2;SLC30A5;SLC39A4;SLC39A3
top300_raw,GO_Biological_Process_2023,G1/S Transition Of Mitotic Cell Cycle (GO:0000082),0.6146669531336565,0.7617619564768336,1,CUL4A
top300_raw,GO_Biological_Process_2023,Phosphatidylinositol Metabolic Process (GO:0046488),0.6146669531336565,0.7617619564768336,1,MTMR6
top300_raw,GO_Biological_Process_2023,Protein Polymerization (GO:0051258),0.6146669531336565,0.7617619564768336,1,ANG
top300_raw,GO_Biological_Process_2023,Regulation Of Apoptotic Process (GO:0042981),0.6163268229673565,0.7631246662559451,10,BABAM2;KRT18;AIFM1;TMBIM4;ANXA4;ERBB2;CAT;TMBIM6;OMA1;FADD
top300_raw,GO_Biological_Process_2023,Inorganic Cation Transmembrane Transport (GO:0098662),0.6189751412791437,0.7647724834037533,4,SLC12A2;SLC30A5;SLC39A4;SLC39A3
top300_raw,GO_Biological_Process_2023,Intracellular Calcium Ion Homeostasis (GO:0006874),0.6196102125923307,0.7647724834037533,2,RMDN3;PDZD8
top300_raw,GO_Biological_Process_2023,Regulation Of Secretion By Cell (GO:1903530),0.6204651939509158,0.7647724834037533,1,ARFIP1
top300_raw,GO_Biological_Process_2023,Positive Regulation Of T Cell Differentiation (GO:0045582),0.6204651939509158,0.7647724834037533,1,PBRM1
top300_raw,GO_Biological_Process_2023,Positive Regulation Of Cysteine-Type Endopeptidase Activity (GO:2001056),0.6204651939509158,0.7647724834037533,1,FADD
top300_raw,GO_Biological_Process_2023,Phosphorylation (GO:0016310),0.6253293647759733,0.7683354557186652,6,TKFC;NEK4;ERBB2;TAF6;GALK2;CDKL1
top300_raw,GO_Biological_Process_2023,RNA Export From Nucleus (GO:0006405),0.6261764727222603,0.7683354557186652,1,ALKBH5
top300_raw,GO_Biological_Process_2023,Autophagosome Assembly (GO:0000045),0.6261764727222603,0.7683354557186652,1,ARFIP2
top300_raw,GO_Biological_Process_2023,Positive Regulation Of T Cell Proliferation (GO:0042102),0.6261764727222603,0.7683354557186652,1,FADD
top300_raw,GO_Biological_Process_2023,Positive Regulation Of Cell Cycle (GO:0045787),0.6261764727222603,0.7683354557186652,1,NUDT16
top300_raw,GO_Biological_Process_2023,Activation Of Cysteine-Type Endopeptidase Activity Involved In Apoptotic Process (GO:0006919),0.6373433243791906,0.7771366229225225,1,AIFM1
top300_raw,GO_Biological_Process_2023,Peptidyl-Tyrosine Phosphorylation (GO:0018108),0.6373433243791906,0.7771366229225225,1,ERBB2
top300_raw,GO_Biological_Process_2023,Regulation Of Viral Genome Replication (GO:0045069),0.6373433243791906,0.7771366229225225,1,DDB1
top300_raw,GO_Biological_Process_2023,Cholesterol Metabolic Process (GO:0008203),0.6373433243791906,0.7771366229225225,1,ACLY
top300_raw,GO_Biological_Process_2023,Extrinsic Apoptotic Signaling Pathway (GO:0097191),0.6373433243791906,0.7771366229225225,1,FADD
top300_raw,GO_Biological_Process_2023,tRNA Modification (GO:0006400),0.6373433243791906,0.7771366229225225,1,GON7
top300_raw,GO_Biological_Process_2023,Protein Secretion (GO:0009306),0.6373433243791906,0.7771366229225225,1,MIA2
top300_raw,GO_Biological_Process_2023,Positive Regulation Of Protein Kinase Activity (GO:0045860),0.6425362007009735,0.7823910281728864,2,TOM1L1;CALM2
top300_raw,GO_Biological_Process_2023,Cell-Cell Junction Organization (GO:0045216),0.6428014394460059,0.7823910281728864,1,MARVELD2
top300_raw,GO_Biological_Process_2023,Positive Regulation Of Cellular Catabolic Process (GO:0031331),0.64624979173599,0.7858859074503735,2,ENDOG;DHRSX
top300_raw,GO_Biological_Process_2023,Regulation Of Heart Contraction (GO:0008016),0.6481776772177851,0.7861246628411604,1,CALM2
top300_raw,GO_Biological_Process_2023,Cellular Response To Calcium Ion (GO:0071277),0.6481776772177851,0.7861246628411604,1,DMTN
top300_raw,GO_Biological_Process_2023,Response To Molecule Of Bacterial Origin (GO:0002237),0.6481776772177851,0.7861246628411604,1,SRR
top300_raw,GO_Biological_Process_2023,Negative Regulation Of Protein Metabolic Process (GO:0051248),0.6499328698733762,0.787552107444429,2,AZIN1;PFDN6
top300_raw,GO_Biological_Process_2023,Negative Regulation Of Epithelial Cell Proliferation (GO:0050680),0.6534732618701546,0.7880245777469006,1,PEX2
top300_raw,GO_Biological_Process_2023,Negative Regulation Of Extrinsic Apoptotic Signaling Pathway (GO:2001237),0.6534732618701546,0.7880245777469006,1,ZMYND11
top300_raw,GO_Biological_Process_2023,Sulfur Compound Biosynthetic Process (GO:0044272),0.6534732618701546,0.7880245777469006,1,UGDH
top300_raw,GO_Biological_Process_2023,Regulation Of G Protein-Coupled Receptor Signaling Pathway (GO:0008277),0.6534732618701546,0.7880245777469006,1,RPGRIP1L
top300_raw,GO_Biological_Process_2023,Regulation Of Notch Signaling Pathway (GO:0008593),0.6534732618701546,0.7880245777469006,1,RITA1
top300_raw,GO_Biological_Process_2023,Regulation Of Intracellular Signal Transduction (GO:1902531),0.6537942531967678,0.7880245777469006,4,TMBIM4;JPT2;PTPMT1;CALM2
top300_raw,GO_Biological_Process_2023,Negative Regulation Of DNA-binding Transcription Factor Activity (GO:0043433),0.6572077981712472,0.7890369058194819,2,LRRC14;ANXA4
top300_raw,GO_Biological_Process_2023,Regulation Of Double-Strand Break Repair Via Homologous Recombination (GO:0010569),0.6586893993515058,0.7890369058194819,1,MAGEF1
top300_raw,GO_Biological_Process_2023,Negative Regulation Of Protein Binding (GO:0032091),0.6586893993515058,0.7890369058194819,1,TMBIM6
top300_raw,GO_Biological_Process_2023,Negative Regulation Of Supramolecular Fiber Organization (GO:1902904),0.6586893993515058,0.7890369058194819,1,PFDN6
top300_raw,GO_Biological_Process_2023,Positive Regulation Of Cell-Substrate Adhesion (GO:0010811),0.6586893993515058,0.7890369058194819,1,DMTN
top300_raw,GO_Biological_Process_2023,Protein Autoubiquitination (GO:0051865),0.6586893993515058,0.7890369058194819,1,BABAM2
top300_raw,GO_Biological_Process_2023,Myeloid Leukocyte Differentiation (GO:0002573),0.6586893993515058,0.7890369058194819,1,SLC4A2
top300_raw,GO_Biological_Process_2023,Cellular Response To Hypoxia (GO:0071456),0.6638272776471037,0.7910172809758138,1,TBL2
top300_raw,GO_Biological_Process_2023,Cholesterol Homeostasis (GO:0042632),0.6638272776471037,0.7910172809758138,1,LRP5
top300_raw,GO_Biological_Process_2023,Response To Ionizing Radiation (GO:0010212),0.6638272776471037,0.7910172809758138,1,BABAM2
top300_raw,GO_Biological_Process_2023,Second-Messenger-Mediated Signaling (GO:0019932),0.6638272776471037,0.7910172809758138,1,DDAH1
top300_raw,GO_Biological_Process_2023,Negative Regulation Of Catabolic Process (GO:0009895),0.6638272776471037,0.7910172809758138,1,AZIN1
top300_raw,GO_Biological_Process_2023,Negative Regulation Of Cell Adhesion (GO:0007162),0.6638272776471037,0.7910172809758138,1,DMTN
top300_raw,GO_Biological_Process_2023,Regulation Of Cell Growth (GO:0001558),0.6648028892478223,0.791487355905187,3,ERBB2;RBBP7;NUBP1
top300_raw,GO_Biological_Process_2023,Cellular Response To Decreased Oxygen Levels (GO:0036294),0.6688880670783717,0.793576260767197,1,TBL2
top300_raw,GO_Biological_Process_2023,Cellular Response To Reactive Oxygen Species (GO:0034614),0.6688880670783717,0.793576260767197,1,PEX2
top300_raw,GO_Biological_Process_2023,Sterol Homeostasis (GO:0055092),0.6688880670783717,0.793576260767197,1,LRP5
top300_raw,GO_Biological_Process_2023,Protein Tetramerization (GO:0051262),0.6688880670783717,0.793576260767197,1,CBY1
top300_raw,GO_Biological_Process_2023,Import Into Nucleus (GO:0051170),0.673872920383265,0.7987945322558806,1,SEC13
top300_raw,GO_Biological_Process_2023,Positive Regulation Of Intracellular Signal Transduction (GO:1902533),0.6760429514968903,0.8006699999467518,7,SEC13;PPP5C;ERBB2;GET1;FADD;JMJD8;TMED4
top300_raw,GO_Biological_Process_2023,Ribosome Biogenesis (GO:0042254),0.6783091359225929,0.801128604504298,2,CUL4A;UTP20
top300_raw,GO_Biological_Process_2023,Positive Regulation Of Response To External Stimulus (GO:0032103),0.6783091359225929,0.801128604504298,2,CYBA;FADD
top300_raw,GO_Biological_Process_2023,Regulation Of Fat Cell Differentiation (GO:0045598),0.6787829732730983,0.801128604504298,1,LRP5
top300_raw,GO_Biological_Process_2023,Positive Regulation Of Neurogenesis (GO:0050769),0.6787829732730983,0.801128604504298,1,METRN
top300_raw,GO_Biological_Process_2023,Positive Regulation Of Interleukin-6 Production (GO:0032755),0.6836193445089016,0.8047446389119481,1,CYBA
top300_raw,GO_Biological_Process_2023,Transcription Initiation At RNA Polymerase II Promoter (GO:0006367),0.6836193445089016,0.8047446389119481,1,TAF6
top300_raw,GO_Biological_Process_2023,Positive Regulation Of Protein Secretion (GO:0050714),0.6836193445089016,0.8047446389119481,1,ANG
top300_raw,GO_Biological_Process_2023,Translation (GO:0006412),0.684727630842627,0.80535322384081,3,GFM2;IARS2;MRPL33
top300_raw,GO_Biological_Process_2023,Regulation Of Immune Response (GO:0050776),0.6883831360336448,0.8054792364929761,1,TKFC
top300_raw,GO_Biological_Process_2023,Negative Regulation Of Transforming Growth Factor Beta Receptor Signaling Pathway (GO:0030512),0.6883831360336448,0.8054792364929761,1,RBBP7
top300_raw,GO_Biological_Process_2023,Regulation Of Transcription Elongation By RNA Polymerase II (GO:0034243),0.6883831360336448,0.8054792364929761,1,ZMYND11
top300_raw,GO_Biological_Process_2023,Embryonic Organ Development (GO:0048568),0.6883831360336448,0.8054792364929761,1,HOXB7
top300_raw,GO_Biological_Process_2023,Positive Regulation Of Endothelial Cell Proliferation (GO:0001938),0.6883831360336448,0.8054792364929761,1,ANG
top300_raw,GO_Biological_Process_2023,Positive Regulation Of Response To Stimulus (GO:0048584),0.6883831360336448,0.8054792364929761,1,BABAM2
top300_raw,GO_Biological_Process_2023,Response To Lipopolysaccharide (GO:0032496),0.6917819332321454,0.8087613674353494,2,SRR;PEX2
top300_raw,GO_Biological_Process_2023,Response To Insulin (GO:0032868),0.697697306466784,0.8114976357026129,1,GOT1
top300_raw,GO_Biological_Process_2023,Positive Regulation Of Endocytosis (GO:0045807),0.697697306466784,0.8114976357026129,1,CYBA
top300_raw,GO_Biological_Process_2023,Vesicle Fusion (GO:0006906),0.697697306466784,0.8114976357026129,1,STX7
top300_raw,GO_Biological_Process_2023,Positive Regulation Of Protein Localization To Membrane (GO:1905477),0.697697306466784,0.8114976357026129,1,ERBB2
top300_raw,GO_Biological_Process_2023,Positive Regulation Of Protein Modification By Small Protein Conjugation Or Removal (GO:1903322),0.697697306466784,0.8114976357026129,1,CENPS
top300_raw,GO_Biological_Process_2023,Negative Regulation Of Cellular Component Organization (GO:0051129),0.697697306466784,0.8114976357026129,1,TRAF3IP1
top300_raw,GO_Biological_Process_2023,Negative Regulation Of Protein Serine/Threonine Kinase Activity (GO:0071901),0.7022498081933177,0.8140121180930202,1,LRP5
top300_raw,GO_Biological_Process_2023,Regulation Of Protein Localization To Plasma Membrane (GO:1903076),0.7022498081933177,0.8140121180930202,1,STX7
top300_raw,GO_Biological_Process_2023,Positive Regulation Of Immune Response (GO:0050778),0.7022498081933177,0.8140121180930202,1,FADD
top300_raw,GO_Biological_Process_2023,Wound Healing (GO:0042060),0.7022498081933177,0.8140121180930202,1,ERBB2
top300_raw,GO_Biological_Process_2023,Negative Regulation Of Cell Migration (GO:0030336),0.7047875353674194,0.81573870864899,2,DAG1;RBBP7
top300_raw,GO_Biological_Process_2023,Cytoskeleton-Dependent Cytokinesis (GO:0061640),0.7067339766562469,0.81573870864899,1,TRIM36
top300_raw,GO_Biological_Process_2023,Positive Regulation Of Growth (GO:0045927),0.7067339766562469,0.81573870864899,1,ERBB2
top300_raw,GO_Biological_Process_2023,Histone Modification (GO:0016570),0.7067339766562469,0.81573870864899,1,RBBP7
top300_raw,GO_Biological_Process_2023,Macromolecule Modification (GO:0043412),0.7067339766562469,0.81573870864899,1,PLOD2
top300_raw,GO_Biological_Process_2023,Regulation Of Phosphorylation (GO:0042325),0.7111508340765168,0.819447915407966,1,ANG
top300_raw,GO_Biological_Process_2023,Sodium Ion Transmembrane Transport (GO:0035725),0.7111508340765168,0.819447915407966,1,SLC12A2
top300_raw,GO_Biological_Process_2023,Positive Regulation Of Programmed Cell Death (GO:0043068),0.7142355397530877,0.8202970452652583,3,AIFM1;OMA1;FADD
top300_raw,GO_Biological_Process_2023,Regulation Of Epithelial To Mesenchymal Transition (GO:0010717),0.7155013875000932,0.8202970452652583,1,DAG1
top300_raw,GO_Biological_Process_2023,Phospholipase C-activating G Protein-Coupled Receptor Signaling Pathway (GO:0007200),0.7155013875000932,0.8202970452652583,1,GNA11
top300_raw,GO_Biological_Process_2023,Epigenetic Regulation Of Gene Expression (GO:0040029),0.7155013875000932,0.8202970452652583,1,GLYR1
top300_raw,GO_Biological_Process_2023,Vascular Transport (GO:0010232),0.7155013875000932,0.8202970452652583,1,SLC12A2
top300_raw,GO_Biological_Process_2023,Positive Regulation Of Ubiquitin-Dependent Protein Catabolic Process (GO:2000060),0.7155013875000932,0.8202970452652583,1,MAGEF1
top300_raw,GO_Biological_Process_2023,Ribosomal Small Subunit Biogenesis (GO:0042274),0.7197866289844316,0.8210643329375353,1,UTP20
top300_raw,GO_Biological_Process_2023,Positive Regulation Of Double-Strand Break Repair (GO:2000781),0.7197866289844316,0.8210643329375353,1,PBRM1
top300_raw,GO_Biological_Process_2023,Positive Regulation Of Protein Ubiquitination (GO:0031398),0.7197866289844316,0.8210643329375353,1,CENPS
top300_raw,GO_Biological_Process_2023,Double-Strand Break Repair (GO:0006302),0.7204001711559748,0.8210643329375353,2,BABAM2;PPP5C
top300_raw,GO_Biological_Process_2023,Regulation Of Kinase Activity (GO:0043549),0.724007535872232,0.8210643329375353,1,ERBB2
top300_raw,GO_Biological_Process_2023,Regulation Of Osteoblast Differentiation (GO:0045667),0.724007535872232,0.8210643329375353,1,LRP5
top300_raw,GO_Biological_Process_2023,Calcium-Mediated Signaling (GO:0019722),0.724007535872232,0.8210643329375353,1,DMTN
top300_raw,GO_Biological_Process_2023,Positive Regulation Of Canonical Wnt Signaling Pathway (GO:0090263),0.724007535872232,0.8210643329375353,1,TMEM9
top300_raw,GO_Biological_Process_2023,Defense Response To Gram-positive Bacterium (GO:0050830),0.724007535872232,0.8210643329375353,1,ANG
top300_raw,GO_Biological_Process_2023,Establishment Of Protein Localization To Organelle (GO:0072594),0.724007535872232,0.8210643329375353,1,SEC13
top300_raw,GO_Biological_Process_2023,Transport Across Blood-Brain Barrier (GO:0150104),0.724007535872232,0.8210643329375353,1,SLC12A2
top300_raw,GO_Biological_Process_2023,Mitotic Spindle Organization (GO:0007052),0.724007535872232,0.8210643329375353,1,KIF3B
top300_raw,GO_Biological_Process_2023,Negative Regulation Of Cell Cycle (GO:0045786),0.724007535872232,0.8210643329375353,1,TAF6
top300_raw,GO_Biological_Process_2023,Exocytosis (GO:0006887),0.7281650706695516,0.8237216164883133,1,RAB11B
top300_raw,GO_Biological_Process_2023,Negative Regulation Of Angiogenesis (GO:0016525),0.7281650706695516,0.8237216164883133,1,SLC12A2
top300_raw,GO_Biological_Process_2023,Negative Regulation Of Binding (GO:0051100),0.7281650706695516,0.8237216164883133,1,TMBIM6
top300_raw,GO_Biological_Process_2023,Regulation Of Insulin Secretion (GO:0050796),0.7322601819076733,0.8269804044429943,1,LRP5
top300_raw,GO_Biological_Process_2023,Regulation Of Type II Interferon Production (GO:0032649),0.7322601819076733,0.8269804044429943,1,FADD
top300_raw,GO_Biological_Process_2023,Regulation Of Double-Strand Break Repair (GO:2000779),0.7362938035803304,0.8301590732420612,1,PBRM1
top300_raw,GO_Biological_Process_2023,Positive Regulation Of Cell Adhesion (GO:0045785),0.7362938035803304,0.8301590732420612,1,ERBB2
top300_raw,GO_Biological_Process_2023,Cellular Response To Peptide Hormone Stimulus (GO:0071375),0.7402668559502237,0.8318840410925782,1,GOT1
top300_raw,GO_Biological_Process_2023,Regulation Of Vesicle-Mediated Transport (GO:0060627),0.7402668559502237,0.8318840410925782,1,RAB11B
top300_raw,GO_Biological_Process_2023,Sensory Perception Of Mechanical Stimulus (GO:0050954),0.7402668559502237,0.8318840410925782,1,MARVELD2
top300_raw,GO_Biological_Process_2023,Sodium Ion Transport (GO:0006814),0.7402668559502237,0.8318840410925782,1,SLC12A2
top300_raw,GO_Biological_Process_2023,Positive Regulation Of Hydrolase Activity (GO:0051345),0.7439330338235054,0.8349040317585777,2,ERBB2;CALM2
top300_raw,GO_Biological_Process_2023,Regulation Of Peptidyl-Tyrosine Phosphorylation (GO:0050730),0.7441802456350319,0.8349040317585777,1,DMTN
top300_raw,GO_Biological_Process_2023,Positive Regulation Of MAP Kinase Activity (GO:0043406),0.7480348655801606,0.837848262269884,1,ERBB2
top300_raw,GO_Biological_Process_2023,rRNA Metabolic Process (GO:0016072),0.7480348655801606,0.837848262269884,1,UTP20
top300_raw,GO_Biological_Process_2023,Negative Regulation Of Cytokine Production (GO:0001818),0.7495454736458872,0.8388503986078047,2,TRAF3IP1;ANXA4
top300_raw,GO_Biological_Process_2023,Sensory Perception Of Sound (GO:0007605),0.7518315954183645,0.8407180894579742,1,MARVELD2
top300_raw,GO_Biological_Process_2023,Regulation Of Endothelial Cell Proliferation (GO:0001936),0.7555713017099546,0.842824007312824,1,ANG
top300_raw,GO_Biological_Process_2023,Regulation Of Peptidyl-Serine Phosphorylation (GO:0033135),0.7555713017099546,0.842824007312824,1,DMTN
top300_raw,GO_Biological_Process_2023,Negative Regulation Of Amide Metabolic Process (GO:0034249),0.7555713017099546,0.842824007312824,1,RTN3
top300_raw,GO_Biological_Process_2023,"Retrograde Transport, Endosome To Golgi (GO:0042147)",0.7592548381757995,0.8455479064557962,1,PREPL
top300_raw,GO_Biological_Process_2023,Vesicle Organization (GO:0016050),0.7592548381757995,0.8455479064557962,1,STX7
top300_raw,GO_Biological_Process_2023,Regulation Of Protein Phosphorylation (GO:0001932),0.7623654107669169,0.8483183737455399,3,TRAF3IP1;DNAJC10;ERBB2
top300_raw,GO_Biological_Process_2023,RNA Processing (GO:0006396),0.7631166149819628,0.8484610853921905,2,ALKBH5;SF3B2
top300_raw,GO_Biological_Process_2023,Regulation Of Macroautophagy (GO:0016241),0.7664567522280672,0.8507857347470477,1,SCOC
top300_raw,GO_Biological_Process_2023,Regulation Of Protein Metabolic Process (GO:0051246),0.7664567522280672,0.8507857347470477,1,TMEM9
top300_raw,GO_Biological_Process_2023,Regulation Of Protein Localization (GO:0032880),0.7699767743166568,0.8539970412209175,1,RAB11B
top300_raw,GO_Biological_Process_2023,Positive Regulation Of Apoptotic Process (GO:0043065),0.7733210595650226,0.8557519193843288,3,AIFM1;OMA1;FADD
top300_raw,GO_Biological_Process_2023,MAPK Cascade (GO:0000165),0.7734439153906819,0.8557519193843288,1,PPP5C
top300_raw,GO_Biological_Process_2023,RNA Splicing (GO:0008380),0.7734439153906819,0.8557519193843288,1,SF3B2
top300_raw,GO_Biological_Process_2023,Cellular Response To Insulin Stimulus (GO:0032869),0.7768589674240808,0.8588327221035699,1,GOT1
top300_raw,GO_Biological_Process_2023,Endocytosis (GO:0006897),0.7785581991332102,0.8597599768742755,2,OCIAD1;EPS15L1
top300_raw,GO_Biological_Process_2023,Regulation Of Organelle Organization (GO:0033043),0.7802227102911928,0.8597599768742755,1,SLC30A9
top300_raw,GO_Biological_Process_2023,Protein Complex Oligomerization (GO:0051259),0.7802227102911928,0.8597599768742755,1,UGDH
top300_raw,GO_Biological_Process_2023,ncRNA Processing (GO:0034470),0.7802227102911928,0.8597599768742755,1,UTP20
top300_raw,GO_Biological_Process_2023,rRNA Processing (GO:0006364),0.7835359123710425,0.8627129447448341,1,UTP20
top300_raw,GO_Biological_Process_2023,Protein Localization To Membrane (GO:0072657),0.785944391557679,0.8635138503490485,2,TM9SF2;RAB11B
top300_raw,GO_Biological_Process_2023,Modification-Dependent Protein Catabolic Process (GO:0019941),0.785944391557679,0.8635138503490485,2,DDB1;FBXO8
top300_raw,GO_Biological_Process_2023,Protein Catabolic Process (GO:0030163),0.7867993306043827,0.8635138503490485,1,DDB1
top300_raw,GO_Biological_Process_2023,Regulation Of RNA Splicing (GO:0043484),0.7867993306043827,0.8635138503490485,1,TMBIM6
top300_raw,GO_Biological_Process_2023,Inorganic Cation Import Across Plasma Membrane (GO:0098659),0.7900137106085898,0.8663435377205309,1,SLC12A2
top300_raw,GO_Biological_Process_2023,Positive Regulation Of Inflammatory Response (GO:0050729),0.7931797866486954,0.8684170976009028,1,SNX4
top300_raw,GO_Biological_Process_2023,Positive Regulation Of Kinase Activity (GO:0033674),0.7931797866486954,0.8684170976009028,1,ERBB2
top300_raw,GO_Biological_Process_2023,Endomembrane System Organization (GO:0010256),0.795456005782021,0.8690370678122472,2,COG1;TMED4
top300_raw,GO_Biological_Process_2023,Cellular Response To Organonitrogen Compound (GO:0071417),0.7962982824006495,0.8690370678122472,1,DMTN
top300_raw,GO_Biological_Process_2023,Lysosomal Transport (GO:0007041),0.7962982824006495,0.8690370678122472,1,UEVLD
top300_raw,GO_Biological_Process_2023,Negative Regulation Of MAPK Cascade (GO:0043409),0.7962982824006495,0.8690370678122472,1,DAG1
top300_raw,GO_Biological_Process_2023,Positive Regulation Of Cell Growth (GO:0030307),0.7993699104512811,0.8709934544277158,1,ERBB2
top300_raw,GO_Biological_Process_2023,Regulation Of G1/S Transition Of Mitotic Cell Cycle (GO:2000045),0.7993699104512811,0.8709934544277158,1,PBRM1
top300_raw,GO_Biological_Process_2023,DNA-templated Transcription (GO:0006351),0.8023432551949397,0.8728933688617123,2,PPP5C;TAF6
top300_raw,GO_Biological_Process_2023,Positive Regulation Of T Cell Activation (GO:0050870),0.8023953728449807,0.8728933688617123,1,PBRM1
top300_raw,GO_Biological_Process_2023,Ubiquitin-Dependent Protein Catabolic Process (GO:0006511),0.8036094342016918,0.8735164001458136,4,DDB1;TOM1L1;CUL4A;FBXO8
top300_raw,GO_Biological_Process_2023,Positive Regulation Of DNA Metabolic Process (GO:0051054),0.805375361218045,0.8740408302621333,1,BABAM2
top300_raw,GO_Biological_Process_2023,Lipid Transport (GO:0006869),0.805375361218045,0.8740408302621333,1,PCTP
top300_raw,GO_Biological_Process_2023,Positive Regulation Of Wnt Signaling Pathway (GO:0030177),0.8083105567669474,0.8749066460168241,1,TMEM9
top300_raw,GO_Biological_Process_2023,Positive Regulation Of Cysteine-Type Endopeptidase Activity Involved In Apoptotic Process (GO:0043280),0.8083105567669474,0.8749066460168241,1,AIFM1
top300_raw,GO_Biological_Process_2023,Regulation Of Wnt Signaling Pathway (GO:0030111),0.8083105567669474,0.8749066460168241,1,CBY1
top300_raw,GO_Biological_Process_2023,Regulation Of Translation (GO:0006417),0.8090244290564658,0.8749066460168241,2,ERBB2;LARP1B
top300_raw,GO_Biological_Process_2023,DNA Metabolic Process (GO:0006259),0.8093850029230532,0.8749066460168241,3,DDB1;ENDOG;CENPS
top300_raw,GO_Biological_Process_2023,Regulation Of JNK Cascade (GO:0046328),0.8112016305541656,0.8757780963234708,1,ZMYND11
top300_raw,GO_Biological_Process_2023,Regulation Of MAPK Cascade (GO:0043408),0.8133663612984439,0.8757780963234708,2,ERBB2;DAG1
top300_raw,GO_Biological_Process_2023,RNA Metabolic Process (GO:0016070),0.8140492437191734,0.8757780963234708,1,ANG
top300_raw,GO_Biological_Process_2023,Negative Regulation Of Transmembrane Receptor Protein Serine/Threonine Kinase Signaling Pathway (GO:0090101),0.8140492437191734,0.8757780963234708,1,RBBP7
top300_raw,GO_Biological_Process_2023,Regulation Of Transforming Growth Factor Beta Receptor Signaling Pathway (GO:0017015),0.8140492437191734,0.8757780963234708,1,RBBP7
top300_raw,GO_Biological_Process_2023,Mitotic Sister Chromatid Segregation (GO:0000070),0.8140492437191734,0.8757780963234708,1,KIF3B
top300_raw,GO_Biological_Process_2023,Protein Deubiquitination (GO:0016579),0.8168540473085245,0.877409473528557,1,BABAM2
top300_raw,GO_Biological_Process_2023,Negative Regulation Of Defense Response (GO:0031348),0.8168540473085245,0.877409473528557,1,TRAF3IP1
top300_raw,GO_Biological_Process_2023,Negative Regulation Of Cellular Process (GO:0048523),0.8195231155450573,0.877713097057744,6,PBRM1;DDAH1;UTP20;TAF6;GET1;RBBP7
top300_raw,GO_Biological_Process_2023,Regulation Of Protein Ubiquitination (GO:0031396),0.8196166829154907,0.877713097057744,1,CENPS
top300_raw,GO_Biological_Process_2023,Positive Regulation Of Cellular Component Organization (GO:0051130),0.8196166829154907,0.877713097057744,1,ANAPC2
top300_raw,GO_Biological_Process_2023,Negative Regulation Of Cell Differentiation (GO:0045596),0.8197144342565715,0.877713097057744,2,LRP5;PEX2
top300_raw,GO_Biological_Process_2023,Regulation Of Interleukin-6 Production (GO:0032675),0.8223377822722124,0.8784502427096104,1,CYBA
top300_raw,GO_Biological_Process_2023,Protein Modification By Small Protein Removal (GO:0070646),0.8223377822722124,0.8784502427096104,1,GPS1
top300_raw,GO_Biological_Process_2023,Regulation Of MAP Kinase Activity (GO:0043405),0.8223377822722124,0.8784502427096104,1,ERBB2
top300_raw,GO_Biological_Process_2023,Cellular Response To Molecule Of Bacterial Origin (GO:0071219),0.8302580413110413,0.8855218890098967,1,PEX2
top300_raw,GO_Biological_Process_2023,Protein Maturation (GO:0051604),0.8302580413110413,0.8855218890098967,1,MAGEF1
top300_raw,GO_Biological_Process_2023,Regulation Of Protein Binding (GO:0043393),0.8328191280114926,0.8868644662639976,1,TMBIM6
top300_raw,GO_Biological_Process_2023,Positive Regulation Of Cell Projection Organization (GO:0031346),0.8328191280114926,0.8868644662639976,1,METRN
top300_raw,GO_Biological_Process_2023,mRNA Processing (GO:0006397),0.8337814653843401,0.8871955905105243,2,ALKBH5;SF3B2
top300_raw,GO_Biological_Process_2023,Regulation Of Protein Kinase Activity (GO:0045859),0.8353416990874319,0.8874691062067724,1,DEPTOR
top300_raw,GO_Biological_Process_2023,Positive Regulation Of Angiogenesis (GO:0045766),0.8353416990874319,0.8874691062067724,1,JMJD8
top300_raw,GO_Biological_Process_2023,Proteasomal Protein Catabolic Process (GO:0010498),0.8450440429722251,0.8960825646658558,2,DDB1;CUL4A
top300_raw,GO_Biological_Process_2023,Modulation Of Chemical Synaptic Transmission (GO:0050804),0.8450582455042756,0.8960825646658558,1,SLC12A2
top300_raw,GO_Biological_Process_2023,Negative Regulation Of Growth (GO:0045926),0.8473967278191059,0.8960825646658558,1,RBBP7
top300_raw,GO_Biological_Process_2023,Neuron Projection Guidance (GO:0097485),0.8473967278191059,0.8960825646658558,1,DAG1
top300_raw,GO_Biological_Process_2023,Cellular Response To Lipopolysaccharide (GO:0071222),0.8473967278191059,0.8960825646658558,1,PEX2
top300_raw,GO_Biological_Process_2023,Enzyme-Linked Receptor Protein Signaling Pathway (GO:0007167),0.8473967278191059,0.8960825646658558,1,ERBB2
top300_raw,GO_Biological_Process_2023,Negative Regulation Of Cell Growth (GO:0030308),0.8497000317270372,0.897821135153006,1,RBBP7
top300_raw,GO_Biological_Process_2023,Cellular Response To Starvation (GO:0009267),0.8519686844152914,0.8995204249407961,1,TBL2
top300_raw,GO_Biological_Process_2023,Positive Regulation Of Protein Modification Process (GO:0031401),0.8538967409416021,0.9008577545797537,2,ERBB2;CALM2
top300_raw,GO_Biological_Process_2023,Protein Polyubiquitination (GO:0000209),0.8556111423191309,0.9019677831568547,2,TMEM129;ANAPC2
top300_raw,GO_Biological_Process_2023,Protein Homooligomerization (GO:0051260),0.8585718934075237,0.9043889550046769,1,CBY1
top300_raw,GO_Biological_Process_2023,Negative Regulation Of Multicellular Organismal Process (GO:0051241),0.8639113978119936,0.908607972061726,2,PCTP;RBBP7
top300_raw,GO_Biological_Process_2023,Positive Regulation Of Phosphorylation (GO:0042327),0.8639113978119936,0.908607972061726,2,ERBB2;ANG
top300_raw,GO_Biological_Process_2023,Plasma Membrane Bounded Cell Projection Organization (GO:0120036),0.8648814878231913,0.9089263784067797,1,ARFIP2
top300_raw,GO_Biological_Process_2023,Non-Membrane-Bounded Organelle Assembly (GO:0140694),0.8709104815103887,0.9145567276924822,1,TUBGCP2
top300_raw,GO_Biological_Process_2023,Inflammatory Response (GO:0006954),0.8717733701272224,0.9147575732767927,2,TUSC2;CYBA
top300_raw,GO_Biological_Process_2023,Regulation Of Protein Kinase B Signaling (GO:0051896),0.8728599564125363,0.9151926563771167,1,DAG1
top300_raw,GO_Biological_Process_2023,Potassium Ion Transmembrane Transport (GO:0071805),0.8747800870444483,0.9157959097267783,1,SLC12A2
top300_raw,GO_Biological_Process_2023,Negative Regulation Of Cellular Biosynthetic Process (GO:0031327),0.8747800870444483,0.9157959097267783,1,ERLIN2
top300_raw,GO_Biological_Process_2023,Regulation Of Autophagy (GO:0010506),0.8792166279278326,0.9197335232240461,2,ENDOG;DHRSX
top300_raw,GO_Biological_Process_2023,Negative Regulation Of Wnt Signaling Pathway (GO:0030178),0.8803687827765059,0.9202319893642371,1,CBY1
top300_raw,GO_Biological_Process_2023,Negative Regulation Of Gene Expression (GO:0010629),0.8826487293988585,0.9219076452770287,3,TMBIM6;NUDT16;NUDT12
top300_raw,GO_Biological_Process_2023,Positive Regulation Of Transferase Activity (GO:0051347),0.885708839029268,0.9243949722282475,1,ERBB2
top300_raw,GO_Biological_Process_2023,Actin Filament Organization (GO:0007015),0.8874355246477952,0.9247797892657207,1,DMTN
top300_raw,GO_Biological_Process_2023,Regulation Of Cell Adhesion (GO:0030155),0.8874355246477952,0.9247797892657207,1,ERBB2
top300_raw,GO_Biological_Process_2023,Negative Regulation Of Response To External Stimulus (GO:0032102),0.890811282369123,0.9275878949439951,1,TRAF3IP1
top300_raw,GO_Biological_Process_2023,Regulation Of Cell Population Proliferation (GO:0042127),0.8921727730694832,0.927638659580627,8,PBRM1;DDAH1;EPCAM;COX17;ERBB2;LRP5;UTP20;GET1
top300_raw,GO_Biological_Process_2023,Nervous System Development (GO:0007399),0.8922222056171962,0.927638659580627,4,DHX30;TMEM223;ERBB2;RITA1
top300_raw,GO_Biological_Process_2023,Axon Guidance (GO:0007411),0.8956866518000448,0.9305302972934104,1,DAG1
top300_raw,GO_Biological_Process_2023,Neuron Development (GO:0048666),0.8972630681449661,0.93145754482732,1,UGDH
top300_raw,GO_Biological_Process_2023,Cellular Response To Organic Cyclic Compound (GO:0071407),0.9003450205255222,0.9339451012610519,1,DMTN
top300_raw,GO_Biological_Process_2023,Positive Regulation Of Transcription By RNA Polymerase II (GO:0045944),0.901146830930172,0.9340654366262513,10,ZNHIT1;SETD3;EPCAM;LRP5;RFXANK;PEX2;TAF6;FADD;HOXB7;GLYR1
top300_raw,GO_Biological_Process_2023,Regulation Of Cellular Component Organization (GO:0051128),0.9018512641749771,0.9340847314116493,1,NUBP1
top300_raw,GO_Biological_Process_2023,Cellular Response To Growth Factor Stimulus (GO:0071363),0.9047960162244522,0.9364226246943039,1,ERBB2
top300_raw,GO_Biological_Process_2023,Protein Autophosphorylation (GO:0046777),0.9144261523468998,0.9456707816981608,1,ERBB2
top300_raw,GO_Biological_Process_2023,Adenylate Cyclase-Modulating G Protein-Coupled Receptor Signaling Pathway (GO:0007188),0.9157202124968091,0.9462905382554279,1,GNA11
top300_raw,GO_Biological_Process_2023,Membrane Organization (GO:0061024),0.9207043093918114,0.9507196886972306,1,USO1
top300_raw,GO_Biological_Process_2023,Positive Regulation Of Nucleic Acid-Templated Transcription (GO:1903508),0.9234066063109116,0.9527877256026224,5,SETD3;NEK4;LRP5;TAF6;RBBP7
top300_raw,GO_Biological_Process_2023,Positive Regulation Of Protein Phosphorylation (GO:0001934),0.9241911485466342,0.9528753552766963,3,TOM1L1;ERBB2;CALM2
top300_raw,GO_Biological_Process_2023,Metal Ion Transport (GO:0030001),0.9253945751224788,0.9533944109809502,1,NIPA1
top300_raw,GO_Biological_Process_2023,Positive Regulation Of Cell Differentiation (GO:0045597),0.9276733721289485,0.9550197527132486,2,PBRM1;LRP5
top300_raw,GO_Biological_Process_2023,Extracellular Matrix Organization (GO:0030198),0.9308704166722002,0.9575872413198916,1,KIF9
top300_raw,GO_Biological_Process_2023,Positive Regulation Of Multicellular Organismal Process (GO:0051240),0.9320418361857402,0.9580686648188514,3,CPT2;OMA1;RBBP7
top300_raw,GO_Biological_Process_2023,Positive Regulation Of Cell Population Proliferation (GO:0008284),0.933882545195206,0.9592368224403246,4,EPCAM;COX17;ERBB2;LRP5
top300_raw,GO_Biological_Process_2023,"RNA Splicing, Via Transesterification Reactions With Bulged Adenosine As Nucleophile (GO:0000377)",0.9349611627623322,0.9596210276430268,1,SF3B2
top300_raw,GO_Biological_Process_2023,Macromolecule Biosynthetic Process (GO:0009059),0.937870065723267,0.9618817993336519,1,ALAS1
top300_raw,GO_Biological_Process_2023,Regulation Of Cell Cycle (GO:0051726),0.9400205934320558,0.9633619625691949,2,TAF6;ANAPC2
top300_raw,GO_Biological_Process_2023,Axonogenesis (GO:0007409),0.9424328874562068,0.9651079644476344,1,DAG1
top300_raw,GO_Biological_Process_2023,Protein Phosphorylation (GO:0006468),0.9443266648302707,0.9662197889424572,4,NEK4;ERBB2;TAF6;CDKL1
top300_raw,GO_Biological_Process_2023,Cellular Response To Oxygen-Containing Compound (GO:1901701),0.9449374147366763,0.9662197889424572,3,SLC12A2;DMTN;PEX2
top300_raw,GO_Biological_Process_2023,Positive Regulation Of Cellular Process (GO:0048522),0.9457814415151249,0.9663573318406603,5,PBRM1;EPCAM;COX17;ERBB2;LRP5
top300_raw,GO_Biological_Process_2023,Regulation Of Signal Transduction (GO:0009966),0.9466616370892492,0.9665315964884239,1,ZMYND11
top300_raw,GO_Biological_Process_2023,Regulation Of Programmed Cell Death (GO:0043067),0.9482651197445042,0.9674435154247302,1,OMA1
top300_raw,GO_Biological_Process_2023,Positive Regulation Of Cytokine Production (GO:0001819),0.9545732678595633,0.9727304641650312,2,CYBA;FADD
top300_raw,GO_Biological_Process_2023,Defense Response To Bacterium (GO:0042742),0.9549064995347545,0.9727304641650312,1,ANG
top300_raw,GO_Biological_Process_2023,Regulation Of Angiogenesis (GO:0045765),0.9555898392458235,0.9727304641650312,1,ERBB2
top300_raw,GO_Biological_Process_2023,Regulation Of Canonical Wnt Signaling Pathway (GO:0060828),0.9569257087425048,0.9733628194976038,1,TMEM9
top300_raw,GO_Biological_Process_2023,"mRNA Splicing, Via Spliceosome (GO:0000398)",0.9594784776872891,0.9752311094105132,1,SF3B2
top300_raw,GO_Biological_Process_2023,Regulation Of GTPase Activity (GO:0043087),0.9612935821209159,0.9763473966060309,1,ERBB2
top300_raw,GO_Biological_Process_2023,Positive Regulation Of DNA-templated Transcription (GO:0045893),0.9645582053271676,0.9789331413231015,12,SETD3;NEK4;EPCAM;ERBB2;LRP5;RFXANK;PEX2;TAF6;FADD;RBBP7;HOXB7;GLYR1
top300_raw,GO_Biological_Process_2023,Regulation Of Nucleic Acid-Templated Transcription (GO:1903506),0.9673578710153703,0.9810434998681568,3,ZNHIT1;RBBP7;HOXB7
top300_raw,GO_Biological_Process_2023,Cellular Response To Lipid (GO:0071396),0.9687489939004106,0.9810800721459699,1,PEX2
top300_raw,GO_Biological_Process_2023,Negative Regulation Of Nucleic Acid-Templated Transcription (GO:1903507),0.9688345793218279,0.9810800721459699,3,CBY1;RBBP7;ZMYND11
top300_raw,GO_Biological_Process_2023,Positive Regulation Of GTPase Activity (GO:0043547),0.9714883879360966,0.9830365411359313,1,ERBB2
top300_raw,GO_Biological_Process_2023,Negative Regulation Of Transcription By RNA Polymerase II (GO:0000122),0.9742619692038593,0.9851112116226106,6,MAGEF1;RITA1;PEX2;GET1;RBBP7;NR2F6
top300_raw,GO_Biological_Process_2023,Regulation Of ERK1 And ERK2 Cascade (GO:0070372),0.9755323797218319,0.9856640216477264,1,ERBB2
top300_raw,GO_Biological_Process_2023,Positive Regulation Of Gene Expression (GO:0010628),0.9764533887527642,0.9858632434998258,3,ERBB2;LARP1B;GLYR1
top300_raw,GO_Biological_Process_2023,Positive Regulation Of Signal Transduction (GO:0009967),0.9825284890398259,0.9912620756090689,1,DMTN
top300_raw,GO_Biological_Process_2023,Positive Regulation Of Cell Migration (GO:0030335),0.9840627370475388,0.9920750909391175,1,DMTN
top300_raw,GO_Biological_Process_2023,Transmembrane Receptor Protein Tyrosine Kinase Signaling Pathway (GO:0007169),0.9867399388560085,0.9940383111848252,1,ERBB2
top300_raw,GO_Biological_Process_2023,Negative Regulation Of DNA-templated Transcription (GO:0045892),0.9877759004497577,0.9943464718496452,8,MAGEF1;RITA1;CBY1;PEX2;GET1;RBBP7;ZMYND11;NR2F6
top300_raw,GO_Biological_Process_2023,Gene Expression (GO:0010467),0.9889685805813452,0.9947528127414027,1,ALKBH5
top300_raw,GO_Biological_Process_2023,Regulation Of Cell Migration (GO:0030334),0.9897755912274226,0.9947528127414027,2,DAG1;RBBP7
top300_raw,GO_Biological_Process_2023,Cellular Response To Cytokine Stimulus (GO:0071345),0.9908236079576589,0.9947528127414027,1,SLC12A2
top300_raw,GO_Biological_Process_2023,Positive Regulation Of MAPK Cascade (GO:0043410),0.9911010035903696,0.9947528127414027,1,ERBB2
top300_raw,GO_Biological_Process_2023,Supramolecular Fiber Organization (GO:0097435),0.9918840219784071,0.9948056243995511,1,TUBGCP2
top300_raw,GO_Biological_Process_2023,Proteolysis (GO:0006508),0.9934541716419244,0.9956472272084629,1,SPCS1
top300_raw,GO_Biological_Process_2023,Regulation Of Transcription By RNA Polymerase II (GO:0006357),0.9980173003112155,0.9994849728116731,17,PBRM1;SETD3;ANXA4;MAGEF1;LRP5;RITA1;RFXANK;PEX2;NR2F6;REPIN1;EPCAM;TAF6;GET1;FADD;RBBP7;HOXB7;GLYR1
top300_raw,GO_Biological_Process_2023,Regulation Of DNA-templated Transcription (GO:0006355),0.9995305915435909,0.9999915831866418,14,PBRM1;SETD3;NEK4;ANXA4;LRP5;CBY1;RFXANK;REPIN1;ZNHIT1;TAF6;GET1;RBBP7;ZMYND11;HOXB7
top300_raw,GO_Biological_Process_2023,Regulation Of Gene Expression (GO:0010468),0.9999915831866418,0.9999915831866418,3,ZNHIT1;RBBP7;HOXB7
top300_raw,GO_Cellular_Component_2023,Endoplasmic Reticulum Membrane (GO:0005789),4.482228113624655e-09,8.471411134750598e-07,36,DPAGT1;RTN3;TRAM1;AHCYL1;PIGT;PIGO;UNC93B1;COPB1;PIGP;MIA2;PLOD2;HSD17B12;APOO;SPTLC2;TMEM129;MLEC;SLC37A4;PDZD8;SEC13;CYBA;ACSL3;ERLIN2;ALG1;POMGNT2;PAFAH2;COPZ1;POR;DPM3;TBL2;SPCS1;G6PC3;CLCN4;TMEM258;DAD1;TMBIM6;CLPTM1L
top300_raw,GO_Cellular_Component_2023,Mitochondrial Membrane (GO:0031966),6.873565837937901e-07,6.495519716851316e-05,25,MTARC2;OMA1;MRPL33;APOO;PGRMC1;TMEM223;SAMM50;AIFM1;CPT2;NDUFV3;SLC30A9;CPT1A;ENDOG;NDUFA5;NDUFA1;RMDN3;ACSL3;COQ6;COQ4;DNAJC30;NDUFAF3;TMBIM6;ALDH18A1;SLC25A4;GALK2
top300_raw,GO_Cellular_Component_2023,Organelle Inner Membrane (GO:0019866),0.00011639535597722122,0.0073329074265649375,17,ENDOG;NDUFA5;NDUFA1;OMA1;COQ6;MRPL33;COQ4;APOO;TMX4;TMEM223;AIFM1;CPT2;DNAJC30;NDUFAF3;NDUFV3;ALDH18A1;SLC25A4
top300_raw,GO_Cellular_Component_2023,Mitochondrial Inner Membrane (GO:0005743),0.0001601249451613979,0.007565903658876051,16,ENDOG;NDUFA5;NDUFA1;OMA1;COQ6;MRPL33;COQ4;APOO;TMEM223;AIFM1;CPT2;DNAJC30;NDUFAF3;NDUFV3;ALDH18A1;SLC25A4
top300_raw,GO_Cellular_Component_2023,Mitochondrial Envelope (GO:0005740),0.0016491779245200247,0.06233892554685693,8,SLC30A9;AIFM1;COX17;NDUFA1;NDUFS1;TMBIM6;OMA1;SLC25A4
top300_raw,GO_Cellular_Component_2023,Mitochondrial Matrix (GO:0005759),0.0028724837131589662,0.07547986065466092,13,GSTK1;MECR;ALAS1;GFM2;TXNRD2;GSR;MCAT;ACP6;SUCLG2;IARS2;NDUFS1;DLAT;ACO2
top300_raw,GO_Cellular_Component_2023,Mitochondrial Respiratory Chain Complex I (GO:0005747),0.003246850553129576,0.07547986065466092,4,NDUFA5;NDUFA1;NDUFS1;NDUFV3
top300_raw,GO_Cellular_Component_2023,Respiratory Chain Complex I (GO:0045271),0.003246850553129576,0.07547986065466092,4,NDUFA5;NDUFA1;NDUFS1;NDUFV3
top300_raw,GO_Cellular_Component_2023,trans-Golgi Network (GO:0005802),0.0035942790787933773,0.07547986065466092,10,TGOLN2;SCAMP4;SCOC;PREPL;SYS1;YIPF2;CBY1;ARFIP2;COG1;ARFIP1
top300_raw,GO_Cellular_Component_2023,COPII-coated ER To Golgi Transport Vesicle (GO:0030134),0.005698381924945257,0.10769941838146535,5,SEC13;SLC30A5;USO1;ERGIC3;TMED4
top300_raw,GO_Cellular_Component_2023,Mitochondrial Outer Membrane (GO:0005741),0.007859077954589228,0.11866376910857183,7,CPT1A;PGRMC1;SAMM50;MTARC2;RMDN3;ACSL3;GALK2
top300_raw,GO_Cellular_Component_2023,Microbody Membrane (GO:0031903),0.00816205819265309,0.11866376910857183,4,PECR;DHRS7B;CAT;PEX2
top300_raw,GO_Cellular_Component_2023,Peroxisomal Membrane (GO:0005778),0.00816205819265309,0.11866376910857183,4,PECR;DHRS7B;CAT;PEX2
top300_raw,GO_Cellular_Component_2023,Primary Lysosome (GO:0005766),0.009320149734981171,0.1258220214222458,2,HEXA;STX7
top300_raw,GO_Cellular_Component_2023,Peroxisome (GO:0005777),0.013271585896241575,0.14900015837260447,6,PECR;GSTK1;DHRS7B;CAT;PEX2;NUDT12
top300_raw,GO_Cellular_Component_2023,COPI Vesicle Coat (GO:0030126),0.0134021306472713,0.14900015837260447,2,COPB1;COPZ1
top300_raw,GO_Cellular_Component_2023,Cul4A-RING E3 Ubiquitin Ligase Complex (GO:0031464),0.0134021306472713,0.14900015837260447,2,CUL4A;DDB1
top300_raw,GO_Cellular_Component_2023,Organelle Outer Membrane (GO:0031968),0.01443732600946492,0.15159192309938166,7,CPT1A;PGRMC1;SAMM50;MTARC2;RMDN3;ACSL3;GALK2
top300_raw,GO_Cellular_Component_2023,Cilium (GO:0005929),0.015898749703472465,0.1581507207345419,9,DYNC2LI1;RSPH4A;IFT22;KIF3B;TRAF3IP1;IFT27;BBIP1;RPGRIP1L;SPA17
top300_raw,GO_Cellular_Component_2023,trans-Golgi Network Membrane (GO:0032588),0.017407981172349315,0.16041675461512134,5,SCAMP4;SYS1;ARFIP2;COG1;ARFIP1
top300_raw,GO_Cellular_Component_2023,Vesicle Coat (GO:0030120),0.01782408384612459,0.16041675461512134,3,SEC13;COPB1;COPZ1
top300_raw,GO_Cellular_Component_2023,Intracellular Organelle Lumen (GO:0070013),0.019044432746459623,0.16360899041276677,21,GSTK1;MECR;ALAS1;GFM2;TXNRD2;GSR;JMJD8;MCAT;SUMF2;TGOLN2;ACLY;ACTR1B;ACP6;DNAJC10;CAT;DAG1;SUCLG2;IARS2;NDUFS1;DLAT;ACO2
top300_raw,GO_Cellular_Component_2023,Recycling Endosome Membrane (GO:0055038),0.020992761646213425,0.17250573700584076,4,SCAMP4;CMTM6;SLC39A4;RAB11B
top300_raw,GO_Cellular_Component_2023,COPI-coated Vesicle Membrane (GO:0030663),0.023426899175321262,0.1820033317413654,2,COPB1;COPZ1
top300_raw,GO_Cellular_Component_2023,Motile Cilium (GO:0031514),0.024074514780603892,0.1820033317413654,4,DYNC2LI1;RSPH4A;IFT27;SPA17
top300_raw,GO_Cellular_Component_2023,Recycling Endosome (GO:0055037),0.03300448666870301,0.23991723001480264,6,SCAMP4;CLCN4;STX7;CMTM6;SLC39A4;RAB11B
top300_raw,GO_Cellular_Component_2023,Microbody Lumen (GO:0031907),0.037096503664386445,0.2504013997346085,3,GSTK1;CAT;NUDT12
top300_raw,GO_Cellular_Component_2023,Peroxisomal Matrix (GO:0005782),0.037096503664386445,0.2504013997346085,3,GSTK1;CAT;NUDT12
top300_raw,GO_Cellular_Component_2023,Cytoplasmic Dynein Complex (GO:0005868),0.03903954786765581,0.2544301567926534,2,DYNC2LI1;SNX4
top300_raw,GO_Cellular_Component_2023,Specific Granule Membrane (GO:0035579),0.04652844311308809,0.29243810878241855,4,PGRMC1;CMTM6;MLEC;CYBA
top300_raw,GO_Cellular_Component_2023,ER To Golgi Transport Vesicle Membrane (GO:0012507),0.04951333058749944,0.29243810878241855,3,SEC13;SLC30A5;USO1
top300_raw,GO_Cellular_Component_2023,Coated Vesicle Membrane (GO:0030662),0.04951333058749944,0.29243810878241855,3,SEC13;SLC30A5;USO1
top300_raw,GO_Cellular_Component_2023,Golgi Membrane (GO:0000139),0.05820896037504439,0.3333785912388906,11,SLC35A2;APOO;UNC93B1;PGAP4;SLC30A5;COPB1;USO1;COG1;IFT27;ARFIP1;COPZ1
top300_raw,GO_Cellular_Component_2023,Transport Vesicle Membrane (GO:0030658),0.061207846248586634,0.34024361591126095,3,SEC13;SLC30A5;USO1
top300_raw,GO_Cellular_Component_2023,Mitochondrial Intermembrane Space (GO:0005758),0.0662142029420538,0.35755669588709055,3,AIFM1;COX17;NDUFS1
top300_raw,GO_Cellular_Component_2023,Cdc73/Paf1 Complex (GO:0016593),0.07279028186522928,0.3620358755928509,1,PEX2
top300_raw,GO_Cellular_Component_2023,Hrd1p Ubiquitin Ligase ERAD-L Complex (GO:0000839),0.07279028186522928,0.3620358755928509,1,RHBDD2
top300_raw,GO_Cellular_Component_2023,Sarcoglycan Complex (GO:0016012),0.07279028186522928,0.3620358755928509,1,SGCB
top300_raw,GO_Cellular_Component_2023,Golgi Stack (GO:0005795),0.07846140899157186,0.37939277341105376,2,TMBIM4;USO1
top300_raw,GO_Cellular_Component_2023,Organelle Envelope Lumen (GO:0031970),0.08230213603096934,0.37939277341105376,3,AIFM1;COX17;NDUFS1
top300_raw,GO_Cellular_Component_2023,Spindle Microtubule (GO:0005876),0.08230213603096934,0.37939277341105376,3,KIF3B;RMDN3;CALM2
top300_raw,GO_Cellular_Component_2023,NURF Complex (GO:0016589),0.0867018798458083,0.3810850067641341,1,RBBP7
top300_raw,GO_Cellular_Component_2023,Dystroglycan Complex (GO:0016011),0.0867018798458083,0.3810850067641341,1,SGCB
top300_raw,GO_Cellular_Component_2023,Cul4-RING E3 Ubiquitin Ligase Complex (GO:0080008),0.09661480458347134,0.38727812289942987,2,CUL4A;DDB1
top300_raw,GO_Cellular_Component_2023,ESC/E(Z) Complex (GO:0035098),0.10040543927022255,0.38727812289942987,1,RBBP7
top300_raw,GO_Cellular_Component_2023,Hrd1p Ubiquitin Ligase Complex (GO:0000836),0.10040543927022255,0.38727812289942987,1,RHBDD2
top300_raw,GO_Cellular_Component_2023,Serine C-palmitoyltransferase Complex (GO:0017059),0.10040543927022255,0.38727812289942987,1,SPTLC2
top300_raw,GO_Cellular_Component_2023,Spectrin-Associated Cytoskeleton (GO:0014731),0.10040543927022255,0.38727812289942987,1,DMTN
top300_raw,GO_Cellular_Component_2023,Death-Inducing Signaling Complex (GO:0031264),0.10040543927022255,0.38727812289942987,1,FADD
top300_raw,GO_Cellular_Component_2023,9+0 Non-Motile Cilium (GO:0097731),0.1139040603715798,0.41299507334024127,1,IFTAP
top300_raw,GO_Cellular_Component_2023,Golgi Trans Cisterna (GO:0000138),0.1139040603715798,0.41299507334024127,1,YIPF2
top300_raw,GO_Cellular_Component_2023,Platelet Dense Tubular Network Membrane (GO:0031095),0.1139040603715798,0.41299507334024127,1,DMTN
top300_raw,GO_Cellular_Component_2023,Keratin Filament (GO:0045095),0.11581343326472375,0.41299507334024127,2,KRT18;KRT8
top300_raw,GO_Cellular_Component_2023,Secretory Granule Membrane (GO:0030667),0.12780127503073865,0.4416466138322573,7,PGRMC1;SLC30A5;COPB1;CMTM6;MLEC;CYBA;CYB561
top300_raw,GO_Cellular_Component_2023,Golgi Medial Cisterna (GO:0005797),0.1402986599880225,0.4416466138322573,1,YIPF2
top300_raw,GO_Cellular_Component_2023,Neuron To Neuron Synapse (GO:0098984),0.1402986599880225,0.4416466138322573,1,SLC39A3
top300_raw,GO_Cellular_Component_2023,Nuclear Inclusion Body (GO:0042405),0.1402986599880225,0.4416466138322573,1,RANBP2
top300_raw,GO_Cellular_Component_2023,Platelet Dense Tubular Network (GO:0031094),0.1402986599880225,0.4416466138322573,1,DMTN
top300_raw,GO_Cellular_Component_2023,"Preribosome, Small Subunit Precursor (GO:0030688)",0.1402986599880225,0.4416466138322573,1,UTP20
top300_raw,GO_Cellular_Component_2023,Vesicle (GO:0031982),0.143032539391275,0.4416466138322573,6,SLC12A2;KIF9;ANXA4;STX7;CALM2;CYB561D2
top300_raw,GO_Cellular_Component_2023,Microtubule (GO:0005874),0.14612681446617254,0.4416466138322573,5,KIF9;KIF3B;RMDN3;KIF21A;CALM2
top300_raw,GO_Cellular_Component_2023,Basement Membrane (GO:0005604),0.15138233577827764,0.4416466138322573,2,DAG1;ANG
top300_raw,GO_Cellular_Component_2023,Early Phagosome (GO:0032009),0.15320061211632643,0.4416466138322573,1,UNC93B1
top300_raw,GO_Cellular_Component_2023,Golgi-associated Vesicle (GO:0005798),0.15662763631944016,0.4416466138322573,2,TGOLN2;COPB1
top300_raw,GO_Cellular_Component_2023,90S Preribosome (GO:0030686),0.16590957450841412,0.4416466138322573,1,UTP20
top300_raw,GO_Cellular_Component_2023,MIB Complex (GO:0140275),0.16590957450841412,0.4416466138322573,1,SAMM50
top300_raw,GO_Cellular_Component_2023,SAM Complex (GO:0001401),0.16590957450841412,0.4416466138322573,1,SAMM50
top300_raw,GO_Cellular_Component_2023,SUMO Ligase Complex (GO:0106068),0.16590957450841412,0.4416466138322573,1,RANBP2
top300_raw,GO_Cellular_Component_2023,Swr1 Complex (GO:0000812),0.16590957450841412,0.4416466138322573,1,ZNHIT1
top300_raw,GO_Cellular_Component_2023,Podosome (GO:0002102),0.16590957450841412,0.4416466138322573,1,KIF9
top300_raw,GO_Cellular_Component_2023,Clathrin Coat Of Coated Pit (GO:0030132),0.16590957450841412,0.4416466138322573,1,EPS15L1
top300_raw,GO_Cellular_Component_2023,ISWI-type Complex (GO:0031010),0.17842842428567599,0.46837461374989947,1,RBBP7
top300_raw,GO_Cellular_Component_2023,Sarcolemma (GO:0042383),0.18332100652695532,0.4746256196382816,2,SGCB;DAG1
top300_raw,GO_Cellular_Component_2023,Phagocytic Vesicle (GO:0045335),0.18986801084752547,0.48071518962846393,3,UNC93B1;CYBA;RAB11B
top300_raw,GO_Cellular_Component_2023,RSC-type Complex (GO:0016586),0.19075999588431108,0.48071518962846393,1,PBRM1
top300_raw,GO_Cellular_Component_2023,COPII Vesicle Coat (GO:0030127),0.20290708162909607,0.4878232961810635,1,SEC13
top300_raw,GO_Cellular_Component_2023,trans-Golgi Network Transport Vesicle (GO:0030140),0.20290708162909607,0.4878232961810635,1,TGOLN2
top300_raw,GO_Cellular_Component_2023,Azurophil Granule (GO:0042582),0.2041464608869168,0.4878232961810635,4,ACLY;STX7;HEXA;CMTM6
top300_raw,GO_Cellular_Component_2023,Spindle (GO:0005819),0.20859242703326714,0.4878232961810635,5,KIF3B;RMDN3;PYCR3;TMEM9;CALM2
top300_raw,GO_Cellular_Component_2023,Polymeric Cytoskeletal Fiber (GO:0099513),0.2086765348788782,0.4878232961810635,6,KIF9;DMTN;KRT18;KIF3B;KRT8;KIF21A
top300_raw,GO_Cellular_Component_2023,Cell Projection Membrane (GO:0031253),0.2090671269347415,0.4878232961810635,3,SLC12A2;DMTN;BBIP1
top300_raw,GO_Cellular_Component_2023,Clathrin Coat (GO:0030118),0.21487243237698472,0.49331921638302395,1,EPS15L1
top300_raw,GO_Cellular_Component_2023,Specific Granule (GO:0042581),0.2166428304750846,0.49331921638302395,4,PGRMC1;CMTM6;MLEC;CYBA
top300_raw,GO_Cellular_Component_2023,Lysosome (GO:0005764),0.22530027658314697,0.49924068299070534,10,TOM1L1;SEC13;CLCN4;UNC93B1;GNA11;HEXA;STX7;OCIAD1;TMEM9;CYB561
top300_raw,GO_Cellular_Component_2023,Transcription Factor TFTC Complex (GO:0033276),0.22665875807778754,0.49924068299070534,1,TAF6
top300_raw,GO_Cellular_Component_2023,Sperm Flagellum (GO:0036126),0.2271677181862469,0.49924068299070534,2,KIF9;IFT27
top300_raw,GO_Cellular_Component_2023,Caveola (GO:0005901),0.23825924233580636,0.5175976643846828,2,CAVIN3;PLPP2
top300_raw,GO_Cellular_Component_2023,Lytic Vacuole (GO:0000323),0.2440320320101656,0.5241142505672876,5,TOM1L1;UNC93B1;STX7;OCIAD1;TMEM9
top300_raw,GO_Cellular_Component_2023,Bounding Membrane Of Organelle (GO:0098588),0.24964173664455683,0.5243804444330632,15,SLC35A2;DMTN;UNC93B1;PGAP4;SLC30A5;COPB1;USO1;COG1;BBIP1;COPZ1;APOO;CLCN4;ERBB2;IFT27;ARFIP1
top300_raw,GO_Cellular_Component_2023,Multivesicular Body Membrane (GO:0032585),0.24970497353955387,0.5243804444330632,1,TMEM9
top300_raw,GO_Cellular_Component_2023,Basolateral Plasma Membrane (GO:0016323),0.2552622366262933,0.5291663328896145,4,MARVELD2;EPCAM;ERBB2;SLC4A2
top300_raw,GO_Cellular_Component_2023,Anaphase-Promoting Complex (GO:0005680),0.260970084253525,0.5291663328896145,1,ANAPC2
top300_raw,GO_Cellular_Component_2023,Lytic Vacuole Membrane (GO:0098852),0.26242298243680473,0.5291663328896145,6,SEC13;CLCN4;GNA11;STX7;TMEM9;CYB561
top300_raw,GO_Cellular_Component_2023,cullin-RING Ubiquitin Ligase Complex (GO:0031461),0.2651352246937485,0.5291663328896145,4,DDB1;CUL4A;FBXO25;ANAPC2
top300_raw,GO_Cellular_Component_2023,Mitochondrial Outer Membrane Translocase Complex (GO:0005742),0.2720666130435107,0.5291663328896145,1,SAMM50
top300_raw,GO_Cellular_Component_2023,Sin3 Complex (GO:0016580),0.2720666130435107,0.5291663328896145,1,RBBP7
top300_raw,GO_Cellular_Component_2023,Sin3-type Complex (GO:0070822),0.2720666130435107,0.5291663328896145,1,RBBP7
top300_raw,GO_Cellular_Component_2023,Intermediate Filament (GO:0005882),0.2772169506771702,0.5291663328896145,2,KRT18;KRT8
top300_raw,GO_Cellular_Component_2023,Vesicle Membrane (GO:0012506),0.2772169506771702,0.5291663328896145,2,SLC12A2;ANXA4
top300_raw,GO_Cellular_Component_2023,Ficolin-1-Rich Granule Lumen (GO:1904813),0.28099116233175225,0.5291663328896145,3,ACLY;ACTR1B;CAT
top300_raw,GO_Cellular_Component_2023,9+2 Motile Cilium (GO:0097729),0.28278200858122254,0.5291663328896145,2,KIF9;IFT27
top300_raw,GO_Cellular_Component_2023,Lysosomal Membrane (GO:0005765),0.28730060299902277,0.5310935164042578,7,SEC13;CLCN4;GNA11;STX7;CMTM6;TMEM9;CYB561
top300_raw,GO_Cellular_Component_2023,Cytoskeleton (GO:0005856),0.2894319163472939,0.5310935164042578,11,SLC30A9;PREPL;ACTR1B;DMTN;KIF3B;KRT8;PARVA;ANG;TMEM9;ADD3;ENKD1
top300_raw,GO_Cellular_Component_2023,Tertiary Granule Membrane (GO:0070821),0.29389969797908866,0.5333061460955419,2,COPB1;CYBA
top300_raw,GO_Cellular_Component_2023,Ficolin-1-Rich Granule (GO:0101002),0.2985021426170186,0.5333061460955419,4,ACLY;ACTR1B;COPB1;CAT
top300_raw,GO_Cellular_Component_2023,Endosome Membrane (GO:0010008),0.29910291791601823,0.5333061460955419,7,SCAMP4;SNX4;CLCN4;CMTM6;ERBB2;SLC39A4;RAB11B
top300_raw,GO_Cellular_Component_2023,Early Endosome (GO:0005769),0.31402474867060975,0.5458747268701263,6,SNX4;CLCN4;SNX27;STX7;CMTM6;PLPP2
top300_raw,GO_Cellular_Component_2023,INO80-type Complex (GO:0097346),0.31481664142245375,0.5458747268701263,1,ZNHIT1
top300_raw,GO_Cellular_Component_2023,U2 snRNP (GO:0005686),0.31481664142245375,0.5458747268701263,1,SF3B2
top300_raw,GO_Cellular_Component_2023,Golgi Cis Cisterna (GO:0000137),0.32510723861692825,0.5585933463509041,1,SLC30A5
top300_raw,GO_Cellular_Component_2023,Coated Vesicle (GO:0030135),0.33256895940929876,0.5657238975729136,2,ERGIC3;TMED4
top300_raw,GO_Cellular_Component_2023,Golgi Cisterna Membrane (GO:0032580),0.3352437911543192,0.5657238975729136,1,SLC30A5
top300_raw,GO_Cellular_Component_2023,Intermediate Filament Cytoskeleton (GO:0045111),0.343515932070971,0.5673756946784617,2,KRT18;KRT8
top300_raw,GO_Cellular_Component_2023,Bicellular Tight Junction (GO:0005923),0.343515932070971,0.5673756946784617,2,MARVELD2;EPCAM
top300_raw,GO_Cellular_Component_2023,U12-type Spliceosomal Complex (GO:0005689),0.3452285972911275,0.5673756946784617,1,SF3B2
top300_raw,GO_Cellular_Component_2023,Plasma Membrane Raft (GO:0044853),0.34896811921882614,0.5685773666582599,2,CAVIN3;PLPP2
top300_raw,GO_Cellular_Component_2023,SWI/SNF Complex (GO:0016514),0.3550639213306991,0.5735647959957447,1,PBRM1
top300_raw,GO_Cellular_Component_2023,MLL1 Complex (GO:0071339),0.36475199366430366,0.5793119899374234,1,TAF6
top300_raw,GO_Cellular_Component_2023,Non-Motile Cilium (GO:0097730),0.36475199366430366,0.5793119899374234,1,IFTAP
top300_raw,GO_Cellular_Component_2023,MLL1/2 Complex (GO:0044665),0.37429501168799834,0.5846426215622453,1,TAF6
top300_raw,GO_Cellular_Component_2023,Nuclear Inner Membrane (GO:0005637),0.37429501168799834,0.5846426215622453,1,TMX4
top300_raw,GO_Cellular_Component_2023,Microtubule Cytoskeleton (GO:0015630),0.40717730586598183,0.6265859132818782,6,KIF9;ACTR1B;KIF3B;KIF21A;TMEM9;ENKD1
top300_raw,GO_Cellular_Component_2023,Tight Junction (GO:0070160),0.4077781340405874,0.6265859132818782,2,MARVELD2;EPCAM
top300_raw,GO_Cellular_Component_2023,Nuclear Chromosome (GO:0000228),0.41820285070969054,0.6374220869688025,2,PBRM1;ZNHIT1
top300_raw,GO_Cellular_Component_2023,Endoplasmic Reticulum Lumen (GO:0005788),0.42253797489490624,0.6388774180410982,5,TGOLN2;DNAJC10;DAG1;JMJD8;SUMF2
top300_raw,GO_Cellular_Component_2023,SAGA-type Complex (GO:0070461),0.43721245161274186,0.6487919847116553,1,TAF6
top300_raw,GO_Cellular_Component_2023,Ciliary Membrane (GO:0060170),0.43721245161274186,0.6487919847116553,1,BBIP1
top300_raw,GO_Cellular_Component_2023,Tertiary Granule (GO:0070820),0.4393935134555126,0.6487919847116553,3,COPB1;STX7;CYBA
top300_raw,GO_Cellular_Component_2023,Nuclear Membrane (GO:0031965),0.4438913827643108,0.6503524910267808,4,RANBP2;TMX4;ANXA4;AK9
top300_raw,GO_Cellular_Component_2023,Transcription Factor TFIID Complex (GO:0005669),0.4702913004579676,0.6835405411378229,1,TAF6
top300_raw,GO_Cellular_Component_2023,Apical Junction Complex (GO:0043296),0.47377677719076616,0.6835405411378229,2,MARVELD2;EPCAM
top300_raw,GO_Cellular_Component_2023,Phagocytic Vesicle Membrane (GO:0030670),0.4938222034751897,0.7070636095212943,1,CYBA
top300_raw,GO_Cellular_Component_2023,Cytoplasmic Vesicle Lumen (GO:0060205),0.5167960074018686,0.7276276323834107,2,ACTR1B;CAT
top300_raw,GO_Cellular_Component_2023,Early Endosome Membrane (GO:0031901),0.5214305713745552,0.7276276323834107,2,SNX4;CMTM6
top300_raw,GO_Cellular_Component_2023,Heterochromatin (GO:0000792),0.5235839047838299,0.7276276323834107,1,GET1
top300_raw,GO_Cellular_Component_2023,U2-type Precatalytic Spliceosome (GO:0071005),0.5235839047838299,0.7276276323834107,1,SF3B2
top300_raw,GO_Cellular_Component_2023,Multivesicular Body (GO:0005771),0.5307476794848257,0.7321993534498691,1,TMEM9
top300_raw,GO_Cellular_Component_2023,Golgi Cisterna (GO:0031985),0.5378040872105058,0.7365577716143884,1,YIPF2
top300_raw,GO_Cellular_Component_2023,Precatalytic Spliceosome (GO:0071011),0.5447547318030103,0.7407096713004959,1,SF3B2
top300_raw,GO_Cellular_Component_2023,Cation Channel Complex (GO:0034703),0.551601193393437,0.74466161108114,1,CALM2
top300_raw,GO_Cellular_Component_2023,Spliceosomal snRNP Complex (GO:0097525),0.577975991963602,0.7569350577378084,1,SF3B2
top300_raw,GO_Cellular_Component_2023,Extracellular Membrane-Bounded Organelle (GO:0065010),0.577975991963602,0.7569350577378084,1,SLC12A2
top300_raw,GO_Cellular_Component_2023,Azurophil Granule Membrane (GO:0035577),0.5843244263695815,0.7569350577378084,1,CMTM6
top300_raw,GO_Cellular_Component_2023,Calcium Channel Complex (GO:0034704),0.5905776755763663,0.7569350577378084,1,CALM2
top300_raw,GO_Cellular_Component_2023,Asymmetric Synapse (GO:0032279),0.5955721839645514,0.7569350577378084,2,RTN3;ADD3
top300_raw,GO_Cellular_Component_2023,Serine/Threonine Protein Kinase Complex (GO:1902554),0.5967371619202828,0.7569350577378084,1,AZI2
top300_raw,GO_Cellular_Component_2023,Extracellular Vesicle (GO:1903561),0.5967371619202828,0.7569350577378084,1,SLC12A2
top300_raw,GO_Cellular_Component_2023,Ficolin-1-Rich Granule Membrane (GO:0101003),0.5967371619202828,0.7569350577378084,1,COPB1
top300_raw,GO_Cellular_Component_2023,Filopodium (GO:0030175),0.5967371619202828,0.7569350577378084,1,DAG1
top300_raw,GO_Cellular_Component_2023,SCF Ubiquitin Ligase Complex (GO:0019005),0.6028042868087103,0.7595334013789751,1,FBXO25
top300_raw,GO_Cellular_Component_2023,Acrosomal Vesicle (GO:0001669),0.6204651939509158,0.7766087526935304,1,TRIM36
top300_raw,GO_Cellular_Component_2023,Mitotic Spindle (GO:0072686),0.6350171975695091,0.7895937522410345,2,PYCR3;TMEM9
top300_raw,GO_Cellular_Component_2023,Clathrin-Coated Endocytic Vesicle Membrane (GO:0030669),0.6428014394460059,0.7940488369627132,1,TGOLN2
top300_raw,GO_Cellular_Component_2023,Actin Filament (GO:0005884),0.6586893993515058,0.8083915355677572,1,DMTN
top300_raw,GO_Cellular_Component_2023,Postsynaptic Density (GO:0014069),0.6643616518518638,0.8100925948387242,2,RTN3;ADD3
top300_raw,GO_Cellular_Component_2023,Small-Subunit Processome (GO:0032040),0.6688880670783717,0.8103836197295656,1,UTP20
top300_raw,GO_Cellular_Component_2023,Cytoplasmic Stress Granule (GO:0010494),0.6836193445089016,0.8143384518138772,1,LARP1B
top300_raw,GO_Cellular_Component_2023,Extrinsic Component Of Cytoplasmic Side Of Plasma Membrane (GO:0031234),0.6883831360336448,0.8143384518138772,1,GNA11
top300_raw,GO_Cellular_Component_2023,Endocytic Vesicle Membrane (GO:0030666),0.6917819332321454,0.8143384518138772,2,TGOLN2;CYBA
top300_raw,GO_Cellular_Component_2023,Clathrin-Coated Vesicle (GO:0030136),0.6930754335082961,0.8143384518138772,1,TGOLN2
top300_raw,GO_Cellular_Component_2023,Cytoplasmic Vesicle Membrane (GO:0030659),0.6967464807216004,0.8143384518138772,5,SLC12A2;CLCN4;SLC30A5;COPB1;ERBB2
top300_raw,GO_Cellular_Component_2023,Vacuolar Lumen (GO:0005775),0.698342634612667,0.8143384518138772,2,ACLY;HEXA
top300_raw,GO_Cellular_Component_2023,Chromosome (GO:0005694),0.7079668881980159,0.8143384518138772,2,REPIN1;PBRM1
top300_raw,GO_Cellular_Component_2023,Lipid Droplet (GO:0005811),0.7111508340765168,0.8143384518138772,1,ACSL3
top300_raw,GO_Cellular_Component_2023,Actin-Based Cell Projection (GO:0098858),0.7197866289844316,0.8143384518138772,1,DAG1
top300_raw,GO_Cellular_Component_2023,Late Endosome Membrane (GO:0031902),0.724007535872232,0.8143384518138772,1,TMEM9
top300_raw,GO_Cellular_Component_2023,Clathrin-Coated Endocytic Vesicle (GO:0045334),0.724007535872232,0.8143384518138772,1,TGOLN2
top300_raw,GO_Cellular_Component_2023,Actin Cytoskeleton (GO:0015629),0.7257605536244102,0.8143384518138772,4,KIF9;DMTN;PARVA;ANG
top300_raw,GO_Cellular_Component_2023,Lysosomal Lumen (GO:0043202),0.7281650706695516,0.8143384518138772,1,HEXA
top300_raw,GO_Cellular_Component_2023,Nuclear Lumen (GO:0031981),0.7373743253888819,0.8177329443315177,10,GON7;SELENBP1;PBRM1;CPT2;SLC30A5;FBXO25;ARFIP2;UTP20;ANG;NUDT16
top300_raw,GO_Cellular_Component_2023,U2-type Spliceosomal Complex (GO:0005684),0.7441802456350319,0.8177329443315177,1,SF3B2
top300_raw,GO_Cellular_Component_2023,Clathrin-Coated Vesicle Membrane (GO:0030665),0.7441802456350319,0.8177329443315177,1,TGOLN2
top300_raw,GO_Cellular_Component_2023,Golgi Lumen (GO:0005796),0.7802227102911928,0.8523820360984707,1,DAG1
top300_raw,GO_Cellular_Component_2023,Endocytic Vesicle (GO:0030139),0.795456005782021,0.860729380795272,2,STX7;RAB11B
top300_raw,GO_Cellular_Component_2023,Intracellular Non-Membrane-Bounded Organelle (GO:0043232),0.796971648884511,0.860729380795272,15,SLC30A9;SLC30A5;FBXO25;ACSL3;ADD3;GON7;SELENBP1;REPIN1;KIF9;PREPL;CPT2;ARFIP2;UTP20;ANG;NUDT16
top300_raw,GO_Cellular_Component_2023,Late Endosome (GO:0005770),0.8155041900169905,0.8752678696055733,2,STX7;TMEM9
top300_raw,GO_Cellular_Component_2023,Nucleolus (GO:0005730),0.8216282338626146,0.8752678696055733,9,GON7;SELENBP1;CPT2;SLC30A5;FBXO25;ARFIP2;UTP20;ANG;NUDT16
top300_raw,GO_Cellular_Component_2023,Intracellular Membrane-Bounded Organelle (GO:0043231),0.8277745376808147,0.8752678696055733,71,DPAGT1;PYROXD1;JPT2;MAGEF1;HEXA;C11ORF71;HDLBP;FBXO25;CBY1;LARP1B;NFU1;BABAM2;ALKBH5;HINT3;AIFM1;DAG1;GET1;DLAT;NUDT16;NUDT12;SEC13;PBRM1;SLC30A9;ENDOG;TIGD4;ANXA4;KRT8;PEX2;JMJD8;GON7;DDB1;UGDH;POR;NEIL2;CAT;TMBIM6;ANG;TMEM9;ZMYND11;HOXB7;CDKL1;SF3B2;C11ORF54;L3MBTL2;GPS1;COPB1;DPCD;AK9;DHX30;CFAP298;ZNHIT1;TKFC;SNX27;PTPMT1;ERBB2;SCAND1;RBBP7;RANBP2;CPSF1;GOT1;RITA1;RFXANK;CFAP157;AZIN1;NR2F6;CUL4A;PPP5C;CLCN4;NDUFAF3;TAF6;CALM2
top300_raw,GO_Cellular_Component_2023,Cell-Cell Junction (GO:0005911),0.8289574003142731,0.8752678696055733,3,KRT18;MARVELD2;RPGRIP1L
top300_raw,GO_Cellular_Component_2023,Focal Adhesion (GO:0005925),0.8352746509613452,0.8770383835094125,4,CAT;DAG1;PARVA;SLC4A2
top300_raw,GO_Cellular_Component_2023,Cell-Substrate Junction (GO:0030055),0.8466958978203216,0.8799889096583023,4,CAT;DAG1;PARVA;SLC4A2
top300_raw,GO_Cellular_Component_2023,Cytoplasmic Side Of Plasma Membrane (GO:0009898),0.8473967278191059,0.8799889096583023,1,FADD
top300_raw,GO_Cellular_Component_2023,Secretory Granule Lumen (GO:0034774),0.8558183921470417,0.8838780115616989,3,ACLY;ACTR1B;CAT
top300_raw,GO_Cellular_Component_2023,Adherens Junction (GO:0005912),0.8972630681449661,0.921645216735862,1,KRT18
top300_raw,GO_Cellular_Component_2023,Nucleus (GO:0005634),0.9160969042926759,0.9329576350447965,58,PYROXD1;JPT2;MAGEF1;C11ORF71;HDLBP;FBXO25;CBY1;LARP1B;NFU1;BABAM2;ALKBH5;HINT3;AIFM1;GET1;NUDT16;NUDT12;PBRM1;SLC30A9;ENDOG;TIGD4;ANXA4;KRT8;JMJD8;GON7;DDB1;UGDH;NEIL2;TMBIM6;ANG;ZMYND11;HOXB7;CDKL1;SF3B2;C11ORF54;L3MBTL2;GPS1;DPCD;AK9;DHX30;CFAP298;ZNHIT1;TKFC;PTPMT1;ERBB2;SCAND1;RBBP7;RANBP2;CPSF1;GOT1;RITA1;RFXANK;AZIN1;NR2F6;CUL4A;PPP5C;NDUFAF3;TAF6;CALM2
top300_raw,GO_Cellular_Component_2023,Collagen-Containing Extracellular Matrix (GO:0062023),0.9208252739182174,0.9329576350447965,3,ANXA4;DAG1;ANG
top300_raw,GO_Cellular_Component_2023,Membrane Raft (GO:0045121),0.9230850674781849,0.9329576350447965,1,ERLIN2
top300_raw,GO_Cellular_Component_2023,Neuron Projection (GO:0043005),0.9693069474831747,0.9744628355017021,4,SLC12A2;RTN3;PGRMC1;KIF3B
top300_raw,GO_Cellular_Component_2023,Dendrite (GO:0030425),0.9835668580586733,0.9835668580586733,1,KIF3B
top300_raw,KEGG_2021_Human,Glycosylphosphatidylinositol (GPI)-anchor biosynthesis,0.0005716665442293914,0.06133746635317785,4,PIGU;PIGT;PIGO;PIGP
top300_raw,KEGG_2021_Human,N-Glycan biosynthesis,0.0008957269205494731,0.06133746635317785,5,DPAGT1;DPM3;DAD1;RPN1;ALG1
top300_raw,KEGG_2021_Human,Citrate cycle (TCA cycle),0.000999699759624912,0.06133746635317785,4,ACLY;SUCLG2;DLAT;ACO2
top300_raw,KEGG_2021_Human,Protein processing in endoplasmic reticulum,0.0011411621647102856,0.06133746635317785,9,TRAM1;SEC13;DAD1;EIF2AK1;RPN1;EDEM2;DNAJC10;SIL1;SEC63
top300_raw,KEGG_2021_Human,Peroxisome,0.0014602415860666725,0.06279038820086692,6,PECR;GSTK1;CAT;PEX2;ACSL3;NUDT12
top300_raw,KEGG_2021_Human,Fatty acid biosynthesis,0.0023070822755971113,0.07365211352420821,3,MECR;ACSL3;MCAT
top300_raw,KEGG_2021_Human,Various types of N-glycan biosynthesis,0.0026995517849817082,0.07365211352420821,4,DAD1;HEXA;RPN1;ALG1
top300_raw,KEGG_2021_Human,Thermogenesis,0.0027405437590403057,0.07365211352420821,10,CPT1A;CPT2;NDUFA5;COX17;NDUFA1;NDUFAF3;COX14;NDUFS1;ACSL3;NDUFV3
top300_raw,KEGG_2021_Human,Diabetic cardiomyopathy,0.011788331024052818,0.28161013001903956,8,CPT2;NDUFA5;GSR;NDUFA1;CYBA;NDUFS1;NDUFV3;SLC25A4
top300_raw,KEGG_2021_Human,Fatty acid degradation,0.026518472399503085,0.5701471565893164,3,CPT1A;CPT2;ACSL3
top300_raw,KEGG_2021_Human,Nucleotide excision repair,0.03336313092441845,0.5995439553700427,3,CUL4A;DDB1;CETN2
top300_raw,KEGG_2021_Human,Amino sugar and nucleotide sugar metabolism,0.03520409402016418,0.5995439553700427,3,UGDH;UXS1;HEXA
top300_raw,KEGG_2021_Human,Ether lipid metabolism,0.037096503664386445,0.5995439553700427,3,PLA2G12A;PLPP2;PAFAH2
top300_raw,KEGG_2021_Human,Arginine and proline metabolism,0.0390400715124679,0.5995439553700427,3,GOT1;PYCR3;ALDH18A1
top300_raw,KEGG_2021_Human,Arginine biosynthesis,0.04252695578138395,0.6095530328665033,2,GOT1;ASL
top300_raw,KEGG_2021_Human,Protein export,0.0461259345762886,0.6198172458688781,2,SPCS1;SEC63
top300_raw,KEGG_2021_Human,Oxidative phosphorylation,0.05024713788101834,0.6275473708812895,5,NDUFA5;COX17;NDUFA1;NDUFS1;NDUFV3
top300_raw,KEGG_2021_Human,Alzheimer disease,0.05253884965517772,0.6275473708812895,10,RTN3;NDUFA5;LRP5;NDUFA1;FZD8;NDUFS1;FADD;NDUFV3;CALM2;SLC25A4
top300_raw,KEGG_2021_Human,Fatty acid elongation,0.06155686299926461,0.6965645023600996,2,MECR;HSD17B12
top300_raw,KEGG_2021_Human,Glyoxylate and dicarboxylate metabolism,0.0741097879019695,0.7277335245670038,2,CAT;ACO2
top300_raw,KEGG_2021_Human,Aminoacyl-tRNA biosynthesis,0.07676608203489829,0.7277335245670038,3,AARS1;IARS2;CARS2
top300_raw,KEGG_2021_Human,Adipocytokine signaling pathway,0.08513302974680617,0.7277335245670038,3,CPT1A;G6PC3;ACSL3
top300_raw,KEGG_2021_Human,"Phenylalanine, tyrosine and tryptophan biosynthesis",0.0867018798458083,0.7277335245670038,1,GOT1
top300_raw,KEGG_2021_Human,Vitamin B6 metabolism,0.0867018798458083,0.7277335245670038,1,PNPO
top300_raw,KEGG_2021_Human,Fructose and mannose metabolism,0.08739520185411868,0.7277335245670038,2,TKFC;ENOSF1
top300_raw,KEGG_2021_Human,RIG-I-like receptor signaling pathway,0.08800498436624231,0.7277335245670038,3,TKFC;FADD;AZI2
top300_raw,KEGG_2021_Human,Amyotrophic lateral sclerosis,0.09872922472816911,0.7603504512855536,9,RANBP2;SEC13;ACTR1B;NDUFA5;CAT;NDUFA1;NDUFS1;ANG;NDUFV3
top300_raw,KEGG_2021_Human,PPAR signaling pathway,0.09989032499822013,0.7603504512855536,3,CPT1A;CPT2;ACSL3
top300_raw,KEGG_2021_Human,Pathways of neurodegeneration,0.10341440137838527,0.7603504512855536,11,ACTR1B;NDUFA5;CAT;LRP5;NDUFA1;FZD8;NDUFS1;FADD;NDUFV3;CALM2;SLC25A4
top300_raw,KEGG_2021_Human,"Alanine, aspartate and glutamate metabolism",0.10609541180728654,0.7603504512855536,2,GOT1;ASL
top300_raw,KEGG_2021_Human,"Glycine, serine and threonine metabolism",0.12075442226820902,0.8374903479891916,2,SRR;ALAS1
top300_raw,KEGG_2021_Human,Homologous recombination,0.12574644373668795,0.8448589188558722,2,BABAM2;BRCC3
top300_raw,KEGG_2021_Human,Fat digestion and absorption,0.13587313502051848,0.8661597264852361,2,PLA2G12A;PLPP2
top300_raw,KEGG_2021_Human,Sulfur metabolism,0.1402986599880225,0.8661597264852361,1,SELENBP1
top300_raw,KEGG_2021_Human,Vasopressin-regulated water reabsorption,0.14100274617201516,0.8661597264852361,2,DYNC2LI1;RAB11B
top300_raw,KEGG_2021_Human,Ubiquinone and other terpenoid-quinone biosynthesis,0.15320061211632643,0.8744588879844214,1,COQ6
top300_raw,KEGG_2021_Human,Carbohydrate digestion and absorption,0.15662763631944016,0.8744588879844214,2,G6PC3;SLC37A4
top300_raw,KEGG_2021_Human,Pyruvate metabolism,0.15662763631944016,0.8744588879844214,2,DLAT;HAGH
top300_raw,KEGG_2021_Human,Salivary secretion,0.16383172003194202,0.8744588879844214,3,SLC12A2;SLC4A2;CALM2
top300_raw,KEGG_2021_Human,Sphingolipid metabolism,0.1672180071576185,0.8744588879844214,2,SPTLC2;PLPP2
top300_raw,KEGG_2021_Human,Parkinson disease,0.17238596851878668,0.8744588879844214,6,NDUFA5;NDUFA1;NDUFS1;NDUFV3;CALM2;SLC25A4
top300_raw,KEGG_2021_Human,Cysteine and methionine metabolism,0.17255875666095588,0.8744588879844214,2,AHCYL1;GOT1
top300_raw,KEGG_2021_Human,Phosphatidylinositol signaling system,0.1785783603880871,0.8744588879844214,3,ITPK1;CALM2;MTMR6
top300_raw,KEGG_2021_Human,Retrograde endocannabinoid signaling,0.1828291802602206,0.8744588879844214,4,NDUFA5;NDUFA1;NDUFS1;NDUFV3
top300_raw,KEGG_2021_Human,Fanconi anemia pathway,0.19417772653694718,0.8744588879844214,2,FANCF;CENPS
top300_raw,KEGG_2021_Human,Pancreatic secretion,0.19749355984124936,0.8744588879844214,3,SLC12A2;PLA2G12A;SLC4A2
top300_raw,KEGG_2021_Human,mTOR signaling pathway,0.20105650456009067,0.8744588879844214,4,SEC13;DEPTOR;LRP5;FZD8
top300_raw,KEGG_2021_Human,Thiamine metabolism,0.20290708162909607,0.8744588879844214,1,AK1
top300_raw,KEGG_2021_Human,Non-alcoholic fatty liver disease,0.2041464608869168,0.8744588879844214,4,NDUFA5;NDUFA1;NDUFS1;NDUFV3
top300_raw,KEGG_2021_Human,Glutathione metabolism,0.21060712827984118,0.8744588879844214,2,GSTK1;GSR
top300_raw,KEGG_2021_Human,Human immunodeficiency virus 1 infection,0.21393257942515537,0.8744588879844214,5,DDB1;CUL4A;GNA11;FADD;CALM2
top300_raw,KEGG_2021_Human,Glucagon signaling pathway,0.21686529928337947,0.8744588879844214,3,CPT1A;G6PC3;CALM2
top300_raw,KEGG_2021_Human,Phenylalanine metabolism,0.22665875807778754,0.8744588879844214,1,GOT1
top300_raw,KEGG_2021_Human,Selenocompound metabolism,0.22665875807778754,0.8744588879844214,1,TXNRD2
top300_raw,KEGG_2021_Human,Viral myocarditis,0.2271677181862469,0.8744588879844214,2,SGCB;DAG1
top300_raw,KEGG_2021_Human,Prion disease,0.22776603594012834,0.8744588879844214,6,NDUFA5;NDUFA1;CYBA;NDUFS1;NDUFV3;SLC25A4
top300_raw,KEGG_2021_Human,Glycerolipid metabolism,0.23270940156751915,0.8777635322283618,2,TKFC;PLPP2
top300_raw,KEGG_2021_Human,Other glycan degradation,0.23826872845166958,0.8832375278811889,1,HEXA
top300_raw,KEGG_2021_Human,Hepatocellular carcinoma,0.24546772295594937,0.894501024331002,4,PBRM1;TXNRD2;LRP5;FZD8
top300_raw,KEGG_2021_Human,Glycosaminoglycan degradation,0.24970497353955387,0.8947761551834014,1,HEXA
top300_raw,KEGG_2021_Human,Glycolysis / Gluconeogenesis,0.26608026617355224,0.9320966645644506,2,G6PC3;DLAT
top300_raw,KEGG_2021_Human,AMPK signaling pathway,0.2687906660604462,0.9320966645644506,3,CPT1A;G6PC3;RAB11B
top300_raw,KEGG_2021_Human,Mannose type O-glycan biosynthesis,0.2937639454320363,0.9660070070477891,1,POMGNT2
top300_raw,KEGG_2021_Human,Inositol phosphate metabolism,0.29945009242395,0.9660070070477891,2,ITPK1;MTMR6
top300_raw,KEGG_2021_Human,Purine metabolism,0.30552524808998327,0.9660070070477891,3,AK1;NUDT16;AK9
top300_raw,KEGG_2021_Human,Huntington disease,0.31140095588261135,0.9660070070477891,6,ACTR1B;NDUFA5;NDUFA1;NDUFS1;NDUFV3;SLC25A4
top300_raw,KEGG_2021_Human,FoxO signaling pathway,0.3137273217147594,0.9660070070477891,3,G6PC3;CAT;FBXO25
top300_raw,KEGG_2021_Human,alpha-Linolenic acid metabolism,0.31481664142245375,0.9660070070477891,1,PLA2G12A
top300_raw,KEGG_2021_Human,Gastric acid secretion,0.3160547646719879,0.9660070070477891,2,SLC4A2;CALM2
top300_raw,KEGG_2021_Human,Arrhythmogenic right ventricular cardiomyopathy,0.32157081198801113,0.9660070070477891,2,SGCB;DAG1
top300_raw,KEGG_2021_Human,Vascular smooth muscle contraction,0.32193472209378277,0.9660070070477891,3,PLA2G12A;GNA11;CALM2
top300_raw,KEGG_2021_Human,Biosynthesis of unsaturated fatty acids,0.3352437911543192,0.9660070070477891,1,HSD17B12
top300_raw,KEGG_2021_Human,Phototransduction,0.3452285972911275,0.9660070070477891,1,CALM2
top300_raw,KEGG_2021_Human,Ubiquitin mediated proteolysis,0.35064799972632443,0.9660070070477891,3,DDB1;CUL4A;ANAPC2
top300_raw,KEGG_2021_Human,Linoleic acid metabolism,0.3550639213306991,0.9660070070477891,1,PLA2G12A
top300_raw,KEGG_2021_Human,Apoptosis,0.35883334622551477,0.9660070070477891,3,ENDOG;AIFM1;FADD
top300_raw,KEGG_2021_Human,Ascorbate and aldarate metabolism,0.36475199366430366,0.9660070070477891,1,UGDH
top300_raw,KEGG_2021_Human,Pentose phosphate pathway,0.36475199366430366,0.9660070070477891,1,IDNK
top300_raw,KEGG_2021_Human,Galactose metabolism,0.37429501168799834,0.9660070070477891,1,G6PC3
top300_raw,KEGG_2021_Human,Breast cancer,0.37922639733458724,0.9660070070477891,3,ERBB2;LRP5;FZD8
top300_raw,KEGG_2021_Human,Gastric cancer,0.3873472157376039,0.9660070070477891,3,ERBB2;LRP5;FZD8
top300_raw,KEGG_2021_Human,Hypertrophic cardiomyopathy,0.39197471501949954,0.9660070070477891,2,SGCB;DAG1
top300_raw,KEGG_2021_Human,Base excision repair,0.39295451131227804,0.9660070070477891,1,NEIL2
top300_raw,KEGG_2021_Human,SNARE interactions in vesicular transport,0.39295451131227804,0.9660070070477891,1,STX7
top300_raw,KEGG_2021_Human,Pentose and glucuronate interconversions,0.40207522606830093,0.9660070070477891,1,UGDH
top300_raw,KEGG_2021_Human,Propanoate metabolism,0.40207522606830093,0.9660070070477891,1,SUCLG2
top300_raw,KEGG_2021_Human,GnRH signaling pathway,0.4077781340405874,0.9660070070477891,2,GNA11;CALM2
top300_raw,KEGG_2021_Human,Nicotinate and nicotinamide metabolism,0.411059353902692,0.9660070070477891,1,NUDT12
top300_raw,KEGG_2021_Human,Starch and sucrose metabolism,0.41990893351417485,0.9660070070477891,1,G6PC3
top300_raw,KEGG_2021_Human,Tyrosine metabolism,0.41990893351417485,0.9660070070477891,1,GOT1
top300_raw,KEGG_2021_Human,Dilated cardiomyopathy,0.4233804094192853,0.9660070070477891,2,SGCB;DAG1
top300_raw,KEGG_2021_Human,Necroptosis,0.4275162507564655,0.9660070070477891,3,AIFM1;FADD;SLC25A4
top300_raw,KEGG_2021_Human,Aldosterone synthesis and secretion,0.43366357687625945,0.9660070070477891,2,GNA11;CALM2
top300_raw,KEGG_2021_Human,Glycerophospholipid metabolism,0.43366357687625945,0.9660070070477891,2,PLA2G12A;PLPP2
top300_raw,KEGG_2021_Human,Primary immunodeficiency,0.43721245161274186,0.9660070070477891,1,RFXANK
top300_raw,KEGG_2021_Human,Melanogenesis,0.44890196894587076,0.9660070070477891,2,FZD8;CALM2
top300_raw,KEGG_2021_Human,Chagas disease,0.4539301352160741,0.9660070070477891,2,GNA11;FADD
top300_raw,KEGG_2021_Human,Wnt signaling pathway,0.4550816742030124,0.9660070070477891,3,CBY1;LRP5;FZD8
top300_raw,KEGG_2021_Human,cGMP-PKG signaling pathway,0.4589754503627852,0.9660070070477891,3,GNA11;CALM2;SLC25A4
top300_raw,KEGG_2021_Human,Bladder cancer,0.4622078647119825,0.9660070070477891,1,ERBB2
top300_raw,KEGG_2021_Human,Ferroptosis,0.4622078647119825,0.9660070070477891,1,ACSL3
top300_raw,KEGG_2021_Human,Tryptophan metabolism,0.4702913004579676,0.9660070070477891,1,CAT
top300_raw,KEGG_2021_Human,"Parathyroid hormone synthesis, secretion and action",0.47377677719076616,0.9660070070477891,2,GNA11;LRP5
top300_raw,KEGG_2021_Human,Porphyrin and chlorophyll metabolism,0.47825363444654867,0.9660070070477891,1,ALAS1
top300_raw,KEGG_2021_Human,Influenza A,0.4782622076040955,0.9660070070477891,3,FADD;SLC25A4;RAB11B
top300_raw,KEGG_2021_Human,Insulin resistance,0.4835360447891577,0.9660070070477891,2,CPT1A;G6PC3
top300_raw,KEGG_2021_Human,Calcium signaling pathway,0.4865018869641455,0.9660070070477891,4,GNA11;ERBB2;CALM2;SLC25A4
top300_raw,KEGG_2021_Human,Basal transcription factors,0.4938222034751897,0.9660070070477891,1,TAF6
top300_raw,KEGG_2021_Human,Glycosphingolipid biosynthesis,0.4938222034751897,0.9660070070477891,1,HEXA
top300_raw,KEGG_2021_Human,Tuberculosis,0.5084350855129163,0.9660070070477891,3,RFXANK;FADD;CALM2
top300_raw,KEGG_2021_Human,NOD-like receptor signaling pathway,0.512143048908402,0.9660070070477891,3,CYBA;BRCC3;FADD
top300_raw,KEGG_2021_Human,Vibrio cholerae infection,0.5307476794848257,0.9660070070477891,1,SLC12A2
top300_raw,KEGG_2021_Human,Neutrophil extracellular trap formation,0.541261846662366,0.9660070070477891,3,CLCN4;CYBA;SLC25A4
top300_raw,KEGG_2021_Human,Pyrimidine metabolism,0.571530928404565,0.9660070070477891,1,AK9
top300_raw,KEGG_2021_Human,Oocyte meiosis,0.5789267944347257,0.9660070070477891,2,CALM2;ANAPC2
top300_raw,KEGG_2021_Human,Endometrial cancer,0.5843244263695815,0.9660070070477891,1,ERBB2
top300_raw,KEGG_2021_Human,Long-term depression,0.5967371619202828,0.9660070070477891,1,GNA11
top300_raw,KEGG_2021_Human,Mineral absorption,0.5967371619202828,0.9660070070477891,1,SLC39A4
top300_raw,KEGG_2021_Human,Arachidonic acid metabolism,0.6028042868087103,0.9660070070477891,1,PLA2G12A
top300_raw,KEGG_2021_Human,Steroid hormone biosynthesis,0.6028042868087103,0.9660070070477891,1,HSD17B12
top300_raw,KEGG_2021_Human,Estrogen signaling pathway,0.6117214565439788,0.9660070070477891,2,KRT18;CALM2
top300_raw,KEGG_2021_Human,Insulin signaling pathway,0.6117214565439788,0.9660070070477891,2,G6PC3;CALM2
top300_raw,KEGG_2021_Human,Basal cell carcinoma,0.6146669531336565,0.9660070070477891,1,FZD8
top300_raw,KEGG_2021_Human,Lysine degradation,0.6146669531336565,0.9660070070477891,1,PLOD2
top300_raw,KEGG_2021_Human,Fluid shear stress and atherosclerosis,0.6196102125923307,0.9660070070477891,2,CYBA;CALM2
top300_raw,KEGG_2021_Human,Measles,0.6196102125923307,0.9660070070477891,2,EIF2AK1;FADD
top300_raw,KEGG_2021_Human,GnRH secretion,0.6204651939509158,0.9660070070477891,1,GNA11
top300_raw,KEGG_2021_Human,Cortisol synthesis and secretion,0.6261764727222603,0.9660070070477891,1,GNA11
top300_raw,KEGG_2021_Human,Spinocerebellar ataxia,0.6350171975695091,0.9660070070477891,2,OMA1;SLC25A4
top300_raw,KEGG_2021_Human,Long-term potentiation,0.6373433243791906,0.9660070070477891,1,CALM2
top300_raw,KEGG_2021_Human,Amphetamine addiction,0.6481776772177851,0.9660070070477891,1,CALM2
top300_raw,KEGG_2021_Human,Renin secretion,0.6481776772177851,0.9660070070477891,1,CALM2
top300_raw,KEGG_2021_Human,Central carbon metabolism in cancer,0.6534732618701546,0.9660070070477891,1,ERBB2
top300_raw,KEGG_2021_Human,Adherens junction,0.6586893993515058,0.9660070070477891,1,ERBB2
top300_raw,KEGG_2021_Human,Human cytomegalovirus infection,0.6589455348841818,0.9660070070477891,3,GNA11;FADD;CALM2
top300_raw,KEGG_2021_Human,Non-small cell lung cancer,0.6638272776471037,0.9660070070477891,1,ERBB2
top300_raw,KEGG_2021_Human,Phagosome,0.6678934025734623,0.9660070070477891,2,STX7;CYBA
top300_raw,KEGG_2021_Human,Cushing syndrome,0.6783091359225929,0.9660070070477891,2,GNA11;FZD8
top300_raw,KEGG_2021_Human,Glioma,0.6787829732730983,0.9660070070477891,1,CALM2
top300_raw,KEGG_2021_Human,Thyroid hormone synthesis,0.6787829732730983,0.9660070070477891,1,GSR
top300_raw,KEGG_2021_Human,Cellular senescence,0.6817215585466616,0.9660070070477891,2,CALM2;SLC25A4
top300_raw,KEGG_2021_Human,Metabolism of xenobiotics by cytochrome P450,0.6836193445089016,0.9660070070477891,1,GSTK1
top300_raw,KEGG_2021_Human,Pancreatic cancer,0.6836193445089016,0.9660070070477891,1,ERBB2
top300_raw,KEGG_2021_Human,Pertussis,0.6836193445089016,0.9660070070477891,1,CALM2
top300_raw,KEGG_2021_Human,Hepatitis C,0.685104421290149,0.9660070070477891,2,EIF2AK1;FADD
top300_raw,KEGG_2021_Human,Pathways in cancer,0.6874158987058584,0.9660070070477891,7,TXNRD2;GNA11;ERBB2;LRP5;FZD8;FADD;CALM2
top300_raw,KEGG_2021_Human,Leishmaniasis,0.6883831360336448,0.9660070070477891,1,CYBA
top300_raw,KEGG_2021_Human,Antigen processing and presentation,0.6930754335082961,0.9660070070477891,1,RFXANK
top300_raw,KEGG_2021_Human,RNA degradation,0.697697306466784,0.9660070070477891,1,NUDT16
top300_raw,KEGG_2021_Human,Hepatitis B,0.7015794952098878,0.9660070070477891,2,DDB1;FADD
top300_raw,KEGG_2021_Human,Tight junction,0.723438166151439,0.9660070070477891,2,MARVELD2;ERBB2
top300_raw,KEGG_2021_Human,ErbB signaling pathway,0.724007535872232,0.9660070070477891,1,ERBB2
top300_raw,KEGG_2021_Human,Salmonella infection,0.7244248664719294,0.9660070070477891,3,DYNC2LI1;ACTR1B;FADD
top300_raw,KEGG_2021_Human,Insulin secretion,0.7281650706695516,0.9660070070477891,1,GNA11
top300_raw,KEGG_2021_Human,Endocytosis,0.7318798339058126,0.9660070070477891,3,SNX4;EPS15L1;RAB11B
top300_raw,KEGG_2021_Human,ECM-receptor interaction,0.7362938035803304,0.9660070070477891,1,DAG1
top300_raw,KEGG_2021_Human,Gap junction,0.7362938035803304,0.9660070070477891,1,GNA11
top300_raw,KEGG_2021_Human,Bile secretion,0.7441802456350319,0.9660070070477891,1,SLC4A2
top300_raw,KEGG_2021_Human,IL-17 signaling pathway,0.7592548381757995,0.9660070070477891,1,FADD
top300_raw,KEGG_2021_Human,Staphylococcus aureus infection,0.7628830455690861,0.9660070070477891,1,KRT18
top300_raw,KEGG_2021_Human,Circadian entrainment,0.7699767743166568,0.9660070070477891,1,CALM2
top300_raw,KEGG_2021_Human,Fc gamma R-mediated phagocytosis,0.7699767743166568,0.9660070070477891,1,PLPP2
top300_raw,KEGG_2021_Human,Prostate cancer,0.7699767743166568,0.9660070070477891,1,ERBB2
top300_raw,KEGG_2021_Human,RNA transport,0.7709504647969408,0.9660070070477891,2,RANBP2;SEC13
top300_raw,KEGG_2021_Human,Choline metabolism in cancer,0.7734439153906819,0.9660070070477891,1,PLPP2
top300_raw,KEGG_2021_Human,Inflammatory mediator regulation of TRP channels,0.7734439153906819,0.9660070070477891,1,CALM2
top300_raw,KEGG_2021_Human,mRNA surveillance pathway,0.7734439153906819,0.9660070070477891,1,CPSF1
top300_raw,KEGG_2021_Human,Progesterone-mediated oocyte maturation,0.7802227102911928,0.9660070070477891,1,ANAPC2
top300_raw,KEGG_2021_Human,Viral protein interaction with cytokine and cytokine receptor,0.7802227102911928,0.9660070070477891,1,IL20RA
top300_raw,KEGG_2021_Human,Amoebiasis,0.7867993306043827,0.9660070070477891,1,GNA11
top300_raw,KEGG_2021_Human,Longevity regulating pathway,0.7867993306043827,0.9660070070477891,1,CAT
top300_raw,KEGG_2021_Human,Kaposi sarcoma-associated herpesvirus infection,0.7883580206173378,0.9660070070477891,2,FADD;CALM2
top300_raw,KEGG_2021_Human,C-type lectin receptor signaling pathway,0.7931797866486954,0.9660070070477891,1,CALM2
top300_raw,KEGG_2021_Human,Toll-like receptor signaling pathway,0.7931797866486954,0.9660070070477891,1,FADD
top300_raw,KEGG_2021_Human,Pathogenic Escherichia coli infection,0.7977749407030886,0.9660070070477891,2,TMBIM6;FADD
top300_raw,KEGG_2021_Human,Drug metabolism,0.805375361218045,0.9660070070477891,1,GSTK1
top300_raw,KEGG_2021_Human,Focal adhesion,0.806819980490075,0.9660070070477891,2,ERBB2;PARVA
top300_raw,KEGG_2021_Human,HIF-1 signaling pathway,0.8083105567669474,0.9660070070477891,1,ERBB2
top300_raw,KEGG_2021_Human,Proteoglycans in cancer,0.8155041900169905,0.9660070070477891,2,ERBB2;FZD8
top300_raw,KEGG_2021_Human,TNF signaling pathway,0.8168540473085245,0.9660070070477891,1,FADD
top300_raw,KEGG_2021_Human,Cholinergic synapse,0.8196166829154907,0.9660070070477891,1,GNA11
top300_raw,KEGG_2021_Human,Leukocyte transendothelial migration,0.8223377822722124,0.9660070070477891,1,CYBA
top300_raw,KEGG_2021_Human,"Growth hormone synthesis, secretion and action",0.8353416990874319,0.9660070070477891,1,GNA11
top300_raw,KEGG_2021_Human,Neurotrophin signaling pathway,0.8353416990874319,0.9660070070477891,1,CALM2
top300_raw,KEGG_2021_Human,Sphingolipid signaling pathway,0.8353416990874319,0.9660070070477891,1,SPTLC2
top300_raw,KEGG_2021_Human,Lipid and atherosclerosis,0.8357083874925059,0.9660070070477891,2,CYBA;CALM2
top300_raw,KEGG_2021_Human,Human T-cell leukemia virus 1 infection,0.8432162133452216,0.9690888583901648,2,SLC25A4;ANAPC2
top300_raw,KEGG_2021_Human,Cell cycle,0.8473967278191059,0.9690888583901648,1,ANAPC2
top300_raw,KEGG_2021_Human,Osteoclast differentiation,0.8542032057529886,0.9690888583901648,1,CYBA
top300_raw,KEGG_2021_Human,Lysosome,0.8564041074145643,0.9690888583901648,1,HEXA
top300_raw,KEGG_2021_Human,Dopaminergic synapse,0.8648814878231913,0.9692000918593199,1,CALM2
top300_raw,KEGG_2021_Human,Ras signaling pathway,0.8655182215673926,0.9692000918593199,2,PLA2G12A;CALM2
top300_raw,KEGG_2021_Human,Apelin signaling pathway,0.8747800870444483,0.9694727768791567,1,CALM2
top300_raw,KEGG_2021_Human,Autophagy,0.8747800870444483,0.9694727768791567,1,DEPTOR
top300_raw,KEGG_2021_Human,Signaling pathways regulating pluripotency of stem cells,0.885708839029268,0.9743008063190289,1,FZD8
top300_raw,KEGG_2021_Human,Phospholipase D signaling pathway,0.8940861279260001,0.9743008063190289,1,PLPP2
top300_raw,KEGG_2021_Human,Adrenergic signaling in cardiomyocytes,0.8972630681449661,0.9743008063190289,1,CALM2
top300_raw,KEGG_2021_Human,Spliceosome,0.8972630681449661,0.9743008063190289,1,SF3B2
top300_raw,KEGG_2021_Human,Oxytocin signaling pathway,0.9033348158374532,0.9746527014198711,1,CALM2
top300_raw,KEGG_2021_Human,Ribosome,0.9090488408609457,0.9746527014198711,1,MRPL33
top300_raw,KEGG_2021_Human,JAK-STAT signaling pathway,0.9144261523468998,0.9746527014198711,1,IL20RA
top300_raw,KEGG_2021_Human,Hippo signaling pathway,0.9157202124968091,0.9746527014198711,1,FZD8
top300_raw,KEGG_2021_Human,MAPK signaling pathway,0.9369386500152102,0.9900887818447007,2,PPP5C;ERBB2
top300_raw,KEGG_2021_Human,Alcoholism,0.9406492756040786,0.9900887818447007,1,CALM2
top300_raw,KEGG_2021_Human,Epstein-Barr virus infection,0.9535082211928958,0.9900887818447007,1,FADD
top300_raw,KEGG_2021_Human,Viral carcinogenesis,0.954212680263096,0.9900887818447007,1,DDB1
top300_raw,KEGG_2021_Human,Rap1 signaling pathway,0.9588547839476853,0.9900887818447007,1,CALM2
top300_raw,KEGG_2021_Human,Human papillomavirus infection,0.9605210920305436,0.9900887818447007,2,FZD8;FADD
top300_raw,KEGG_2021_Human,cAMP signaling pathway,0.9624583972350812,0.9900887818447007,1,CALM2
top300_raw,KEGG_2021_Human,PI3K-Akt signaling pathway,0.9706408685914724,0.9920440513669869,2,G6PC3;ERBB2
top300_raw,KEGG_2021_Human,Chemical carcinogenesis,0.9735874178531826,0.9920440513669869,1,GSTK1
top300_raw,KEGG_2021_Human,Cytokine-cytokine receptor interaction,0.9887980753003278,0.9987962545687606,1,IL20RA
top300_raw,KEGG_2021_Human,MicroRNAs in cancer,0.9911010035903696,0.9987962545687606,1,ERBB2
top300_raw,KEGG_2021_Human,Herpes simplex virus 1 infection,0.9957005621421396,0.9987962545687606,2,EIF2AK1;FADD
top300_raw,KEGG_2021_Human,Olfactory transduction,0.9987962545687606,0.9987962545687606,1,CALM2
top300_sample_centered,GO_Biological_Process_2023,Mitochondrial Respiratory Chain Complex Assembly (GO:0033108),1.0054219862564392e-08,1.3884877630201425e-05,12,TMEM223;SURF1;LYRM2;SCO1;NDUFA5;NDUFA3;COX17;NDUFAF3;NDUFS1;SDHAF4;COX14;OMA1
top300_sample_centered,GO_Biological_Process_2023,Intraciliary Anterograde Transport (GO:0035720),2.8013475486510387e-06,0.0019343304823435422,5,IFT20;IFT74;IFT22;TRAF3IP1;IFT27
top300_sample_centered,GO_Biological_Process_2023,Mitochondrial Cytochrome C Oxidase Assembly (GO:0033617),1.5686044016383605e-05,0.006169599299577316,5,SURF1;TMEM223;SCO1;COX17;COX14
top300_sample_centered,GO_Biological_Process_2023,Protein Transport (GO:0015031),2.224484696606217e-05,0.006169599299577316,16,UNC93B1;STX7;MIA2;RAB11B;HSP90B1;SCAMP4;SNX4;PREPL;IFT22;SCFD1;SNX27;KIF3B;TMED2;IFT27;ARFIP1;TMED4
top300_sample_centered,GO_Biological_Process_2023,Quinone Biosynthetic Process (GO:1901663),2.233743410419014e-05,0.006169599299577316,4,COQ4;PDSS2;COQ6;COQ5
top300_sample_centered,GO_Biological_Process_2023,Ubiquinone Biosynthetic Process (GO:0006744),3.1884611865947084e-05,0.007338774831145487,4,COQ4;PDSS2;COQ6;COQ5
top300_sample_centered,GO_Biological_Process_2023,Respiratory Chain Complex IV Assembly (GO:0008535),3.730201049551283e-05,0.007359153784900459,5,TMEM223;SURF1;SCO1;COX17;COX14
top300_sample_centered,GO_Biological_Process_2023,Ubiquinone Metabolic Process (GO:0006743),4.4112171706458e-05,0.007614863640827312,4,COQ4;PDSS2;COQ6;COQ5
top300_sample_centered,GO_Biological_Process_2023,GPI Anchor Biosynthetic Process (GO:0006506),7.693805474438095e-05,0.011805717066887789,5,DPM3;PIGT;PGAP4;PIGP;PIGK
top300_sample_centered,GO_Biological_Process_2023,Cellular Respiration (GO:0045333),0.0002894612823039785,0.03997460308617943,7,SURF1;NDUFA5;NDUFA3;NDUFS1;SDHAF4;NDUFV3;SLC25A13
top300_sample_centered,GO_Biological_Process_2023,Cilium Assembly (GO:0060271),0.0003227145428943243,0.04051534397609653,12,DYNC2LI1;IFT20;IFT74;CFAP298;IFT22;KIF3B;TRAF3IP1;CCDC57;IFT27;BBIP1;RPGRIP1L;ENKD1
top300_sample_centered,GO_Biological_Process_2023,mRNA Polyadenylation (GO:0006378),0.00041602303201919097,0.047877317268208555,4,CPSF1;CPSF2;PEX2;GRSF1
top300_sample_centered,GO_Biological_Process_2023,RNA Polyadenylation (GO:0043631),0.0004894562192632021,0.05199531067711401,4,CPSF1;CPSF2;PEX2;GRSF1
top300_sample_centered,GO_Biological_Process_2023,Iron-Sulfur Cluster Assembly (GO:0016226),0.0006632228331350823,0.059365633518313615,4,NFU1;ISCA2;NUBP1;CIAO1
top300_sample_centered,GO_Biological_Process_2023,Metallo-Sulfur Cluster Assembly (GO:0031163),0.0006632228331350823,0.059365633518313615,4,NFU1;ISCA2;NUBP1;CIAO1
top300_sample_centered,GO_Biological_Process_2023,Mitochondrial Translation (GO:0032543),0.0006877987952882098,0.059365633518313615,7,MRPL42;GFM1;MRPL40;IARS2;MTIF3;MRPL57;MRPL21
top300_sample_centered,GO_Biological_Process_2023,Golgi Vesicle Transport (GO:0048193),0.0008130620083473943,0.06604933138398539,10,COG8;SCFD1;COG6;LMAN2;TRAPPC12;COG1;MIA2;TMED2;ERGIC3;TMED4
top300_sample_centered,GO_Biological_Process_2023,Fatty Acid Oxidation (GO:0019395),0.0010722929510599186,0.07691930666748456,5,ABCD3;CPT2;PEX2;HACL1;MCAT
top300_sample_centered,GO_Biological_Process_2023,Protein Maturation By Iron-Sulfur Cluster Transfer (GO:0097428),0.0010758577558414488,0.07691930666748456,3,ISCA2;MAGEF1;CIAO1
top300_sample_centered,GO_Biological_Process_2023,NADH Dehydrogenase Complex Assembly (GO:0010257),0.001169663606094986,0.07691930666748456,5,LYRM2;NDUFA5;NDUFA3;NDUFAF3;NDUFS1
top300_sample_centered,GO_Biological_Process_2023,Mitochondrial Respiratory Chain Complex I Assembly (GO:0032981),0.001169663606094986,0.07691930666748456,5,LYRM2;NDUFA5;NDUFA3;NDUFAF3;NDUFS1
top300_sample_centered,GO_Biological_Process_2023,"Mitochondrial Electron Transport, NADH To Ubiquinone (GO:0006120)",0.001614031425599276,0.1012808537039004,4,NDUFA5;NDUFA3;NDUFS1;NDUFV3
top300_sample_centered,GO_Biological_Process_2023,Endoplasmic Reticulum To Golgi Vesicle-Mediated Transport (GO:0006888),0.001756382884167206,0.1012808537039004,7,SCFD1;LMAN2;TRAPPC12;MIA2;TMED2;ERGIC3;TMED4
top300_sample_centered,GO_Biological_Process_2023,Aerobic Respiration (GO:0009060),0.00189700896786557,0.1012808537039004,5,SURF1;NDUFA5;NDUFA3;NDUFS1;NDUFV3
top300_sample_centered,GO_Biological_Process_2023,Peroxisomal Membrane Transport (GO:0015919),0.001944001714153394,0.1012808537039004,3,PEX7;ABCD3;PEX2
top300_sample_centered,GO_Biological_Process_2023,Attachment Of GPI Anchor To Protein (GO:0016255),0.002176476887111483,0.1012808537039004,2,PIGT;PIGK
top300_sample_centered,GO_Biological_Process_2023,Cellular Lipid Biosynthetic Process (GO:0097384),0.002176476887111483,0.1012808537039004,2,PEX7;DHRS7B
top300_sample_centered,GO_Biological_Process_2023,Gastrulation With Mouth Forming Second (GO:0001702),0.002176476887111483,0.1012808537039004,2,UGDH;LRP5
top300_sample_centered,GO_Biological_Process_2023,Glycerol Ether Biosynthetic Process (GO:0046504),0.002176476887111483,0.1012808537039004,2,PEX7;DHRS7B
top300_sample_centered,GO_Biological_Process_2023,Fatty Acid Catabolic Process (GO:0009062),0.0022001633679341144,0.1012808537039004,5,ABCD3;CPT2;PEX2;HACL1;MCAT
top300_sample_centered,GO_Biological_Process_2023,Regulation Of Defense Response To Virus (GO:0050688),0.0023070822755971113,0.1027767942774068,3,TRAF3IP1;ELMOD2;ZMPSTE24
top300_sample_centered,GO_Biological_Process_2023,Positive Regulation Of Macroautophagy (GO:0016239),0.00271900478453097,0.11734205023241466,5,SNX4;SCOC;PRKAA2;SPTLC2;SLC25A4
top300_sample_centered,GO_Biological_Process_2023,mRNA 3'-End Processing (GO:0031124),0.0029645811609596375,0.12399876785325943,4,CPSF1;CPSF2;PEX2;GRSF1
top300_sample_centered,GO_Biological_Process_2023,Anterograde Dendritic Transport (GO:0098937),0.003232408140997349,0.12399876785325943,2,KIF3B;KIF5B
top300_sample_centered,GO_Biological_Process_2023,Intraciliary Transport Involved In Cilium Assembly (GO:0035735),0.003232408140997349,0.12399876785325943,2,DYNC2LI1;IFT74
top300_sample_centered,GO_Biological_Process_2023,Pyrimidine Nucleotide-Sugar Transmembrane Transport (GO:0090481),0.003232408140997349,0.12399876785325943,2,SLC35A2;SLC35B1
top300_sample_centered,GO_Biological_Process_2023,Glycolipid Biosynthetic Process (GO:0009247),0.003865212828399227,0.14426645718971168,4,DPM3;SCCPDH;PGAP4;PIGP
top300_sample_centered,GO_Biological_Process_2023,tRNA Aminoacylation (GO:0043039),0.004165530926581035,0.15138416341074762,3,NARS1;MARS1;IARS2
top300_sample_centered,GO_Biological_Process_2023,Ubiquitin-Dependent ERAD Pathway (GO:0030433),0.004803740800832127,0.1701016934858761,5,EDEM2;DNAJC10;ERLIN2;FAM8A1;HSP90B1
top300_sample_centered,GO_Biological_Process_2023,Peroxisome Organization (GO:0007031),0.005355133040313427,0.18488596821682104,3,PEX7;ABCD3;PEX2
top300_sample_centered,GO_Biological_Process_2023,"Retrograde Transport, Vesicle Recycling Within Golgi (GO:0000301)",0.0059152100733935575,0.1992415880818659,2,COG8;COG6
top300_sample_centered,GO_Biological_Process_2023,Fatty Acid Beta-Oxidation (GO:0006635),0.006187191092005664,0.203440735668091,4,ABCD3;CPT2;PEX2;MCAT
top300_sample_centered,GO_Biological_Process_2023,GPI Anchor Metabolic Process (GO:0006505),0.0074873522681573905,0.2362957865863258,3,DPM3;PGAP4;PIGP
top300_sample_centered,GO_Biological_Process_2023,Ether Lipid Biosynthetic Process (GO:0008611),0.007530279750921495,0.2362957865863258,2,PEX7;DHRS7B
top300_sample_centered,GO_Biological_Process_2023,Cilium Organization (GO:0044782),0.007699717882972238,0.2362957865863258,9,IFT20;IFT74;CFAP298;IFT22;KIF3B;TRAF3IP1;CCDC57;IFT27;BBIP1
top300_sample_centered,GO_Biological_Process_2023,Proton Motive Force-Driven Mitochondrial ATP Synthesis (GO:0042776),0.00816205819265309,0.23862740271408137,4,NDUFA5;NDUFA3;NDUFS1;NDUFV3
top300_sample_centered,GO_Biological_Process_2023,Vesicle-Mediated Transport To The Plasma Membrane (GO:0098876),0.00823105408462955,0.23862740271408137,5,SNX4;SNX27;EIPR1;EXOC4;RAB11B
top300_sample_centered,GO_Biological_Process_2023,Regulation Of Protein Targeting To Membrane (GO:0090313),0.008294073374566188,0.23862740271408137,3,DMTN;ERBB2;CIB1
top300_sample_centered,GO_Biological_Process_2023,Organelle Disassembly (GO:1903008),0.008713150267678315,0.24498947987435946,4,PRKAA2;KIF5B;UBA5;MTIF3
top300_sample_centered,GO_Biological_Process_2023,Plasma Membrane Bounded Cell Projection Assembly (GO:0120031),0.00887000289190295,0.24498947987435946,10,IFT20;IFT74;CFAP298;IFT22;DMTN;KIF3B;TRAF3IP1;CCDC57;IFT27;BBIP1
top300_sample_centered,GO_Biological_Process_2023,Alpha-Amino Acid Metabolic Process (GO:1901605),0.009149930827084344,0.24752166892324995,3,SRR;DDAH1;SLC25A13
top300_sample_centered,GO_Biological_Process_2023,Mitochondrial Protein Processing (GO:0034982),0.009320149734981171,0.24752166892324995,2,MIPEP;OMA1
top300_sample_centered,GO_Biological_Process_2023,Organelle Assembly (GO:0070925),0.009677382122514731,0.25215971153194044,11,IFT20;IFT74;BECN1;CFAP298;IFT22;KIF3B;TRAF3IP1;CCDC57;STX7;IFT27;BBIP1
top300_sample_centered,GO_Biological_Process_2023,Intracellular Protein Transport (GO:0006886),0.010323817662388894,0.26402207762516783,11,IPO13;IPO11;IFT22;SCFD1;SNX27;UNC93B1;STX7;TMED2;IFT27;ARFIP1;TMED4
top300_sample_centered,GO_Biological_Process_2023,Regulation Of Response To Biotic Stimulus (GO:0002831),0.011011353234456199,0.27327441986717205,3,TKFC;ELMOD2;ZMPSTE24
top300_sample_centered,GO_Biological_Process_2023,Regulation Of Endocytic Recycling (GO:2001135),0.01127924832181666,0.27327441986717205,2,EIPR1;RAB11B
top300_sample_centered,GO_Biological_Process_2023,Phosphatidylinositol-3-Phosphate Biosynthetic Process (GO:0036092),0.01127924832181666,0.27327441986717205,2,BECN1;PIK3CB
top300_sample_centered,GO_Biological_Process_2023,Glucose Metabolic Process (GO:0006006),0.0118324604371953,0.28173496316839153,4,LRP5;OMA1;SLC37A4;SLC25A13
top300_sample_centered,GO_Biological_Process_2023,Proton Motive Force-Driven ATP Synthesis (GO:0015986),0.012531602926097077,0.2933244684905095,4,NDUFA5;NDUFA3;NDUFS1;NDUFV3
top300_sample_centered,GO_Biological_Process_2023,Adipose Tissue Development (GO:0060612),0.0134021306472713,0.2937832130774868,2,SPTLC2;LRP5
top300_sample_centered,GO_Biological_Process_2023,Aspartate Family Amino Acid Metabolic Process (GO:0009066),0.0134021306472713,0.2937832130774868,2,MSRA;SLC25A13
top300_sample_centered,GO_Biological_Process_2023,Fatty Acid Transmembrane Transport (GO:1902001),0.0134021306472713,0.2937832130774868,2,ABCD3;CPT2
top300_sample_centered,GO_Biological_Process_2023,Regulation Of DNA-templated DNA Replication Initiation (GO:0030174),0.0134021306472713,0.2937832130774868,2,WRNIP1;NBN
top300_sample_centered,GO_Biological_Process_2023,Golgi Organization (GO:0007030),0.013744184187539218,0.2965737244217447,6,COG8;COG6;TRAPPC12;COG1;TMED2;TMED4
top300_sample_centered,GO_Biological_Process_2023,Oxidative Phosphorylation (GO:0006119),0.014785487169370923,0.31389681991697876,4,NDUFA5;NDUFA3;NDUFS1;NDUFV3
top300_sample_centered,GO_Biological_Process_2023,tRNA Aminoacylation For Protein Translation (GO:0006418),0.015345782216394254,0.31389681991697876,3,NARS1;MARS1;IARS2
top300_sample_centered,GO_Biological_Process_2023,Endocytic Recycling (GO:0032456),0.015589920998227353,0.31389681991697876,4,SNX4;SNX27;EIPR1;RAB11B
top300_sample_centered,GO_Biological_Process_2023,Ether Lipid Metabolic Process (GO:0046485),0.01568347615805325,0.31389681991697876,2,PEX7;DHRS7B
top300_sample_centered,GO_Biological_Process_2023,Protein Import Into Peroxisome Matrix (GO:0016558),0.01568347615805325,0.31389681991697876,2,PEX7;PEX2
top300_sample_centered,GO_Biological_Process_2023,Phosphatidylinositol Biosynthetic Process (GO:0006661),0.0160822073497614,0.3172789764288642,5,VAC14;DPM3;PGAP4;PIGP;PIK3CB
top300_sample_centered,GO_Biological_Process_2023,Protein Localization (GO:0008104),0.01740682912860202,0.3336143593499506,11,IFT22;SCFD1;SNX27;UNC93B1;STX7;CBY1;TMED2;IFT27;SHROOM3;ARFIP1;TMED4
top300_sample_centered,GO_Biological_Process_2023,Regulation Of Establishment Of Protein Localization (GO:0070201),0.018118086134139243,0.3336143593499506,2,SCFD1;GAPVD1
top300_sample_centered,GO_Biological_Process_2023,Negative Regulation Of Peptidyl-Threonine Phosphorylation (GO:0010801),0.018118086134139243,0.3336143593499506,2,DMTN;CALM2
top300_sample_centered,GO_Biological_Process_2023,Respiratory Electron Transport Chain (GO:0022904),0.018118086134139243,0.3336143593499506,2,NDUFA5;SLC25A13
top300_sample_centered,GO_Biological_Process_2023,Dolichol Metabolic Process (GO:0019348),0.018118086134139243,0.3336143593499506,2,DPAGT1;DPM3
top300_sample_centered,GO_Biological_Process_2023,Aerobic Electron Transport Chain (GO:0019646),0.019080483989019452,0.34351475233551904,4,NDUFA5;NDUFA3;NDUFS1;NDUFV3
top300_sample_centered,GO_Biological_Process_2023,Endosomal Transport (GO:0016197),0.019153248319938424,0.34351475233551904,7,SNX4;PREPL;SNX27;EIPR1;EPS15L1;EVI5;RAB11B
top300_sample_centered,GO_Biological_Process_2023,Mitochondrial Gene Expression (GO:0140053),0.01952915145477161,0.34576613024409736,5,MRPL42;MRPL40;IARS2;MRPL57;MRPL21
top300_sample_centered,GO_Biological_Process_2023,Regulation Of Mitochondrial Membrane Potential (GO:0051881),0.020511947126646765,0.3585696073658124,3,ATP5IF1;TUSC2;NDUFS1
top300_sample_centered,GO_Biological_Process_2023,Mitochondrial ATP Synthesis Coupled Electron Transport (GO:0042775),0.020992761646213425,0.36238754791775923,4,NDUFA5;NDUFA3;NDUFS1;NDUFV3
top300_sample_centered,GO_Biological_Process_2023,Response To Calcium Ion (GO:0051592),0.02181326898686792,0.3649618525265854,5,AHCYL1;PRKAA2;DMTN;CALM2;SLC25A13
top300_sample_centered,GO_Biological_Process_2023,Positive Regulation Of Catalytic Activity (GO:0043085),0.021934709456702818,0.3649618525265854,3,MSH3;FDX1;CIB1
top300_sample_centered,GO_Biological_Process_2023,Regulation Of Autophagosome Assembly (GO:2000785),0.021934709456702818,0.3649618525265854,3,IFT20;SNX4;SCFD1
top300_sample_centered,GO_Biological_Process_2023,Positive Regulation Of Autophagy (GO:0010508),0.022611568858087717,0.371744959440704,5,BECN1;SCOC;ENDOG;PRKAA2;PIK3CB
top300_sample_centered,GO_Biological_Process_2023,Regulation Of Microtubule-Based Process (GO:0032886),0.023410069674460254,0.37186836507032944,3,PRKAA2;TRAF3IP1;ERBB2
top300_sample_centered,GO_Biological_Process_2023,Negative Regulation Of DNA Recombination (GO:0045910),0.023410069674460254,0.37186836507032944,3,MSH3;MAGEF1;TP53BP1
top300_sample_centered,GO_Biological_Process_2023,Protein Targeting To Peroxisome (GO:0006625),0.023426899175321262,0.37186836507032944,2,PEX7;PEX2
top300_sample_centered,GO_Biological_Process_2023,DNA Recombination (GO:0006310),0.02493800968313369,0.39135672014099576,3,ENDOG;MSH3;NBN
top300_sample_centered,GO_Biological_Process_2023,Regulation Of Plasma Membrane Bounded Cell Projection Assembly (GO:0120032),0.026273220160662684,0.3937850578893953,4,DYNC2LI1;IFT20;DMTN;EVI5
top300_sample_centered,GO_Biological_Process_2023,Positive Regulation Of Peptidyl-Lysine Acetylation (GO:2000758),0.026291292253072487,0.3937850578893953,2,PRKAA2;GLYR1
top300_sample_centered,GO_Biological_Process_2023,Receptor Recycling (GO:0001881),0.026291292253072487,0.3937850578893953,2,PEX2;RAB11B
top300_sample_centered,GO_Biological_Process_2023,Regulation Of DNA-templated DNA Replication (GO:0090329),0.026291292253072487,0.3937850578893953,2,WRNIP1;NBN
top300_sample_centered,GO_Biological_Process_2023,Energy Derivation By Oxidation Of Organic Compounds (GO:0015980),0.026518472399503085,0.3937850578893953,3,NDUFS1;SDHAF4;SLC25A13
top300_sample_centered,GO_Biological_Process_2023,Intracellular Lipid Transport (GO:0032365),0.029289325161763996,0.42233028943896067,2,ABCD3;CPT2
top300_sample_centered,GO_Biological_Process_2023,Negative Regulation Of Protein Modification Process (GO:0031400),0.029790359379671588,0.42233028943896067,4,PRKAA2;TRAF3IP1;DNAJC10;CIB1
top300_sample_centered,GO_Biological_Process_2023,Hexose Metabolic Process (GO:0019318),0.029836552061166147,0.42233028943896067,3,SLC35A2;OMA1;SLC37A4
top300_sample_centered,GO_Biological_Process_2023,DNA Damage Response (GO:0006974),0.03097556413623982,0.42233028943896067,11,DDB1;BABAM2;ENDOG;CRADD;NEK4;MSH3;CIB1;TP53BP1;PPP4R3B;CENPS;FANCF
top300_sample_centered,GO_Biological_Process_2023,Protein Maturation (GO:0051604),0.03164429659869654,0.42233028943896067,5,XPNPEP3;MAGEF1;TASP1;NAA35;CIAO1
top300_sample_centered,GO_Biological_Process_2023,Protein Processing (GO:0016485),0.03164429659869654,0.42233028943896067,5,SPCS1;XPNPEP3;TMEM208;OMA1;ZMPSTE24
top300_sample_centered,GO_Biological_Process_2023,Regulation Of Organelle Assembly (GO:1902115),0.032282439633245695,0.42233028943896067,4,DYNC2LI1;IFT20;TRAPPC12;EVI5
top300_sample_centered,GO_Biological_Process_2023,COPII Vesicle Coating (GO:0048208),0.03241637268684274,0.42233028943896067,2,TRAPPC12;TMED2
top300_sample_centered,GO_Biological_Process_2023,Sphingosine Metabolic Process (GO:0006670),0.03241637268684274,0.42233028943896067,2,SPTLC2;PLPP2
top300_sample_centered,GO_Biological_Process_2023,tRNA Metabolic Process (GO:0006399),0.03241637268684274,0.42233028943896067,2,SLFN13;ADAT1
top300_sample_centered,GO_Biological_Process_2023,Gastrulation (GO:0007369),0.03241637268684274,0.42233028943896067,2,UGDH;LRP5
top300_sample_centered,GO_Biological_Process_2023,"Vesicle Targeting, Rough ER To cis-Golgi (GO:0048207)",0.03241637268684274,0.42233028943896067,2,TRAPPC12;TMED2
top300_sample_centered,GO_Biological_Process_2023,Purine Ribonucleotide Transport (GO:0015868),0.03241637268684274,0.42233028943896067,2,ABCC6;SLC25A4
top300_sample_centered,GO_Biological_Process_2023,"Retrograde Vesicle-Mediated Transport, Golgi To Endoplasmic Reticulum (GO:0006890)",0.03520409402016418,0.45190269749246215,3,SCFD1;LMAN2;ERGIC3
top300_sample_centered,GO_Biological_Process_2023,Adenine Nucleotide Transport (GO:0051503),0.035667917470440534,0.45190269749246215,2,ABCC6;SLC25A4
top300_sample_centered,GO_Biological_Process_2023,Receptor Metabolic Process (GO:0043112),0.035667917470440534,0.45190269749246215,2,BECN1;RAB11B
top300_sample_centered,GO_Biological_Process_2023,Fatty Acid Metabolic Process (GO:0006631),0.03689840829593515,0.46153397802268176,5,ABCD3;CPT2;HACL1;PEX2;MCAT
top300_sample_centered,GO_Biological_Process_2023,Erythrocyte Differentiation (GO:0030218),0.037096503664386445,0.46153397802268176,3,ATP5IF1;DMTN;UBA5
top300_sample_centered,GO_Biological_Process_2023,Negative Regulation Of Double-Strand Break Repair Via Homologous Recombination (GO:2000042),0.03903954786765581,0.477111642524183,2,MAGEF1;TP53BP1
top300_sample_centered,GO_Biological_Process_2023,Outer Dynein Arm Assembly (GO:0036158),0.03903954786765581,0.477111642524183,2,LRRC61;DNAAF5
top300_sample_centered,GO_Biological_Process_2023,Negative Regulation Of Myeloid Cell Differentiation (GO:0045638),0.04252695578138395,0.49770954181433247,2,CIB1;PEX2
top300_sample_centered,GO_Biological_Process_2023,Oxoacid Metabolic Process (GO:0043436),0.04252695578138395,0.49770954181433247,2,MTARC2;BPNT1
top300_sample_centered,GO_Biological_Process_2023,Vesicle Transport Along Microtubule (GO:0047496),0.04252695578138395,0.49770954181433247,2,KIF3B;KIF5B
top300_sample_centered,GO_Biological_Process_2023,Positive Regulation Of Protein Autophosphorylation (GO:0031954),0.04252695578138395,0.49770954181433247,2,NBN;CALM2
top300_sample_centered,GO_Biological_Process_2023,Natural Killer Cell Mediated Immunity (GO:0002228),0.04252695578138395,0.49770954181433247,2,KIF5B;TUBB4B
top300_sample_centered,GO_Biological_Process_2023,Positive Regulation Of Transcription Initiation By RNA Polymerase II (GO:0060261),0.04307939183353614,0.49993815228666727,3,ZNHIT1;TAF6;MED29
top300_sample_centered,GO_Biological_Process_2023,ERAD Pathway (GO:0036503),0.044969592344346034,0.5015741389752327,4,DNAJC10;ERLIN2;FAM8A1;HSP90B1
top300_sample_centered,GO_Biological_Process_2023,Organic Anion Transport (GO:0015711),0.044969592344346034,0.5015741389752327,4,SLC35A2;SLC35B1;ABCC6;SLC25A4
top300_sample_centered,GO_Biological_Process_2023,Regulation Of DNA Repair (GO:0006282),0.045105570067655754,0.5015741389752327,5,BABAM2;PBRM1;MORF4L2;TAF6;PPP4R3B
top300_sample_centered,GO_Biological_Process_2023,Mitochondrial Transport (GO:0006839),0.04517443471796116,0.5015741389752327,3,KIFBP;SLC25A4;SLC25A13
top300_sample_centered,GO_Biological_Process_2023,Hepaticobiliary System Development (GO:0061008),0.0461259345762886,0.5015741389752327,2,COBL;GFER
top300_sample_centered,GO_Biological_Process_2023,Positive Regulation Of Protein Targeting To Membrane (GO:0090314),0.0461259345762886,0.5015741389752327,2,ERBB2;CIB1
top300_sample_centered,GO_Biological_Process_2023,Long-Chain Fatty Acid Transport (GO:0015909),0.0461259345762886,0.5015741389752327,2,ABCD3;CPT2
top300_sample_centered,GO_Biological_Process_2023,Microtubule Nucleation (GO:0007020),0.0461259345762886,0.5015741389752327,2,CCDC57;TUBGCP2
top300_sample_centered,GO_Biological_Process_2023,Natural Killer Cell Mediated Cytotoxicity (GO:0042267),0.04983237702866962,0.512276138819968,2,KIF5B;TUBB4B
top300_sample_centered,GO_Biological_Process_2023,Organelle Organization (GO:0006996),0.05151925367068662,0.512276138819968,11,PEX7;COG8;DMTN;ABCD3;COG6;STX7;TRAPPC12;COG1;TMED2;PEX2;TMED4
top300_sample_centered,GO_Biological_Process_2023,Positive Regulation Of DNA-templated Transcription Initiation (GO:2000144),0.05175633370857966,0.512276138819968,3,ZNHIT1;TAF6;MED29
top300_sample_centered,GO_Biological_Process_2023,Vesicle Cargo Loading (GO:0035459),0.05364227330427298,0.512276138819968,2,MIA2;TMED2
top300_sample_centered,GO_Biological_Process_2023,Purine Ribonucleotide Catabolic Process (GO:0009154),0.05364227330427298,0.512276138819968,2,SUCLG2;NUDT4
top300_sample_centered,GO_Biological_Process_2023,Mitotic Cell Cycle Checkpoint Signaling (GO:0007093),0.05364227330427298,0.512276138819968,2,BABAM2;NBN
top300_sample_centered,GO_Biological_Process_2023,Regulation Of Transcription Initiation By RNA Polymerase II (GO:0060260),0.05404777197135315,0.512276138819968,3,ZNHIT1;TAF6;MED29
top300_sample_centered,GO_Biological_Process_2023,Membrane Lipid Biosynthetic Process (GO:0046467),0.05404777197135315,0.512276138819968,3,SCCPDH;SPTLC2;PLPP2
top300_sample_centered,GO_Biological_Process_2023,Selective Autophagy (GO:0061912),0.0563871694157208,0.512276138819968,3,BECN1;UBA5;PEX2
top300_sample_centered,GO_Biological_Process_2023,Regulation Of Macroautophagy (GO:0016241),0.05650497356674733,0.512276138819968,4,BECN1;SCOC;PRKAA2;EXOC4
top300_sample_centered,GO_Biological_Process_2023,DNA-templated Transcription Elongation (GO:0006354),0.05755170894318743,0.512276138819968,2,PBRM1;PEX2
top300_sample_centered,GO_Biological_Process_2023,Cellular Response To Epidermal Growth Factor Stimulus (GO:0071364),0.06155686299926461,0.512276138819968,2,ERBB2;MARS1
top300_sample_centered,GO_Biological_Process_2023,Translation (GO:0006412),0.06346963127152051,0.512276138819968,7,MRPL42;MRPL40;NARS1;MARS1;IARS2;MRPL57;MRPL21
top300_sample_centered,GO_Biological_Process_2023,Regulation Of Nitric-Oxide Synthase Activity (GO:0050999),0.06565400603509194,0.512276138819968,2,DDAH1;PIK3CB
top300_sample_centered,GO_Biological_Process_2023,Regulation Of Protein Transport (GO:0051223),0.06565400603509194,0.512276138819968,2,SCFD1;GAPVD1
top300_sample_centered,GO_Biological_Process_2023,Transcription Elongation By RNA Polymerase II (GO:0006368),0.06565400603509194,0.512276138819968,2,PBRM1;PEX2
top300_sample_centered,GO_Biological_Process_2023,Vesicle Coating (GO:0006901),0.06565400603509194,0.512276138819968,2,TRAPPC12;TMED2
top300_sample_centered,GO_Biological_Process_2023,Negative Regulation Of G2/M Transition Of Mitotic Cell Cycle (GO:0010972),0.06565400603509194,0.512276138819968,2,BABAM2;NBN
top300_sample_centered,GO_Biological_Process_2023,Protein Lipidation (GO:0006497),0.0662142029420538,0.512276138819968,3,DPM3;PGAP4;PIGP
top300_sample_centered,GO_Biological_Process_2023,Positive Regulation Of Cellular Catabolic Process (GO:0031331),0.06923885517411765,0.512276138819968,5,BECN1;ENDOG;PRKAA2;PIK3CB;GRSF1
top300_sample_centered,GO_Biological_Process_2023,Establishment Of Mitotic Spindle Orientation (GO:0000132),0.06983949830370577,0.512276138819968,2,DYNLT1;ENKD1
top300_sample_centered,GO_Biological_Process_2023,Response To Metal Ion (GO:0010038),0.07140182681862418,0.512276138819968,3,AHCYL1;CALM2;SLC25A13
top300_sample_centered,GO_Biological_Process_2023,Positive Regulation Of Kinase Activity (GO:0033674),0.07144552134822611,0.512276138819968,4,VAC14;ERBB2;JTB;NBN
top300_sample_centered,GO_Biological_Process_2023,COPI Coating Of Golgi Vesicle (GO:0048205),0.07279028186522928,0.512276138819968,1,TMED2
top300_sample_centered,GO_Biological_Process_2023,COPI-coated Vesicle Budding (GO:0035964),0.07279028186522928,0.512276138819968,1,TMED2
top300_sample_centered,GO_Biological_Process_2023,ERBB2-EGFR Signaling Pathway (GO:0038134),0.07279028186522928,0.512276138819968,1,ERBB2
top300_sample_centered,GO_Biological_Process_2023,Golgi Transport Vesicle Coating (GO:0048200),0.07279028186522928,0.512276138819968,1,TMED2
top300_sample_centered,GO_Biological_Process_2023,RNA Decapping (GO:0110154),0.07279028186522928,0.512276138819968,1,NUDT12
top300_sample_centered,GO_Biological_Process_2023,Regulation Of Monoatomic Anion Transport (GO:0044070),0.07279028186522928,0.512276138819968,1,RAB11B
top300_sample_centered,GO_Biological_Process_2023,"Regulation Of Retrograde Transport, Endosome To Golgi (GO:1905279)",0.07279028186522928,0.512276138819968,1,EIPR1
top300_sample_centered,GO_Biological_Process_2023,Pexophagy (GO:0000425),0.07279028186522928,0.512276138819968,1,PEX2
top300_sample_centered,GO_Biological_Process_2023,Regulation Of System Process (GO:0044057),0.07279028186522928,0.512276138819968,1,MTG2
top300_sample_centered,GO_Biological_Process_2023,Plus-End-Directed Organelle Transport Along Microtubule (GO:0072386),0.07279028186522928,0.512276138819968,1,KIF3B
top300_sample_centered,GO_Biological_Process_2023,Establishment Of Lymphocyte Polarity (GO:0001767),0.07279028186522928,0.512276138819968,1,SNX27
top300_sample_centered,GO_Biological_Process_2023,succinyl-CoA Catabolic Process (GO:1901289),0.07279028186522928,0.512276138819968,1,SUCLG2
top300_sample_centered,GO_Biological_Process_2023,tRNA Catabolic Process (GO:0016078),0.07279028186522928,0.512276138819968,1,SLFN13
top300_sample_centered,GO_Biological_Process_2023,Toll-Like Receptor 9 Signaling Pathway (GO:0034162),0.07279028186522928,0.512276138819968,1,UNC93B1
top300_sample_centered,GO_Biological_Process_2023,Hexose Catabolic Process (GO:0019320),0.07279028186522928,0.512276138819968,1,LRP5
top300_sample_centered,GO_Biological_Process_2023,Histone Arginine Methylation (GO:0034969),0.07279028186522928,0.512276138819968,1,COPRS
top300_sample_centered,GO_Biological_Process_2023,Lipid Droplet Disassembly (GO:1905691),0.07279028186522928,0.512276138819968,1,PRKAA2
top300_sample_centered,GO_Biological_Process_2023,Maintenance Of DNA Repeat Elements (GO:0043570),0.07279028186522928,0.512276138819968,1,MSH3
top300_sample_centered,GO_Biological_Process_2023,Protein Localization To Non-Motile Cilium (GO:0097499),0.07279028186522928,0.512276138819968,1,BBIP1
top300_sample_centered,GO_Biological_Process_2023,Protein Repair (GO:0030091),0.07279028186522928,0.512276138819968,1,MSRA
top300_sample_centered,GO_Biological_Process_2023,Protein Ufmylation (GO:0071569),0.07279028186522928,0.512276138819968,1,UBA5
top300_sample_centered,GO_Biological_Process_2023,Proton-Transporting V-type ATPase Complex Assembly (GO:0070070),0.07279028186522928,0.512276138819968,1,TMEM9
top300_sample_centered,GO_Biological_Process_2023,Mitochondrial Translational Elongation (GO:0070125),0.07279028186522928,0.512276138819968,1,GFM1
top300_sample_centered,GO_Biological_Process_2023,"Regulation Of DNA Damage Response, Signal Transduction By P53 Class Mediator Resulting In Transcription Of P21 Class Mediator (GO:1902162)",0.07279028186522928,0.512276138819968,1,ZNHIT1
top300_sample_centered,GO_Biological_Process_2023,DNA Repair (GO:0006281),0.07290291139766822,0.512276138819968,8,DDB1;BABAM2;MSH3;CIB1;WRNIP1;NBN;CENPS;FANCF
top300_sample_centered,GO_Biological_Process_2023,Monocarboxylic Acid Biosynthetic Process (GO:0072330),0.07406217323394,0.512276138819968,3,SRR;ABCD3;MCAT
top300_sample_centered,GO_Biological_Process_2023,Response To Epidermal Growth Factor (GO:0070849),0.0741097879019695,0.512276138819968,2,ERBB2;MARS1
top300_sample_centered,GO_Biological_Process_2023,Mitotic G2 DNA Damage Checkpoint Signaling (GO:0007095),0.0741097879019695,0.512276138819968,2,BABAM2;NBN
top300_sample_centered,GO_Biological_Process_2023,Regulation Of Calcium-Mediated Signaling (GO:0050848),0.0741097879019695,0.512276138819968,2,JPT2;CALM2
top300_sample_centered,GO_Biological_Process_2023,Negative Regulation Of Protein Phosphorylation (GO:0001933),0.07411435504769172,0.512276138819968,5,DMTN;TRAF3IP1;DNAJC10;CIB1;CALM2
top300_sample_centered,GO_Biological_Process_2023,Endomembrane System Organization (GO:0010256),0.07550076268882697,0.512276138819968,6,COG8;COG6;TRAPPC12;COG1;TMED2;TMED4
top300_sample_centered,GO_Biological_Process_2023,Non-Motile Cilium Assembly (GO:1905515),0.07846140899157186,0.512276138819968,2,RPGRIP1L;ENKD1
top300_sample_centered,GO_Biological_Process_2023,Regulation Of Protein Autophosphorylation (GO:0031952),0.07846140899157186,0.512276138819968,2,NBN;CALM2
top300_sample_centered,GO_Biological_Process_2023,Cellular Nitrogen Compound Biosynthetic Process (GO:0044271),0.08289097999720813,0.512276138819968,2,MTARC2;SPTLC2
top300_sample_centered,GO_Biological_Process_2023,Phosphatidylinositol 3-Kinase Signaling (GO:0014065),0.08289097999720813,0.512276138819968,2,ERBB2;PIK3CB
top300_sample_centered,GO_Biological_Process_2023,Gluconeogenesis (GO:0006094),0.08289097999720813,0.512276138819968,2,SLC37A4;SLC25A13
top300_sample_centered,GO_Biological_Process_2023,Very Long-Chain Fatty Acid Metabolic Process (GO:0000038),0.08289097999720813,0.512276138819968,2,ABCD3;PEX2
top300_sample_centered,GO_Biological_Process_2023,Protein Transmembrane Import Into Intracellular Organelle (GO:0044743),0.08289097999720813,0.512276138819968,2,PEX7;PEX2
top300_sample_centered,GO_Biological_Process_2023,Mitotic Cell Cycle Phase Transition (GO:0044772),0.08600578974196595,0.512276138819968,4,PPME1;CCDC57;CUL1;ANAPC2
top300_sample_centered,GO_Biological_Process_2023,Regulation Of Cellular Response To Hypoxia (GO:1900037),0.0867018798458083,0.512276138819968,1,DDAH1
top300_sample_centered,GO_Biological_Process_2023,DNA Strand Resection Involved In Replication Fork Processing (GO:0110025),0.0867018798458083,0.512276138819968,1,NBN
top300_sample_centered,GO_Biological_Process_2023,Regulation Of Histamine Secretion By Mast Cell (GO:1903593),0.0867018798458083,0.512276138819968,1,SNX4
top300_sample_centered,GO_Biological_Process_2023,Actin Filament Reorganization (GO:0090527),0.0867018798458083,0.512276138819968,1,DMTN
top300_sample_centered,GO_Biological_Process_2023,Negative Regulation Of Telomere Capping (GO:1904354),0.0867018798458083,0.512276138819968,1,NBN
top300_sample_centered,GO_Biological_Process_2023,Amino-Acid Betaine Metabolic Process (GO:0006577),0.0867018798458083,0.512276138819968,1,CPT2
top300_sample_centered,GO_Biological_Process_2023,Angiotensin-Activated Signaling Pathway (GO:0038166),0.0867018798458083,0.512276138819968,1,AHCYL1
top300_sample_centered,GO_Biological_Process_2023,Regulation Of Respiratory Gaseous Exchange (GO:0043576),0.0867018798458083,0.512276138819968,1,MTG2
top300_sample_centered,GO_Biological_Process_2023,Regulation Of Respiratory System Process (GO:0044065),0.0867018798458083,0.512276138819968,1,MTG2
top300_sample_centered,GO_Biological_Process_2023,Phospholipase C-activating Dopamine Receptor Signaling Pathway (GO:0060158),0.0867018798458083,0.512276138819968,1,GNA11
top300_sample_centered,GO_Biological_Process_2023,Citrulline Metabolic Process (GO:0000052),0.0867018798458083,0.512276138819968,1,DDAH1
top300_sample_centered,GO_Biological_Process_2023,Dense Core Granule Cytoskeletal Transport (GO:0099519),0.0867018798458083,0.512276138819968,1,KIF5B
top300_sample_centered,GO_Biological_Process_2023,Retinal Rod Cell Differentiation (GO:0060221),0.0867018798458083,0.512276138819968,1,RPGRIP1L
top300_sample_centered,GO_Biological_Process_2023,Positive Regulation Of Helicase Activity (GO:0051096),0.0867018798458083,0.512276138819968,1,MSH3
top300_sample_centered,GO_Biological_Process_2023,Galactose Metabolic Process (GO:0006012),0.0867018798458083,0.512276138819968,1,SLC35A2
top300_sample_centered,GO_Biological_Process_2023,Toll-Like Receptor 3 Signaling Pathway (GO:0034138),0.0867018798458083,0.512276138819968,1,UNC93B1
top300_sample_centered,GO_Biological_Process_2023,Positive Regulation Of Mitophagy (GO:1901526),0.0867018798458083,0.512276138819968,1,SLC25A4
top300_sample_centered,GO_Biological_Process_2023,Glutathione Biosynthetic Process (GO:0006750),0.0867018798458083,0.512276138819968,1,HAGH
top300_sample_centered,GO_Biological_Process_2023,Very Long-Chain Fatty Acid Catabolic Process (GO:0042760),0.0867018798458083,0.512276138819968,1,ABCD3
top300_sample_centered,GO_Biological_Process_2023,White Fat Cell Differentiation (GO:0050872),0.0867018798458083,0.512276138819968,1,CTBP2
top300_sample_centered,GO_Biological_Process_2023,Insulin Secretion Involved In Cellular Response To Glucose Stimulus (GO:0035773),0.0867018798458083,0.512276138819968,1,RAB11B
top300_sample_centered,GO_Biological_Process_2023,Positive Regulation Of Synaptic Plasticity (GO:0031915),0.0867018798458083,0.512276138819968,1,ANAPC2
top300_sample_centered,GO_Biological_Process_2023,Leukotriene Transport (GO:0071716),0.0867018798458083,0.512276138819968,1,ABCC6
top300_sample_centered,GO_Biological_Process_2023,"Protein Import Into Peroxisome Matrix, Receptor Recycling (GO:0016562)",0.0867018798458083,0.512276138819968,1,PEX2
top300_sample_centered,GO_Biological_Process_2023,Protein Localization To Ciliary Membrane (GO:1903441),0.0867018798458083,0.512276138819968,1,BBIP1
top300_sample_centered,GO_Biological_Process_2023,Regulation Of MDA-5 Signaling Pathway (GO:0039533),0.0867018798458083,0.512276138819968,1,TKFC
top300_sample_centered,GO_Biological_Process_2023,Negative Regulation Of Double-Strand Break Repair (GO:2000780),0.08739520185411868,0.512276138819968,2,MAGEF1;TP53BP1
top300_sample_centered,GO_Biological_Process_2023,Actin Filament Bundle Assembly (GO:0051017),0.08739520185411868,0.512276138819968,2,DMTN;HSP90B1
top300_sample_centered,GO_Biological_Process_2023,intra-Golgi Vesicle-Mediated Transport (GO:0006891),0.08739520185411868,0.512276138819968,2,COG8;COG6
top300_sample_centered,GO_Biological_Process_2023,Regulation Of Cilium Assembly (GO:1902017),0.09091735127975717,0.512276138819968,3,DYNC2LI1;IFT20;EVI5
top300_sample_centered,GO_Biological_Process_2023,Regulation Of Double-Strand Break Repair Via Homologous Recombination (GO:0010569),0.09091735127975717,0.512276138819968,3,MORF4L2;MAGEF1;TP53BP1
top300_sample_centered,GO_Biological_Process_2023,Lipid Biosynthetic Process (GO:0008610),0.09091735127975717,0.512276138819968,3,PRKAA2;PDSS2;MCAT
top300_sample_centered,GO_Biological_Process_2023,Vesicle-Mediated Transport (GO:0016192),0.09195943602182499,0.512276138819968,10,UEVLD;BECN1;SNX27;STX7;EXOC4;OCIAD1;TMED2;MIA2;IFT27;EPS15L1
top300_sample_centered,GO_Biological_Process_2023,ATP Metabolic Process (GO:0046034),0.09197085639999728,0.512276138819968,2,NDUFS1;SLC25A13
top300_sample_centered,GO_Biological_Process_2023,DNA Damage Checkpoint Signaling (GO:0000077),0.09197085639999728,0.512276138819968,2,NBN;TP53BP1
top300_sample_centered,GO_Biological_Process_2023,Cellular Response To Glucose Stimulus (GO:0071333),0.09197085639999728,0.512276138819968,2,PRKAA2;RAB11B
top300_sample_centered,GO_Biological_Process_2023,Establishment Of Mitotic Spindle Localization (GO:0040001),0.09197085639999728,0.512276138819968,2,DYNLT1;ENKD1
top300_sample_centered,GO_Biological_Process_2023,Transcription Initiation-Coupled Chromatin Remodeling (GO:0045815),0.09197085639999728,0.512276138819968,2,N6AMT1;GLYR1
top300_sample_centered,GO_Biological_Process_2023,Histone Deubiquitination (GO:0016578),0.09197085639999728,0.512276138819968,2,BABAM2;TAF6
top300_sample_centered,GO_Biological_Process_2023,Positive Regulation Of Transcription By RNA Polymerase I (GO:0045943),0.09197085639999728,0.512276138819968,2,ERBB2;MARS1
top300_sample_centered,GO_Biological_Process_2023,Microtubule Polymerization (GO:0046785),0.09197085639999728,0.512276138819968,2,TUBGCP2;CCDC57
top300_sample_centered,GO_Biological_Process_2023,Establishment Of Spindle Orientation (GO:0051294),0.09661480458347134,0.512276138819968,2,DYNLT1;ENKD1
top300_sample_centered,GO_Biological_Process_2023,Hexose Biosynthetic Process (GO:0019319),0.09661480458347134,0.512276138819968,2,SLC37A4;SLC25A13
top300_sample_centered,GO_Biological_Process_2023,Positive Regulation Of Substrate Adhesion-Dependent Cell Spreading (GO:1900026),0.09661480458347134,0.512276138819968,2,DMTN;CIB1
top300_sample_centered,GO_Biological_Process_2023,Liver Development (GO:0001889),0.09661480458347134,0.512276138819968,2,COBL;GFER
top300_sample_centered,GO_Biological_Process_2023,Protein Methylation (GO:0006479),0.09661480458347134,0.512276138819968,2,N6AMT1;SETD3
top300_sample_centered,GO_Biological_Process_2023,Cellular Response To Oxidative Stress (GO:0034599),0.09954065103367749,0.512276138819968,4,MSRA;PRKAA2;PYROXD1;PEX2
top300_sample_centered,GO_Biological_Process_2023,ADP Transport (GO:0015866),0.10040543927022255,0.512276138819968,1,SLC25A4
top300_sample_centered,GO_Biological_Process_2023,ATP Synthesis Coupled Electron Transport (GO:0042773),0.10040543927022255,0.512276138819968,1,NDUFV3
top300_sample_centered,GO_Biological_Process_2023,Regulation Of Cyclic-Nucleotide Phosphodiesterase Activity (GO:0051342),0.10040543927022255,0.512276138819968,1,CALM2
top300_sample_centered,GO_Biological_Process_2023,Negative Regulation Of Mitochondrial Fusion (GO:0010637),0.10040543927022255,0.512276138819968,1,OMA1
top300_sample_centered,GO_Biological_Process_2023,N-terminal Peptidyl-Methionine Acetylation (GO:0017196),0.10040543927022255,0.512276138819968,1,NAA35
top300_sample_centered,GO_Biological_Process_2023,NADH Metabolic Process (GO:0006734),0.10040543927022255,0.512276138819968,1,NUDT12
top300_sample_centered,GO_Biological_Process_2023,SREBP Signaling Pathway (GO:0032933),0.10040543927022255,0.512276138819968,1,ERLIN2
top300_sample_centered,GO_Biological_Process_2023,Anterograde Axonal Protein Transport (GO:0099641),0.10040543927022255,0.512276138819968,1,KIF5B
top300_sample_centered,GO_Biological_Process_2023,Regulation Of Mitophagy (GO:1901524),0.10040543927022255,0.512276138819968,1,SLC25A4
top300_sample_centered,GO_Biological_Process_2023,Arginine Catabolic Process (GO:0006527),0.10040543927022255,0.512276138819968,1,DDAH1
top300_sample_centered,GO_Biological_Process_2023,Axo-Dendritic Protein Transport (GO:0099640),0.10040543927022255,0.512276138819968,1,KIF5B
top300_sample_centered,GO_Biological_Process_2023,Nonribosomal Peptide Biosynthetic Process (GO:0019184),0.10040543927022255,0.512276138819968,1,HAGH
top300_sample_centered,GO_Biological_Process_2023,Osteoblast Development (GO:0002076),0.10040543927022255,0.512276138819968,1,LRP5
top300_sample_centered,GO_Biological_Process_2023,Cardiolipin Biosynthetic Process (GO:0032049),0.10040543927022255,0.512276138819968,1,PTPMT1
top300_sample_centered,GO_Biological_Process_2023,Peptidyl-Proline Hydroxylation To 4-hydroxy-L-proline (GO:0018401),0.10040543927022255,0.512276138819968,1,P4HTM
top300_sample_centered,GO_Biological_Process_2023,Cellular Response To Angiotensin (GO:1904385),0.10040543927022255,0.512276138819968,1,AHCYL1
top300_sample_centered,GO_Biological_Process_2023,Positive Regulation Of Attachment Of Mitotic Spindle Microtubules To Kinetochore (GO:1902425),0.10040543927022255,0.512276138819968,1,BECN1
top300_sample_centered,GO_Biological_Process_2023,Cytochrome Complex Assembly (GO:0017004),0.10040543927022255,0.512276138819968,1,SURF1
top300_sample_centered,GO_Biological_Process_2023,Positive Regulation Of Endocytic Recycling (GO:2001137),0.10040543927022255,0.512276138819968,1,EIPR1
top300_sample_centered,GO_Biological_Process_2023,Positive Regulation Of Fibroblast Migration (GO:0010763),0.10040543927022255,0.512276138819968,1,DMTN
top300_sample_centered,GO_Biological_Process_2023,Positive Regulation Of Gluconeogenesis (GO:0045722),0.10040543927022255,0.512276138819968,1,DDB1
top300_sample_centered,GO_Biological_Process_2023,Positive Regulation Of Myeloid Cell Apoptotic Process (GO:0033034),0.10040543927022255,0.512276138819968,1,PIK3CB
top300_sample_centered,GO_Biological_Process_2023,Positive Regulation Of Plasminogen Activation (GO:0010756),0.10040543927022255,0.512276138819968,1,PLGRKT
top300_sample_centered,GO_Biological_Process_2023,Histone H2A K63-linked Deubiquitination (GO:0070537),0.10040543927022255,0.512276138819968,1,BABAM2
top300_sample_centered,GO_Biological_Process_2023,Positive Regulation Of Ryanodine-Sensitive Calcium-Release Channel Activity (GO:0060316),0.10040543927022255,0.512276138819968,1,CALM2
top300_sample_centered,GO_Biological_Process_2023,Protein Localization To Presynapse (GO:1905383),0.10040543927022255,0.512276138819968,1,KIF5B
top300_sample_centered,GO_Biological_Process_2023,Methionine Metabolic Process (GO:0006555),0.10040543927022255,0.512276138819968,1,MSRA
top300_sample_centered,GO_Biological_Process_2023,protein-RNA Complex Disassembly (GO:0032988),0.10040543927022255,0.512276138819968,1,KIF5B
top300_sample_centered,GO_Biological_Process_2023,Purine Nucleotide Catabolic Process (GO:0006195),0.10040543927022255,0.512276138819968,1,NUDT12
top300_sample_centered,GO_Biological_Process_2023,Regulation Of Attachment Of Mitotic Spindle Microtubules To Kinetochore (GO:1902423),0.10040543927022255,0.512276138819968,1,BECN1
top300_sample_centered,GO_Biological_Process_2023,COPII-coated Vesicle Budding (GO:0090114),0.10132398490771195,0.512276138819968,2,TRAPPC12;TMED2
top300_sample_centered,GO_Biological_Process_2023,"DNA Damage Response, Signal Transduction By P53 Class Mediator (GO:0030330)",0.10132398490771195,0.512276138819968,2,CRADD;NBN
top300_sample_centered,GO_Biological_Process_2023,Negative Regulation Of Protein Kinase B Signaling (GO:0051898),0.10132398490771195,0.512276138819968,2,CIB1;PIK3CB
top300_sample_centered,GO_Biological_Process_2023,Regulation Of Peptidyl-Threonine Phosphorylation (GO:0010799),0.10132398490771195,0.512276138819968,2,DMTN;CALM2
top300_sample_centered,GO_Biological_Process_2023,Interstrand Cross-Link Repair (GO:0036297),0.10132398490771195,0.512276138819968,2,FANCF;CENPS
top300_sample_centered,GO_Biological_Process_2023,Negative Regulation Of Phosphorylation (GO:0042326),0.10295770645630148,0.512276138819968,3,TRAF3IP1;DNAJC10;CIB1
top300_sample_centered,GO_Biological_Process_2023,Axonemal Dynein Complex Assembly (GO:0070286),0.10609541180728654,0.512276138819968,2,LRRC61;DNAAF5
top300_sample_centered,GO_Biological_Process_2023,Regulation Of Phosphoprotein Phosphatase Activity (GO:0043666),0.10609541180728654,0.512276138819968,2,CALM2;HSP90B1
top300_sample_centered,GO_Biological_Process_2023,Double-Strand Break Repair (GO:0006302),0.10914026146387616,0.512276138819968,5,BABAM2;ZMYND8;CIB1;NBN;TP53BP1
top300_sample_centered,GO_Biological_Process_2023,G2/M Transition Of Mitotic Cell Cycle (GO:0000086),0.110926174071121,0.512276138819968,2,PPME1;CCDC57
top300_sample_centered,GO_Biological_Process_2023,Regulation Of Intracellular Transport (GO:0032386),0.110926174071121,0.512276138819968,2,SCFD1;RAB11B
top300_sample_centered,GO_Biological_Process_2023,Regulation Of Neurotransmitter Secretion (GO:0046928),0.110926174071121,0.512276138819968,2,PNKD;PREPL
top300_sample_centered,GO_Biological_Process_2023,Connective Tissue Development (GO:0061448),0.110926174071121,0.512276138819968,2,SPTLC2;LRP5
top300_sample_centered,GO_Biological_Process_2023,Long-Chain Fatty Acid Metabolic Process (GO:0001676),0.11237947876508865,0.512276138819968,3,ABCD3;CPT2;HACL1
top300_sample_centered,GO_Biological_Process_2023,Regulation Of Helicase Activity (GO:0051095),0.1139040603715798,0.512276138819968,1,MSH3
top300_sample_centered,GO_Biological_Process_2023,Actin Filament Network Formation (GO:0051639),0.1139040603715798,0.512276138819968,1,COBL
top300_sample_centered,GO_Biological_Process_2023,Regulation Of Mitochondrial Gene Expression (GO:0062125),0.1139040603715798,0.512276138819968,1,MTG2
top300_sample_centered,GO_Biological_Process_2023,Apoptotic DNA Fragmentation (GO:0006309),0.1139040603715798,0.512276138819968,1,ENDOG
top300_sample_centered,GO_Biological_Process_2023,Peptidyl-Lysine Monomethylation (GO:0018026),0.1139040603715798,0.512276138819968,1,SETD3
top300_sample_centered,GO_Biological_Process_2023,Peroxisomal Transport (GO:0043574),0.1139040603715798,0.512276138819968,1,HACL1
top300_sample_centered,GO_Biological_Process_2023,Regulation Of Sterol Biosynthetic Process (GO:0106118),0.1139040603715798,0.512276138819968,1,ERLIN2
top300_sample_centered,GO_Biological_Process_2023,"Phototransduction, Visible Light (GO:0007603)",0.1139040603715798,0.512276138819968,1,GNA11
top300_sample_centered,GO_Biological_Process_2023,Cellular Response To Platelet-Derived Growth Factor Stimulus (GO:0036120),0.1139040603715798,0.512276138819968,1,MARS1
top300_sample_centered,GO_Biological_Process_2023,Cellular Response To Sterol Depletion (GO:0071501),0.1139040603715798,0.512276138819968,1,ERLIN2
top300_sample_centered,GO_Biological_Process_2023,Ribonucleoside Bisphosphate Catabolic Process (GO:0034031),0.1139040603715798,0.512276138819968,1,SUCLG2
top300_sample_centered,GO_Biological_Process_2023,Somatic Recombination Of Immunoglobulin Gene Segments (GO:0016447),0.1139040603715798,0.512276138819968,1,MSH3
top300_sample_centered,GO_Biological_Process_2023,Sphingosine-1-Phosphate Receptor Signaling Pathway (GO:0003376),0.1139040603715798,0.512276138819968,1,PIK3CB
top300_sample_centered,GO_Biological_Process_2023,succinyl-CoA Metabolic Process (GO:0006104),0.1139040603715798,0.512276138819968,1,SUCLG2
top300_sample_centered,GO_Biological_Process_2023,Positive Regulation Of Mast Cell Degranulation (GO:0043306),0.1139040603715798,0.512276138819968,1,SNX4
top300_sample_centered,GO_Biological_Process_2023,Positive Regulation Of Synapse Maturation (GO:0090129),0.1139040603715798,0.512276138819968,1,ANAPC2
top300_sample_centered,GO_Biological_Process_2023,Isoprenoid Biosynthetic Process (GO:0008299),0.1139040603715798,0.512276138819968,1,PDSS2
top300_sample_centered,GO_Biological_Process_2023,Isoprenoid Metabolic Process (GO:0006720),0.1139040603715798,0.512276138819968,1,PDSS2
top300_sample_centered,GO_Biological_Process_2023,Protein Hexamerization (GO:0034214),0.1139040603715798,0.512276138819968,1,UGDH
top300_sample_centered,GO_Biological_Process_2023,Purine Nucleoside Bisphosphate Catabolic Process (GO:0034034),0.1139040603715798,0.512276138819968,1,SUCLG2
top300_sample_centered,GO_Biological_Process_2023,Positive Regulation Of Protein Localization To Membrane (GO:1905477),0.11559097562455842,0.512276138819968,3,KIF5B;ERBB2;CIB1
top300_sample_centered,GO_Biological_Process_2023,Negative Regulation Of Mitochondrion Organization (GO:0010823),0.11581343326472375,0.512276138819968,2,OMA1;SLC25A4
top300_sample_centered,GO_Biological_Process_2023,Anterograde Axonal Transport (GO:0008089),0.11581343326472375,0.512276138819968,2,KIF3B;KIF5B
top300_sample_centered,GO_Biological_Process_2023,Positive Regulation Of ATP-dependent Activity (GO:0032781),0.11581343326472375,0.512276138819968,2,MSH3;DNAJC10
top300_sample_centered,GO_Biological_Process_2023,Positive Regulation Of Intracellular Transport (GO:0032388),0.11581343326472375,0.512276138819968,2,EIPR1;ERGIC3
top300_sample_centered,GO_Biological_Process_2023,Regulation Of Protein Localization To Plasma Membrane (GO:1903076),0.11883676459359482,0.512276138819968,3,KIF5B;STX7;CIB1
top300_sample_centered,GO_Biological_Process_2023,Regulation Of Microtubule Cytoskeleton Organization (GO:0070507),0.12075442226820902,0.512276138819968,2,PRKAA2;TRAF3IP1
top300_sample_centered,GO_Biological_Process_2023,Regulation Of Protein Dephosphorylation (GO:0035304),0.12075442226820902,0.512276138819968,2,CALM2;HSP90B1
top300_sample_centered,GO_Biological_Process_2023,Cell Cycle G2/M Phase Transition (GO:0044839),0.12075442226820902,0.512276138819968,2,PPME1;CCDC57
top300_sample_centered,GO_Biological_Process_2023,Positive Regulation Of Monoatomic Ion Transport (GO:0043270),0.12075442226820902,0.512276138819968,2,AHCYL1;KIF5B
top300_sample_centered,GO_Biological_Process_2023,Positive Regulation Of Growth (GO:0045927),0.12211614464812019,0.512276138819968,3,N6AMT1;ERBB2;CIB1
top300_sample_centered,GO_Biological_Process_2023,NAD Biosynthesis Via Nicotinamide Riboside Salvage Pathway (GO:0034356),0.12720079756895925,0.512276138819968,1,NUDT12
top300_sample_centered,GO_Biological_Process_2023,Negative Regulation Of Necroptotic Process (GO:0060546),0.12720079756895925,0.512276138819968,1,SLC25A4
top300_sample_centered,GO_Biological_Process_2023,Negative Regulation Of Vascular Endothelial Growth Factor Signaling Pathway (GO:1900747),0.12720079756895925,0.512276138819968,1,PIK3CB
top300_sample_centered,GO_Biological_Process_2023,Apical Protein Localization (GO:0045176),0.12720079756895925,0.512276138819968,1,SHROOM3
top300_sample_centered,GO_Biological_Process_2023,Aspartate Transmembrane Transport (GO:0015810),0.12720079756895925,0.512276138819968,1,SLC25A13
top300_sample_centered,GO_Biological_Process_2023,Autophagy Of Peroxisome (GO:0030242),0.12720079756895925,0.512276138819968,1,PEX2
top300_sample_centered,GO_Biological_Process_2023,Oligosaccharide Catabolic Process (GO:0009313),0.12720079756895925,0.512276138819968,1,IDNK
top300_sample_centered,GO_Biological_Process_2023,Carbohydrate Phosphorylation (GO:0046835),0.12720079756895925,0.512276138819968,1,TKFC
top300_sample_centered,GO_Biological_Process_2023,Ornithine Metabolic Process (GO:0006591),0.12720079756895925,0.512276138819968,1,AZIN1
top300_sample_centered,GO_Biological_Process_2023,Carnitine Metabolic Process (GO:0009437),0.12720079756895925,0.512276138819968,1,CPT2
top300_sample_centered,GO_Biological_Process_2023,Peptidyl-Lysine Dimethylation (GO:0018027),0.12720079756895925,0.512276138819968,1,SETD3
top300_sample_centered,GO_Biological_Process_2023,Phosphatidylglycerol Biosynthetic Process (GO:0006655),0.12720079756895925,0.512276138819968,1,PTPMT1
top300_sample_centered,GO_Biological_Process_2023,Regulation Of Transmembrane Transporter Activity (GO:0022898),0.12720079756895925,0.512276138819968,1,AHCYL1
top300_sample_centered,GO_Biological_Process_2023,Response To Platelet-Derived Growth Factor (GO:0036119),0.12720079756895925,0.512276138819968,1,MARS1
top300_sample_centered,GO_Biological_Process_2023,Endodermal Cell Fate Commitment (GO:0001711),0.12720079756895925,0.512276138819968,1,PEX2
top300_sample_centered,GO_Biological_Process_2023,Positive Regulation Of Keratinocyte Migration (GO:0051549),0.12720079756895925,0.512276138819968,1,EPB41L4B
top300_sample_centered,GO_Biological_Process_2023,Positive Regulation Of Leukocyte Apoptotic Process (GO:2000108),0.12720079756895925,0.512276138819968,1,PIK3CB
top300_sample_centered,GO_Biological_Process_2023,Positive Regulation Of mRNA 3'-End Processing (GO:0031442),0.12720079756895925,0.512276138819968,1,PEX2
top300_sample_centered,GO_Biological_Process_2023,Positive Regulation Of Mesenchymal Cell Proliferation (GO:0002053),0.12720079756895925,0.512276138819968,1,LRP5
top300_sample_centered,GO_Biological_Process_2023,Transferrin Transport (GO:0033572),0.12720079756895925,0.512276138819968,1,RAB11B
top300_sample_centered,GO_Biological_Process_2023,Positive Regulation Of Protein Acetylation (GO:1901985),0.12720079756895925,0.512276138819968,1,PRKAA2
top300_sample_centered,GO_Biological_Process_2023,Homologous Recombination (GO:0035825),0.12720079756895925,0.512276138819968,1,NBN
top300_sample_centered,GO_Biological_Process_2023,Positive Regulation Of Transcription Of Nucleolar Large rRNA By RNA Polymerase I (GO:1901838),0.12720079756895925,0.512276138819968,1,MARS1
top300_sample_centered,GO_Biological_Process_2023,Mitochondrial Ribosome Assembly (GO:0061668),0.12720079756895925,0.512276138819968,1,DHX30
top300_sample_centered,GO_Biological_Process_2023,Regulation Of ER To Golgi Vesicle-Mediated Transport (GO:0060628),0.12720079756895925,0.512276138819968,1,SCFD1
top300_sample_centered,GO_Biological_Process_2023,Regulation Of Cell Division (GO:0051302),0.12877286243842004,0.512276138819968,3,BECN1;CIB1;CALM2
top300_sample_centered,GO_Biological_Process_2023,DNA Integrity Checkpoint Signaling (GO:0031570),0.13078686867808018,0.512276138819968,2,NBN;TP53BP1
top300_sample_centered,GO_Biological_Process_2023,Cellular Response To Glucose Starvation (GO:0042149),0.13078686867808018,0.512276138819968,2,BECN1;PRKAA2
top300_sample_centered,GO_Biological_Process_2023,Translational Elongation (GO:0006414),0.13078686867808018,0.512276138819968,2,GFM1;PTRH1
top300_sample_centered,GO_Biological_Process_2023,Negative Regulation Of Intracellular Signal Transduction (GO:1902532),0.13510435473604582,0.512276138819968,6,ENDOG;NLRX1;PRKAA2;CIB1;PIK3CB;UACA
top300_sample_centered,GO_Biological_Process_2023,Regulation Of Kinase Activity (GO:0043549),0.1355554818518247,0.512276138819968,3,VAC14;ERBB2;NBN
top300_sample_centered,GO_Biological_Process_2023,mRNA Metabolic Process (GO:0016071),0.1355554818518247,0.512276138819968,3,SF3B2;PRPF18;NUDT12
top300_sample_centered,GO_Biological_Process_2023,Positive Regulation Of Transcription Elongation By RNA Polymerase II (GO:0032968),0.13587313502051848,0.512276138819968,2,ZMYND8;MED29
top300_sample_centered,GO_Biological_Process_2023,L-serine Metabolic Process (GO:0006563),0.1402986599880225,0.512276138819968,1,SRR
top300_sample_centered,GO_Biological_Process_2023,Negative Regulation Of Mitochondrial Outer Membrane Permeabilization Involved In Apoptotic Signaling Pathway (GO:1901029),0.1402986599880225,0.512276138819968,1,SLC25A4
top300_sample_centered,GO_Biological_Process_2023,Negative Regulation Of Programmed Necrotic Cell Death (GO:0062099),0.1402986599880225,0.512276138819968,1,SLC25A4
top300_sample_centered,GO_Biological_Process_2023,Negative Regulation Of Sprouting Angiogenesis (GO:1903671),0.1402986599880225,0.512276138819968,1,PIK3CB
top300_sample_centered,GO_Biological_Process_2023,Arginine Metabolic Process (GO:0006525),0.1402986599880225,0.512276138819968,1,DDAH1
top300_sample_centered,GO_Biological_Process_2023,Neuron Projection Maintenance (GO:1990535),0.1402986599880225,0.512276138819968,1,KIFBP
top300_sample_centered,GO_Biological_Process_2023,Regulation Of Peptidyl-Lysine Acetylation (GO:2000756),0.1402986599880225,0.512276138819968,1,PRKAA2
top300_sample_centered,GO_Biological_Process_2023,Peptidyl-Proline Hydroxylation (GO:0019511),0.1402986599880225,0.512276138819968,1,P4HTM
top300_sample_centered,GO_Biological_Process_2023,Phosphate Ion Transmembrane Transport (GO:0035435),0.1402986599880225,0.512276138819968,1,SLC37A4
top300_sample_centered,GO_Biological_Process_2023,Regulation Of Synapse Maturation (GO:0090128),0.1402986599880225,0.512276138819968,1,ANAPC2
top300_sample_centered,GO_Biological_Process_2023,Positive Regulation Of DNA-templated DNA Replication (GO:2000105),0.1402986599880225,0.512276138819968,1,ENDOG
top300_sample_centered,GO_Biological_Process_2023,Positive Regulation Of MHC Class II Biosynthetic Process (GO:0045348),0.1402986599880225,0.512276138819968,1,RFXANK
top300_sample_centered,GO_Biological_Process_2023,Positive Regulation Of Attachment Of Spindle Microtubules To Kinetochore (GO:0051987),0.1402986599880225,0.512276138819968,1,BECN1
top300_sample_centered,GO_Biological_Process_2023,Copper Ion Transport (GO:0006825),0.1402986599880225,0.512276138819968,1,COX17
top300_sample_centered,GO_Biological_Process_2023,Positive Regulation Of Autophagy Of Mitochondrion (GO:1903599),0.1402986599880225,0.512276138819968,1,SLC25A4
top300_sample_centered,GO_Biological_Process_2023,Diol Metabolic Process (GO:0034311),0.1402986599880225,0.512276138819968,1,PLPP2
top300_sample_centered,GO_Biological_Process_2023,Positive Regulation Of Dendrite Development (GO:1900006),0.1402986599880225,0.512276138819968,1,COBL
top300_sample_centered,GO_Biological_Process_2023,Serine Family Amino Acid Biosynthetic Process (GO:0009070),0.1402986599880225,0.512276138819968,1,SRR
top300_sample_centered,GO_Biological_Process_2023,Synaptic Vesicle Transport (GO:0048489),0.1402986599880225,0.512276138819968,1,KIF5B
top300_sample_centered,GO_Biological_Process_2023,T-Circle Formation (GO:0090656),0.1402986599880225,0.512276138819968,1,NBN
top300_sample_centered,GO_Biological_Process_2023,Fatty Acid Homeostasis (GO:0055089),0.1402986599880225,0.512276138819968,1,PRKAA2
top300_sample_centered,GO_Biological_Process_2023,tRNA Threonylcarbamoyladenosine Metabolic Process (GO:0070525),0.1402986599880225,0.512276138819968,1,GON7
top300_sample_centered,GO_Biological_Process_2023,Formation Of Extrachromosomal Circular DNA (GO:0001325),0.1402986599880225,0.512276138819968,1,NBN
top300_sample_centered,GO_Biological_Process_2023,Telomere Maintenance Via Telomere Trimming (GO:0090737),0.1402986599880225,0.512276138819968,1,NBN
top300_sample_centered,GO_Biological_Process_2023,Protein Deneddylation (GO:0000338),0.1402986599880225,0.512276138819968,1,GPS1
top300_sample_centered,GO_Biological_Process_2023,Purine Ribonucleoside Triphosphate Biosynthetic Process (GO:0009206),0.1402986599880225,0.512276138819968,1,SLC25A13
top300_sample_centered,GO_Biological_Process_2023,Negative Regulation Of Autophagosome Assembly (GO:1902902),0.1402986599880225,0.512276138819968,1,SCFD1
top300_sample_centered,GO_Biological_Process_2023,Phosphatidylinositol Phosphate Biosynthetic Process (GO:0046854),0.14100274617201516,0.512276138819968,2,BECN1;PIK3CB
top300_sample_centered,GO_Biological_Process_2023,Regulation Of Transport (GO:0051049),0.14100274617201516,0.512276138819968,2,SCFD1;GAPVD1
top300_sample_centered,GO_Biological_Process_2023,Regulation Of Cell-Substrate Adhesion (GO:0010810),0.14100274617201516,0.512276138819968,2,DMTN;PIK3CB
top300_sample_centered,GO_Biological_Process_2023,Regulation Of Double-Strand Break Repair (GO:2000779),0.14595308601911863,0.512276138819968,3,PBRM1;MORF4L2;PPP4R3B
top300_sample_centered,GO_Biological_Process_2023,Positive Regulation Of Cell Adhesion (GO:0045785),0.14595308601911863,0.512276138819968,3,EPB41L4B;ERBB2;CIB1
top300_sample_centered,GO_Biological_Process_2023,I-kappaB kinase/NF-kappaB Signaling (GO:0007249),0.14617326963615715,0.512276138819968,2,AZI2;FAIM
top300_sample_centered,GO_Biological_Process_2023,Regulation Of Apoptotic Signaling Pathway (GO:2001233),0.14617326963615715,0.512276138819968,2,CRADD;PTPMT1
top300_sample_centered,GO_Biological_Process_2023,Cellular Response To Chemical Stress (GO:0062197),0.14947576745774732,0.512276138819968,3,MSRA;PRKAA2;PYROXD1
top300_sample_centered,GO_Biological_Process_2023,Replication Fork Processing (GO:0031297),0.15138233577827764,0.512276138819968,2,NBN;CENPS
top300_sample_centered,GO_Biological_Process_2023,Intracellular Protein Transmembrane Transport (GO:0065002),0.15138233577827764,0.512276138819968,2,PEX7;PEX2
top300_sample_centered,GO_Biological_Process_2023,Mitotic G2/M Transition Checkpoint (GO:0044818),0.15138233577827764,0.512276138819968,2,BABAM2;NBN
top300_sample_centered,GO_Biological_Process_2023,Regulation Of Cilium Movement (GO:0003352),0.15320061211632643,0.512276138819968,1,CFAP298
top300_sample_centered,GO_Biological_Process_2023,Regulation Of Keratinocyte Migration (GO:0051547),0.15320061211632643,0.512276138819968,1,EPB41L4B
top300_sample_centered,GO_Biological_Process_2023,Negative Regulation Of Release Of Sequestered Calcium Ion Into Cytosol (GO:0051280),0.15320061211632643,0.512276138819968,1,CALM2
top300_sample_centered,GO_Biological_Process_2023,Negative Regulation Of Ryanodine-Sensitive Calcium-Release Channel Activity (GO:0060315),0.15320061211632643,0.512276138819968,1,CALM2
top300_sample_centered,GO_Biological_Process_2023,Regulation Of mRNA 3'-End Processing (GO:0031440),0.15320061211632643,0.512276138819968,1,PEX2
top300_sample_centered,GO_Biological_Process_2023,Regulation Of Mesenchymal Cell Proliferation (GO:0010464),0.15320061211632643,0.512276138819968,1,LRP5
top300_sample_centered,GO_Biological_Process_2023,Regulation Of Microtubule-Based Movement (GO:0060632),0.15320061211632643,0.512276138819968,1,CFAP298
top300_sample_centered,GO_Biological_Process_2023,Regulation Of Mitochondrial Fusion (GO:0010635),0.15320061211632643,0.512276138819968,1,OMA1
top300_sample_centered,GO_Biological_Process_2023,Negative Regulation Of Vascular Permeability (GO:0043116),0.15320061211632643,0.512276138819968,1,DDAH1
top300_sample_centered,GO_Biological_Process_2023,Cellular Response To Nitrogen Levels (GO:0043562),0.15320061211632643,0.512276138819968,1,BECN1
top300_sample_centered,GO_Biological_Process_2023,Cellular Response To Nitrogen Starvation (GO:0006995),0.15320061211632643,0.512276138819968,1,BECN1
top300_sample_centered,GO_Biological_Process_2023,Central Nervous System Neuron Axonogenesis (GO:0021955),0.15320061211632643,0.512276138819968,1,KIFBP
top300_sample_centered,GO_Biological_Process_2023,Central Nervous System Projection Neuron Axonogenesis (GO:0021952),0.15320061211632643,0.512276138819968,1,KIFBP
top300_sample_centered,GO_Biological_Process_2023,Digestive System Development (GO:0055123),0.15320061211632643,0.512276138819968,1,COBL
top300_sample_centered,GO_Biological_Process_2023,Positive Regulation Of Coagulation (GO:0050820),0.15320061211632643,0.512276138819968,1,DMTN
top300_sample_centered,GO_Biological_Process_2023,Positive Regulation Of Cytoplasmic Transport (GO:1903651),0.15320061211632643,0.512276138819968,1,EIPR1
top300_sample_centered,GO_Biological_Process_2023,Endosomal Lumen Acidification (GO:0048388),0.15320061211632643,0.512276138819968,1,TMEM9
top300_sample_centered,GO_Biological_Process_2023,Sphingoid Metabolic Process (GO:0046519),0.15320061211632643,0.512276138819968,1,PLPP2
top300_sample_centered,GO_Biological_Process_2023,Erythrocyte Development (GO:0048821),0.15320061211632643,0.512276138819968,1,DMTN
top300_sample_centered,GO_Biological_Process_2023,Positive Regulation Of Hemostasis (GO:1900048),0.15320061211632643,0.512276138819968,1,DMTN
top300_sample_centered,GO_Biological_Process_2023,Glycerol Metabolic Process (GO:0006071),0.15320061211632643,0.512276138819968,1,TKFC
top300_sample_centered,GO_Biological_Process_2023,Positive Regulation Of Platelet Aggregation (GO:1901731),0.15320061211632643,0.512276138819968,1,DMTN
top300_sample_centered,GO_Biological_Process_2023,Positive Regulation Of Protein Exit From Endoplasmic Reticulum (GO:0070863),0.15320061211632643,0.512276138819968,1,EDEM2
top300_sample_centered,GO_Biological_Process_2023,pre-mRNA Cleavage Required For Polyadenylation (GO:0098789),0.15320061211632643,0.512276138819968,1,CPSF2
top300_sample_centered,GO_Biological_Process_2023,Magnesium Ion Transport (GO:0015693),0.15320061211632643,0.512276138819968,1,NIPA1
top300_sample_centered,GO_Biological_Process_2023,Methylguanosine-Cap Decapping (GO:0110156),0.15320061211632643,0.512276138819968,1,NUDT12
top300_sample_centered,GO_Biological_Process_2023,Mitochondrial Genome Maintenance (GO:0000002),0.15320061211632643,0.512276138819968,1,SLC25A4
top300_sample_centered,GO_Biological_Process_2023,Regulation Of Alcohol Biosynthetic Process (GO:1902930),0.15320061211632643,0.512276138819968,1,ERLIN2
top300_sample_centered,GO_Biological_Process_2023,Negative Regulation Of Amyloid Fibril Formation (GO:1905907),0.15320061211632643,0.512276138819968,1,PFDN6
top300_sample_centered,GO_Biological_Process_2023,Regulation Of Cell Communication By Electrical Coupling Involved In Cardiac Conduction (GO:1901844),0.15320061211632643,0.512276138819968,1,CALM2
top300_sample_centered,GO_Biological_Process_2023,Negative Regulation Of Cellular Response To Vascular Endothelial Growth Factor Stimulus (GO:1902548),0.15320061211632643,0.512276138819968,1,PIK3CB
top300_sample_centered,GO_Biological_Process_2023,Regulation Of Epithelial Cell Proliferation (GO:0050678),0.15660210756981807,0.5174707314764279,3,EPB41L4B;ERBB2;PEX2
top300_sample_centered,GO_Biological_Process_2023,rRNA Metabolic Process (GO:0016072),0.15660210756981807,0.5174707314764279,3,SLFN13;POP4;MARS1
top300_sample_centered,GO_Biological_Process_2023,Negative Regulation Of Hydrolase Activity (GO:0051346),0.15662763631944016,0.5174707314764279,2,ATP5IF1;TMED2
top300_sample_centered,GO_Biological_Process_2023,Golgi To Plasma Membrane Transport (GO:0006893),0.15662763631944016,0.5174707314764279,2,PREPL;EXOC4
top300_sample_centered,GO_Biological_Process_2023,Protein Monoubiquitination (GO:0006513),0.15662763631944016,0.5174707314764279,2,PEX2;FANCF
top300_sample_centered,GO_Biological_Process_2023,Regulation Of Intrinsic Apoptotic Signaling Pathway (GO:2001242),0.16190692318445674,0.5191930856756806,2,BECN1;PTPMT1
top300_sample_centered,GO_Biological_Process_2023,Cytoplasmic Microtubule Organization (GO:0031122),0.16190692318445674,0.5191930856756806,2,TUBGCP2;CIB1
top300_sample_centered,GO_Biological_Process_2023,C4-dicarboxylate Transport (GO:0015740),0.16590957450841412,0.5191930856756806,1,SLC25A13
top300_sample_centered,GO_Biological_Process_2023,DNA Strand Elongation (GO:0022616),0.16590957450841412,0.5191930856756806,1,NBN
top300_sample_centered,GO_Biological_Process_2023,Negative Regulation Of Mitochondrial Membrane Permeability (GO:0035795),0.16590957450841412,0.5191930856756806,1,SLC25A4
top300_sample_centered,GO_Biological_Process_2023,UV-damage Excision Repair (GO:0070914),0.16590957450841412,0.5191930856756806,1,DDB1
top300_sample_centered,GO_Biological_Process_2023,acetyl-CoA Biosynthetic Process (GO:0006085),0.16590957450841412,0.5191930856756806,1,DLAT
top300_sample_centered,GO_Biological_Process_2023,Negative Regulation Of Substrate Adhesion-Dependent Cell Spreading (GO:1900025),0.16590957450841412,0.5191930856756806,1,DMTN
top300_sample_centered,GO_Biological_Process_2023,Regulation Of Monooxygenase Activity (GO:0032768),0.16590957450841412,0.5191930856756806,1,DDAH1
top300_sample_centered,GO_Biological_Process_2023,Regulation Of Platelet-Derived Growth Factor Receptor Signaling Pathway (GO:0010640),0.16590957450841412,0.5191930856756806,1,IFT20
top300_sample_centered,GO_Biological_Process_2023,Oligosaccharide-Lipid Intermediate Biosynthetic Process (GO:0006490),0.16590957450841412,0.5191930856756806,1,DPAGT1
top300_sample_centered,GO_Biological_Process_2023,Cardiolipin Metabolic Process (GO:0032048),0.16590957450841412,0.5191930856756806,1,PTPMT1
top300_sample_centered,GO_Biological_Process_2023,Regulation Of Retinoic Acid Receptor Signaling Pathway (GO:0048385),0.16590957450841412,0.5191930856756806,1,CTBP2
top300_sample_centered,GO_Biological_Process_2023,"Regulation Of Retrograde Protein Transport, ER To Cytosol (GO:1904152)",0.16590957450841412,0.5191930856756806,1,EDEM2
top300_sample_centered,GO_Biological_Process_2023,Cellular Response To Acidic pH (GO:0071468),0.16590957450841412,0.5191930856756806,1,RAB11B
top300_sample_centered,GO_Biological_Process_2023,Detection Of Calcium Ion (GO:0005513),0.16590957450841412,0.5191930856756806,1,CALM2
top300_sample_centered,GO_Biological_Process_2023,Ribosome Disassembly (GO:0032790),0.16590957450841412,0.5191930856756806,1,MTIF3
top300_sample_centered,GO_Biological_Process_2023,Positive Regulation Of Integrin-Mediated Signaling Pathway (GO:2001046),0.16590957450841412,0.5191930856756806,1,DMTN
top300_sample_centered,GO_Biological_Process_2023,tRNA 5'-Leader Removal (GO:0001682),0.16590957450841412,0.5191930856756806,1,POP4
top300_sample_centered,GO_Biological_Process_2023,mRNA Cleavage Involved In mRNA Processing (GO:0098787),0.16590957450841412,0.5191930856756806,1,CPSF2
top300_sample_centered,GO_Biological_Process_2023,Morphogenesis Of A Polarized Epithelium (GO:0001738),0.16590957450841412,0.5191930856756806,1,TRAF3IP1
top300_sample_centered,GO_Biological_Process_2023,Negative Regulation Of Alcohol Biosynthetic Process (GO:1902931),0.16590957450841412,0.5191930856756806,1,ERLIN2
top300_sample_centered,GO_Biological_Process_2023,Regulation Of Cell Communication By Electrical Coupling (GO:0010649),0.16590957450841412,0.5191930856756806,1,CALM2
top300_sample_centered,GO_Biological_Process_2023,Neurogenesis (GO:0022008),0.1672180071576185,0.5191930856756806,2,ERBB2;RITA1
top300_sample_centered,GO_Biological_Process_2023,Pyruvate Metabolic Process (GO:0006090),0.17255875666095588,0.5191930856756806,2,SRR;DLAT
top300_sample_centered,GO_Biological_Process_2023,Positive Regulation Of Protein Kinase Activity (GO:0045860),0.17393132032510114,0.5191930856756806,4,DLG3;JTB;CIB1;CALM2
top300_sample_centered,GO_Biological_Process_2023,RNA Modification (GO:0009451),0.17792709644230686,0.5191930856756806,2,AARS1;FTSJ3
top300_sample_centered,GO_Biological_Process_2023,Regulation Of Substrate Adhesion-Dependent Cell Spreading (GO:1900024),0.17792709644230686,0.5191930856756806,2,DMTN;CIB1
top300_sample_centered,GO_Biological_Process_2023,Positive Regulation Of DNA Recombination (GO:0045911),0.17792709644230686,0.5191930856756806,2,MORF4L2;TP53BP1
top300_sample_centered,GO_Biological_Process_2023,Positive Regulation Of Protein Localization To Cell Periphery (GO:1904377),0.17792709644230686,0.5191930856756806,2,KIF5B;CIB1
top300_sample_centered,GO_Biological_Process_2023,Positive Regulation Of Protein Localization To Plasma Membrane (GO:1903078),0.17792709644230686,0.5191930856756806,2,KIF5B;CIB1
top300_sample_centered,GO_Biological_Process_2023,Metaphase Plate Congression (GO:0051310),0.17792709644230686,0.5191930856756806,2,BECN1;TRAPPC12
top300_sample_centered,GO_Biological_Process_2023,ATP Transport (GO:0015867),0.17842842428567599,0.5191930856756806,1,SLC25A4
top300_sample_centered,GO_Biological_Process_2023,ERBB2 Signaling Pathway (GO:0038128),0.17842842428567599,0.5191930856756806,1,ERBB2
top300_sample_centered,GO_Biological_Process_2023,N-terminal Protein Amino Acid Modification (GO:0031365),0.17842842428567599,0.5191930856756806,1,NAA35
top300_sample_centered,GO_Biological_Process_2023,Regulation Of Lamellipodium Organization (GO:1902743),0.17842842428567599,0.5191930856756806,1,DMTN
top300_sample_centered,GO_Biological_Process_2023,Regulation Of Oxidoreductase Activity (GO:0051341),0.17842842428567599,0.5191930856756806,1,FDX1
top300_sample_centered,GO_Biological_Process_2023,Cardiocyte Differentiation (GO:0035051),0.17842842428567599,0.5191930856756806,1,CBY1
top300_sample_centered,GO_Biological_Process_2023,Peptidyl-Methionine Modification (GO:0018206),0.17842842428567599,0.5191930856756806,1,NAA35
top300_sample_centered,GO_Biological_Process_2023,Regulation Of Transcription Of Nucleolar Large rRNA By RNA Polymerase I (GO:1901836),0.17842842428567599,0.5191930856756806,1,MARS1
top300_sample_centered,GO_Biological_Process_2023,Chondroitin Sulfate Biosynthetic Process (GO:0030206),0.17842842428567599,0.5191930856756806,1,UGDH
top300_sample_centered,GO_Biological_Process_2023,Response To Nerve Growth Factor (GO:1990089),0.17842842428567599,0.5191930856756806,1,CIB1
top300_sample_centered,GO_Biological_Process_2023,Signal Peptide Processing (GO:0006465),0.17842842428567599,0.5191930856756806,1,SPCS1
top300_sample_centered,GO_Biological_Process_2023,Endolysosomal Toll-Like Receptor Signaling Pathway (GO:0140894),0.17842842428567599,0.5191930856756806,1,UNC93B1
top300_sample_centered,GO_Biological_Process_2023,Endoplasmic Reticulum Mannose Trimming (GO:1904380),0.17842842428567599,0.5191930856756806,1,EDEM2
top300_sample_centered,GO_Biological_Process_2023,Sphingoid Biosynthetic Process (GO:0046520),0.17842842428567599,0.5191930856756806,1,SPTLC2
top300_sample_centered,GO_Biological_Process_2023,Sphingosine Biosynthetic Process (GO:0046512),0.17842842428567599,0.5191930856756806,1,SPTLC2
top300_sample_centered,GO_Biological_Process_2023,Eye Photoreceptor Cell Development (GO:0042462),0.17842842428567599,0.5191930856756806,1,RPGRIP1L
top300_sample_centered,GO_Biological_Process_2023,Synaptic Vesicle Localization (GO:0097479),0.17842842428567599,0.5191930856756806,1,KIF5B
top300_sample_centered,GO_Biological_Process_2023,Glomerular Filtration (GO:0003094),0.17842842428567599,0.5191930856756806,1,XPNPEP3
top300_sample_centered,GO_Biological_Process_2023,Intraciliary Retrograde Transport (GO:0035721),0.17842842428567599,0.5191930856756806,1,DYNC2LI1
top300_sample_centered,GO_Biological_Process_2023,Membrane Depolarization (GO:0051899),0.17842842428567599,0.5191930856756806,1,ATP5IF1
top300_sample_centered,GO_Biological_Process_2023,Membrane Protein Intracellular Domain Proteolysis (GO:0031293),0.17842842428567599,0.5191930856756806,1,SPPL2A
top300_sample_centered,GO_Biological_Process_2023,Mitochondrial DNA Metabolic Process (GO:0032042),0.17842842428567599,0.5191930856756806,1,ENDOG
top300_sample_centered,GO_Biological_Process_2023,Purine Ribonucleoside Bisphosphate Metabolic Process (GO:0034035),0.17842842428567599,0.5191930856756806,1,BPNT1
top300_sample_centered,GO_Biological_Process_2023,ncRNA Transcription (GO:0098781),0.17842842428567599,0.5191930856756806,1,MARS1
top300_sample_centered,GO_Biological_Process_2023,Regulation Of Defense Response (GO:0031347),0.1785783603880871,0.5191930856756806,3,TKFC;ELMOD2;ZMPSTE24
top300_sample_centered,GO_Biological_Process_2023,Protein Glycosylation (GO:0006486),0.17984646793147355,0.5217814542297583,4,DPAGT1;DPM3;MLEC;B3GALT6
top300_sample_centered,GO_Biological_Process_2023,RNA Splicing (GO:0008380),0.18232084904423673,0.5278513470232514,3,SF3B2;PRPF18;SNRNP35
top300_sample_centered,GO_Biological_Process_2023,Negative Regulation Of Fatty Acid Biosynthetic Process (GO:0045717),0.19075999588431108,0.5289755465192075,1,ERLIN2
top300_sample_centered,GO_Biological_Process_2023,L-glutamate Transmembrane Transport (GO:0015813),0.19075999588431108,0.5289755465192075,1,SLC25A13
top300_sample_centered,GO_Biological_Process_2023,Bone Morphogenesis (GO:0060349),0.19075999588431108,0.5289755465192075,1,LRP5
top300_sample_centered,GO_Biological_Process_2023,Cellular Response To ATP (GO:0071318),0.19075999588431108,0.5289755465192075,1,HSP90B1
top300_sample_centered,GO_Biological_Process_2023,Resolution Of Meiotic Recombination Intermediates (GO:0000712),0.19075999588431108,0.5289755465192075,1,CENPS
top300_sample_centered,GO_Biological_Process_2023,Electron Transport Chain (GO:0022900),0.19075999588431108,0.5289755465192075,1,NDUFA5
top300_sample_centered,GO_Biological_Process_2023,Serine Family Amino Acid Metabolic Process (GO:0009069),0.19075999588431108,0.5289755465192075,1,SRR
top300_sample_centered,GO_Biological_Process_2023,Establishment Of Chromosome Localization (GO:0051303),0.19075999588431108,0.5289755465192075,1,TRAPPC12
top300_sample_centered,GO_Biological_Process_2023,Positive Regulation Of Histone Acetylation (GO:0035066),0.19075999588431108,0.5289755465192075,1,GLYR1
top300_sample_centered,GO_Biological_Process_2023,tRNA 5'-End Processing (GO:0099116),0.19075999588431108,0.5289755465192075,1,POP4
top300_sample_centered,GO_Biological_Process_2023,Telomere Capping (GO:0016233),0.19075999588431108,0.5289755465192075,1,NBN
top300_sample_centered,GO_Biological_Process_2023,Icosanoid Transport (GO:0071715),0.19075999588431108,0.5289755465192075,1,ABCC6
top300_sample_centered,GO_Biological_Process_2023,Inner Dynein Arm Assembly (GO:0036159),0.19075999588431108,0.5289755465192075,1,DNAAF5
top300_sample_centered,GO_Biological_Process_2023,"Maturation Of LSU-rRNA From Tricistronic rRNA Transcript (SSU-rRNA, 5.8S rRNA, LSU-rRNA) (GO:0000463)",0.19075999588431108,0.5289755465192075,1,FTSJ3
top300_sample_centered,GO_Biological_Process_2023,Mitotic Recombination (GO:0006312),0.19075999588431108,0.5289755465192075,1,MSH3
top300_sample_centered,GO_Biological_Process_2023,Regulation Of MHC Class II Biosynthetic Process (GO:0045346),0.19075999588431108,0.5289755465192075,1,RFXANK
top300_sample_centered,GO_Biological_Process_2023,Negative Regulation Of Defense Response To Virus (GO:0050687),0.19075999588431108,0.5289755465192075,1,TRAF3IP1
top300_sample_centered,GO_Biological_Process_2023,Apical Junction Assembly (GO:0043297),0.19417772653694718,0.5289755465192075,2,MARVELD2;CTNNA1
top300_sample_centered,GO_Biological_Process_2023,Negative Regulation Of TOR Signaling (GO:0032007),0.19417772653694718,0.5289755465192075,2,ENDOG;PRKAA2
top300_sample_centered,GO_Biological_Process_2023,Activation Of GTPase Activity (GO:0090630),0.19749355984124936,0.5289755465192075,3,CCDC125;AGAP1;EVI5
top300_sample_centered,GO_Biological_Process_2023,Ceramide Metabolic Process (GO:0006672),0.19963676191554863,0.5289755465192075,2,SPTLC2;PLPP2
top300_sample_centered,GO_Biological_Process_2023,3'-Phosphoadenosine 5'-Phosphosulfate Metabolic Process (GO:0050427),0.20290708162909607,0.5289755465192075,1,BPNT1
top300_sample_centered,GO_Biological_Process_2023,Regulation Of Cholesterol Biosynthetic Process (GO:0045540),0.20290708162909607,0.5289755465192075,1,ERLIN2
top300_sample_centered,GO_Biological_Process_2023,Regulation Of Clathrin-Dependent Endocytosis (GO:2000369),0.20290708162909607,0.5289755465192075,1,PIK3CB
top300_sample_centered,GO_Biological_Process_2023,Negative Regulation Of Focal Adhesion Assembly (GO:0051895),0.20290708162909607,0.5289755465192075,1,DMTN
top300_sample_centered,GO_Biological_Process_2023,DNA Double-Strand Break Processing (GO:0000729),0.20290708162909607,0.5289755465192075,1,NBN
top300_sample_centered,GO_Biological_Process_2023,L-glutamate Import (GO:0051938),0.20290708162909607,0.5289755465192075,1,SLC25A13
top300_sample_centered,GO_Biological_Process_2023,N-terminal Protein Amino Acid Acetylation (GO:0006474),0.20290708162909607,0.5289755465192075,1,NAA35
top300_sample_centered,GO_Biological_Process_2023,Regulation Of Isotype Switching (GO:0045191),0.20290708162909607,0.5289755465192075,1,TP53BP1
top300_sample_centered,GO_Biological_Process_2023,Negative Regulation Of Telomere Maintenance (GO:0032205),0.20290708162909607,0.5289755465192075,1,NBN
top300_sample_centered,GO_Biological_Process_2023,Nitric Oxide Biosynthetic Process (GO:0006809),0.20290708162909607,0.5289755465192075,1,MTARC2
top300_sample_centered,GO_Biological_Process_2023,Nucleotide-Sugar Biosynthetic Process (GO:0009226),0.20290708162909607,0.5289755465192075,1,UGDH
top300_sample_centered,GO_Biological_Process_2023,Peptidyl-Lysine Trimethylation (GO:0018023),0.20290708162909607,0.5289755465192075,1,SETD3
top300_sample_centered,GO_Biological_Process_2023,Pigment Granule Transport (GO:0051904),0.20290708162909607,0.5289755465192075,1,RAB11B
top300_sample_centered,GO_Biological_Process_2023,Regulation Of Systemic Arterial Blood Pressure (GO:0003073),0.20290708162909607,0.5289755465192075,1,DDAH1
top300_sample_centered,GO_Biological_Process_2023,"Positive Regulation Of DNA Damage Response, Signal Transduction By P53 Class Mediator (GO:0043517)",0.20290708162909607,0.5289755465192075,1,ZNHIT1
top300_sample_centered,GO_Biological_Process_2023,Renal Filtration (GO:0097205),0.20290708162909607,0.5289755465192075,1,XPNPEP3
top300_sample_centered,GO_Biological_Process_2023,Retrograde Axonal Transport (GO:0008090),0.20290708162909607,0.5289755465192075,1,KIF5B
top300_sample_centered,GO_Biological_Process_2023,Dolichol-Linked Oligosaccharide Biosynthetic Process (GO:0006488),0.20290708162909607,0.5289755465192075,1,DPAGT1
top300_sample_centered,GO_Biological_Process_2023,Endoplasmic Reticulum To Cytosol Transport (GO:1903513),0.20290708162909607,0.5289755465192075,1,HSP90B1
top300_sample_centered,GO_Biological_Process_2023,Positive Regulation Of Glucose Metabolic Process (GO:0010907),0.20290708162909607,0.5289755465192075,1,DDB1
top300_sample_centered,GO_Biological_Process_2023,Positive Regulation Of Immunoglobulin Mediated Immune Response (GO:0002891),0.20290708162909607,0.5289755465192075,1,TP53BP1
top300_sample_centered,GO_Biological_Process_2023,Positive Regulation Of Isotype Switching (GO:0045830),0.20290708162909607,0.5289755465192075,1,TP53BP1
top300_sample_centered,GO_Biological_Process_2023,Glutamine Family Amino Acid Catabolic Process (GO:0009065),0.20290708162909607,0.5289755465192075,1,DDAH1
top300_sample_centered,GO_Biological_Process_2023,Positive Regulation Of Potassium Ion Transport (GO:0043268),0.20290708162909607,0.5289755465192075,1,KIF5B
top300_sample_centered,GO_Biological_Process_2023,Positive Regulation Of Transmembrane Transport (GO:0034764),0.20290708162909607,0.5289755465192075,1,AZIN1
top300_sample_centered,GO_Biological_Process_2023,Melanosome Transport (GO:0032402),0.20290708162909607,0.5289755465192075,1,RAB11B
top300_sample_centered,GO_Biological_Process_2023,Regulation Of Rac Protein Signal Transduction (GO:0035020),0.20290708162909607,0.5289755465192075,1,PIK3CB
top300_sample_centered,GO_Biological_Process_2023,Regulation Of Amyloid Fibril Formation (GO:1905906),0.20290708162909607,0.5289755465192075,1,PFDN6
top300_sample_centered,GO_Biological_Process_2023,Negative Regulation Of Cell-Substrate Junction Organization (GO:0150118),0.20290708162909607,0.5289755465192075,1,DMTN
top300_sample_centered,GO_Biological_Process_2023,Proteasome-Mediated Ubiquitin-Dependent Protein Catabolic Process (GO:0043161),0.20442615481541906,0.5289755465192075,7,DDB1;DNAJC10;CUL1;ERLIN2;FAM8A1;HSP90B1;ANAPC2
top300_sample_centered,GO_Biological_Process_2023,RNA Polymerase II Preinitiation Complex Assembly (GO:0051123),0.20511381626050593,0.5289755465192075,2,TAF6;MED29
top300_sample_centered,GO_Biological_Process_2023,Peptide Metabolic Process (GO:0006518),0.20511381626050593,0.5289755465192075,2,MIPEP;SPCS1
top300_sample_centered,GO_Biological_Process_2023,"Positive Regulation Of DNA-templated Transcription, Elongation (GO:0032786)",0.20511381626050593,0.5289755465192075,2,ZMYND8;MED29
top300_sample_centered,GO_Biological_Process_2023,post-Golgi Vesicle-Mediated Transport (GO:0006892),0.20511381626050593,0.5289755465192075,2,SCFD1;EXOC4
top300_sample_centered,GO_Biological_Process_2023,Mitotic DNA Damage Checkpoint Signaling (GO:0044773),0.20511381626050593,0.5289755465192075,2,BABAM2;NBN
top300_sample_centered,GO_Biological_Process_2023,Cellular Response To Organonitrogen Compound (GO:0071417),0.2090671269347415,0.5289755465192075,3,DMTN;CTNNA1;HSP90B1
top300_sample_centered,GO_Biological_Process_2023,Signal Transduction In Response To DNA Damage (GO:0042770),0.21060712827984118,0.5289755465192075,2,NBN;TP53BP1
top300_sample_centered,GO_Biological_Process_2023,Myeloid Cell Differentiation (GO:0030099),0.21060712827984118,0.5289755465192075,2,ATP5IF1;UBA5
top300_sample_centered,GO_Biological_Process_2023,Positive Regulation Of Cell Growth (GO:0030307),0.2129584022394735,0.5289755465192075,3,N6AMT1;ERBB2;CIB1
top300_sample_centered,GO_Biological_Process_2023,Negative Regulation Of Viral-Induced Cytoplasmic Pattern Recognition Receptor Signaling Pathway (GO:0039532),0.21487243237698472,0.5289755465192075,1,TKFC
top300_sample_centered,GO_Biological_Process_2023,Apoptotic Nuclear Changes (GO:0030262),0.21487243237698472,0.5289755465192075,1,ENDOG
top300_sample_centered,GO_Biological_Process_2023,Neuron Projection Organization (GO:0106027),0.21487243237698472,0.5289755465192075,1,KIFBP
top300_sample_centered,GO_Biological_Process_2023,Nitric Oxide Metabolic Process (GO:0046209),0.21487243237698472,0.5289755465192075,1,MTARC2
top300_sample_centered,GO_Biological_Process_2023,Nuclear Chromosome Segregation (GO:0098813),0.21487243237698472,0.5289755465192075,1,TRAPPC12
top300_sample_centered,GO_Biological_Process_2023,Nuclear Migration (GO:0007097),0.21487243237698472,0.5289755465192075,1,CLMN
top300_sample_centered,GO_Biological_Process_2023,Regulation Of Plasminogen Activation (GO:0010755),0.21487243237698472,0.5289755465192075,1,PLGRKT
top300_sample_centered,GO_Biological_Process_2023,Chondroitin Sulfate Metabolic Process (GO:0030204),0.21487243237698472,0.5289755465192075,1,UGDH
top300_sample_centered,GO_Biological_Process_2023,Positive Regulation Of Autophagosome Assembly (GO:2000786),0.21487243237698472,0.5289755465192075,1,SNX4
top300_sample_centered,GO_Biological_Process_2023,Positive Regulation Of Cell Migration Involved In Sprouting Angiogenesis (GO:0090050),0.21487243237698472,0.5289755465192075,1,CIB1
top300_sample_centered,GO_Biological_Process_2023,Reticulophagy (GO:0061709),0.21487243237698472,0.5289755465192075,1,UBA5
top300_sample_centered,GO_Biological_Process_2023,Endoplasmic Reticulum Tubular Network Organization (GO:0071786),0.21487243237698472,0.5289755465192075,1,RTN3
top300_sample_centered,GO_Biological_Process_2023,Positive Regulation Of Homotypic Cell-Cell Adhesion (GO:0034112),0.21487243237698472,0.5289755465192075,1,DMTN
top300_sample_centered,GO_Biological_Process_2023,Establishment Of Melanosome Localization (GO:0032401),0.21487243237698472,0.5289755465192075,1,RAB11B
top300_sample_centered,GO_Biological_Process_2023,Establishment Of Protein Localization To Endoplasmic Reticulum (GO:0072599),0.21487243237698472,0.5289755465192075,1,SPCS1
top300_sample_centered,GO_Biological_Process_2023,Glycoprotein Catabolic Process (GO:0006516),0.21487243237698472,0.5289755465192075,1,EDEM2
top300_sample_centered,GO_Biological_Process_2023,Heart Process (GO:0003015),0.21487243237698472,0.5289755465192075,1,ZNHIT1
top300_sample_centered,GO_Biological_Process_2023,Protein O-linked Mannosylation (GO:0035269),0.21487243237698472,0.5289755465192075,1,DPM3
top300_sample_centered,GO_Biological_Process_2023,"Protein Alpha-1,2-Demannosylation (GO:0036508)",0.21487243237698472,0.5289755465192075,1,EDEM2
top300_sample_centered,GO_Biological_Process_2023,Maturation Of 5.8S rRNA (GO:0000460),0.21487243237698472,0.5289755465192075,1,FTSJ3
top300_sample_centered,GO_Biological_Process_2023,Mitophagy (GO:0000423),0.21487243237698472,0.5289755465192075,1,BECN1
top300_sample_centered,GO_Biological_Process_2023,Negative Regulation Of Amyloid-Beta Formation (GO:1902430),0.21487243237698472,0.5289755465192075,1,RTN3
top300_sample_centered,GO_Biological_Process_2023,Regulation Of Cardiac Muscle Contraction By Regulation Of The Release Of Sequestered Calcium Ion (GO:0010881),0.21487243237698472,0.5289755465192075,1,CALM2
top300_sample_centered,GO_Biological_Process_2023,Negative Regulation Of Programmed Cell Death (GO:0043069),0.21488434583437754,0.5289755465192075,8,BABAM2;BECN1;PRKAA2;ERBB2;CAT;NAA35;CIB1;HSP90B1
top300_sample_centered,GO_Biological_Process_2023,Renal System Development (GO:0072001),0.21611498518505984,0.5296374702291449,2,TRAF3IP1;IFT27
top300_sample_centered,GO_Biological_Process_2023,Glycosaminoglycan Biosynthetic Process (GO:0006024),0.21611498518505984,0.5296374702291449,2,UGDH;B3GALT6
top300_sample_centered,GO_Biological_Process_2023,DNA-templated Transcription Initiation (GO:0006352),0.2216357215203968,0.5296374702291449,2,POLR3H;TAF6
top300_sample_centered,GO_Biological_Process_2023,Anterior/Posterior Pattern Specification (GO:0009952),0.2216357215203968,0.5296374702291449,2,LRP5;HOXB7
top300_sample_centered,GO_Biological_Process_2023,Transcription Preinitiation Complex Assembly (GO:0070897),0.2216357215203968,0.5296374702291449,2,TAF6;MED29
top300_sample_centered,GO_Biological_Process_2023,Mitotic Cytokinesis (GO:0000281),0.2216357215203968,0.5296374702291449,2,EXOC4;JTB
top300_sample_centered,GO_Biological_Process_2023,Protein-Containing Complex Assembly (GO:0065003),0.22371780777823713,0.5296374702291449,7,BECN1;DMTN;TUBGCP2;TRAPPC12;TMED2;OMA1;PFDN6
top300_sample_centered,GO_Biological_Process_2023,Cellular Response To Salt (GO:1902075),0.22472338344468434,0.5296374702291449,3,PRKAA2;DMTN;HSP90B1
top300_sample_centered,GO_Biological_Process_2023,Negative Regulation Of Fibroblast Proliferation (GO:0048147),0.22665875807778754,0.5296374702291449,1,PEX2
top300_sample_centered,GO_Biological_Process_2023,DNA Biosynthetic Process (GO:0071897),0.22665875807778754,0.5296374702291449,1,WRNIP1
top300_sample_centered,GO_Biological_Process_2023,"DNA Damage Response, Signal Transduction By P53 Class Mediator Resulting In Cell Cycle Arrest (GO:0006977)",0.22665875807778754,0.5296374702291449,1,CRADD
top300_sample_centered,GO_Biological_Process_2023,G Protein-Coupled Acetylcholine Receptor Signaling Pathway (GO:0007213),0.22665875807778754,0.5296374702291449,1,GNA11
top300_sample_centered,GO_Biological_Process_2023,NAD Biosynthetic Process (GO:0009435),0.22665875807778754,0.5296374702291449,1,NUDT12
top300_sample_centered,GO_Biological_Process_2023,Carboxylic Acid Biosynthetic Process (GO:0046394),0.22665875807778754,0.5296374702291449,1,UGDH
top300_sample_centered,GO_Biological_Process_2023,Regulation Of Tubulin Deacetylation (GO:0090043),0.22665875807778754,0.5296374702291449,1,PRKAA2
top300_sample_centered,GO_Biological_Process_2023,Regulation Of Vacuole Organization (GO:0044088),0.22665875807778754,0.5296374702291449,1,IFT20
top300_sample_centered,GO_Biological_Process_2023,Response To Acidic pH (GO:0010447),0.22665875807778754,0.5296374702291449,1,RAB11B
top300_sample_centered,GO_Biological_Process_2023,Positive Regulation Of Cell Adhesion Mediated By Integrin (GO:0033630),0.22665875807778754,0.5296374702291449,1,CIB1
top300_sample_centered,GO_Biological_Process_2023,Positive Regulation Of Cell Cycle Phase Transition (GO:1901989),0.22665875807778754,0.5296374702291449,1,PEX2
top300_sample_centered,GO_Biological_Process_2023,Detection Of Visible Light (GO:0009584),0.22665875807778754,0.5296374702291449,1,GNA11
top300_sample_centered,GO_Biological_Process_2023,"Retrograde Protein Transport, ER To Cytosol (GO:0030970)",0.22665875807778754,0.5296374702291449,1,HSP90B1
top300_sample_centered,GO_Biological_Process_2023,Diol Biosynthetic Process (GO:0034312),0.22665875807778754,0.5296374702291449,1,SPTLC2
top300_sample_centered,GO_Biological_Process_2023,Sulfur Amino Acid Metabolic Process (GO:0000096),0.22665875807778754,0.5296374702291449,1,MSRA
top300_sample_centered,GO_Biological_Process_2023,Positive Regulation Of Nitric-Oxide Synthase Activity (GO:0051000),0.22665875807778754,0.5296374702291449,1,PIK3CB
top300_sample_centered,GO_Biological_Process_2023,Long-Chain fatty-acyl-CoA Biosynthetic Process (GO:0035338),0.22665875807778754,0.5296374702291449,1,HSD17B12
top300_sample_centered,GO_Biological_Process_2023,Megakaryocyte Differentiation (GO:0030219),0.22665875807778754,0.5296374702291449,1,UBA5
top300_sample_centered,GO_Biological_Process_2023,rRNA Modification (GO:0000154),0.22665875807778754,0.5296374702291449,1,FTSJ3
top300_sample_centered,GO_Biological_Process_2023,rRNA Transcription (GO:0009303),0.22665875807778754,0.5296374702291449,1,MARS1
top300_sample_centered,GO_Biological_Process_2023,Motile Cilium Assembly (GO:0044458),0.22665875807778754,0.5296374702291449,1,ENKD1
top300_sample_centered,GO_Biological_Process_2023,Negative Regulation Of Rho Protein Signal Transduction (GO:0035024),0.22665875807778754,0.5296374702291449,1,CCDC125
top300_sample_centered,GO_Biological_Process_2023,Histone Acetylation (GO:0016573),0.2271677181862469,0.5299300993500118,2,MORF4L2;TAF6
top300_sample_centered,GO_Biological_Process_2023,Positive Regulation Of Organelle Assembly (GO:1902117),0.23270940156751915,0.5359106091070939,2,IFT20;SNX4
top300_sample_centered,GO_Biological_Process_2023,Regulation Of Protein Serine/Threonine Kinase Activity (GO:0071900),0.23661172054574653,0.5359106091070939,3,LRP5;CIB1;CALM2
top300_sample_centered,GO_Biological_Process_2023,Phosphatidylinositol-Mediated Signaling (GO:0048015),0.23825924233580636,0.5359106091070939,2,ERBB2;PIK3CB
top300_sample_centered,GO_Biological_Process_2023,Positive Regulation Of Apoptotic Signaling Pathway (GO:2001235),0.23825924233580636,0.5359106091070939,2,BECN1;CRADD
top300_sample_centered,GO_Biological_Process_2023,Fat Cell Differentiation (GO:0045444),0.23825924233580636,0.5359106091070939,2,CTBP2;CBY1
top300_sample_centered,GO_Biological_Process_2023,Protein-Containing Complex Disassembly (GO:0032984),0.23825924233580636,0.5359106091070939,2,BECN1;PEX2
top300_sample_centered,GO_Biological_Process_2023,Negative Regulation Of Nervous System Development (GO:0051961),0.23826872845166958,0.5359106091070939,1,DYNLT1
top300_sample_centered,GO_Biological_Process_2023,Actin Filament Capping (GO:0051693),0.23826872845166958,0.5359106091070939,1,ADD3
top300_sample_centered,GO_Biological_Process_2023,Regulation Of Mitochondrial Membrane Permeability (GO:0046902),0.23826872845166958,0.5359106091070939,1,SLC25A4
top300_sample_centered,GO_Biological_Process_2023,Regulation Of Mitochondrial Outer Membrane Permeabilization Involved In Apoptotic Signaling Pathway (GO:1901028),0.23826872845166958,0.5359106091070939,1,SLC25A4
top300_sample_centered,GO_Biological_Process_2023,Neuromuscular Process (GO:0050905),0.23826872845166958,0.5359106091070939,1,UBA5
top300_sample_centered,GO_Biological_Process_2023,Nitric Oxide Mediated Signal Transduction (GO:0007263),0.23826872845166958,0.5359106091070939,1,DDAH1
top300_sample_centered,GO_Biological_Process_2023,Barbed-End Actin Filament Capping (GO:0051016),0.23826872845166958,0.5359106091070939,1,ADD3
top300_sample_centered,GO_Biological_Process_2023,Regulation Of Protein Neddylation (GO:2000434),0.23826872845166958,0.5359106091070939,1,GPS1
top300_sample_centered,GO_Biological_Process_2023,Regulation Of Synaptic Vesicle Exocytosis (GO:2000300),0.23826872845166958,0.5359106091070939,1,PREPL
top300_sample_centered,GO_Biological_Process_2023,Positive Regulation Of Glycolytic Process (GO:0045821),0.23826872845166958,0.5359106091070939,1,PRKAA2
top300_sample_centered,GO_Biological_Process_2023,Establishment Of Vesicle Localization (GO:0051650),0.23826872845166958,0.5359106091070939,1,KIF5B
top300_sample_centered,GO_Biological_Process_2023,Positive Regulation Of Phosphoprotein Phosphatase Activity (GO:0032516),0.23826872845166958,0.5359106091070939,1,CALM2
top300_sample_centered,GO_Biological_Process_2023,Lysosomal Lumen Acidification (GO:0007042),0.23826872845166958,0.5359106091070939,1,TMEM9
top300_sample_centered,GO_Biological_Process_2023,Protein Autoprocessing (GO:0016540),0.23826872845166958,0.5359106091070939,1,OMA1
top300_sample_centered,GO_Biological_Process_2023,Melanosome Localization (GO:0032400),0.23826872845166958,0.5359106091070939,1,RAB11B
top300_sample_centered,GO_Biological_Process_2023,Negative Regulation Of Amyloid Precursor Protein Catabolic Process (GO:1902992),0.23826872845166958,0.5359106091070939,1,RTN3
top300_sample_centered,GO_Biological_Process_2023,Regulation Of Cytoskeleton Organization (GO:0051493),0.24459748511000723,0.5447749896652826,3,PRKAA2;DMTN;TRAF3IP1
top300_sample_centered,GO_Biological_Process_2023,Response To Endoplasmic Reticulum Stress (GO:0034976),0.24459748511000723,0.5447749896652826,3,UBA5;DNAJC10;HSP90B1
top300_sample_centered,GO_Biological_Process_2023,Protein N-linked Glycosylation (GO:0006487),0.24937749477172466,0.5447749896652826,2,DPAGT1;MLEC
top300_sample_centered,GO_Biological_Process_2023,Negative Regulation Of Fatty Acid Metabolic Process (GO:0045922),0.24970497353955387,0.5447749896652826,1,ERLIN2
top300_sample_centered,GO_Biological_Process_2023,DNA Catabolic Process (GO:0006308),0.24970497353955387,0.5447749896652826,1,ENDOG
top300_sample_centered,GO_Biological_Process_2023,NADP Metabolic Process (GO:0006739),0.24970497353955387,0.5447749896652826,1,NUDT12
top300_sample_centered,GO_Biological_Process_2023,Negative Regulation Of Peptidyl-Serine Phosphorylation (GO:0033137),0.24970497353955387,0.5447749896652826,1,DMTN
top300_sample_centered,GO_Biological_Process_2023,Regulation Of Integrin-Mediated Signaling Pathway (GO:2001044),0.24970497353955387,0.5447749896652826,1,DMTN
top300_sample_centered,GO_Biological_Process_2023,Phosphate Ion Transport (GO:0006817),0.24970497353955387,0.5447749896652826,1,SLC37A4
top300_sample_centered,GO_Biological_Process_2023,Regulation Of Vascular Endothelial Growth Factor Signaling Pathway (GO:1900746),0.24970497353955387,0.5447749896652826,1,PIK3CB
top300_sample_centered,GO_Biological_Process_2023,Chondroitin Sulfate Proteoglycan Biosynthetic Process (GO:0050650),0.24970497353955387,0.5447749896652826,1,UGDH
top300_sample_centered,GO_Biological_Process_2023,Positive Regulation Of calcineurin-NFAT Signaling Cascade (GO:0070886),0.24970497353955387,0.5447749896652826,1,CIB1
top300_sample_centered,GO_Biological_Process_2023,Positive Regulation Of Calcineurin-Mediated Signaling (GO:0106058),0.24970497353955387,0.5447749896652826,1,CIB1
top300_sample_centered,GO_Biological_Process_2023,Positive Regulation Of Hormone Secretion (GO:0046887),0.24970497353955387,0.5447749896652826,1,SNX4
top300_sample_centered,GO_Biological_Process_2023,Heme Biosynthetic Process (GO:0006783),0.24970497353955387,0.5447749896652826,1,ATP5IF1
top300_sample_centered,GO_Biological_Process_2023,Vesicle Docking (GO:0048278),0.24970497353955387,0.5447749896652826,1,STX7
top300_sample_centered,GO_Biological_Process_2023,Insulin Secretion (GO:0030073),0.24970497353955387,0.5447749896652826,1,RAB11B
top300_sample_centered,GO_Biological_Process_2023,rRNA Catabolic Process (GO:0016075),0.24970497353955387,0.5447749896652826,1,SLFN13
top300_sample_centered,GO_Biological_Process_2023,Negative Regulation Of Calcium Ion Transmembrane Transport (GO:1903170),0.24970497353955387,0.5447749896652826,1,CALM2
top300_sample_centered,GO_Biological_Process_2023,Fatty Acid Biosynthetic Process (GO:0006633),0.2549430610454674,0.5493897657837165,2,ABCD3;MCAT
top300_sample_centered,GO_Biological_Process_2023,Regulation Of Cell-Matrix Adhesion (GO:0001952),0.2549430610454674,0.5493897657837165,2,CIB1;PIK3CB
top300_sample_centered,GO_Biological_Process_2023,Regulation Of Cell Growth (GO:0001558),0.25524840403154647,0.5493897657837165,5,N6AMT1;ERBB2;CIB1;OSGIN2;NUBP1
top300_sample_centered,GO_Biological_Process_2023,Positive Regulation Of Protein Serine/Threonine Kinase Activity (GO:0071902),0.25665427972807575,0.5493897657837165,3,ERBB2;CIB1;CALM2
top300_sample_centered,GO_Biological_Process_2023,Response To Reactive Oxygen Species (GO:0000302),0.260511092036045,0.5493897657837165,2,CAT;PEX2
top300_sample_centered,GO_Biological_Process_2023,DNA Methylation (GO:0006306),0.260970084253525,0.5493897657837165,1,N6AMT1
top300_sample_centered,GO_Biological_Process_2023,Negative Regulation Of Microtubule Depolymerization (GO:0007026),0.260970084253525,0.5493897657837165,1,CIB1
top300_sample_centered,GO_Biological_Process_2023,Regulation Of Fibroblast Migration (GO:0010762),0.260970084253525,0.5493897657837165,1,DMTN
top300_sample_centered,GO_Biological_Process_2023,Regulation Of Meiotic Cell Cycle (GO:0051445),0.260970084253525,0.5493897657837165,1,ANAPC2
top300_sample_centered,GO_Biological_Process_2023,Regulation Of Necroptotic Process (GO:0060544),0.260970084253525,0.5493897657837165,1,SLC25A4
top300_sample_centered,GO_Biological_Process_2023,Regulation Of Phosphatase Activity (GO:0010921),0.260970084253525,0.5493897657837165,1,HSP90B1
top300_sample_centered,GO_Biological_Process_2023,Calcium-Mediated Signaling Using Intracellular Calcium Source (GO:0035584),0.260970084253525,0.5493897657837165,1,DMTN
top300_sample_centered,GO_Biological_Process_2023,Regulation Of Protein Localization To Cell Periphery (GO:1904375),0.260970084253525,0.5493897657837165,1,STX7
top300_sample_centered,GO_Biological_Process_2023,Regulation Of Smooth Muscle Contraction (GO:0006940),0.260970084253525,0.5493897657837165,1,SETD3
top300_sample_centered,GO_Biological_Process_2023,Cellular Response To pH (GO:0071467),0.260970084253525,0.5493897657837165,1,RAB11B
top300_sample_centered,GO_Biological_Process_2023,Response To ATP (GO:0033198),0.260970084253525,0.5493897657837165,1,HSP90B1
top300_sample_centered,GO_Biological_Process_2023,Endothelial Cell Development (GO:0001885),0.260970084253525,0.5493897657837165,1,MARVELD2
top300_sample_centered,GO_Biological_Process_2023,Striated Muscle Cell Differentiation (GO:0051146),0.260970084253525,0.5493897657837165,1,CBY1
top300_sample_centered,GO_Biological_Process_2023,Sulfur Compound Catabolic Process (GO:0044273),0.260970084253525,0.5493897657837165,1,SUCLG2
top300_sample_centered,GO_Biological_Process_2023,Hydrogen Peroxide Catabolic Process (GO:0042744),0.260970084253525,0.5493897657837165,1,CAT
top300_sample_centered,GO_Biological_Process_2023,Positive Regulation Of Protein Processing (GO:0010954),0.260970084253525,0.5493897657837165,1,PLGRKT
top300_sample_centered,GO_Biological_Process_2023,Maturation Of LSU-rRNA (GO:0000470),0.260970084253525,0.5493897657837165,1,FTSJ3
top300_sample_centered,GO_Biological_Process_2023,Regulation Of Cardiac Muscle Contraction By Calcium Ion Signaling (GO:0010882),0.260970084253525,0.5493897657837165,1,CALM2
top300_sample_centered,GO_Biological_Process_2023,Positive Regulation Of Cellular Biosynthetic Process (GO:0031328),0.2651352246937485,0.5573085925450026,4,DDB1;DDAH1;ERBB2;LARP1B
top300_sample_centered,GO_Biological_Process_2023,Regulation Of Neurogenesis (GO:0050767),0.26608026617355224,0.5575976442878234,2,DYNLT1;FAIM
top300_sample_centered,GO_Biological_Process_2023,Extrinsic Apoptotic Signaling Pathway (GO:0097191),0.26608026617355224,0.5575976442878234,2,CRADD;CIB1
top300_sample_centered,GO_Biological_Process_2023,Aminoglycan Biosynthetic Process (GO:0006023),0.2720666130435107,0.5599463377244236,1,UGDH
top300_sample_centered,GO_Biological_Process_2023,Anaphase-Promoting Complex-Dependent Catabolic Process (GO:0031145),0.2720666130435107,0.5599463377244236,1,ANAPC2
top300_sample_centered,GO_Biological_Process_2023,Porphyrin-Containing Compound Biosynthetic Process (GO:0006779),0.2720666130435107,0.5599463377244236,1,ATP5IF1
top300_sample_centered,GO_Biological_Process_2023,Cellular Response To Nerve Growth Factor Stimulus (GO:1990090),0.2720666130435107,0.5599463377244236,1,CIB1
top300_sample_centered,GO_Biological_Process_2023,Chaperone-Mediated Protein Complex Assembly (GO:0051131),0.2720666130435107,0.5599463377244236,1,PFDN6
top300_sample_centered,GO_Biological_Process_2023,Positive Regulation Of Blood Coagulation (GO:0030194),0.2720666130435107,0.5599463377244236,1,DMTN
top300_sample_centered,GO_Biological_Process_2023,Histone H2A Acetylation (GO:0043968),0.2720666130435107,0.5599463377244236,1,MORF4L2
top300_sample_centered,GO_Biological_Process_2023,Zinc Ion Transmembrane Transport (GO:0071577),0.2720666130435107,0.5599463377244236,1,SLC39A3
top300_sample_centered,GO_Biological_Process_2023,Positive Regulation Of Vacuole Organization (GO:0044090),0.2720666130435107,0.5599463377244236,1,SNX4
top300_sample_centered,GO_Biological_Process_2023,"Maturation Of 5.8S rRNA From Tricistronic rRNA Transcript (SSU-rRNA, 5.8S rRNA, LSU-rRNA) (GO:0000466)",0.2720666130435107,0.5599463377244236,1,FTSJ3
top300_sample_centered,GO_Biological_Process_2023,Protein Mannosylation (GO:0035268),0.2720666130435107,0.5599463377244236,1,DPM3
top300_sample_centered,GO_Biological_Process_2023,Negative Regulation Of GTPase Activity (GO:0034260),0.2720666130435107,0.5599463377244236,1,TMED2
top300_sample_centered,GO_Biological_Process_2023,Regulation Of Protein Catabolic Process (GO:0042176),0.2769181407044346,0.560715867670246,3,DDB1;TMEM9;AZIN1
top300_sample_centered,GO_Biological_Process_2023,Positive Regulation Of Macromolecule Biosynthetic Process (GO:0010557),0.2769181407044346,0.560715867670246,3,ERBB2;RFXANK;LARP1B
top300_sample_centered,GO_Biological_Process_2023,Protein Localization To Nucleus (GO:0034504),0.2769181407044346,0.560715867670246,3,IPO13;IPO11;PEX2
top300_sample_centered,GO_Biological_Process_2023,Cellular Response To Calcium Ion (GO:0071277),0.2772169506771702,0.560715867670246,2,PRKAA2;DMTN
top300_sample_centered,GO_Biological_Process_2023,Phospholipid Metabolic Process (GO:0006644),0.2772169506771702,0.560715867670246,2,ACP6;PLPP2
top300_sample_centered,GO_Biological_Process_2023,Negative Regulation Of Epithelial Cell Proliferation (GO:0050680),0.28278200858122254,0.560715867670246,2,ATP5IF1;PEX2
top300_sample_centered,GO_Biological_Process_2023,Regulation Of G Protein-Coupled Receptor Signaling Pathway (GO:0008277),0.28278200858122254,0.560715867670246,2,DYNLT1;RPGRIP1L
top300_sample_centered,GO_Biological_Process_2023,Negative Regulation Of Macroautophagy (GO:0016242),0.2829970744143095,0.560715867670246,1,SCFD1
top300_sample_centered,GO_Biological_Process_2023,NAD Metabolic Process (GO:0019674),0.2829970744143095,0.560715867670246,1,NUDT12
top300_sample_centered,GO_Biological_Process_2023,Regulation Of Histone Acetylation (GO:0035065),0.2829970744143095,0.560715867670246,1,GLYR1
top300_sample_centered,GO_Biological_Process_2023,Negative Regulation Of Protein Localization To Nucleus (GO:1900181),0.2829970744143095,0.560715867670246,1,CTNNA1
top300_sample_centered,GO_Biological_Process_2023,Regulation Of Intracellular Steroid Hormone Receptor Signaling Pathway (GO:0033143),0.2829970744143095,0.560715867670246,1,UBA5
top300_sample_centered,GO_Biological_Process_2023,Acetylcholine Receptor Signaling Pathway (GO:0095500),0.2829970744143095,0.560715867670246,1,GNA11
top300_sample_centered,GO_Biological_Process_2023,Regulation Of Mitochondrial Translation (GO:0070129),0.2829970744143095,0.560715867670246,1,MTG2
top300_sample_centered,GO_Biological_Process_2023,Regulation Of Release Of Sequestered Calcium Ion Into Cytosol By Sarcoplasmic Reticulum (GO:0010880),0.2829970744143095,0.560715867670246,1,CALM2
top300_sample_centered,GO_Biological_Process_2023,Regulation Of Telomere Capping (GO:1904353),0.2829970744143095,0.560715867670246,1,NBN
top300_sample_centered,GO_Biological_Process_2023,Ribosomal Large Subunit Assembly (GO:0000027),0.2829970744143095,0.560715867670246,1,DHX30
top300_sample_centered,GO_Biological_Process_2023,Positive Regulation Of Cilium Assembly (GO:0045724),0.2829970744143095,0.560715867670246,1,IFT20
top300_sample_centered,GO_Biological_Process_2023,Positive Regulation Of Phosphatase Activity (GO:0010922),0.2829970744143095,0.560715867670246,1,CALM2
top300_sample_centered,GO_Biological_Process_2023,Inositol Phosphate Metabolic Process (GO:0043647),0.2829970744143095,0.560715867670246,1,NUDT4
top300_sample_centered,GO_Biological_Process_2023,Membrane Protein Ectodomain Proteolysis (GO:0006509),0.2829970744143095,0.560715867670246,1,SPPL2A
top300_sample_centered,GO_Biological_Process_2023,Protein Neddylation (GO:0045116),0.2829970744143095,0.560715867670246,1,GPS1
top300_sample_centered,GO_Biological_Process_2023,rRNA Methylation (GO:0031167),0.2829970744143095,0.560715867670246,1,FTSJ3
top300_sample_centered,GO_Biological_Process_2023,Negative Regulation Of G Protein-Coupled Receptor Signaling Pathway (GO:0045744),0.2829970744143095,0.560715867670246,1,RPGRIP1L
top300_sample_centered,GO_Biological_Process_2023,Negative Regulation Of Cell Development (GO:0010721),0.2829970744143095,0.560715867670246,1,DYNLT1
top300_sample_centered,GO_Biological_Process_2023,Regulation Of Catabolic Process (GO:0009894),0.2829970744143095,0.560715867670246,1,TMEM9
top300_sample_centered,GO_Biological_Process_2023,Negative Regulation Of Supramolecular Fiber Organization (GO:1902904),0.28834330297439953,0.566865199593745,2,CIB1;PFDN6
top300_sample_centered,GO_Biological_Process_2023,Positive Regulation Of Cell-Substrate Adhesion (GO:0010811),0.28834330297439953,0.566865199593745,2,DMTN;CIB1
top300_sample_centered,GO_Biological_Process_2023,Kidney Development (GO:0001822),0.28834330297439953,0.566865199593745,2,TRAF3IP1;IFT27
top300_sample_centered,GO_Biological_Process_2023,Regulation Of Mitotic Cell Cycle (GO:0007346),0.2891530398515075,0.566865199593745,3,DDB1;CCDC57;ANAPC2
top300_sample_centered,GO_Biological_Process_2023,Positive Regulation Of Intracellular Protein Transport (GO:0090316),0.29324082230639403,0.566865199593745,3,ERBB2;CIB1;ERGIC3
top300_sample_centered,GO_Biological_Process_2023,Protein-Containing Complex Organization (GO:0043933),0.29324082230639403,0.566865199593745,3,BECN1;DMTN;TUBGCP2
top300_sample_centered,GO_Biological_Process_2023,Regulation Of Cholesterol Metabolic Process (GO:0090181),0.2937639454320363,0.566865199593745,1,ERLIN2
top300_sample_centered,GO_Biological_Process_2023,Negative Regulation Of Extrinsic Apoptotic Signaling Pathway Via Death Domain Receptors (GO:1902042),0.2937639454320363,0.566865199593745,1,FAIM
top300_sample_centered,GO_Biological_Process_2023,U2-type Prespliceosome Assembly (GO:1903241),0.2937639454320363,0.566865199593745,1,SF3B2
top300_sample_centered,GO_Biological_Process_2023,Negative Regulation Of Protein Depolymerization (GO:1901880),0.2937639454320363,0.566865199593745,1,CIB1
top300_sample_centered,GO_Biological_Process_2023,Bile Acid And Bile Salt Transport (GO:0015721),0.2937639454320363,0.566865199593745,1,ABCD3
top300_sample_centered,GO_Biological_Process_2023,Rescue Of Stalled Ribosome (GO:0072344),0.2937639454320363,0.566865199593745,1,PTRH1
top300_sample_centered,GO_Biological_Process_2023,Positive Regulation Of Oxidoreductase Activity (GO:0051353),0.2937639454320363,0.566865199593745,1,FDX1
top300_sample_centered,GO_Biological_Process_2023,Heparan Sulfate Proteoglycan Biosynthetic Process (GO:0015012),0.2937639454320363,0.566865199593745,1,UGDH
top300_sample_centered,GO_Biological_Process_2023,Zinc Ion Transport (GO:0006829),0.2937639454320363,0.566865199593745,1,SLC39A3
top300_sample_centered,GO_Biological_Process_2023,Histone mRNA Metabolic Process (GO:0008334),0.2937639454320363,0.566865199593745,1,CPSF2
top300_sample_centered,GO_Biological_Process_2023,Long-Chain fatty-acyl-CoA Metabolic Process (GO:0035336),0.2937639454320363,0.566865199593745,1,HSD17B12
top300_sample_centered,GO_Biological_Process_2023,Protein Targeting To ER (GO:0045047),0.2937639454320363,0.566865199593745,1,SPCS1
top300_sample_centered,GO_Biological_Process_2023,Second-Messenger-Mediated Signaling (GO:0019932),0.29389969797908866,0.566865199593745,2,DDAH1;NUDT4
top300_sample_centered,GO_Biological_Process_2023,Regulation Of Autophagy (GO:0010506),0.29539652919753434,0.5689576106301184,5,BECN1;ENDOG;PRKAA2;EXOC4;PIK3CB
top300_sample_centered,GO_Biological_Process_2023,Regulation Of Response To External Stimulus (GO:0032101),0.2973324630561287,0.5710933678449427,3,TKFC;ELMOD2;ZMPSTE24
top300_sample_centered,GO_Biological_Process_2023,Cytosolic Transport (GO:0016482),0.2973324630561287,0.5710933678449427,3,BECN1;PREPL;EVI5
top300_sample_centered,GO_Biological_Process_2023,Negative Regulation Of Ion Transmembrane Transporter Activity (GO:0032413),0.3043696664494129,0.575404250914674,1,CALM2
top300_sample_centered,GO_Biological_Process_2023,Regulation Of Microtubule Depolymerization (GO:0031114),0.3043696664494129,0.575404250914674,1,CIB1
top300_sample_centered,GO_Biological_Process_2023,Regulation Of Proteolysis Involved In Protein Catabolic Process (GO:1903050),0.3043696664494129,0.575404250914674,1,ATP5IF1
top300_sample_centered,GO_Biological_Process_2023,Regulation Of Ryanodine-Sensitive Calcium-Release Channel Activity (GO:0060314),0.3043696664494129,0.575404250914674,1,CALM2
top300_sample_centered,GO_Biological_Process_2023,Early Endosome To Late Endosome Transport (GO:0045022),0.3043696664494129,0.575404250914674,1,BECN1
top300_sample_centered,GO_Biological_Process_2023,Positive Regulation Of Peptidyl-Threonine Phosphorylation (GO:0010800),0.3043696664494129,0.575404250914674,1,CALM2
top300_sample_centered,GO_Biological_Process_2023,Iron Ion Transport (GO:0006826),0.3043696664494129,0.575404250914674,1,RAB11B
top300_sample_centered,GO_Biological_Process_2023,Protein Exit From Endoplasmic Reticulum (GO:0032527),0.3043696664494129,0.575404250914674,1,HSP90B1
top300_sample_centered,GO_Biological_Process_2023,Regulation Of Actin Nucleation (GO:0051125),0.3043696664494129,0.575404250914674,1,ARFIP1
top300_sample_centered,GO_Biological_Process_2023,Negative Regulation Of Cell Junction Assembly (GO:1901889),0.3043696664494129,0.575404250914674,1,DMTN
top300_sample_centered,GO_Biological_Process_2023,Gland Development (GO:0048732),0.3049934190221154,0.575404250914674,2,COBL;GFER
top300_sample_centered,GO_Biological_Process_2023,Import Into Nucleus (GO:0051170),0.3049934190221154,0.575404250914674,2,IPO13;IPO11
top300_sample_centered,GO_Biological_Process_2023,Regulation Of Cell Cycle G1/S Phase Transition (GO:1902806),0.3049934190221154,0.575404250914674,2,PBRM1;PEX2
top300_sample_centered,GO_Biological_Process_2023,Regulation Of Cell Cycle Process (GO:0010564),0.30962537405391044,0.5804563174958727,3,BECN1;PBRM1;CALM2
top300_sample_centered,GO_Biological_Process_2023,ATP Biosynthetic Process (GO:0006754),0.31481664142245375,0.5804563174958727,1,SLC25A13
top300_sample_centered,GO_Biological_Process_2023,Negative Regulation Of Intracellular Protein Transport (GO:0090317),0.31481664142245375,0.5804563174958727,1,DMTN
top300_sample_centered,GO_Biological_Process_2023,Negative Regulation Of Lipid Biosynthetic Process (GO:0051055),0.31481664142245375,0.5804563174958727,1,ERLIN2
top300_sample_centered,GO_Biological_Process_2023,Negative Regulation Of Protein Localization To Membrane (GO:1905476),0.31481664142245375,0.5804563174958727,1,DMTN
top300_sample_centered,GO_Biological_Process_2023,Regulation Of Intracellular Estrogen Receptor Signaling Pathway (GO:0033146),0.31481664142245375,0.5804563174958727,1,UBA5
top300_sample_centered,GO_Biological_Process_2023,Regulation Of Keratinocyte Proliferation (GO:0010837),0.31481664142245375,0.5804563174958727,1,EPB41L4B
top300_sample_centered,GO_Biological_Process_2023,Regulation Of Lysosomal Lumen pH (GO:0035751),0.31481664142245375,0.5804563174958727,1,TMEM9
top300_sample_centered,GO_Biological_Process_2023,Bile Acid Biosynthetic Process (GO:0006699),0.31481664142245375,0.5804563174958727,1,ABCD3
top300_sample_centered,GO_Biological_Process_2023,Regulation Of Platelet Aggregation (GO:0090330),0.31481664142245375,0.5804563174958727,1,DMTN
top300_sample_centered,GO_Biological_Process_2023,Cellular Response To Hexose Stimulus (GO:0071331),0.31481664142245375,0.5804563174958727,1,PRKAA2
top300_sample_centered,GO_Biological_Process_2023,fatty-acyl-CoA Biosynthetic Process (GO:0046949),0.31481664142245375,0.5804563174958727,1,HSD17B12
top300_sample_centered,GO_Biological_Process_2023,Vesicle-Mediated Transport Between Endosomal Compartments (GO:0098927),0.31481664142245375,0.5804563174958727,1,BECN1
top300_sample_centered,GO_Biological_Process_2023,Lamellipodium Assembly (GO:0030032),0.31481664142245375,0.5804563174958727,1,DMTN
top300_sample_centered,GO_Biological_Process_2023,Mismatch Repair (GO:0006298),0.31481664142245375,0.5804563174958727,1,MSH3
top300_sample_centered,GO_Biological_Process_2023,Proteoglycan Metabolic Process (GO:0006029),0.31481664142245375,0.5804563174958727,1,B3GALT6
top300_sample_centered,GO_Biological_Process_2023,Regulation Of Cell Cycle Phase Transition (GO:1901987),0.31481664142245375,0.5804563174958727,1,DDB1
top300_sample_centered,GO_Biological_Process_2023,Transcription Initiation At RNA Polymerase II Promoter (GO:0006367),0.3160547646719879,0.5819621733493537,2,TAF6;MED29
top300_sample_centered,GO_Biological_Process_2023,Regulation Of Immune Response (GO:0050776),0.32157081198801113,0.5861267578720338,2,TKFC;SPPL2A
top300_sample_centered,GO_Biological_Process_2023,Regulation Of Transcription Elongation By RNA Polymerase II (GO:0034243),0.32157081198801113,0.5861267578720338,2,ZMYND8;MED29
top300_sample_centered,GO_Biological_Process_2023,Embryonic Organ Development (GO:0048568),0.32157081198801113,0.5861267578720338,2,COBL;HOXB7
top300_sample_centered,GO_Biological_Process_2023,Sphingolipid Biosynthetic Process (GO:0030148),0.32157081198801113,0.5861267578720338,2,SPTLC2;PLPP2
top300_sample_centered,GO_Biological_Process_2023,Regulation Of Fatty Acid Biosynthetic Process (GO:0042304),0.32510723861692825,0.5861267578720338,1,ERLIN2
top300_sample_centered,GO_Biological_Process_2023,"Wnt Signaling Pathway, Planar Cell Polarity Pathway (GO:0060071)",0.32510723861692825,0.5861267578720338,1,VANGL1
top300_sample_centered,GO_Biological_Process_2023,Regulation Of Myeloid Cell Differentiation (GO:0045637),0.32510723861692825,0.5861267578720338,1,PEX2
top300_sample_centered,GO_Biological_Process_2023,Regulation Of Nucleotide-Excision Repair (GO:2000819),0.32510723861692825,0.5861267578720338,1,PBRM1
top300_sample_centered,GO_Biological_Process_2023,Organelle Membrane Fusion (GO:0090174),0.32510723861692825,0.5861267578720338,1,STX7
top300_sample_centered,GO_Biological_Process_2023,Cardiac Muscle Cell Development (GO:0055013),0.32510723861692825,0.5861267578720338,1,SORBS2
top300_sample_centered,GO_Biological_Process_2023,Establishment Or Maintenance Of Apical/Basal Cell Polarity (GO:0035088),0.32510723861692825,0.5861267578720338,1,DLG3
top300_sample_centered,GO_Biological_Process_2023,Positive Regulation Of Monooxygenase Activity (GO:0032770),0.32510723861692825,0.5861267578720338,1,PIK3CB
top300_sample_centered,GO_Biological_Process_2023,Positive Regulation Of Nuclear Division (GO:0051785),0.32510723861692825,0.5861267578720338,1,LRP5
top300_sample_centered,GO_Biological_Process_2023,Protein Targeting To Lysosome (GO:0006622),0.32510723861692825,0.5861267578720338,1,BECN1
top300_sample_centered,GO_Biological_Process_2023,Mitotic G1 DNA Damage Checkpoint Signaling (GO:0031571),0.32510723861692825,0.5861267578720338,1,CRADD
top300_sample_centered,GO_Biological_Process_2023,Negative Regulation Of Catalytic Activity (GO:0043086),0.32510723861692825,0.5861267578720338,1,ATP5IF1
top300_sample_centered,GO_Biological_Process_2023,Proteolysis Involved In Protein Catabolic Process (GO:0051603),0.3270758464855492,0.588140291662166,2,DDB1;OMA1
top300_sample_centered,GO_Biological_Process_2023,Regulation Of TOR Signaling (GO:0032006),0.3270758464855492,0.588140291662166,2,ENDOG;PRKAA2
top300_sample_centered,GO_Biological_Process_2023,Positive Regulation Of Catabolic Process (GO:0009896),0.33256895940929876,0.5882740477561814,2,DDB1;MAGEF1
top300_sample_centered,GO_Biological_Process_2023,Protein Import Into Nucleus (GO:0006606),0.33256895940929876,0.5882740477561814,2,IPO13;IPO11
top300_sample_centered,GO_Biological_Process_2023,DNA Synthesis Involved In DNA Repair (GO:0000731),0.3352437911543192,0.5882740477561814,1,WRNIP1
top300_sample_centered,GO_Biological_Process_2023,Negative Regulation Of Neurogenesis (GO:0050768),0.3352437911543192,0.5882740477561814,1,DYNLT1
top300_sample_centered,GO_Biological_Process_2023,Regulation Of Insulin Secretion Involved In Cellular Response To Glucose Stimulus (GO:0061178),0.3352437911543192,0.5882740477561814,1,LRP5
top300_sample_centered,GO_Biological_Process_2023,Cardiac Muscle Cell Differentiation (GO:0055007),0.3352437911543192,0.5882740477561814,1,CBY1
top300_sample_centered,GO_Biological_Process_2023,Peptidyl-Lysine Methylation (GO:0018022),0.3352437911543192,0.5882740477561814,1,SETD3
top300_sample_centered,GO_Biological_Process_2023,Cell Surface Receptor Signaling Pathway Involved In Cell-Cell Signaling (GO:1905114),0.3352437911543192,0.5882740477561814,1,LRP5
top300_sample_centered,GO_Biological_Process_2023,Positive Regulation Of Calcium Ion Transmembrane Transporter Activity (GO:1901021),0.3352437911543192,0.5882740477561814,1,CALM2
top300_sample_centered,GO_Biological_Process_2023,Positive Regulation Of Immune System Process (GO:0002684),0.3352437911543192,0.5882740477561814,1,PIK3CB
top300_sample_centered,GO_Biological_Process_2023,Positive Regulation Of Mitotic Cell Cycle (GO:0045931),0.3352437911543192,0.5882740477561814,1,CCDC57
top300_sample_centered,GO_Biological_Process_2023,Positive Regulation Of Nitric Oxide Biosynthetic Process (GO:0045429),0.3352437911543192,0.5882740477561814,1,DDAH1
top300_sample_centered,GO_Biological_Process_2023,Positive Regulation Of Response To Wounding (GO:1903036),0.3352437911543192,0.5882740477561814,1,DMTN
top300_sample_centered,GO_Biological_Process_2023,Protein Quality Control For Misfolded Or Incompletely Synthesized Proteins (GO:0006515),0.3352437911543192,0.5882740477561814,1,OMA1
top300_sample_centered,GO_Biological_Process_2023,Monoubiquitinated Histone H2A Deubiquitination (GO:0035522),0.3352437911543192,0.5882740477561814,1,TAF6
top300_sample_centered,GO_Biological_Process_2023,Monoubiquitinated Histone Deubiquitination (GO:0035521),0.3352437911543192,0.5882740477561814,1,TAF6
top300_sample_centered,GO_Biological_Process_2023,Myeloid Cell Development (GO:0061515),0.3352437911543192,0.5882740477561814,1,DMTN
top300_sample_centered,GO_Biological_Process_2023,Negative Regulation Of NIK/NF-kappaB Signaling (GO:1901223),0.3352437911543192,0.5882740477561814,1,UACA
top300_sample_centered,GO_Biological_Process_2023,Negative Regulation Of Notch Signaling Pathway (GO:0045746),0.3352437911543192,0.5882740477561814,1,RITA1
top300_sample_centered,GO_Biological_Process_2023,Regulation Of Cytokinesis (GO:0032465),0.33804927139050067,0.5907226895439386,2,BECN1;CALM2
top300_sample_centered,GO_Biological_Process_2023,Negative Regulation Of Protein Serine/Threonine Kinase Activity (GO:0071901),0.33804927139050067,0.5907226895439386,2,LRP5;PIK3CB
top300_sample_centered,GO_Biological_Process_2023,Wound Healing (GO:0042060),0.33804927139050067,0.5907226895439386,2,EPB41L4B;ERBB2
top300_sample_centered,GO_Biological_Process_2023,Protein Localization To Organelle (GO:0033365),0.338350215372379,0.5907226895439386,3,IFT20;PRKAA2;PEX2
top300_sample_centered,GO_Biological_Process_2023,Negative Regulation Of Cell Population Proliferation (GO:0008285),0.3423451708950328,0.5915145072692891,7,PBRM1;CTBP2;DLG3;DDAH1;CLMN;CIB1;PEX2
top300_sample_centered,GO_Biological_Process_2023,Cytoskeleton-Dependent Cytokinesis (GO:0061640),0.343515932070971,0.5915145072692891,2,EXOC4;JTB
top300_sample_centered,GO_Biological_Process_2023,Spindle Assembly (GO:0051225),0.343515932070971,0.5915145072692891,2,KIF3B;TUBGCP2
top300_sample_centered,GO_Biological_Process_2023,Golgi To Plasma Membrane Protein Transport (GO:0043001),0.3452285972911275,0.5915145072692891,1,PREPL
top300_sample_centered,GO_Biological_Process_2023,Regulation Of Monoatomic Ion Transport (GO:0043269),0.3452285972911275,0.5915145072692891,1,RAB11B
top300_sample_centered,GO_Biological_Process_2023,Regulation Of Protein Localization To Membrane (GO:1905475),0.3452285972911275,0.5915145072692891,1,STX7
top300_sample_centered,GO_Biological_Process_2023,Determination Of Bilateral Symmetry (GO:0009855),0.3452285972911275,0.5915145072692891,1,KIF3B
top300_sample_centered,GO_Biological_Process_2023,Establishment Of Endothelial Barrier (GO:0061028),0.3452285972911275,0.5915145072692891,1,MARVELD2
top300_sample_centered,GO_Biological_Process_2023,Positive Regulation Of mRNA Processing (GO:0050685),0.3452285972911275,0.5915145072692891,1,PEX2
top300_sample_centered,GO_Biological_Process_2023,Transcription By RNA Polymerase III (GO:0006383),0.3452285972911275,0.5915145072692891,1,POLR3H
top300_sample_centered,GO_Biological_Process_2023,Glycosaminoglycan Metabolic Process (GO:0030203),0.3452285972911275,0.5915145072692891,1,UGDH
top300_sample_centered,GO_Biological_Process_2023,Positive Regulation Of Nitric Oxide Metabolic Process (GO:1904407),0.3452285972911275,0.5915145072692891,1,DDAH1
top300_sample_centered,GO_Biological_Process_2023,Primary Neural Tube Formation (GO:0014020),0.3452285972911275,0.5915145072692891,1,COBL
top300_sample_centered,GO_Biological_Process_2023,Protein Localization To Golgi Apparatus (GO:0034067),0.3452285972911275,0.5915145072692891,1,IFT20
top300_sample_centered,GO_Biological_Process_2023,Negative Regulation Of Cation Channel Activity (GO:2001258),0.3452285972911275,0.5915145072692891,1,CALM2
top300_sample_centered,GO_Biological_Process_2023,Cellular Component Assembly (GO:0022607),0.35133053198399883,0.5943554852820551,5,RTN3;BECN1;DMTN;TUBGCP2;STX7
top300_sample_centered,GO_Biological_Process_2023,Epigenetic Regulation Of Gene Expression (GO:0040029),0.35440503823042635,0.5943554852820551,2,N6AMT1;GLYR1
top300_sample_centered,GO_Biological_Process_2023,Regulation Of Establishment Of Planar Polarity (GO:0090175),0.3550639213306991,0.5943554852820551,1,VANGL1
top300_sample_centered,GO_Biological_Process_2023,JNK Cascade (GO:0007254),0.3550639213306991,0.5943554852820551,1,GPS1
top300_sample_centered,GO_Biological_Process_2023,RNA Biosynthetic Process (GO:0032774),0.3550639213306991,0.5943554852820551,1,TAF6
top300_sample_centered,GO_Biological_Process_2023,Carbohydrate Derivative Biosynthetic Process (GO:1901137),0.3550639213306991,0.5943554852820551,1,SCCPDH
top300_sample_centered,GO_Biological_Process_2023,Regulation Of Protein Modification By Small Protein Conjugation Or Removal (GO:1903320),0.3550639213306991,0.5943554852820551,1,GPS1
top300_sample_centered,GO_Biological_Process_2023,Phosphatidic Acid Biosynthetic Process (GO:0006654),0.3550639213306991,0.5943554852820551,1,ACP6
top300_sample_centered,GO_Biological_Process_2023,Regulation Of Striated Muscle Contraction (GO:0006942),0.3550639213306991,0.5943554852820551,1,CALM2
top300_sample_centered,GO_Biological_Process_2023,Positive Regulation Of Dephosphorylation (GO:0035306),0.3550639213306991,0.5943554852820551,1,CALM2
top300_sample_centered,GO_Biological_Process_2023,Tube Closure (GO:0060606),0.3550639213306991,0.5943554852820551,1,COBL
top300_sample_centered,GO_Biological_Process_2023,Vacuolar Acidification (GO:0007035),0.3550639213306991,0.5943554852820551,1,TMEM9
top300_sample_centered,GO_Biological_Process_2023,Integrated Stress Response Signaling (GO:0140467),0.3550639213306991,0.5943554852820551,1,OMA1
top300_sample_centered,GO_Biological_Process_2023,Positive Regulation Of Viral Genome Replication (GO:0045070),0.3550639213306991,0.5943554852820551,1,DDB1
top300_sample_centered,GO_Biological_Process_2023,Lipid Droplet Organization (GO:0034389),0.3550639213306991,0.5943554852820551,1,PRKAA2
top300_sample_centered,GO_Biological_Process_2023,Protein K11-linked Ubiquitination (GO:0070979),0.3550639213306991,0.5943554852820551,1,ANAPC2
top300_sample_centered,GO_Biological_Process_2023,Protein Acetylation (GO:0006473),0.3550639213306991,0.5943554852820551,1,NAA35
top300_sample_centered,GO_Biological_Process_2023,Morphogenesis Of An Epithelium (GO:0002009),0.3550639213306991,0.5943554852820551,1,TRAF3IP1
top300_sample_centered,GO_Biological_Process_2023,Regulation Of Blood Coagulation (GO:0030193),0.3550639213306991,0.5943554852820551,1,DMTN
top300_sample_centered,GO_Biological_Process_2023,Positive Regulation Of Double-Strand Break Repair (GO:2000781),0.35982592141764463,0.5983187044058423,2,PBRM1;MORF4L2
top300_sample_centered,GO_Biological_Process_2023,Purine Ribonucleotide Metabolic Process (GO:0009150),0.35982592141764463,0.5983187044058423,2,NDUFS1;BPNT1
top300_sample_centered,GO_Biological_Process_2023,Positive Regulation Of Transferase Activity (GO:0051347),0.36292080126670845,0.5983187044058423,3,VAC14;ERBB2;NBN
top300_sample_centered,GO_Biological_Process_2023,DNA Geometric Change (GO:0032392),0.36475199366430366,0.5983187044058423,1,NBN
top300_sample_centered,GO_Biological_Process_2023,Negative Regulation Of Peptidyl-Tyrosine Phosphorylation (GO:0050732),0.36475199366430366,0.5983187044058423,1,DMTN
top300_sample_centered,GO_Biological_Process_2023,Regulation Of Potassium Ion Transport (GO:0043266),0.36475199366430366,0.5983187044058423,1,KIF5B
top300_sample_centered,GO_Biological_Process_2023,Phospholipid Dephosphorylation (GO:0046839),0.36475199366430366,0.5983187044058423,1,PLPP2
top300_sample_centered,GO_Biological_Process_2023,Regulation Of Vasculature Development (GO:1901342),0.36475199366430366,0.5983187044058423,1,ERBB2
top300_sample_centered,GO_Biological_Process_2023,Extrinsic Apoptotic Signaling Pathway Via Death Domain Receptors (GO:0008625),0.36475199366430366,0.5983187044058423,1,CRADD
top300_sample_centered,GO_Biological_Process_2023,Intrinsic Apoptotic Signaling Pathway In Response To Endoplasmic Reticulum Stress (GO:0070059),0.36475199366430366,0.5983187044058423,1,DNAJC10
top300_sample_centered,GO_Biological_Process_2023,Lamellipodium Organization (GO:0097581),0.36475199366430366,0.5983187044058423,1,DMTN
top300_sample_centered,GO_Biological_Process_2023,Regulation Of Arp2/3 Complex-Mediated Actin Nucleation (GO:0034315),0.36475199366430366,0.5983187044058423,1,ARFIP1
top300_sample_centered,GO_Biological_Process_2023,Negative Regulation Of Calcium Ion Transmembrane Transporter Activity (GO:1901020),0.36475199366430366,0.5983187044058423,1,CALM2
top300_sample_centered,GO_Biological_Process_2023,Regulation Of Cell Migration Involved In Sprouting Angiogenesis (GO:0090049),0.36475199366430366,0.5983187044058423,1,CIB1
top300_sample_centered,GO_Biological_Process_2023,Calcium-Mediated Signaling (GO:0019722),0.36523002738169813,0.5983187044058423,2,DMTN;NUDT4
top300_sample_centered,GO_Biological_Process_2023,Positive Regulation Of Amide Metabolic Process (GO:0034250),0.36523002738169813,0.5983187044058423,2,ERBB2;LARP1B
top300_sample_centered,GO_Biological_Process_2023,Establishment Of Protein Localization To Organelle (GO:0072594),0.36523002738169813,0.5983187044058423,2,IPO13;IPO11
top300_sample_centered,GO_Biological_Process_2023,Positive Regulation Of Protein Localization (GO:1903829),0.36523002738169813,0.5983187044058423,2,PRKAA2;TRAPPC12
top300_sample_centered,GO_Biological_Process_2023,Actin Filament Organization (GO:0007015),0.36700423144496575,0.6005128478975091,3,DMTN;COBL;SHROOM3
top300_sample_centered,GO_Biological_Process_2023,Regulation Of Mitotic Cell Cycle Phase Transition (GO:1901990),0.37061664038432274,0.6017478593028239,2,DDB1;PBRM1
top300_sample_centered,GO_Biological_Process_2023,Exocytosis (GO:0006887),0.37061664038432274,0.6017478593028239,2,EXOC4;RAB11B
top300_sample_centered,GO_Biological_Process_2023,Regulation Of Extrinsic Apoptotic Signaling Pathway Via Death Domain Receptors (GO:1902041),0.37429501168799834,0.6017478593028239,1,FAIM
top300_sample_centered,GO_Biological_Process_2023,Negative Regulation Of Microtubule Polymerization Or Depolymerization (GO:0031111),0.37429501168799834,0.6017478593028239,1,CIB1
top300_sample_centered,GO_Biological_Process_2023,Regulation Of Gluconeogenesis (GO:0006111),0.37429501168799834,0.6017478593028239,1,DDB1
top300_sample_centered,GO_Biological_Process_2023,Actin Filament Polymerization (GO:0030041),0.37429501168799834,0.6017478593028239,1,COBL
top300_sample_centered,GO_Biological_Process_2023,acyl-CoA Metabolic Process (GO:0006637),0.37429501168799834,0.6017478593028239,1,SUCLG2
top300_sample_centered,GO_Biological_Process_2023,Bile Acid Metabolic Process (GO:0008206),0.37429501168799834,0.6017478593028239,1,ABCD3
top300_sample_centered,GO_Biological_Process_2023,Regulation Of Protein Localization To Cell Surface (GO:2000008),0.37429501168799834,0.6017478593028239,1,RAB11B
top300_sample_centered,GO_Biological_Process_2023,Cellular Response To cAMP (GO:0071320),0.37429501168799834,0.6017478593028239,1,DMTN
top300_sample_centered,GO_Biological_Process_2023,Endodermal Cell Differentiation (GO:0035987),0.37429501168799834,0.6017478593028239,1,PEX2
top300_sample_centered,GO_Biological_Process_2023,Glutamine Family Amino Acid Metabolic Process (GO:0009064),0.37429501168799834,0.6017478593028239,1,DDAH1
top300_sample_centered,GO_Biological_Process_2023,Positive Regulation Of Proteolysis Involved In Protein Catabolic Process (GO:1903052),0.37429501168799834,0.6017478593028239,1,MAGEF1
top300_sample_centered,GO_Biological_Process_2023,Protein Localization To Chromatin (GO:0071168),0.37429501168799834,0.6017478593028239,1,ZMYND8
top300_sample_centered,GO_Biological_Process_2023,Negative Regulation Of Cell-Matrix Adhesion (GO:0001953),0.37429501168799834,0.6017478593028239,1,DMTN
top300_sample_centered,GO_Biological_Process_2023,Regulation Of Insulin Secretion (GO:0050796),0.3759850698749467,0.60376207150849,2,EIPR1;LRP5
top300_sample_centered,GO_Biological_Process_2023,Dephosphorylation (GO:0016311),0.37922639733458724,0.6070136242978255,3,ACP6;PPP4R3B;PLPP2
top300_sample_centered,GO_Biological_Process_2023,Negative Regulation Of Osteoblast Differentiation (GO:0045668),0.38369514011028705,0.6070136242978255,1,LRP5
top300_sample_centered,GO_Biological_Process_2023,Regulation Of Metaphase/Anaphase Transition Of Cell Cycle (GO:1902099),0.38369514011028705,0.6070136242978255,1,PBRM1
top300_sample_centered,GO_Biological_Process_2023,Neural Tube Closure (GO:0001843),0.38369514011028705,0.6070136242978255,1,COBL
top300_sample_centered,GO_Biological_Process_2023,Regulation Of Transcription By RNA Polymerase I (GO:0006356),0.38369514011028705,0.6070136242978255,1,ERBB2
top300_sample_centered,GO_Biological_Process_2023,Transition Metal Ion Transport (GO:0000041),0.38369514011028705,0.6070136242978255,1,COX17
top300_sample_centered,GO_Biological_Process_2023,Intracellular pH Reduction (GO:0051452),0.38369514011028705,0.6070136242978255,1,TMEM9
top300_sample_centered,GO_Biological_Process_2023,Left/Right Pattern Formation (GO:0060972),0.38369514011028705,0.6070136242978255,1,KIF3B
top300_sample_centered,GO_Biological_Process_2023,Proteoglycan Biosynthetic Process (GO:0030166),0.38369514011028705,0.6070136242978255,1,UGDH
top300_sample_centered,GO_Biological_Process_2023,Mitochondrial Membrane Organization (GO:0007006),0.38369514011028705,0.6070136242978255,1,SLC25A4
top300_sample_centered,GO_Biological_Process_2023,Purine Ribonucleoside Triphosphate Metabolic Process (GO:0009205),0.38369514011028705,0.6070136242978255,1,NDUFS1
top300_sample_centered,GO_Biological_Process_2023,Regulation Of Calcium Ion Transmembrane Transporter Activity (GO:1901019),0.38369514011028705,0.6070136242978255,1,CALM2
top300_sample_centered,GO_Biological_Process_2023,Positive Regulation Of DNA Repair (GO:0045739),0.38666473766968884,0.6070136242978255,2,BABAM2;PBRM1
top300_sample_centered,GO_Biological_Process_2023,Regulation Of Vesicle-Mediated Transport (GO:0060627),0.38666473766968884,0.6070136242978255,2,SCFD1;RAB11B
top300_sample_centered,GO_Biological_Process_2023,Actin Filament Bundle Organization (GO:0061572),0.39295451131227804,0.6070136242978255,1,DMTN
top300_sample_centered,GO_Biological_Process_2023,Regulation Of Lamellipodium Assembly (GO:0010591),0.39295451131227804,0.6070136242978255,1,DMTN
top300_sample_centered,GO_Biological_Process_2023,Carboxylic Acid Metabolic Process (GO:0019752),0.39295451131227804,0.6070136242978255,1,N6AMT1
top300_sample_centered,GO_Biological_Process_2023,Phosphatidic Acid Metabolic Process (GO:0046473),0.39295451131227804,0.6070136242978255,1,ACP6
top300_sample_centered,GO_Biological_Process_2023,Regulation Of Sprouting Angiogenesis (GO:1903670),0.39295451131227804,0.6070136242978255,1,PIK3CB
top300_sample_centered,GO_Biological_Process_2023,Positive Regulation Of RNA Metabolic Process (GO:0051254),0.39295451131227804,0.6070136242978255,1,GRSF1
top300_sample_centered,GO_Biological_Process_2023,Positive Regulation Of T Cell Mediated Cytotoxicity (GO:0001916),0.39295451131227804,0.6070136242978255,1,STX7
top300_sample_centered,GO_Biological_Process_2023,Positive Regulation Of Chromosome Organization (GO:2001252),0.39295451131227804,0.6070136242978255,1,NBN
top300_sample_centered,GO_Biological_Process_2023,Signal Transduction By P53 Class Mediator (GO:0072331),0.39295451131227804,0.6070136242978255,1,NBN
top300_sample_centered,GO_Biological_Process_2023,Positive Regulation Of Ion Transmembrane Transporter Activity (GO:0032414),0.39295451131227804,0.6070136242978255,1,COX17
top300_sample_centered,GO_Biological_Process_2023,Glycolipid Metabolic Process (GO:0006664),0.39295451131227804,0.6070136242978255,1,SCCPDH
top300_sample_centered,GO_Biological_Process_2023,Positive Regulation Of Protein Dephosphorylation (GO:0035307),0.39295451131227804,0.6070136242978255,1,CALM2
top300_sample_centered,GO_Biological_Process_2023,Positive Regulation Of Release Of Sequestered Calcium Ion Into Cytosol (GO:0051281),0.39295451131227804,0.6070136242978255,1,CALM2
top300_sample_centered,GO_Biological_Process_2023,Positive Regulation Of Small Molecule Metabolic Process (GO:0062013),0.39295451131227804,0.6070136242978255,1,PRKAA2
top300_sample_centered,GO_Biological_Process_2023,Protein K63-linked Deubiquitination (GO:0070536),0.39295451131227804,0.6070136242978255,1,BABAM2
top300_sample_centered,GO_Biological_Process_2023,Monoubiquitinated Protein Deubiquitination (GO:0035520),0.39295451131227804,0.6070136242978255,1,TAF6
top300_sample_centered,GO_Biological_Process_2023,Regulation Of G0 To G1 Transition (GO:0070316),0.39295451131227804,0.6070136242978255,1,PBRM1
top300_sample_centered,GO_Biological_Process_2023,ncRNA Catabolic Process (GO:0034661),0.39295451131227804,0.6070136242978255,1,SLFN13
top300_sample_centered,GO_Biological_Process_2023,Regulation Of Amyloid-Beta Formation (GO:1902003),0.39295451131227804,0.6070136242978255,1,RTN3
top300_sample_centered,GO_Biological_Process_2023,Regulation Of Cell Adhesion Mediated By Integrin (GO:0033628),0.39295451131227804,0.6070136242978255,1,CIB1
top300_sample_centered,GO_Biological_Process_2023,Cellular Response To Organic Cyclic Compound (GO:0071407),0.39948010087960134,0.6135534665196946,3,DMTN;CTNNA1;HSP90B1
top300_sample_centered,GO_Biological_Process_2023,Apoptotic Mitochondrial Changes (GO:0008637),0.40207522606830093,0.6135534665196946,1,NDUFS1
top300_sample_centered,GO_Biological_Process_2023,Cellular Response To Hydrogen Peroxide (GO:0070301),0.40207522606830093,0.6135534665196946,1,CAT
top300_sample_centered,GO_Biological_Process_2023,Positive Regulation Of Carbohydrate Metabolic Process (GO:0045913),0.40207522606830093,0.6135534665196946,1,PRKAA2
top300_sample_centered,GO_Biological_Process_2023,Smoothened Signaling Pathway (GO:0007224),0.40207522606830093,0.6135534665196946,1,IFT27
top300_sample_centered,GO_Biological_Process_2023,Positive Regulation Of Immunoglobulin Production (GO:0002639),0.40207522606830093,0.6135534665196946,1,TP53BP1
top300_sample_centered,GO_Biological_Process_2023,Inner Mitochondrial Membrane Organization (GO:0007007),0.40207522606830093,0.6135534665196946,1,APOO
top300_sample_centered,GO_Biological_Process_2023,Membrane Protein Proteolysis (GO:0033619),0.40207522606830093,0.6135534665196946,1,SPPL2A
top300_sample_centered,GO_Biological_Process_2023,Protein Targeting To Vacuole (GO:0006623),0.40207522606830093,0.6135534665196946,1,BECN1
top300_sample_centered,GO_Biological_Process_2023,Negative Regulation Of Ras Protein Signal Transduction (GO:0046580),0.40207522606830093,0.6135534665196946,1,CCDC125
top300_sample_centered,GO_Biological_Process_2023,Regulation Of calcineurin-NFAT Signaling Cascade (GO:0070884),0.40207522606830093,0.6135534665196946,1,CIB1
top300_sample_centered,GO_Biological_Process_2023,Protein O-linked Glycosylation (GO:0006493),0.4077781340405874,0.6210863979645708,2,DPM3;B3GALT6
top300_sample_centered,GO_Biological_Process_2023,Regulation Of Cellular Senescence (GO:2000772),0.411059353902692,0.6210863979645708,1,NEK4
top300_sample_centered,GO_Biological_Process_2023,Action Potential (GO:0001508),0.411059353902692,0.6210863979645708,1,GNA11
top300_sample_centered,GO_Biological_Process_2023,Regulation Of Regulated Secretory Pathway (GO:1903305),0.411059353902692,0.6210863979645708,1,PREPL
top300_sample_centered,GO_Biological_Process_2023,Platelet Aggregation (GO:0070527),0.411059353902692,0.6210863979645708,1,PIK3CB
top300_sample_centered,GO_Biological_Process_2023,Response To Nutrient Levels (GO:0031667),0.411059353902692,0.6210863979645708,1,PRKAA2
top300_sample_centered,GO_Biological_Process_2023,Positive Regulation Of Cell Development (GO:0010720),0.411059353902692,0.6210863979645708,1,FAIM
top300_sample_centered,GO_Biological_Process_2023,Positive Regulation Of Mitotic Nuclear Division (GO:0045840),0.411059353902692,0.6210863979645708,1,LRP5
top300_sample_centered,GO_Biological_Process_2023,Regulation Of Cardiac Muscle Contraction (GO:0055117),0.411059353902692,0.6210863979645708,1,CALM2
top300_sample_centered,GO_Biological_Process_2023,Cellular Response To Growth Factor Stimulus (GO:0071363),0.41154653359472815,0.621142910267016,3,MARS1;ERBB2;CIB1
top300_sample_centered,GO_Biological_Process_2023,"Retrograde Transport, Endosome To Golgi (GO:0042147)",0.413001928952057,0.6219800042342319,2,PREPL;EVI5
top300_sample_centered,GO_Biological_Process_2023,Sphingolipid Metabolic Process (GO:0006665),0.413001928952057,0.6219800042342319,2,SPTLC2;PLPP2
top300_sample_centered,GO_Biological_Process_2023,Negative Regulation Of Cellular Process (GO:0048523),0.41525222993640265,0.6246877228128236,9,PBRM1;CTBP2;DLG3;DDAH1;CLMN;CCDC125;CIB1;TAF6;OSGIN2
top300_sample_centered,GO_Biological_Process_2023,Positive Regulation Of Epithelial Cell Migration (GO:0010634),0.41820285070969054,0.6255601264110847,2,EPB41L4B;PIK3CB
top300_sample_centered,GO_Biological_Process_2023,Recombinational Repair (GO:0000725),0.41820285070969054,0.6255601264110847,2,ZMYND8;NBN
top300_sample_centered,GO_Biological_Process_2023,Negative Regulation Of Organelle Assembly (GO:1902116),0.41990893351417485,0.6255601264110847,1,SCFD1
top300_sample_centered,GO_Biological_Process_2023,Regulation Of Intracellular Protein Transport (GO:0033157),0.41990893351417485,0.6255601264110847,1,ERGIC3
top300_sample_centered,GO_Biological_Process_2023,Positive Regulation Of Double-Strand Break Repair Via Homologous Recombination (GO:1905168),0.41990893351417485,0.6255601264110847,1,MORF4L2
top300_sample_centered,GO_Biological_Process_2023,Histone H3 Acetylation (GO:0043966),0.41990893351417485,0.6255601264110847,1,TAF6
top300_sample_centered,GO_Biological_Process_2023,Histone Deacetylation (GO:0016575),0.41990893351417485,0.6255601264110847,1,MORF4L2
top300_sample_centered,GO_Biological_Process_2023,Protein Destabilization (GO:0031648),0.41990893351417485,0.6255601264110847,1,PEX2
top300_sample_centered,GO_Biological_Process_2023,Regulation Of T Cell Mediated Cytotoxicity (GO:0001914),0.41990893351417485,0.6255601264110847,1,STX7
top300_sample_centered,GO_Biological_Process_2023,Regulation Of Protein Localization (GO:0032880),0.4285341351329535,0.6337606734565671,2,PRKAA2;RAB11B
top300_sample_centered,GO_Biological_Process_2023,Negative Regulation Of Endothelial Cell Proliferation (GO:0001937),0.4286259732139273,0.6337606734565671,1,ATP5IF1
top300_sample_centered,GO_Biological_Process_2023,Spliceosomal snRNP Assembly (GO:0000387),0.4286259732139273,0.6337606734565671,1,GEMIN8
top300_sample_centered,GO_Biological_Process_2023,Positive Regulation Of Receptor Signaling Pathway Via JAK-STAT (GO:0046427),0.4286259732139273,0.6337606734565671,1,OCIAD1
top300_sample_centered,GO_Biological_Process_2023,Positive Regulation Of Receptor Signaling Pathway Via STAT (GO:1904894),0.4286259732139273,0.6337606734565671,1,OCIAD1
top300_sample_centered,GO_Biological_Process_2023,Mitochondrion Disassembly (GO:0061726),0.4286259732139273,0.6337606734565671,1,BECN1
top300_sample_centered,GO_Biological_Process_2023,Muscle Cell Differentiation (GO:0042692),0.4286259732139273,0.6337606734565671,1,ZNHIT1
top300_sample_centered,GO_Biological_Process_2023,Positive Regulation Of Cold-Induced Thermogenesis (GO:0120162),0.43366357687625945,0.6382562322169096,2,CPT2;OMA1
top300_sample_centered,GO_Biological_Process_2023,DNA Metabolic Process (GO:0006259),0.43431731999922923,0.6382562322169096,5,DDB1;ENDOG;MSH3;NBN;CENPS
top300_sample_centered,GO_Biological_Process_2023,Negative Regulation Of Epithelial Cell Apoptotic Process (GO:1904036),0.43721245161274186,0.6382562322169096,1,PRKAA2
top300_sample_centered,GO_Biological_Process_2023,Negative Regulation Of Type I Interferon Production (GO:0032480),0.43721245161274186,0.6382562322169096,1,TRAF3IP1
top300_sample_centered,GO_Biological_Process_2023,Regulation Of Telomere Maintenance (GO:0032204),0.43721245161274186,0.6382562322169096,1,NBN
top300_sample_centered,GO_Biological_Process_2023,Response To cAMP (GO:0051591),0.43721245161274186,0.6382562322169096,1,DMTN
top300_sample_centered,GO_Biological_Process_2023,Positive Regulation Of Cation Channel Activity (GO:2001259),0.43721245161274186,0.6382562322169096,1,CALM2
top300_sample_centered,GO_Biological_Process_2023,Establishment Of Protein Localization To Plasma Membrane (GO:0061951),0.43721245161274186,0.6382562322169096,1,PREPL
top300_sample_centered,GO_Biological_Process_2023,Positive Regulation Of Myoblast Differentiation (GO:0045663),0.43721245161274186,0.6382562322169096,1,PBRM1
top300_sample_centered,GO_Biological_Process_2023,Positive Regulation Of Protein Tyrosine Kinase Activity (GO:0061098),0.43721245161274186,0.6382562322169096,1,DLG3
top300_sample_centered,GO_Biological_Process_2023,mRNA Transcription By RNA Polymerase II (GO:0042789),0.43721245161274186,0.6382562322169096,1,TAF6
top300_sample_centered,GO_Biological_Process_2023,Membrane Fission (GO:0090148),0.43721245161274186,0.6382562322169096,1,EXOC4
top300_sample_centered,GO_Biological_Process_2023,Mitochondrion Organization (GO:0007005),0.4393935134555126,0.6384550920611294,3,NDUFS1;OMA1;SLC25A4
top300_sample_centered,GO_Biological_Process_2023,Nitrogen Compound Transport (GO:0071705),0.4433319837393963,0.6384550920611294,3,SCAMP4;SNX4;HSP90B1
top300_sample_centered,GO_Biological_Process_2023,Response To UV (GO:0009411),0.4438478985925071,0.6384550920611294,2,DDB1;CAT
top300_sample_centered,GO_Biological_Process_2023,Protein Complex Oligomerization (GO:0051259),0.4438478985925071,0.6384550920611294,2,UGDH;TP53BP1
top300_sample_centered,GO_Biological_Process_2023,ncRNA Processing (GO:0034470),0.4438478985925071,0.6384550920611294,2,POP4;ADAT1
top300_sample_centered,GO_Biological_Process_2023,Regulation Of Nitric Oxide Biosynthetic Process (GO:0045428),0.44567031770233795,0.6384550920611294,1,DDAH1
top300_sample_centered,GO_Biological_Process_2023,Axonal Transport (GO:0098930),0.44567031770233795,0.6384550920611294,1,KIF3B
top300_sample_centered,GO_Biological_Process_2023,Organelle Transport Along Microtubule (GO:0072384),0.44567031770233795,0.6384550920611294,1,KIF5B
top300_sample_centered,GO_Biological_Process_2023,Regulation Of Protein Targeting To Mitochondrion (GO:1903214),0.44567031770233795,0.6384550920611294,1,ATP5IF1
top300_sample_centered,GO_Biological_Process_2023,Regulation Of Protein Tyrosine Kinase Activity (GO:0061097),0.44567031770233795,0.6384550920611294,1,DLG3
top300_sample_centered,GO_Biological_Process_2023,Regulation Of Receptor-Mediated Endocytosis (GO:0048259),0.44567031770233795,0.6384550920611294,1,PIK3CB
top300_sample_centered,GO_Biological_Process_2023,Digestive Tract Development (GO:0048565),0.44567031770233795,0.6384550920611294,1,COBL
top300_sample_centered,GO_Biological_Process_2023,Positive Regulation Of Intrinsic Apoptotic Signaling Pathway (GO:2001244),0.44567031770233795,0.6384550920611294,1,BECN1
top300_sample_centered,GO_Biological_Process_2023,Positive Regulation Of Lymphocyte Differentiation (GO:0045621),0.44567031770233795,0.6384550920611294,1,PBRM1
top300_sample_centered,GO_Biological_Process_2023,Vesicle Cytoskeletal Trafficking (GO:0099518),0.44567031770233795,0.6384550920611294,1,KIF5B
top300_sample_centered,GO_Biological_Process_2023,Histone H4 Acetylation (GO:0043967),0.44567031770233795,0.6384550920611294,1,MORF4L2
top300_sample_centered,GO_Biological_Process_2023,Internal Peptidyl-Lysine Acetylation (GO:0018393),0.44567031770233795,0.6384550920611294,1,MORF4L2
top300_sample_centered,GO_Biological_Process_2023,Negative Regulation Of Cell-Substrate Adhesion (GO:0010812),0.44567031770233795,0.6384550920611294,1,DMTN
top300_sample_centered,GO_Biological_Process_2023,Calcium Ion Homeostasis (GO:0055074),0.4539301352160741,0.640424984563798,2,ZNHIT1;RMDN3
top300_sample_centered,GO_Biological_Process_2023,Regulation Of Protein Secretion (GO:0050708),0.4539301352160741,0.640424984563798,2,EIPR1;ARFIP1
top300_sample_centered,GO_Biological_Process_2023,Regulation Of Cytokine-Mediated Signaling Pathway (GO:0001959),0.45400149159157005,0.640424984563798,1,SPPL2A
top300_sample_centered,GO_Biological_Process_2023,L-alpha-amino Acid Transmembrane Transport (GO:1902475),0.45400149159157005,0.640424984563798,1,SLC25A13
top300_sample_centered,GO_Biological_Process_2023,Notch Signaling Pathway (GO:0007219),0.45400149159157005,0.640424984563798,1,SORBS2
top300_sample_centered,GO_Biological_Process_2023,Regulation Of Glycolytic Process (GO:0006110),0.45400149159157005,0.640424984563798,1,PRKAA2
top300_sample_centered,GO_Biological_Process_2023,Negative Regulation Of Protein Localization (GO:1903828),0.45400149159157005,0.640424984563798,1,CTNNA1
top300_sample_centered,GO_Biological_Process_2023,Negative Regulation Of Secretion By Cell (GO:1903531),0.45400149159157005,0.640424984563798,1,PNKD
top300_sample_centered,GO_Biological_Process_2023,Cyclic-Nucleotide-Mediated Signaling (GO:0019935),0.45400149159157005,0.640424984563798,1,NUDT4
top300_sample_centered,GO_Biological_Process_2023,Positive Regulation Of Cell Cycle G1/S Phase Transition (GO:1902808),0.45400149159157005,0.640424984563798,1,PEX2
top300_sample_centered,GO_Biological_Process_2023,Establishment Or Maintenance Of Epithelial Cell Apical/Basal Polarity (GO:0045197),0.45400149159157005,0.640424984563798,1,DLG3
top300_sample_centered,GO_Biological_Process_2023,Positive Regulation Of Wound Healing (GO:0090303),0.45400149159157005,0.640424984563798,1,DMTN
top300_sample_centered,GO_Biological_Process_2023,Protein Deacetylation (GO:0006476),0.45400149159157005,0.640424984563798,1,MORF4L2
top300_sample_centered,GO_Biological_Process_2023,Protein Localization To Chromosome (GO:0034502),0.45400149159157005,0.640424984563798,1,ZMYND8
top300_sample_centered,GO_Biological_Process_2023,Protein Localization To Cilium (GO:0061512),0.45400149159157005,0.640424984563798,1,IFT20
top300_sample_centered,GO_Biological_Process_2023,Positive Regulation Of Phosphorylation (GO:0042327),0.45712686017943094,0.6441757080691777,4,VAC14;ERBB2;CIB1;NBN
top300_sample_centered,GO_Biological_Process_2023,DNA Duplex Unwinding (GO:0032508),0.4622078647119825,0.6460618028008581,1,NBN
top300_sample_centered,GO_Biological_Process_2023,Regulation Of Dendrite Development (GO:0050773),0.4622078647119825,0.6460618028008581,1,COBL
top300_sample_centered,GO_Biological_Process_2023,Non-Canonical Wnt Signaling Pathway (GO:0035567),0.4622078647119825,0.6460618028008581,1,VANGL1
top300_sample_centered,GO_Biological_Process_2023,Carbohydrate Catabolic Process (GO:0016052),0.4622078647119825,0.6460618028008581,1,ENOSF1
top300_sample_centered,GO_Biological_Process_2023,Response To Amino Acid Starvation (GO:1990928),0.4622078647119825,0.6460618028008581,1,PEX2
top300_sample_centered,GO_Biological_Process_2023,Double-Strand Break Repair Via Nonhomologous End Joining (GO:0006303),0.4622078647119825,0.6460618028008581,1,TP53BP1
top300_sample_centered,GO_Biological_Process_2023,Positive Regulation Of Viral Process (GO:0048524),0.4622078647119825,0.6460618028008581,1,DDB1
top300_sample_centered,GO_Biological_Process_2023,Protein Localization To Lysosome (GO:0061462),0.4622078647119825,0.6460618028008581,1,BECN1
top300_sample_centered,GO_Biological_Process_2023,Positive Regulation Of Developmental Process (GO:0051094),0.46370549068619965,0.6462410805298042,4,PBRM1;COBL;TP53BP1;ANAPC2
top300_sample_centered,GO_Biological_Process_2023,Macroautophagy (GO:0016236),0.46390732643011157,0.6462410805298042,2,BECN1;UBA5
top300_sample_centered,GO_Biological_Process_2023,Phosphorylation (GO:0016310),0.464457328893038,0.6462410805298042,7,BECN1;PRKAA2;TKFC;NEK4;ERBB2;TAF6;PIK3CB
top300_sample_centered,GO_Biological_Process_2023,Protein Modification By Small Protein Conjugation (GO:0032446),0.46551595310087984,0.6462410805298042,6,DDB1;EIPR1;GPS1;UBA5;MAGEF1;CUL1
top300_sample_centered,GO_Biological_Process_2023,Positive Regulation Of GTPase Activity (GO:0043547),0.46698441216982073,0.6462410805298042,4,CCDC125;ERBB2;AGAP1;EVI5
top300_sample_centered,GO_Biological_Process_2023,Intrinsic Apoptotic Signaling Pathway (GO:0097193),0.4688556778028872,0.6462410805298042,2,DNAJC10;CUL1
top300_sample_centered,GO_Biological_Process_2023,Lysosomal Transport (GO:0007041),0.4688556778028872,0.6462410805298042,2,UEVLD;BECN1
top300_sample_centered,GO_Biological_Process_2023,Amino Acid Transmembrane Transport (GO:0003333),0.4702913004579676,0.6462410805298042,1,SLC25A13
top300_sample_centered,GO_Biological_Process_2023,Branching Morphogenesis Of An Epithelial Tube (GO:0048754),0.4702913004579676,0.6462410805298042,1,LRP5
top300_sample_centered,GO_Biological_Process_2023,Organic Hydroxy Compound Biosynthetic Process (GO:1901617),0.4702913004579676,0.6462410805298042,1,ABCD3
top300_sample_centered,GO_Biological_Process_2023,Regulation Of Ubiquitin-Dependent Protein Catabolic Process (GO:2000058),0.4702913004579676,0.6462410805298042,1,MAGEF1
top300_sample_centered,GO_Biological_Process_2023,Ceramide Biosynthetic Process (GO:0046513),0.4702913004579676,0.6462410805298042,1,SPTLC2
top300_sample_centered,GO_Biological_Process_2023,Stress-Activated MAPK Cascade (GO:0051403),0.4702913004579676,0.6462410805298042,1,GPS1
top300_sample_centered,GO_Biological_Process_2023,Substantia Nigra Development (GO:0021762),0.4702913004579676,0.6462410805298042,1,CALM2
top300_sample_centered,GO_Biological_Process_2023,Lipid Modification (GO:0030258),0.4702913004579676,0.6462410805298042,1,PLPP2
top300_sample_centered,GO_Biological_Process_2023,Lysosome Localization (GO:0032418),0.4702913004579676,0.6462410805298042,1,KIF5B
top300_sample_centered,GO_Biological_Process_2023,Negative Regulation Of I-kappaB kinase/NF-kappaB Signaling (GO:0043124),0.4702913004579676,0.6462410805298042,1,NLRX1
top300_sample_centered,GO_Biological_Process_2023,Protein Ubiquitination (GO:0016567),0.476514862746361,0.6499938265967348,7,DDB1;BABAM2;EIPR1;MAGEF1;CUL1;PEX2;FANCF
top300_sample_centered,GO_Biological_Process_2023,DNA-templated DNA Replication Maintenance Of Fidelity (GO:0045005),0.47825363444654867,0.6499938265967348,1,CENPS
top300_sample_centered,GO_Biological_Process_2023,Regulation Of Filopodium Assembly (GO:0051489),0.47825363444654867,0.6499938265967348,1,DMTN
top300_sample_centered,GO_Biological_Process_2023,SCF-dependent Proteasomal Ubiquitin-Dependent Protein Catabolic Process (GO:0031146),0.47825363444654867,0.6499938265967348,1,CUL1
top300_sample_centered,GO_Biological_Process_2023,Positive Regulation Of T Cell Mediated Immunity (GO:0002711),0.47825363444654867,0.6499938265967348,1,STX7
top300_sample_centered,GO_Biological_Process_2023,Positive Regulation Of Cell-Matrix Adhesion (GO:0001954),0.47825363444654867,0.6499938265967348,1,CIB1
top300_sample_centered,GO_Biological_Process_2023,Skeletal System Morphogenesis (GO:0048705),0.47825363444654867,0.6499938265967348,1,LRP5
top300_sample_centered,GO_Biological_Process_2023,Intracellular Glucose Homeostasis (GO:0001678),0.47825363444654867,0.6499938265967348,1,PRKAA2
top300_sample_centered,GO_Biological_Process_2023,mRNA Catabolic Process (GO:0006402),0.47825363444654867,0.6499938265967348,1,NUDT12
top300_sample_centered,GO_Biological_Process_2023,mRNA Transcription (GO:0009299),0.47825363444654867,0.6499938265967348,1,TAF6
top300_sample_centered,GO_Biological_Process_2023,Generation Of Neurons (GO:0048699),0.4782622076040955,0.6499938265967348,3,RTN3;TUBGCP2;ERBB2
top300_sample_centered,GO_Biological_Process_2023,Regulation Of Cellular Response To Stress (GO:0080135),0.47867032704480755,0.6499938265967348,2,BABAM2;TAF6
top300_sample_centered,GO_Biological_Process_2023,Neuron Differentiation (GO:0030182),0.4820814911988287,0.6533887258843706,3,RTN3;UGDH;ERBB2
top300_sample_centered,GO_Biological_Process_2023,Positive Regulation Of DNA Metabolic Process (GO:0051054),0.4835360447891577,0.6533887258843706,2,BABAM2;NBN
top300_sample_centered,GO_Biological_Process_2023,Positive Regulation Of Metabolic Process (GO:0009893),0.4835360447891577,0.6533887258843706,2,CPT2;OMA1
top300_sample_centered,GO_Biological_Process_2023,Glycerophospholipid Biosynthetic Process (GO:0046474),0.4835360447891577,0.6533887258843706,2,VAC14;ACP6
top300_sample_centered,GO_Biological_Process_2023,Positive Regulation Of Translation (GO:0045727),0.4835360447891577,0.6533887258843706,2,ERBB2;LARP1B
top300_sample_centered,GO_Biological_Process_2023,Autophagosome Maturation (GO:0097352),0.48609667500118026,0.6536509329860077,1,BECN1
top300_sample_centered,GO_Biological_Process_2023,Bone Development (GO:0060348),0.48609667500118026,0.6536509329860077,1,LRP5
top300_sample_centered,GO_Biological_Process_2023,Positive Regulation Of Osteoblast Differentiation (GO:0045669),0.48609667500118026,0.6536509329860077,1,LRP5
top300_sample_centered,GO_Biological_Process_2023,Mitotic Spindle Assembly (GO:0090307),0.48609667500118026,0.6536509329860077,1,KIF3B
top300_sample_centered,GO_Biological_Process_2023,Regulation Of DNA Recombination (GO:0000018),0.48609667500118026,0.6536509329860077,1,MSH3
top300_sample_centered,GO_Biological_Process_2023,Positive Regulation Of Cysteine-Type Endopeptidase Activity Involved In Apoptotic Process (GO:0043280),0.48837366245406794,0.6557389067300355,2,CRADD;UACA
top300_sample_centered,GO_Biological_Process_2023,Positive Regulation Of Hydrolase Activity (GO:0051345),0.49345923645013806,0.6557389067300355,3,ERBB2;EVI5;CALM2
top300_sample_centered,GO_Biological_Process_2023,Regulation Of Cellular Metabolic Process (GO:0031323),0.4938222034751897,0.6557389067300355,1,NEK4
top300_sample_centered,GO_Biological_Process_2023,Negative Regulation Of Response To Biotic Stimulus (GO:0002832),0.4938222034751897,0.6557389067300355,1,TRAF3IP1
top300_sample_centered,GO_Biological_Process_2023,Organic Hydroxy Compound Transport (GO:0015850),0.4938222034751897,0.6557389067300355,1,ABCD3
top300_sample_centered,GO_Biological_Process_2023,Regulation Of Stem Cell Differentiation (GO:2000736),0.4938222034751897,0.6557389067300355,1,OCIAD1
top300_sample_centered,GO_Biological_Process_2023,Chromosome Organization (GO:0051276),0.4938222034751897,0.6557389067300355,1,MSH3
top300_sample_centered,GO_Biological_Process_2023,Determination Of Left/Right Symmetry (GO:0007368),0.4938222034751897,0.6557389067300355,1,KIF3B
top300_sample_centered,GO_Biological_Process_2023,Epidermal Growth Factor Receptor Signaling Pathway (GO:0007173),0.4938222034751897,0.6557389067300355,1,ERBB2
top300_sample_centered,GO_Biological_Process_2023,Establishment Of Protein Localization To Extracellular Region (GO:0035592),0.4938222034751897,0.6557389067300355,1,MIA2
top300_sample_centered,GO_Biological_Process_2023,Zymogen Activation (GO:0031638),0.4938222034751897,0.6557389067300355,1,OMA1
top300_sample_centered,GO_Biological_Process_2023,Mitotic Nuclear Division (GO:0140014),0.4938222034751897,0.6557389067300355,1,KIF3B
top300_sample_centered,GO_Biological_Process_2023,Natural Killer Cell Activation (GO:0030101),0.4938222034751897,0.6557389067300355,1,SNX27
top300_sample_centered,GO_Biological_Process_2023,Double-Strand Break Repair Via Homologous Recombination (GO:0000724),0.49796359639345,0.6599690274657912,2,ZMYND8;NBN
top300_sample_centered,GO_Biological_Process_2023,Mitotic Sister Chromatid Segregation (GO:0000070),0.49796359639345,0.6599690274657912,2,BECN1;KIF3B
top300_sample_centered,GO_Biological_Process_2023,Regulation Of Fibroblast Proliferation (GO:0048145),0.501431974790771,0.6607610278492888,1,PEX2
top300_sample_centered,GO_Biological_Process_2023,Response To Glucose (GO:0009749),0.501431974790771,0.6607610278492888,1,PRKAA2
top300_sample_centered,GO_Biological_Process_2023,Positive Regulation Of Blood Vessel Endothelial Cell Migration (GO:0043536),0.501431974790771,0.6607610278492888,1,CIB1
top300_sample_centered,GO_Biological_Process_2023,Response To Hydrogen Peroxide (GO:0042542),0.501431974790771,0.6607610278492888,1,CAT
top300_sample_centered,GO_Biological_Process_2023,Vacuolar Transport (GO:0007034),0.501431974790771,0.6607610278492888,1,BECN1
top300_sample_centered,GO_Biological_Process_2023,Homotypic Cell-Cell Adhesion (GO:0034109),0.501431974790771,0.6607610278492888,1,PIK3CB
top300_sample_centered,GO_Biological_Process_2023,Bicellular Tight Junction Assembly (GO:0070830),0.5089277175902275,0.6680885722358404,1,MARVELD2
top300_sample_centered,GO_Biological_Process_2023,Regulation Of Wound Healing (GO:0061041),0.5089277175902275,0.6680885722358404,1,DMTN
top300_sample_centered,GO_Biological_Process_2023,Secondary Alcohol Metabolic Process (GO:1902652),0.5089277175902275,0.6680885722358404,1,FDX1
top300_sample_centered,GO_Biological_Process_2023,Regulation Of T Cell Differentiation (GO:0045580),0.5089277175902275,0.6680885722358404,1,PBRM1
top300_sample_centered,GO_Biological_Process_2023,Regulation Of MAP Kinase Activity (GO:0043405),0.5121318460790285,0.6716562957598655,2,ERBB2;PIK3CB
top300_sample_centered,GO_Biological_Process_2023,Cellular Defense Response (GO:0006968),0.5163111350542522,0.6752137097631841,1,BECN1
top300_sample_centered,GO_Biological_Process_2023,Cellular Response To Mechanical Stimulus (GO:0071260),0.5163111350542522,0.6752137097631841,1,CRADD
top300_sample_centered,GO_Biological_Process_2023,Regulation Of Tumor Necrosis Factor-Mediated Signaling Pathway (GO:0010803),0.5163111350542522,0.6752137097631841,1,SPPL2A
top300_sample_centered,GO_Biological_Process_2023,RNA Processing (GO:0006396),0.5195145340121433,0.6787602379099053,3,SF3B2;PRPF18;SNRNP35
top300_sample_centered,GO_Biological_Process_2023,Phosphate-Containing Compound Metabolic Process (GO:0006796),0.5231777209503493,0.6802157784632823,3,ACP6;PIK3CB;PLPP2
top300_sample_centered,GO_Biological_Process_2023,Regulation Of Mitotic Metaphase/Anaphase Transition (GO:0030071),0.5235839047838299,0.6802157784632823,1,PBRM1
top300_sample_centered,GO_Biological_Process_2023,Autophagy Of Mitochondrion (GO:0000422),0.5235839047838299,0.6802157784632823,1,BECN1
top300_sample_centered,GO_Biological_Process_2023,Nuclear Export (GO:0051168),0.5235839047838299,0.6802157784632823,1,RITA1
top300_sample_centered,GO_Biological_Process_2023,Positive Regulation Of Nervous System Development (GO:0051962),0.5235839047838299,0.6802157784632823,1,FAIM
top300_sample_centered,GO_Biological_Process_2023,Negative Regulation Of DNA Metabolic Process (GO:0051053),0.5235839047838299,0.6802157784632823,1,MSH3
top300_sample_centered,GO_Biological_Process_2023,Regulation Of Mitochondrion Organization (GO:0010821),0.5307476794848257,0.6843721245271189,1,OMA1
top300_sample_centered,GO_Biological_Process_2023,Nucleocytoplasmic Transport (GO:0006913),0.5307476794848257,0.6843721245271189,1,RITA1
top300_sample_centered,GO_Biological_Process_2023,Positive Regulation Of Fat Cell Differentiation (GO:0045600),0.5307476794848257,0.6843721245271189,1,LRP5
top300_sample_centered,GO_Biological_Process_2023,Steroid Biosynthetic Process (GO:0006694),0.5307476794848257,0.6843721245271189,1,ABCD3
top300_sample_centered,GO_Biological_Process_2023,tRNA Processing (GO:0008033),0.5307476794848257,0.6843721245271189,1,ADAT1
top300_sample_centered,GO_Biological_Process_2023,Intracellular Iron Ion Homeostasis (GO:0006879),0.5307476794848257,0.6843721245271189,1,NUBP1
top300_sample_centered,GO_Biological_Process_2023,Mitotic Metaphase Plate Congression (GO:0007080),0.5307476794848257,0.6843721245271189,1,BECN1
top300_sample_centered,GO_Biological_Process_2023,Negative Regulation Of Cell Projection Organization (GO:0031345),0.5307476794848257,0.6843721245271189,1,CIB1
top300_sample_centered,GO_Biological_Process_2023,Positive Regulation Of Cellular Process (GO:0048522),0.5351569182062741,0.6889679447474104,9,N6AMT1;EPB41L4B;PBRM1;PRKAA2;COX17;ERBB2;LRP5;CIB1;CIAO1
top300_sample_centered,GO_Biological_Process_2023,Amide Biosynthetic Process (GO:0043604),0.5378040872105058,0.6889679447474104,1,SPTLC2
top300_sample_centered,GO_Biological_Process_2023,Regulation Of Release Of Sequestered Calcium Ion Into Cytosol (GO:0051279),0.5378040872105058,0.6889679447474104,1,CALM2
top300_sample_centered,GO_Biological_Process_2023,Positive Regulation Of Ras Protein Signal Transduction (GO:0046579),0.5378040872105058,0.6889679447474104,1,PIK3CB
top300_sample_centered,GO_Biological_Process_2023,Positive Regulation Of Leukocyte Mediated Cytotoxicity (GO:0001912),0.5378040872105058,0.6889679447474104,1,STX7
top300_sample_centered,GO_Biological_Process_2023,Regulated Exocytosis (GO:0045055),0.5378040872105058,0.6889679447474104,1,RAB11B
top300_sample_centered,GO_Biological_Process_2023,Negative Regulation Of MAP Kinase Activity (GO:0043407),0.5378040872105058,0.6889679447474104,1,PIK3CB
top300_sample_centered,GO_Biological_Process_2023,Negative Regulation Of Response To Stimulus (GO:0048585),0.5447547318030103,0.6927313854695738,1,DDAH1
top300_sample_centered,GO_Biological_Process_2023,Regulation Of Peptide Hormone Secretion (GO:0090276),0.5447547318030103,0.6927313854695738,1,EIPR1
top300_sample_centered,GO_Biological_Process_2023,Regulation Of Protein Localization To Nucleus (GO:1900180),0.5447547318030103,0.6927313854695738,1,CTNNA1
top300_sample_centered,GO_Biological_Process_2023,Cardiac Muscle Tissue Development (GO:0048738),0.5447547318030103,0.6927313854695738,1,CBY1
top300_sample_centered,GO_Biological_Process_2023,Cell Cycle G1/S Phase Transition (GO:0044843),0.5447547318030103,0.6927313854695738,1,CUL1
top300_sample_centered,GO_Biological_Process_2023,Cellular Response To Ionizing Radiation (GO:0071479),0.5447547318030103,0.6927313854695738,1,BABAM2
top300_sample_centered,GO_Biological_Process_2023,Positive Regulation Of B Cell Activation (GO:0050871),0.5447547318030103,0.6927313854695738,1,TP53BP1
top300_sample_centered,GO_Biological_Process_2023,Positive Regulation Of Telomere Maintenance (GO:0032206),0.5447547318030103,0.6927313854695738,1,NBN
top300_sample_centered,GO_Biological_Process_2023,Actin Cytoskeleton Reorganization (GO:0031532),0.551601193393437,0.6954415108328125,1,DMTN
top300_sample_centered,GO_Biological_Process_2023,Actin Polymerization Or Depolymerization (GO:0008154),0.551601193393437,0.6954415108328125,1,COBL
top300_sample_centered,GO_Biological_Process_2023,Blood Vessel Morphogenesis (GO:0048514),0.551601193393437,0.6954415108328125,1,LRP5
top300_sample_centered,GO_Biological_Process_2023,Regulation Of Receptor Signaling Pathway Via JAK-STAT (GO:0046425),0.551601193393437,0.6954415108328125,1,OCIAD1
top300_sample_centered,GO_Biological_Process_2023,Cellular Response To Alcohol (GO:0097306),0.551601193393437,0.6954415108328125,1,CTNNA1
top300_sample_centered,GO_Biological_Process_2023,Endosome Organization (GO:0007032),0.551601193393437,0.6954415108328125,1,TMEM9
top300_sample_centered,GO_Biological_Process_2023,Spermatid Development (GO:0007286),0.551601193393437,0.6954415108328125,1,CIB1
top300_sample_centered,GO_Biological_Process_2023,Tight Junction Assembly (GO:0120192),0.551601193393437,0.6954415108328125,1,MARVELD2
top300_sample_centered,GO_Biological_Process_2023,Protein Homotetramerization (GO:0051289),0.551601193393437,0.6954415108328125,1,CBY1
top300_sample_centered,GO_Biological_Process_2023,Transcription By RNA Polymerase II (GO:0006366),0.5519217204002624,0.6954415108328125,3,PBRM1;PEX2;TAF6
top300_sample_centered,GO_Biological_Process_2023,Organonitrogen Compound Biosynthetic Process (GO:1901566),0.5530314361033981,0.6959728815671207,2,SPTLC2;PLPP2
top300_sample_centered,GO_Biological_Process_2023,Proteolysis (GO:0006508),0.5533513569592313,0.6959728815671207,5,SPCS1;XPNPEP3;SPPL2A;TASP1;ZMPSTE24
top300_sample_centered,GO_Biological_Process_2023,Enzyme-Linked Receptor Protein Signaling Pathway (GO:0007167),0.5574242497188195,0.6965442493398986,2,ERBB2;PIK3CB
top300_sample_centered,GO_Biological_Process_2023,Regulation Of DNA Metabolic Process (GO:0051052),0.5574242497188195,0.6965442493398986,2,BABAM2;TAF6
top300_sample_centered,GO_Biological_Process_2023,Regulation Of Focal Adhesion Assembly (GO:0051893),0.5583450282543575,0.6965442493398986,1,DMTN
top300_sample_centered,GO_Biological_Process_2023,Negative Regulation Of Neuron Projection Development (GO:0010977),0.5583450282543575,0.6965442493398986,1,CIB1
top300_sample_centered,GO_Biological_Process_2023,Negative Regulation Of Protein Catabolic Process (GO:0042177),0.5583450282543575,0.6965442493398986,1,AZIN1
top300_sample_centered,GO_Biological_Process_2023,Regulation Of Myoblast Differentiation (GO:0045661),0.5583450282543575,0.6965442493398986,1,PBRM1
top300_sample_centered,GO_Biological_Process_2023,Nucleosome Assembly (GO:0006334),0.5583450282543575,0.6965442493398986,1,CABIN1
top300_sample_centered,GO_Biological_Process_2023,Peptidyl-Tyrosine Modification (GO:0018212),0.5583450282543575,0.6965442493398986,1,ERBB2
top300_sample_centered,GO_Biological_Process_2023,Endoplasmic Reticulum Organization (GO:0007029),0.5583450282543575,0.6965442493398986,1,RTN3
top300_sample_centered,GO_Biological_Process_2023,Regulation Of Programmed Cell Death (GO:0043067),0.5624343741701252,0.7010125187084322,3,BECN1;MORF4L2;OMA1
top300_sample_centered,GO_Biological_Process_2023,Regulation Of Protein Phosphorylation (GO:0001932),0.5643473428311137,0.7022935284117735,4,TRAF3IP1;DNAJC10;ERBB2;CIB1
top300_sample_centered,GO_Biological_Process_2023,Neuron Migration (GO:0001764),0.5649877697794934,0.7022935284117735,1,TUBGCP2
top300_sample_centered,GO_Biological_Process_2023,Purine Ribonucleotide Biosynthetic Process (GO:0009152),0.5649877697794934,0.7022935284117735,1,SLC25A13
top300_sample_centered,GO_Biological_Process_2023,Positive Regulation Of Protein Metabolic Process (GO:0051247),0.5659053352041804,0.7024336240147819,3,DDB1;ERBB2;LARP1B
top300_sample_centered,GO_Biological_Process_2023,Cellular Response To Starvation (GO:0009267),0.566117757804817,0.7024336240147819,2,BECN1;PRKAA2
top300_sample_centered,GO_Biological_Process_2023,Negative Regulation Of Signal Transduction (GO:0009968),0.5702962312636479,0.706610753918267,4,RITA1;CBY1;RPGRIP1L;PIK3CB
top300_sample_centered,GO_Biological_Process_2023,Regulation Of Mitotic Nuclear Division (GO:0007088),0.571530928404565,0.706610753918267,1,LRP5
top300_sample_centered,GO_Biological_Process_2023,Nucleotide-Excision Repair (GO:0006289),0.571530928404565,0.706610753918267,1,DDB1
top300_sample_centered,GO_Biological_Process_2023,Regulation Of Cation Channel Activity (GO:2001257),0.571530928404565,0.706610753918267,1,CALM2
top300_sample_centered,GO_Biological_Process_2023,Chromatin Organization (GO:0006325),0.573253764782801,0.7081068418292024,4,COPRS;PBRM1;ZNHIT1;CABIN1
top300_sample_centered,GO_Biological_Process_2023,RNA Catabolic Process (GO:0006401),0.577975991963602,0.7112970668277191,1,NUDT12
top300_sample_centered,GO_Biological_Process_2023,Chemokine-Mediated Signaling Pathway (GO:0070098),0.577975991963602,0.7112970668277191,1,CIB1
top300_sample_centered,GO_Biological_Process_2023,Endosome To Lysosome Transport (GO:0008333),0.577975991963602,0.7112970668277191,1,UEVLD
top300_sample_centered,GO_Biological_Process_2023,Monoatomic Anion Transport (GO:0006820),0.577975991963602,0.7112970668277191,1,CLCN4
top300_sample_centered,GO_Biological_Process_2023,Protein Homooligomerization (GO:0051260),0.5789267944347257,0.7112970668277191,2,CBY1;TP53BP1
top300_sample_centered,GO_Biological_Process_2023,Protein Targeting (GO:0006605),0.5789267944347257,0.7112970668277191,2,SPCS1;HACL1
top300_sample_centered,GO_Biological_Process_2023,Organic Substance Transport (GO:0071702),0.583006067084373,0.7147493647620834,3,SCAMP4;SNX4;HSP90B1
top300_sample_centered,GO_Biological_Process_2023,Positive Regulation Of Gene Expression (GO:0010628),0.5830521760972135,0.7147493647620834,7,N6AMT1;EPB41L4B;FUBP1;ERBB2;PIK3CB;LARP1B;GLYR1
top300_sample_centered,GO_Biological_Process_2023,Regulation Of Phagocytosis (GO:0050764),0.5843244263695815,0.7147493647620834,1,LMAN2
top300_sample_centered,GO_Biological_Process_2023,Inorganic Anion Transport (GO:0015698),0.5843244263695815,0.7147493647620834,1,CLCN4
top300_sample_centered,GO_Biological_Process_2023,Muscle Organ Development (GO:0007517),0.5843244263695815,0.7147493647620834,1,COPRS
top300_sample_centered,GO_Biological_Process_2023,Regulation Of Translation (GO:0006417),0.5863747475791936,0.7166225897405898,3,MTG2;ERBB2;LARP1B
top300_sample_centered,GO_Biological_Process_2023,Negative Regulation Of Apoptotic Process (GO:0043066),0.5874523063202561,0.7166852108707925,7,BABAM2;PRKAA2;ERBB2;CAT;NAA35;CIB1;HSP90B1
top300_sample_centered,GO_Biological_Process_2023,Negative Regulation Of Protein-Containing Complex Assembly (GO:0031333),0.5905776755763663,0.7166852108707925,1,TRAF3IP1
top300_sample_centered,GO_Biological_Process_2023,Regulation Of Type I Interferon Production (GO:0032479),0.5905776755763663,0.7166852108707925,1,TRAF3IP1
top300_sample_centered,GO_Biological_Process_2023,Cilium Movement (GO:0003341),0.5905776755763663,0.7166852108707925,1,DNAAF5
top300_sample_centered,GO_Biological_Process_2023,Positive Regulation Of Proteolysis (GO:0045862),0.5905776755763663,0.7166852108707925,1,ATP5IF1
top300_sample_centered,GO_Biological_Process_2023,Microtubule Cytoskeleton Organization Involved In Mitosis (GO:1902850),0.5905776755763663,0.7166852108707925,1,KIF3B
top300_sample_centered,GO_Biological_Process_2023,Protein Targeting To Mitochondrion (GO:0006626),0.5905776755763663,0.7166852108707925,1,MIPEP
top300_sample_centered,GO_Biological_Process_2023,protein-DNA Complex Assembly (GO:0065004),0.5905776755763663,0.7166852108707925,1,CABIN1
top300_sample_centered,GO_Biological_Process_2023,Negative Regulation Of Cell Motility (GO:2000146),0.5955721839645514,0.7221116646664139,2,ZMYND8;CCDC125
top300_sample_centered,GO_Biological_Process_2023,Sterol Metabolic Process (GO:0016125),0.5967371619202828,0.7222559339280549,1,FDX1
top300_sample_centered,GO_Biological_Process_2023,Positive Regulation Of Phagocytosis (GO:0050766),0.5967371619202828,0.7222559339280549,1,LMAN2
top300_sample_centered,GO_Biological_Process_2023,Autophagosome Organization (GO:1905037),0.6028042868087103,0.7289603503352268,1,BECN1
top300_sample_centered,GO_Biological_Process_2023,Cellular Response To Metal Ion (GO:0071248),0.6037088292862289,0.7294154796537902,2,PRKAA2;DMTN
top300_sample_centered,GO_Biological_Process_2023,Regulation Of Protein Kinase B Signaling (GO:0051896),0.6077306384035926,0.7323395249685105,2,CIB1;PIK3CB
top300_sample_centered,GO_Biological_Process_2023,RNA Methylation (GO:0001510),0.6087804306038016,0.7323395249685105,1,FTSJ3
top300_sample_centered,GO_Biological_Process_2023,Cell Junction Organization (GO:0034330),0.6087804306038016,0.7323395249685105,1,MARVELD2
top300_sample_centered,GO_Biological_Process_2023,Spliceosomal Complex Assembly (GO:0000245),0.6087804306038016,0.7323395249685105,1,SF3B2
top300_sample_centered,GO_Biological_Process_2023,Glycerophospholipid Metabolic Process (GO:0006650),0.6087804306038016,0.7323395249685105,1,ACP6
top300_sample_centered,GO_Biological_Process_2023,G1/S Transition Of Mitotic Cell Cycle (GO:0000082),0.6146669531336565,0.7355763104658402,1,CUL1
top300_sample_centered,GO_Biological_Process_2023,Phosphatidylinositol Metabolic Process (GO:0046488),0.6146669531336565,0.7355763104658402,1,VAC14
top300_sample_centered,GO_Biological_Process_2023,Telomere Organization (GO:0032200),0.6146669531336565,0.7355763104658402,1,NBN
top300_sample_centered,GO_Biological_Process_2023,Inorganic Anion Transmembrane Transport (GO:0098661),0.6146669531336565,0.7355763104658402,1,SLC37A4
top300_sample_centered,GO_Biological_Process_2023,Protein Polymerization (GO:0051258),0.6146669531336565,0.7355763104658402,1,COBL
top300_sample_centered,GO_Biological_Process_2023,Regulation Of Cellular Catabolic Process (GO:0031329),0.6146669531336565,0.7355763104658402,1,BECN1
top300_sample_centered,GO_Biological_Process_2023,"mRNA Splicing, Via Spliceosome (GO:0000398)",0.6159034325200532,0.7362866284757088,3,SF3B2;SNRNP35;GEMIN8
top300_sample_centered,GO_Biological_Process_2023,Regulation Of Apoptotic Process (GO:0042981),0.6163268229673565,0.7362866284757088,10,BABAM2;PRKAA2;CRADD;MORF4L2;ERBB2;CAT;NAA35;CIB1;OMA1;HSP90B1
top300_sample_centered,GO_Biological_Process_2023,Regulation Of Secretion By Cell (GO:1903530),0.6204651939509158,0.738674511074323,1,ARFIP1
top300_sample_centered,GO_Biological_Process_2023,Positive Regulation Of T Cell Differentiation (GO:0045582),0.6204651939509158,0.738674511074323,1,PBRM1
top300_sample_centered,GO_Biological_Process_2023,Positive Regulation Of Cysteine-Type Endopeptidase Activity (GO:2001056),0.6204651939509158,0.738674511074323,1,UACA
top300_sample_centered,GO_Biological_Process_2023,Negative Regulation Of Cell Death (GO:0060548),0.6204651939509158,0.738674511074323,1,BECN1
top300_sample_centered,GO_Biological_Process_2023,mRNA Processing (GO:0006397),0.6254257829980996,0.7416378291847697,3,SF3B2;PRPF18;SNRNP35
top300_sample_centered,GO_Biological_Process_2023,Regulation Of GTPase Activity (GO:0043087),0.6254257829980996,0.7416378291847697,3,ERBB2;TMED2;EVI5
top300_sample_centered,GO_Biological_Process_2023,Autophagosome Assembly (GO:0000045),0.6261764727222603,0.7416378291847697,1,BECN1
top300_sample_centered,GO_Biological_Process_2023,Canonical Wnt Signaling Pathway (GO:0060070),0.6261764727222603,0.7416378291847697,1,LRP5
top300_sample_centered,GO_Biological_Process_2023,Cellular Response To Light Stimulus (GO:0071482),0.6261764727222603,0.7416378291847697,1,DDB1
top300_sample_centered,GO_Biological_Process_2023,Positive Regulation Of Cell Cycle (GO:0045787),0.6261764727222603,0.7416378291847697,1,CCDC57
top300_sample_centered,GO_Biological_Process_2023,Protein Modification Process (GO:0036211),0.6269661368930897,0.7419367909591746,10,MSRA;BECN1;PRKAA2;PIGT;SETD3;NEK4;ERBB2;PIGK;TAF6;PPP4R3B
top300_sample_centered,GO_Biological_Process_2023,Nervous System Development (GO:0007399),0.6342521737910729,0.7497198730559304,6,DHX30;TMEM223;ZMYND8;ERBB2;RITA1;BPNT1
top300_sample_centered,GO_Biological_Process_2023,Activation Of Cysteine-Type Endopeptidase Activity Involved In Apoptotic Process (GO:0006919),0.6373433243791906,0.7497198730559304,1,CRADD
top300_sample_centered,GO_Biological_Process_2023,Peptidyl-Tyrosine Phosphorylation (GO:0018108),0.6373433243791906,0.7497198730559304,1,ERBB2
top300_sample_centered,GO_Biological_Process_2023,Regulation Of Viral Genome Replication (GO:0045069),0.6373433243791906,0.7497198730559304,1,DDB1
top300_sample_centered,GO_Biological_Process_2023,Cholesterol Metabolic Process (GO:0008203),0.6373433243791906,0.7497198730559304,1,FDX1
top300_sample_centered,GO_Biological_Process_2023,tRNA Modification (GO:0006400),0.6373433243791906,0.7497198730559304,1,GON7
top300_sample_centered,GO_Biological_Process_2023,Protein Secretion (GO:0009306),0.6373433243791906,0.7497198730559304,1,MIA2
top300_sample_centered,GO_Biological_Process_2023,Regulation Of Cell Adhesion (GO:0030155),0.6387920249631531,0.7507844991269059,2,EPB41L4B;ERBB2
top300_sample_centered,GO_Biological_Process_2023,Cell-Cell Junction Organization (GO:0045216),0.6428014394460059,0.7542130738104793,1,MARVELD2
top300_sample_centered,GO_Biological_Process_2023,Telomere Maintenance (GO:0000723),0.6428014394460059,0.7542130738104793,1,NBN
top300_sample_centered,GO_Biological_Process_2023,Regulation Of Cold-Induced Thermogenesis (GO:0120161),0.64624979173599,0.7566638818577862,2,CPT2;OMA1
top300_sample_centered,GO_Biological_Process_2023,DNA-templated DNA Replication (GO:0006261),0.6481776772177851,0.7566638818577862,1,WRNIP1
top300_sample_centered,GO_Biological_Process_2023,Regulation Of Heart Contraction (GO:0008016),0.6481776772177851,0.7566638818577862,1,CALM2
top300_sample_centered,GO_Biological_Process_2023,Response To Molecule Of Bacterial Origin (GO:0002237),0.6481776772177851,0.7566638818577862,1,SRR
top300_sample_centered,GO_Biological_Process_2023,Establishment Of Protein Localization To Membrane (GO:0090150),0.6481776772177851,0.7566638818577862,1,RAB11B
top300_sample_centered,GO_Biological_Process_2023,Positive Regulation Of Phosphatidylinositol 3-Kinase Signaling (GO:0014068),0.6481776772177851,0.7566638818577862,1,BECN1
top300_sample_centered,GO_Biological_Process_2023,Negative Regulation Of Protein Metabolic Process (GO:0051248),0.6499328698733762,0.7578518820954513,2,AZIN1;PFDN6
top300_sample_centered,GO_Biological_Process_2023,Negative Regulation Of Extrinsic Apoptotic Signaling Pathway (GO:2001237),0.6534732618701546,0.7578518820954513,1,FAIM
top300_sample_centered,GO_Biological_Process_2023,Sulfur Compound Biosynthetic Process (GO:0044272),0.6534732618701546,0.7578518820954513,1,UGDH
top300_sample_centered,GO_Biological_Process_2023,Positive Regulation Of Protein Transport (GO:0051222),0.6534732618701546,0.7578518820954513,1,ERGIC3
top300_sample_centered,GO_Biological_Process_2023,Protein K48-linked Ubiquitination (GO:0070936),0.6534732618701546,0.7578518820954513,1,CUL1
top300_sample_centered,GO_Biological_Process_2023,Regulation Of Notch Signaling Pathway (GO:0008593),0.6534732618701546,0.7578518820954513,1,RITA1
top300_sample_centered,GO_Biological_Process_2023,Regulation Of Actin Filament-Based Process (GO:0032970),0.6534732618701546,0.7578518820954513,1,DMTN
top300_sample_centered,GO_Biological_Process_2023,Defense Response To Symbiont (GO:0140546),0.6535855116406101,0.7578518820954513,2,SLFN13;AZI2
top300_sample_centered,GO_Biological_Process_2023,Positive Regulation Of Transcription By RNA Polymerase II (GO:0045944),0.6547811392931957,0.758601303157637,13,SETD3;CTBP2;ZMYND8;LRP5;PTOV1;RFXANK;PEX2;MED29;ZNHIT1;TAF6;TP53BP1;HOXB7;GLYR1
top300_sample_centered,GO_Biological_Process_2023,Regulation Of Cell Cycle (GO:0051726),0.6563829937776349,0.7598197103159378,4,MORF4L2;TAF6;NBN;ANAPC2
top300_sample_centered,GO_Biological_Process_2023,Regulation Of Hydrolase Activity (GO:0051336),0.6586893993515058,0.7602370790936133,1,ATP5IF1
top300_sample_centered,GO_Biological_Process_2023,Cell-Cell Junction Assembly (GO:0007043),0.6586893993515058,0.7602370790936133,1,CTNNA1
top300_sample_centered,GO_Biological_Process_2023,Protein Autoubiquitination (GO:0051865),0.6586893993515058,0.7602370790936133,1,BABAM2
top300_sample_centered,GO_Biological_Process_2023,Positive Regulation Of Protein Modification Process (GO:0031401),0.6589455348841818,0.7602370790936133,3,ERBB2;CIB1;CALM2
top300_sample_centered,GO_Biological_Process_2023,protein-RNA Complex Assembly (GO:0022618),0.6607998149735516,0.7617400204327835,2,PRPF18;GEMIN8
top300_sample_centered,GO_Biological_Process_2023,Cholesterol Homeostasis (GO:0042632),0.6638272776471037,0.7626834196594429,1,LRP5
top300_sample_centered,GO_Biological_Process_2023,Response To Ionizing Radiation (GO:0010212),0.6638272776471037,0.7626834196594429,1,BABAM2
top300_sample_centered,GO_Biological_Process_2023,Negative Regulation Of Catabolic Process (GO:0009895),0.6638272776471037,0.7626834196594429,1,AZIN1
top300_sample_centered,GO_Biological_Process_2023,Negative Regulation Of Cell Adhesion (GO:0007162),0.6638272776471037,0.7626834196594429,1,DMTN
top300_sample_centered,GO_Biological_Process_2023,Apoptotic Process (GO:0006915),0.6677041308433671,0.7634168765580424,3,AHCYL1;CIB1;NDUFS1
top300_sample_centered,GO_Biological_Process_2023,Chromatin Remodeling (GO:0006338),0.6677041308433671,0.7634168765580424,3,COPRS;PBRM1;ZNHIT1
top300_sample_centered,GO_Biological_Process_2023,DNA Replication (GO:0006260),0.6688880670783717,0.7634168765580424,1,WRNIP1
top300_sample_centered,GO_Biological_Process_2023,Cellular Response To Reactive Oxygen Species (GO:0034614),0.6688880670783717,0.7634168765580424,1,PEX2
top300_sample_centered,GO_Biological_Process_2023,Sterol Homeostasis (GO:0055092),0.6688880670783717,0.7634168765580424,1,LRP5
top300_sample_centered,GO_Biological_Process_2023,Protein Tetramerization (GO:0051262),0.6688880670783717,0.7634168765580424,1,CBY1
top300_sample_centered,GO_Biological_Process_2023,Monocarboxylic Acid Transport (GO:0015718),0.6688880670783717,0.7634168765580424,1,ABCD3
top300_sample_centered,GO_Biological_Process_2023,Regulation Of Rho Protein Signal Transduction (GO:0035023),0.6688880670783717,0.7634168765580424,1,CCDC125
top300_sample_centered,GO_Biological_Process_2023,Positive Regulation Of Protein Phosphorylation (GO:0001934),0.6703256921137848,0.7644259131371898,5,ERBB2;JTB;CIB1;NBN;CALM2
top300_sample_centered,GO_Biological_Process_2023,Regulation Of Fat Cell Differentiation (GO:0045598),0.6787829732730983,0.7721575667958392,1,LRP5
top300_sample_centered,GO_Biological_Process_2023,Nucleosome Organization (GO:0034728),0.6787829732730983,0.7721575667958392,1,CABIN1
top300_sample_centered,GO_Biological_Process_2023,Positive Regulation Of Neurogenesis (GO:0050769),0.6787829732730983,0.7721575667958392,1,FAIM
top300_sample_centered,GO_Biological_Process_2023,Wnt Signaling Pathway (GO:0016055),0.6836193445089016,0.7770191891084717,1,LRP5
top300_sample_centered,GO_Biological_Process_2023,Actomyosin Structure Organization (GO:0031032),0.6883831360336448,0.7798663747846295,1,EPB41L4B
top300_sample_centered,GO_Biological_Process_2023,Chloride Transport (GO:0006821),0.6883831360336448,0.7798663747846295,1,CLCN4
top300_sample_centered,GO_Biological_Process_2023,Positive Regulation Of Response To Stimulus (GO:0048584),0.6883831360336448,0.7798663747846295,1,BABAM2
top300_sample_centered,GO_Biological_Process_2023,Monoatomic Cation Homeostasis (GO:0055080),0.6883831360336448,0.7798663747846295,1,ZNHIT1
top300_sample_centered,GO_Biological_Process_2023,Response To Lipopolysaccharide (GO:0032496),0.6917819332321454,0.7830744670439285,2,SRR;PEX2
top300_sample_centered,GO_Biological_Process_2023,Regulation Of Innate Immune Response (GO:0045088),0.6930754335082961,0.7832546429418634,1,TKFC
top300_sample_centered,GO_Biological_Process_2023,Cellular Response To Nutrient Levels (GO:0031669),0.6930754335082961,0.7832546429418634,1,PRKAA2
top300_sample_centered,GO_Biological_Process_2023,Cellular Response To UV (GO:0034644),0.697697306466784,0.7852648575636746,1,DDB1
top300_sample_centered,GO_Biological_Process_2023,Positive Regulation Of Endocytosis (GO:0045807),0.697697306466784,0.7852648575636746,1,LMAN2
top300_sample_centered,GO_Biological_Process_2023,Vesicle Fusion (GO:0006906),0.697697306466784,0.7852648575636746,1,STX7
top300_sample_centered,GO_Biological_Process_2023,Positive Regulation Of Protein Modification By Small Protein Conjugation Or Removal (GO:1903322),0.697697306466784,0.7852648575636746,1,CENPS
top300_sample_centered,GO_Biological_Process_2023,Negative Regulation Of Cellular Component Organization (GO:0051129),0.697697306466784,0.7852648575636746,1,TRAF3IP1
top300_sample_centered,GO_Biological_Process_2023,Glycoprotein Biosynthetic Process (GO:0009101),0.7022498081933177,0.7897451018851561,1,B3GALT6
top300_sample_centered,GO_Biological_Process_2023,Histone Modification (GO:0016570),0.7067339766562469,0.7934956274490057,1,MORF4L2
top300_sample_centered,GO_Biological_Process_2023,Macromolecule Modification (GO:0043412),0.7067339766562469,0.7934956274490057,1,MSRA
top300_sample_centered,GO_Biological_Process_2023,Negative Regulation Of Apoptotic Signaling Pathway (GO:2001234),0.7111508340765168,0.7978060941183345,1,SLC25A4
top300_sample_centered,GO_Biological_Process_2023,Phospholipase C-activating G Protein-Coupled Receptor Signaling Pathway (GO:0007200),0.7155013875000932,0.8007353453303311,1,GNA11
top300_sample_centered,GO_Biological_Process_2023,Positive Regulation Of Ubiquitin-Dependent Protein Catabolic Process (GO:2000060),0.7155013875000932,0.8007353453303311,1,MAGEF1
top300_sample_centered,GO_Biological_Process_2023,Regulation Of NIK/NF-kappaB Signaling (GO:1901222),0.7155013875000932,0.8007353453303311,1,UACA
top300_sample_centered,GO_Biological_Process_2023,Regulation Of Cell Population Proliferation (GO:0042127),0.7168620553651245,0.8016085007767101,10,PBRM1;CTBP2;DLG3;DDAH1;CLMN;COX17;ERBB2;LRP5;CIB1;CIAO1
top300_sample_centered,GO_Biological_Process_2023,Regulation Of Cysteine-Type Endopeptidase Activity Involved In Apoptotic Process (GO:0043281),0.7197866289844316,0.8035774734256265,1,UACA
top300_sample_centered,GO_Biological_Process_2023,Positive Regulation Of Protein Ubiquitination (GO:0031398),0.7197866289844316,0.8035774734256265,1,CENPS
top300_sample_centered,GO_Biological_Process_2023,Brain Development (GO:0007420),0.723438166151439,0.8037414847584826,2,RTN3;TUBGCP2
top300_sample_centered,GO_Biological_Process_2023,Regulation Of Osteoblast Differentiation (GO:0045667),0.724007535872232,0.8037414847584826,1,LRP5
top300_sample_centered,GO_Biological_Process_2023,Positive Regulation Of Canonical Wnt Signaling Pathway (GO:0090263),0.724007535872232,0.8037414847584826,1,TMEM9
top300_sample_centered,GO_Biological_Process_2023,Positive Regulation Of Endothelial Cell Migration (GO:0010595),0.724007535872232,0.8037414847584826,1,PIK3CB
top300_sample_centered,GO_Biological_Process_2023,Macromolecule Catabolic Process (GO:0009057),0.724007535872232,0.8037414847584826,1,BECN1
top300_sample_centered,GO_Biological_Process_2023,Mitotic Spindle Organization (GO:0007052),0.724007535872232,0.8037414847584826,1,KIF3B
top300_sample_centered,GO_Biological_Process_2023,Negative Regulation Of Cell Cycle (GO:0045786),0.724007535872232,0.8037414847584826,1,TAF6
top300_sample_centered,GO_Biological_Process_2023,Negative Regulation Of Angiogenesis (GO:0016525),0.7281650706695516,0.807707600477631,1,PIK3CB
top300_sample_centered,GO_Biological_Process_2023,Glucose Homeostasis (GO:0042593),0.7322601819076733,0.8115981630934966,1,PRKAA2
top300_sample_centered,GO_Biological_Process_2023,Positive Regulation Of Nucleic Acid-Templated Transcription (GO:1903508),0.733704628867601,0.8125469867411041,7,SETD3;NEK4;MORF4L2;LRP5;TASP1;TAF6;TP53BP1
top300_sample_centered,GO_Biological_Process_2023,Regulation Of Endothelial Cell Migration (GO:0010594),0.7362938035803304,0.813457394195549,1,PIK3CB
top300_sample_centered,GO_Biological_Process_2023,Negative Regulation Of Protein Kinase Activity (GO:0006469),0.7362938035803304,0.813457394195549,1,LRP5
top300_sample_centered,GO_Biological_Process_2023,Positive Regulation Of Plasma Membrane Bounded Cell Projection Assembly (GO:0120034),0.7362938035803304,0.813457394195549,1,IFT20
top300_sample_centered,GO_Biological_Process_2023,Sensory Perception Of Mechanical Stimulus (GO:0050954),0.7402668559502237,0.8171930679994077,1,MARVELD2
top300_sample_centered,GO_Biological_Process_2023,Regulation Of Peptidyl-Tyrosine Phosphorylation (GO:0050730),0.7441802456350319,0.8202018509353385,1,DMTN
top300_sample_centered,GO_Biological_Process_2023,Regulation Of Phosphatidylinositol 3-Kinase Signaling (GO:0014066),0.7441802456350319,0.8202018509353385,1,BECN1
top300_sample_centered,GO_Biological_Process_2023,Positive Regulation Of MAP Kinase Activity (GO:0043406),0.7480348655801606,0.8224810106418804,1,ERBB2
top300_sample_centered,GO_Biological_Process_2023,Regulation Of RNA Metabolic Process (GO:0051252),0.7480348655801606,0.8224810106418804,1,GRSF1
top300_sample_centered,GO_Biological_Process_2023,Regulation Of Actin Cytoskeleton Organization (GO:0032956),0.7480348655801606,0.8224810106418804,1,DMTN
top300_sample_centered,GO_Biological_Process_2023,Sensory Perception Of Sound (GO:0007605),0.7518315954183645,0.824685808794886,1,MARVELD2
top300_sample_centered,GO_Biological_Process_2023,Positive Regulation Of Neuron Projection Development (GO:0010976),0.7518315954183645,0.824685808794886,1,COBL
top300_sample_centered,GO_Biological_Process_2023,Positive Regulation Of Protein Catabolic Process (GO:0045732),0.7518315954183645,0.824685808794886,1,DDB1
top300_sample_centered,GO_Biological_Process_2023,"RNA Splicing, Via Transesterification Reactions With Bulged Adenosine As Nucleophile (GO:0000377)",0.7550521296608121,0.825509468086588,2,SF3B2;SNRNP35
top300_sample_centered,GO_Biological_Process_2023,Regulation Of Endothelial Cell Proliferation (GO:0001936),0.7555713017099546,0.825509468086588,1,ATP5IF1
top300_sample_centered,GO_Biological_Process_2023,Regulation Of Peptidyl-Serine Phosphorylation (GO:0033135),0.7555713017099546,0.825509468086588,1,DMTN
top300_sample_centered,GO_Biological_Process_2023,Positive Regulation Of Protein Kinase B Signaling (GO:0051897),0.7555713017099546,0.825509468086588,1,PIK3CB
top300_sample_centered,GO_Biological_Process_2023,Negative Regulation Of Amide Metabolic Process (GO:0034249),0.7555713017099546,0.825509468086588,1,RTN3
top300_sample_centered,GO_Biological_Process_2023,Vesicle Organization (GO:0016050),0.7592548381757995,0.8288782067357937,1,STX7
top300_sample_centered,GO_Biological_Process_2023,Positive Regulation Of Signal Transduction (GO:0009967),0.7645901760941154,0.8340434701311006,3,DMTN;CTBP2;CRADD
top300_sample_centered,GO_Biological_Process_2023,Regulation Of Protein Metabolic Process (GO:0051246),0.7664567522280672,0.8354197117813424,1,TMEM9
top300_sample_centered,GO_Biological_Process_2023,Monocarboxylic Acid Metabolic Process (GO:0032787),0.7699767743166568,0.8385945783369897,1,HACL1
top300_sample_centered,GO_Biological_Process_2023,Defense Response To Virus (GO:0051607),0.7785581991332102,0.8466054118133569,2,SLFN13;AZI2
top300_sample_centered,GO_Biological_Process_2023,Endocytosis (GO:0006897),0.7785581991332102,0.8466054118133569,2,OCIAD1;EPS15L1
top300_sample_centered,GO_Biological_Process_2023,Intracellular Monoatomic Cation Homeostasis (GO:0030003),0.7810446518625108,0.8486409631960089,2,RMDN3;NUBP1
top300_sample_centered,GO_Biological_Process_2023,rRNA Processing (GO:0006364),0.7835359123710425,0.8506785337927749,1,POP4
top300_sample_centered,GO_Biological_Process_2023,Protein Localization To Membrane (GO:0072657),0.785944391557679,0.8522116671095314,2,TMED2;RAB11B
top300_sample_centered,GO_Biological_Process_2023,Protein Catabolic Process (GO:0030163),0.7867993306043827,0.8522116671095314,1,DDB1
top300_sample_centered,GO_Biological_Process_2023,Regulation Of RNA Splicing (GO:0043484),0.7867993306043827,0.8522116671095314,1,GRSF1
top300_sample_centered,GO_Biological_Process_2023,Regulation Of Cell Differentiation (GO:0045595),0.7883580206173378,0.8532307417496423,2,PBRM1;OCIAD1
top300_sample_centered,GO_Biological_Process_2023,Positive Regulation Of Inflammatory Response (GO:0050729),0.7931797866486954,0.857777044136138,1,SNX4
top300_sample_centered,GO_Biological_Process_2023,Negative Regulation Of MAPK Cascade (GO:0043409),0.7962982824006495,0.8604756870072745,1,PIK3CB
top300_sample_centered,GO_Biological_Process_2023,Regulation Of G1/S Transition Of Mitotic Cell Cycle (GO:2000045),0.7993699104512811,0.8629990433376896,1,PBRM1
top300_sample_centered,GO_Biological_Process_2023,Central Nervous System Development (GO:0007417),0.7998832552297196,0.8629990433376896,3,DHX30;RTN3;TUBGCP2
top300_sample_centered,GO_Biological_Process_2023,DNA-templated Transcription (GO:0006351),0.8023432551949397,0.8636851207318149,2,POLR3H;TAF6
top300_sample_centered,GO_Biological_Process_2023,Anterograde Trans-Synaptic Signaling (GO:0098916),0.8023432551949397,0.8636851207318149,2,DLG3;EXOC4
top300_sample_centered,GO_Biological_Process_2023,Positive Regulation Of T Cell Activation (GO:0050870),0.8023953728449807,0.8636851207318149,1,PBRM1
top300_sample_centered,GO_Biological_Process_2023,Response To Tumor Necrosis Factor (GO:0034612),0.805375361218045,0.8655434815891985,1,CIB1
top300_sample_centered,GO_Biological_Process_2023,Lipid Transport (GO:0006869),0.805375361218045,0.8655434815891985,1,ABCD3
top300_sample_centered,GO_Biological_Process_2023,Negative Regulation Of Developmental Process (GO:0051093),0.8083105567669474,0.8666745954154925,1,OMA1
top300_sample_centered,GO_Biological_Process_2023,Positive Regulation Of Wnt Signaling Pathway (GO:0030177),0.8083105567669474,0.8666745954154925,1,TMEM9
top300_sample_centered,GO_Biological_Process_2023,Regulation Of Wnt Signaling Pathway (GO:0030111),0.8083105567669474,0.8666745954154925,1,CBY1
top300_sample_centered,GO_Biological_Process_2023,Response To Lipid (GO:0033993),0.8112016305541656,0.8690996522849517,1,SRR
top300_sample_centered,GO_Biological_Process_2023,Cytoskeleton Organization (GO:0007010),0.8140492437191734,0.8714744229272702,1,DMTN
top300_sample_centered,GO_Biological_Process_2023,Small GTPase Mediated Signal Transduction (GO:0007264),0.8168540473085245,0.8724481356017574,1,NUCB2
top300_sample_centered,GO_Biological_Process_2023,Protein Deubiquitination (GO:0016579),0.8168540473085245,0.8724481356017574,1,BABAM2
top300_sample_centered,GO_Biological_Process_2023,Negative Regulation Of Defense Response (GO:0031348),0.8168540473085245,0.8724481356017574,1,TRAF3IP1
top300_sample_centered,GO_Biological_Process_2023,Regulation Of Protein Ubiquitination (GO:0031396),0.8196166829154907,0.8734765692193868,1,CENPS
top300_sample_centered,GO_Biological_Process_2023,Positive Regulation Of Cellular Component Organization (GO:0051130),0.8196166829154907,0.8734765692193868,1,ANAPC2
top300_sample_centered,GO_Biological_Process_2023,Negative Regulation Of Cell Differentiation (GO:0045596),0.8197144342565715,0.8734765692193868,2,LRP5;PEX2
top300_sample_centered,GO_Biological_Process_2023,Protein Modification By Small Protein Removal (GO:0070646),0.8223377822722124,0.8755963587647844,1,GPS1
top300_sample_centered,GO_Biological_Process_2023,Gene Expression (GO:0010467),0.8237968619146316,0.8764741651033175,3,MRPL42;ABCC6;TASP1
top300_sample_centered,GO_Biological_Process_2023,Regulation Of Intracellular Signal Transduction (GO:1902531),0.825531579324188,0.8776436574647449,3,JPT2;PTPMT1;CALM2
top300_sample_centered,GO_Biological_Process_2023,Cellular Response To Molecule Of Bacterial Origin (GO:0071219),0.8302580413110413,0.881989503885037,1,PEX2
top300_sample_centered,GO_Biological_Process_2023,Positive Regulation Of Cell Cycle Process (GO:0090068),0.8328191280114926,0.8840301428008235,1,LRP5
top300_sample_centered,GO_Biological_Process_2023,Regulation Of Protein Kinase Activity (GO:0045859),0.8353416990874319,0.8846678576991899,1,JTB
top300_sample_centered,GO_Biological_Process_2023,Regulation Of Protein-Containing Complex Assembly (GO:0043254),0.8353416990874319,0.8846678576991899,1,TRAF3IP1
top300_sample_centered,GO_Biological_Process_2023,Cellular Response To Tumor Necrosis Factor (GO:0071356),0.8353416990874319,0.8846678576991899,1,CIB1
top300_sample_centered,GO_Biological_Process_2023,Proteasomal Protein Catabolic Process (GO:0010498),0.8450440429722251,0.8926429299147104,2,DDB1;CUL1
top300_sample_centered,GO_Biological_Process_2023,Positive Regulation Of Epithelial Cell Proliferation (GO:0050679),0.8450582455042756,0.8926429299147104,1,ERBB2
top300_sample_centered,GO_Biological_Process_2023,Regulation Of Cell Motility (GO:2000145),0.8450582455042756,0.8926429299147104,1,CCDC125
top300_sample_centered,GO_Biological_Process_2023,Negative Regulation Of Growth (GO:0045926),0.8473967278191059,0.8926429299147104,1,OSGIN2
top300_sample_centered,GO_Biological_Process_2023,Neuron Projection Guidance (GO:0097485),0.8473967278191059,0.8926429299147104,1,KIF5B
top300_sample_centered,GO_Biological_Process_2023,Cellular Response To Lipopolysaccharide (GO:0071222),0.8473967278191059,0.8926429299147104,1,PEX2
top300_sample_centered,GO_Biological_Process_2023,Protein Dephosphorylation (GO:0006470),0.8473967278191059,0.8926429299147104,1,PPP4R3B
top300_sample_centered,GO_Biological_Process_2023,Negative Regulation Of Cell Growth (GO:0030308),0.8497000317270372,0.8943869998590231,1,OSGIN2
top300_sample_centered,GO_Biological_Process_2023,Positive Regulation Of Cell Population Proliferation (GO:0008284),0.8534306260606577,0.897629622688323,5,COX17;ERBB2;LRP5;CIB1;CIAO1
top300_sample_centered,GO_Biological_Process_2023,Regulation Of Anatomical Structure Morphogenesis (GO:0022603),0.8542032057529886,0.8977584681467864,1,ERBB2
top300_sample_centered,GO_Biological_Process_2023,Protein Polyubiquitination (GO:0000209),0.8556111423191309,0.8980890574126631,2,CUL1;ANAPC2
top300_sample_centered,GO_Biological_Process_2023,Supramolecular Fiber Organization (GO:0097435),0.8558183921470417,0.8980890574126631,3,TUBGCP2;SHROOM3;CIB1
top300_sample_centered,GO_Biological_Process_2023,Positive Regulation Of Peptidyl-Tyrosine Phosphorylation (GO:0050731),0.860707060587847,0.9024773994007238,1,DLG3
top300_sample_centered,GO_Biological_Process_2023,Cellular Response To Oxygen-Containing Compound (GO:1901701),0.8613071777046734,0.9024773994007238,4,PRKAA2;DMTN;PEX2;HSP90B1
top300_sample_centered,GO_Biological_Process_2023,Regulation Of I-kappaB kinase/NF-kappaB Signaling (GO:0043122),0.8655182215673926,0.9062021713302268,2,NLRX1;TMED4
top300_sample_centered,GO_Biological_Process_2023,Non-Membrane-Bounded Organelle Assembly (GO:0140694),0.8709104815103887,0.9111571022468536,1,TUBGCP2
top300_sample_centered,GO_Biological_Process_2023,Protein Phosphorylation (GO:0006468),0.873052025419213,0.9127061673761795,5,BECN1;PRKAA2;NEK4;ERBB2;TAF6
top300_sample_centered,GO_Biological_Process_2023,Protein Localization To Plasma Membrane (GO:0072659),0.8747800870444483,0.9131302344734565,1,TMED2
top300_sample_centered,GO_Biological_Process_2023,Negative Regulation Of Cellular Biosynthetic Process (GO:0031327),0.8747800870444483,0.9131302344734565,1,ERLIN2
top300_sample_centered,GO_Biological_Process_2023,Intracellular Calcium Ion Homeostasis (GO:0006874),0.8785340697511868,0.9163561558356411,1,RMDN3
top300_sample_centered,GO_Biological_Process_2023,Negative Regulation Of Wnt Signaling Pathway (GO:0030178),0.8803687827765059,0.9175768218976262,1,CBY1
top300_sample_centered,GO_Biological_Process_2023,Regulation Of ERK1 And ERK2 Cascade (GO:0070372),0.8834895478271935,0.9199268266962414,2,ERBB2;CIB1
top300_sample_centered,GO_Biological_Process_2023,Protein Localization To Cell Periphery (GO:1990778),0.8839557559926955,0.9199268266962414,1,TMED2
top300_sample_centered,GO_Biological_Process_2023,Positive Regulation Of Programmed Cell Death (GO:0043068),0.8848825810308534,0.9201979250027172,2,CRADD;OMA1
top300_sample_centered,GO_Biological_Process_2023,Positive Regulation Of DNA-binding Transcription Factor Activity (GO:0051091),0.88626022363056,0.9209370721097092,2,CIB1;TP53BP1
top300_sample_centered,GO_Biological_Process_2023,Negative Regulation Of Response To External Stimulus (GO:0032102),0.890811282369123,0.9249702112419239,1,TRAF3IP1
top300_sample_centered,GO_Biological_Process_2023,Axon Guidance (GO:0007411),0.8956866518000448,0.9293337837234124,1,KIF5B
top300_sample_centered,GO_Biological_Process_2023,Positive Regulation Of DNA-templated Transcription (GO:0045893),0.8966809079029966,0.929572615985145,14,SETD3;CTBP2;NEK4;LRP5;PTOV1;RFXANK;PEX2;MORF4L2;ERBB2;TASP1;TAF6;TP53BP1;HOXB7;GLYR1
top300_sample_centered,GO_Biological_Process_2023,Neuron Development (GO:0048666),0.8972630681449661,0.929572615985145,1,UGDH
top300_sample_centered,GO_Biological_Process_2023,Positive Regulation Of NF-kappaB Transcription Factor Activity (GO:0051092),0.9003450205255222,0.9320663218483854,1,CIB1
top300_sample_centered,GO_Biological_Process_2023,Regulation Of Cellular Component Organization (GO:0051128),0.9018512641749771,0.9329262890079726,1,NUBP1
top300_sample_centered,GO_Biological_Process_2023,Ribosome Biogenesis (GO:0042254),0.9047960162244522,0.9352719299445872,1,POP4
top300_sample_centered,GO_Biological_Process_2023,Peptide Biosynthetic Process (GO:0043043),0.9090488408609457,0.9389651826693838,1,MRPL42
top300_sample_centered,GO_Biological_Process_2023,Positive Regulation Of Macromolecule Metabolic Process (GO:0010604),0.9127494526986574,0.9416303897677538,3,EPB41L4B;FUBP1;PIK3CB
top300_sample_centered,GO_Biological_Process_2023,Regulation Of Macromolecule Metabolic Process (GO:0060255),0.9144261523468998,0.9416303897677538,1,FUBP1
top300_sample_centered,GO_Biological_Process_2023,Protein Autophosphorylation (GO:0046777),0.9144261523468998,0.9416303897677538,1,ERBB2
top300_sample_centered,GO_Biological_Process_2023,Positive Regulation Of Apoptotic Process (GO:0043065),0.9150729240543203,0.9416303897677538,2,CRADD;OMA1
top300_sample_centered,GO_Biological_Process_2023,Adenylate Cyclase-Modulating G Protein-Coupled Receptor Signaling Pathway (GO:0007188),0.9157202124968091,0.9416303897677538,1,GNA11
top300_sample_centered,GO_Biological_Process_2023,Negative Regulation Of Cell Migration (GO:0030336),0.9157202124968091,0.9416303897677538,1,ZMYND8
top300_sample_centered,GO_Biological_Process_2023,Positive Regulation Of Cell Migration (GO:0030335),0.9171370220946772,0.942385585946986,2,DMTN;CIB1
top300_sample_centered,GO_Biological_Process_2023,Chemical Synaptic Transmission (GO:0007268),0.9181513543760776,0.9427264092143964,2,DLG3;EXOC4
top300_sample_centered,GO_Biological_Process_2023,Membrane Organization (GO:0061024),0.9207043093918114,0.9446453575557885,1,EXOC4
top300_sample_centered,GO_Biological_Process_2023,Metal Ion Transport (GO:0030001),0.9253945751224788,0.948752715845689,1,NIPA1
top300_sample_centered,GO_Biological_Process_2023,Positive Regulation Of Cell Differentiation (GO:0045597),0.9276733721289485,0.9500562637773938,2,PBRM1;LRP5
top300_sample_centered,GO_Biological_Process_2023,Transmembrane Receptor Protein Tyrosine Kinase Signaling Pathway (GO:0007169),0.928565983382247,0.9500562637773938,2,ERBB2;PIK3CB
top300_sample_centered,GO_Biological_Process_2023,Regulation Of Neuron Projection Development (GO:0010975),0.9287298740763805,0.9500562637773938,1,CIB1
top300_sample_centered,GO_Biological_Process_2023,Positive Regulation Of I-kappaB kinase/NF-kappaB Signaling (GO:0043123),0.9298082776361548,0.9504553896488007,1,TMED4
top300_sample_centered,GO_Biological_Process_2023,Negative Regulation Of Cytokine Production (GO:0001818),0.9329468754946529,0.9529583099542276,1,TRAF3IP1
top300_sample_centered,GO_Biological_Process_2023,Positive Regulation Of ERK1 And ERK2 Cascade (GO:0070374),0.9339616732998496,0.9532897788818125,1,CIB1
top300_sample_centered,GO_Biological_Process_2023,Macromolecule Biosynthetic Process (GO:0009059),0.937870065723267,0.9565720537399053,1,MRPL42
top300_sample_centered,GO_Biological_Process_2023,Negative Regulation Of Macromolecule Metabolic Process (GO:0010605),0.9406492756040786,0.9586986343979575,1,PRKAA2
top300_sample_centered,GO_Biological_Process_2023,Axonogenesis (GO:0007409),0.9424328874562068,0.9593875425902526,1,KIF5B
top300_sample_centered,GO_Biological_Process_2023,Negative Regulation Of Transcription By RNA Polymerase II (GO:0000122),0.9427146236748536,0.9593875425902526,7,CTBP2;ZMYND8;MAGEF1;RITA1;PEX2;ZNF3;NR2F6
top300_sample_centered,GO_Biological_Process_2023,Modification-Dependent Protein Catabolic Process (GO:0019941),0.9458414161831187,0.9618608216118459,1,DDB1
top300_sample_centered,GO_Biological_Process_2023,Regulation Of Signal Transduction (GO:0009966),0.9466616370892492,0.9619865495366101,1,DYNLT1
top300_sample_centered,GO_Biological_Process_2023,Positive Regulation Of MAPK Cascade (GO:0043410),0.9484324838294981,0.9630773971827477,2,ERBB2;CIB1
top300_sample_centered,GO_Biological_Process_2023,Regulation Of MAPK Cascade (GO:0043408),0.9549064995347545,0.9688029108139088,1,ERBB2
top300_sample_centered,GO_Biological_Process_2023,Regulation Of Angiogenesis (GO:0045765),0.9555898392458235,0.9688029108139088,1,ERBB2
top300_sample_centered,GO_Biological_Process_2023,Regulation Of Canonical Wnt Signaling Pathway (GO:0060828),0.9569257087425048,0.9688029108139088,1,TMEM9
top300_sample_centered,GO_Biological_Process_2023,Positive Regulation Of Intracellular Signal Transduction (GO:1902533),0.9569745675430011,0.9688029108139088,4,BECN1;ERBB2;PIK3CB;TMED4
top300_sample_centered,GO_Biological_Process_2023,Protein Stabilization (GO:0050821),0.957578546894269,0.9688029108139088,1,PFDN6
top300_sample_centered,GO_Biological_Process_2023,Negative Regulation Of Gene Expression (GO:0010629),0.9629713912415581,0.9735457476607553,2,PRKAA2;NUDT12
top300_sample_centered,GO_Biological_Process_2023,Positive Regulation Of Cell Motility (GO:2000147),0.9652198386824713,0.9751050455160883,1,CIB1
top300_sample_centered,GO_Biological_Process_2023,Regulation Of Nucleic Acid-Templated Transcription (GO:1903506),0.9673578710153703,0.976550599321803,3,ZNHIT1;HOXB7;ZNF664
top300_sample_centered,GO_Biological_Process_2023,Cellular Response To Lipid (GO:0071396),0.9687489939004106,0.977240584789238,1,PEX2
top300_sample_centered,GO_Biological_Process_2023,Inflammatory Response (GO:0006954),0.9723472456608061,0.9801544133266957,1,TUSC2
top300_sample_centered,GO_Biological_Process_2023,Ubiquitin-Dependent Protein Catabolic Process (GO:0006511),0.9752041260637503,0.982317212322421,2,DDB1;CUL1
top300_sample_centered,GO_Biological_Process_2023,Positive Regulation Of Multicellular Organismal Process (GO:0051240),0.9809170656062122,0.9873516527712675,2,CPT2;OMA1
top300_sample_centered,GO_Biological_Process_2023,Monoatomic Cation Transmembrane Transport (GO:0098655),0.9861159264772209,0.9917669982242706,1,SLC39A3
top300_sample_centered,GO_Biological_Process_2023,Inorganic Cation Transmembrane Transport (GO:0098662),0.9867399388560085,0.9917669982242706,1,SLC39A3
top300_sample_centered,GO_Biological_Process_2023,Negative Regulation Of DNA-templated Transcription (GO:0045892),0.9877759004497577,0.992086195288084,8,CTBP2;ZMYND8;MAGEF1;RITA1;CBY1;PEX2;ZNF3;NR2F6
top300_sample_centered,GO_Biological_Process_2023,Regulation Of Cell Migration (GO:0030334),0.9897755912274226,0.9933721595094991,2,ZMYND8;CIB1
top300_sample_centered,GO_Biological_Process_2023,Cellular Response To Cytokine Stimulus (GO:0071345),0.9908236079576589,0.9937018174215883,1,CIB1
top300_sample_centered,GO_Biological_Process_2023,Negative Regulation Of Nucleic Acid-Templated Transcription (GO:1903507),0.9923937284809857,0.9945542373238326,2,CTBP2;CBY1
top300_sample_centered,GO_Biological_Process_2023,Regulation Of Gene Expression (GO:0010468),0.9954148782810129,0.9967365058544563,8,EPB41L4B;PRKAA2;ZNHIT1;FUBP1;PIK3CB;GRSF1;HOXB7;ZNF664
top300_sample_centered,GO_Biological_Process_2023,Regulation Of Transcription By RNA Polymerase II (GO:0006357),0.9960147560312452,0.9967365058544563,18,PBRM1;SETD3;CTBP2;ZMYND8;MAGEF1;LRP5;PTOV1;RITA1;RFXANK;PEX2;ZNF3;MED29;NR2F6;CIAO1;TAF6;TP53BP1;HOXB7;GLYR1
top300_sample_centered,GO_Biological_Process_2023,Regulation Of DNA-templated Transcription (GO:0006355),0.9976619235938624,0.9976619235938624,16,PBRM1;SETD3;CTBP2;NEK4;LRP5;CBY1;RFXANK;MED29;CIAO1;ZNHIT1;MORF4L2;TASP1;TAF6;TP53BP1;HOXB7;ZNF664
top300_sample_centered,GO_Cellular_Component_2023,Mitochondrial Inner Membrane (GO:0005743),8.891179036553401e-07,0.0001662650479835486,20,ENDOG;NDUFA5;NDUFA3;OMA1;MRPL57;MRPL21;COQ6;COQ5;COQ4;APOO;MRPL42;TMEM223;MRPL40;SCO1;CPT2;MTG2;NDUFAF3;NDUFV3;SLC25A4;SLC25A13
top300_sample_centered,GO_Cellular_Component_2023,Organelle Inner Membrane (GO:0019866),2.72242415421944e-06,0.00025454665841951766,20,ENDOG;NDUFA5;NDUFA3;OMA1;MRPL57;MRPL21;COQ6;COQ5;COQ4;APOO;MRPL42;TMEM223;MRPL40;SCO1;CPT2;MTG2;NDUFAF3;NDUFV3;SLC25A4;SLC25A13
top300_sample_centered,GO_Cellular_Component_2023,Mitochondrial Membrane (GO:0031966),7.718139798299355e-06,0.00048109738076065986,23,ENDOG;NLRX1;MTARC2;NDUFA5;NDUFA3;RMDN3;OMA1;MRPL57;MRPL21;COQ6;COQ5;COQ4;APOO;MRPL42;TMEM223;MRPL40;SCO1;CPT2;MTG2;NDUFAF3;NDUFV3;SLC25A4;SLC25A13
top300_sample_centered,GO_Cellular_Component_2023,Mitochondrial Matrix (GO:0005759),0.00032683358002563603,0.015279469866198485,15,ISCA2;GFM1;MCAT;MRPL57;COQ5;MRPL40;MTG2;ACP6;FDX1;SUCLG2;PDSS2;IARS2;NDUFS1;DLAT;ACO2
top300_sample_centered,GO_Cellular_Component_2023,Endoplasmic Reticulum Membrane (GO:0005789),0.0004678150305094621,0.017496282141053882,25,DPAGT1;RTN3;AHCYL1;PIGT;UNC93B1;SLC35B1;UBA5;PIGP;SPPL2A;MIA2;DNAJC25;HSD17B12;HSP90B1;APOO;SPTLC2;LMAN2;MLEC;TMED2;SLC37A4;ERLIN2;DPM3;SPCS1;CLCN4;PIGK;CLPTM1L
top300_sample_centered,GO_Cellular_Component_2023,Microbody Membrane (GO:0031903),0.001169663606094986,0.031246727762823202,5,PEX7;ABCD3;DHRS7B;CAT;PEX2
top300_sample_centered,GO_Cellular_Component_2023,Peroxisomal Membrane (GO:0005778),0.001169663606094986,0.031246727762823202,5,PEX7;ABCD3;DHRS7B;CAT;PEX2
top300_sample_centered,GO_Cellular_Component_2023,Golgi Membrane (GO:0000139),0.0021037593284907413,0.049175374303471076,15,SLC35A2;VAC14;COG8;COG6;UNC93B1;PGAP4;COG1;B3GALT6;IFT20;APOO;SCFD1;LMAN2;TMED2;IFT27;ARFIP1
top300_sample_centered,GO_Cellular_Component_2023,"Phosphatidylinositol 3-Kinase Complex, Class III (GO:0035032)",0.003232408140997349,0.05232387969163969,2,BECN1;VAC14
top300_sample_centered,GO_Cellular_Component_2023,Mitochondrial Respiratory Chain Complex I (GO:0005747),0.003246850553129576,0.05232387969163969,4,NDUFA5;NDUFA3;NDUFS1;NDUFV3
top300_sample_centered,GO_Cellular_Component_2023,Respiratory Chain Complex I (GO:0045271),0.003246850553129576,0.05232387969163969,4,NDUFA5;NDUFA3;NDUFS1;NDUFV3
top300_sample_centered,GO_Cellular_Component_2023,Peroxisome (GO:0005777),0.0033578953476191943,0.05232387969163969,7,PEX7;ABCD3;DHRS7B;CAT;HACL1;PEX2;NUDT12
top300_sample_centered,GO_Cellular_Component_2023,Cytoplasmic Dynein Complex (GO:0005868),0.0036374889625204057,0.05232387969163969,3,DYNC2LI1;SNX4;DYNLT1
top300_sample_centered,GO_Cellular_Component_2023,Mitochondrial Ribosome (GO:0005761),0.004165530926581035,0.055639591662189535,3,MRPL40;MTG2;MRPL57
top300_sample_centered,GO_Cellular_Component_2023,Cilium (GO:0005929),0.0056220307620600115,0.0680591020120623,10,DYNC2LI1;IFT20;IFT74;IFT22;KIF3B;TRAF3IP1;IFT27;DNAAF5;BBIP1;RPGRIP1L
top300_sample_centered,GO_Cellular_Component_2023,Microbody Lumen (GO:0031907),0.006187191092005664,0.0680591020120623,4,PEX7;CAT;HACL1;NUDT12
top300_sample_centered,GO_Cellular_Component_2023,Peroxisomal Matrix (GO:0005782),0.006187191092005664,0.0680591020120623,4,PEX7;CAT;HACL1;NUDT12
top300_sample_centered,GO_Cellular_Component_2023,trans-Golgi Network (GO:0005802),0.010832189778109525,0.11253441602813785,9,SCAMP4;SCOC;COG8;PREPL;COG6;EIPR1;CBY1;COG1;ARFIP1
top300_sample_centered,GO_Cellular_Component_2023,trans-Golgi Network Membrane (GO:0032588),0.017407981172349315,0.17133118311733275,5,SCAMP4;COG8;COG6;COG1;ARFIP1
top300_sample_centered,GO_Cellular_Component_2023,Spindle Microtubule (GO:0005876),0.019080483989019452,0.17840252529733186,4,KIF3B;CCDC57;RMDN3;CALM2
top300_sample_centered,GO_Cellular_Component_2023,Microtubule (GO:0005874),0.021875775472336538,0.19367050121241436,7,KIF3B;CCDC57;KIF5B;RMDN3;KIF21A;TUBB4B;CALM2
top300_sample_centered,GO_Cellular_Component_2023,Bounding Membrane Of Organelle (GO:0098588),0.022784764848519337,0.19367050121241436,20,SLC35A2;VAC14;COG8;DMTN;COG6;UNC93B1;PGAP4;SPPL2A;COG1;B3GALT6;BBIP1;IFT20;APOO;SCFD1;CLCN4;LMAN2;ERBB2;TMED2;IFT27;ARFIP1
top300_sample_centered,GO_Cellular_Component_2023,Motile Cilium (GO:0031514),0.024074514780603892,0.19573627234664903,4,DYNC2LI1;IFT74;IFT27;DNAAF5
top300_sample_centered,GO_Cellular_Component_2023,COPII-coated ER To Golgi Transport Vesicle (GO:0030134),0.02741626853812764,0.2136184256929112,4,LMAN2;TMED2;ERGIC3;TMED4
top300_sample_centered,GO_Cellular_Component_2023,Coated Vesicle (GO:0030135),0.031021606952403944,0.2320416200039815,4,LMAN2;TMED2;ERGIC3;TMED4
top300_sample_centered,GO_Cellular_Component_2023,Golgi-associated Vesicle (GO:0005798),0.03336313092441845,0.23995790318716348,3,SCFD1;SPPL2A;TMED2
top300_sample_centered,GO_Cellular_Component_2023,Spindle (GO:0005819),0.03953693451154713,0.2738298797651597,7,KIF3B;CCDC57;JTB;RMDN3;TMEM9;TUBB4B;CALM2
top300_sample_centered,GO_Cellular_Component_2023,Intracellular Organelle Lumen (GO:0070013),0.05809158173653643,0.38796877802615404,19,ISCA2;GFM1;DYNLT1;MCAT;SUMF2;HSP90B1;COQ5;ACTR1B;MTG2;ACP6;FDX1;DNAJC10;CAT;SUCLG2;PDSS2;IARS2;NDUFS1;DLAT;ACO2
top300_sample_centered,GO_Cellular_Component_2023,U12-type Spliceosomal Complex (GO:0005689),0.06565400603509194,0.42335514236421357,2,SF3B2;SNRNP35
top300_sample_centered,GO_Cellular_Component_2023,Cdc73/Paf1 Complex (GO:0016593),0.07279028186522928,0.43908976479993145,1,PEX2
top300_sample_centered,GO_Cellular_Component_2023,Protein Phosphatase 4 Complex (GO:0030289),0.07279028186522928,0.43908976479993145,1,PPP4R3B
top300_sample_centered,GO_Cellular_Component_2023,COPI-coated Vesicle (GO:0030137),0.0867018798458083,0.4768603391519456,1,TMED2
top300_sample_centered,GO_Cellular_Component_2023,Zymogen Granule (GO:0042588),0.0867018798458083,0.4768603391519456,1,TMED2
top300_sample_centered,GO_Cellular_Component_2023,Zymogen Granule Membrane (GO:0042589),0.0867018798458083,0.4768603391519456,1,TMED2
top300_sample_centered,GO_Cellular_Component_2023,Hrd1p Ubiquitin Ligase Complex (GO:0000836),0.10040543927022255,0.49410045114556894,1,FAM8A1
top300_sample_centered,GO_Cellular_Component_2023,Ribonuclease MRP Complex (GO:0000172),0.10040543927022255,0.49410045114556894,1,POP4
top300_sample_centered,GO_Cellular_Component_2023,Serine C-palmitoyltransferase Complex (GO:0017059),0.10040543927022255,0.49410045114556894,1,SPTLC2
top300_sample_centered,GO_Cellular_Component_2023,Spectrin-Associated Cytoskeleton (GO:0014731),0.10040543927022255,0.49410045114556894,1,DMTN
top300_sample_centered,GO_Cellular_Component_2023,Polymeric Cytoskeletal Fiber (GO:0099513),0.10510996483004624,0.503988805723555,7,DMTN;KIF3B;KIF5B;KRT8;COBL;KIF21A;TUBB4B
top300_sample_centered,GO_Cellular_Component_2023,"Phosphatidylinositol 3-Kinase Complex, Class I (GO:0097651)",0.1139040603715798,0.5071442687972719,1,PIK3CB
top300_sample_centered,GO_Cellular_Component_2023,"Phosphatidylinositol 3-Kinase Complex, Class IA (GO:0005943)",0.1139040603715798,0.5071442687972719,1,PIK3CB
top300_sample_centered,GO_Cellular_Component_2023,Platelet Dense Tubular Network Membrane (GO:0031095),0.1139040603715798,0.5071442687972719,1,DMTN
top300_sample_centered,GO_Cellular_Component_2023,Cytoskeleton (GO:0005856),0.11815012029570822,0.5138156394255218,13,DMTN;KRT8;SHROOM3;SORBS2;TUBB4B;ADD3;MSRA;EPB41L4B;PREPL;ACTR1B;KIF3B;TMEM9;ENKD1
top300_sample_centered,GO_Cellular_Component_2023,Multimeric Ribonuclease P Complex (GO:0030681),0.12720079756895925,0.5278171897043578,1,POP4
top300_sample_centered,GO_Cellular_Component_2023,Neuron To Neuron Synapse (GO:0098984),0.1402986599880225,0.5278171897043578,1,SLC39A3
top300_sample_centered,GO_Cellular_Component_2023,Nuclear Inclusion Body (GO:0042405),0.1402986599880225,0.5278171897043578,1,NBN
top300_sample_centered,GO_Cellular_Component_2023,Platelet Dense Tubular Network (GO:0031094),0.1402986599880225,0.5278171897043578,1,DMTN
top300_sample_centered,GO_Cellular_Component_2023,Primary Lysosome (GO:0005766),0.1402986599880225,0.5278171897043578,1,STX7
top300_sample_centered,GO_Cellular_Component_2023,Cortical Actin Cytoskeleton (GO:0030864),0.14100274617201516,0.5278171897043578,2,COBL;SHROOM3
top300_sample_centered,GO_Cellular_Component_2023,Vesicle (GO:0031982),0.143032539391275,0.5278171897043578,6,KIF5B;STX7;CIB1;TUBB4B;CALM2;CYB561D2
top300_sample_centered,GO_Cellular_Component_2023,Microtubule Cytoskeleton (GO:0015630),0.14395014264664302,0.5278171897043578,8,ACTR1B;KIF3B;KIF5B;JTB;KIF21A;TMEM9;TUBB4B;ENKD1
top300_sample_centered,GO_Cellular_Component_2023,TRAPPIII Protein Complex (GO:1990072),0.15320061211632643,0.5405380087877932,1,TRAPPC12
top300_sample_centered,GO_Cellular_Component_2023,Early Phagosome (GO:0032009),0.15320061211632643,0.5405380087877932,1,UNC93B1
top300_sample_centered,GO_Cellular_Component_2023,Cul4A-RING E3 Ubiquitin Ligase Complex (GO:0031464),0.16590957450841412,0.5540194720191686,1,DDB1
top300_sample_centered,GO_Cellular_Component_2023,Swr1 Complex (GO:0000812),0.16590957450841412,0.5540194720191686,1,ZNHIT1
top300_sample_centered,GO_Cellular_Component_2023,Clathrin Coat Of Coated Pit (GO:0030132),0.16590957450841412,0.5540194720191686,1,EPS15L1
top300_sample_centered,GO_Cellular_Component_2023,Mitochondrial Envelope (GO:0005740),0.17688040455963303,0.5612885661594776,4,COX17;NDUFS1;OMA1;SLC25A4
top300_sample_centered,GO_Cellular_Component_2023,mRNA Cleavage And Polyadenylation Specificity Factor Complex (GO:0005847),0.17842842428567599,0.5612885661594776,1,CPSF2
top300_sample_centered,GO_Cellular_Component_2023,Cytoplasmic Side Of Endoplasmic Reticulum Membrane (GO:0098554),0.17842842428567599,0.5612885661594776,1,SPPL2A
top300_sample_centered,GO_Cellular_Component_2023,Intracellular Membrane-Bounded Organelle (GO:0043231),0.18009258807255968,0.5612885661594776,85,DPAGT1;N6AMT1;ABCD3;PYROXD1;SLC35B1;JPT2;ZMYND8;MAGEF1;C11ORF71;SPPL2A;CBY1;CIB1;PIK3CB;LARP1B;NUDT4;CABIN1;NFU1;BABAM2;MRPL40;TRAPPC12;TMED2;DLAT;NBN;BUD23;SNRNP35;NUDT12;PBRM1;ENDOG;STRBP;KRT8;WRNIP1;PEX2;MED29;GON7;DDB1;UGDH;PRPF18;MSH3;CAT;TMEM9;GEMIN8;HOXB7;VAC14;SF3B2;C11ORF54;PRKAA2;L3MBTL2;CTBP2;GPS1;UBA5;CUL1;DPCD;UACA;HSP90B1;DHX30;CFAP298;SCFD1;ZNHIT1;TKFC;SNX27;PTPMT1;ERBB2;CTNNA1;HACL1;TP53BP1;SCAND1;ZNF664;CRADD;CPSF1;RITA1;SORBS2;RFXANK;TUBB4B;AZIN1;NR2F6;COPRS;IFT20;MSRA;SCCPDH;CLCN4;FUBP1;NDUFAF3;POLR3H;TAF6;CALM2
top300_sample_centered,GO_Cellular_Component_2023,RSC-type Complex (GO:0016586),0.19075999588431108,0.5695304582461507,1,PBRM1
top300_sample_centered,GO_Cellular_Component_2023,Endopeptidase Complex (GO:1905369),0.19075999588431108,0.5695304582461507,1,CRADD
top300_sample_centered,GO_Cellular_Component_2023,Mitochondrial Outer Membrane (GO:0005741),0.19187389769790103,0.5695304582461507,4,BECN1;NLRX1;MTARC2;RMDN3
top300_sample_centered,GO_Cellular_Component_2023,Axonal Growth Cone (GO:0044295),0.20290708162909607,0.583748065609861,1,COBL
top300_sample_centered,GO_Cellular_Component_2023,Secretory Vesicle (GO:0099503),0.20290708162909607,0.583748065609861,1,DYNLT1
top300_sample_centered,GO_Cellular_Component_2023,Spliceosomal snRNP Complex (GO:0097525),0.21060712827984118,0.5900050458448357,2,SF3B2;PRPF18
top300_sample_centered,GO_Cellular_Component_2023,Clathrin Coat (GO:0030118),0.21487243237698472,0.5900050458448357,1,EPS15L1
top300_sample_centered,GO_Cellular_Component_2023,Recycling Endosome (GO:0055037),0.2166428304750846,0.5900050458448357,4,SCAMP4;CLCN4;STX7;RAB11B
top300_sample_centered,GO_Cellular_Component_2023,RNA Polymerase III Complex (GO:0005666),0.22665875807778754,0.5900050458448357,1,POLR3H
top300_sample_centered,GO_Cellular_Component_2023,Transcription Factor TFTC Complex (GO:0033276),0.22665875807778754,0.5900050458448357,1,TAF6
top300_sample_centered,GO_Cellular_Component_2023,Endoribonuclease Complex (GO:1902555),0.22665875807778754,0.5900050458448357,1,POP4
top300_sample_centered,GO_Cellular_Component_2023,cis-Golgi Network (GO:0005801),0.2271677181862469,0.5900050458448357,2,IFT20;SCFD1
top300_sample_centered,GO_Cellular_Component_2023,Mitochondrial Intermembrane Space (GO:0005758),0.23825924233580636,0.6021115164927326,2,COX17;NDUFS1
top300_sample_centered,GO_Cellular_Component_2023,"Preribosome, Large Subunit Precursor (GO:0030687)",0.23826872845166958,0.6021115164927326,1,FTSJ3
top300_sample_centered,GO_Cellular_Component_2023,Cytoplasmic Vesicle Lumen (GO:0060205),0.24860659588590645,0.6041256763954143,3,ACTR1B;DYNLT1;CAT
top300_sample_centered,GO_Cellular_Component_2023,Multivesicular Body Membrane (GO:0032585),0.24970497353955387,0.6041256763954143,1,TMEM9
top300_sample_centered,GO_Cellular_Component_2023,U5 snRNP (GO:0005682),0.24970497353955387,0.6041256763954143,1,PRPF18
top300_sample_centered,GO_Cellular_Component_2023,Organelle Outer Membrane (GO:0031968),0.2519882500472851,0.6041256763954143,4,NLRX1;MTARC2;CLMN;RMDN3
top300_sample_centered,GO_Cellular_Component_2023,Anaphase-Promoting Complex (GO:0005680),0.260970084253525,0.61773931335961,1,ANAPC2
top300_sample_centered,GO_Cellular_Component_2023,Organelle Envelope Lumen (GO:0031970),0.27164930066186527,0.6236529094189537,2,COX17;NDUFS1
top300_sample_centered,GO_Cellular_Component_2023,Endocytic Vesicle Lumen (GO:0071682),0.2720666130435107,0.6236529094189537,1,HSP90B1
top300_sample_centered,GO_Cellular_Component_2023,Intermediate Filament (GO:0005882),0.2772169506771702,0.6236529094189537,2,VMAC;KRT8
top300_sample_centered,GO_Cellular_Component_2023,Ficolin-1-Rich Granule Lumen (GO:1904813),0.28099116233175225,0.6236529094189537,3,ACTR1B;DYNLT1;CAT
top300_sample_centered,GO_Cellular_Component_2023,Recycling Endosome Membrane (GO:0055038),0.28278200858122254,0.6236529094189537,2,SCAMP4;RAB11B
top300_sample_centered,GO_Cellular_Component_2023,Nuclear Lumen (GO:0031981),0.28347859519043345,0.6236529094189537,14,PBRM1;CRADD;POP4;ZMYND8;MARS1;PIK3CB;FTSJ3;GON7;MRPL40;CPT2;MORF4L2;NBN;BUD23;SNRNP35
top300_sample_centered,GO_Cellular_Component_2023,Actin Filament (GO:0005884),0.28834330297439953,0.6242483840430771,2,DMTN;COBL
top300_sample_centered,GO_Cellular_Component_2023,Golgi-associated Vesicle Membrane (GO:0030660),0.2937639454320363,0.6242483840430771,1,SPPL2A
top300_sample_centered,GO_Cellular_Component_2023,Core Mediator Complex (GO:0070847),0.2937639454320363,0.6242483840430771,1,MED29
top300_sample_centered,GO_Cellular_Component_2023,Early Endosome (GO:0005769),0.31402474867060975,0.6424156629745841,6,SNX4;VAC14;CLCN4;SNX27;STX7;PLPP2
top300_sample_centered,GO_Cellular_Component_2023,INO80-type Complex (GO:0097346),0.31481664142245375,0.6424156629745841,1,ZNHIT1
top300_sample_centered,GO_Cellular_Component_2023,U2 snRNP (GO:0005686),0.31481664142245375,0.6424156629745841,1,SF3B2
top300_sample_centered,GO_Cellular_Component_2023,Cytoplasmic Stress Granule (GO:0010494),0.3160547646719879,0.6424156629745841,2,PRKAA2;LARP1B
top300_sample_centered,GO_Cellular_Component_2023,Lumenal Side Of Endoplasmic Reticulum Membrane (GO:0098553),0.3352437911543192,0.657395577117235,1,SPPL2A
top300_sample_centered,GO_Cellular_Component_2023,Intracellular Non-Membrane-Bounded Organelle (GO:0043232),0.33866734156761286,0.657395577117235,20,CRADD;POP4;ZMYND8;MARS1;SHROOM3;PIK3CB;TUBB4B;ADD3;FTSJ3;GON7;EPB41L4B;PREPL;MRPL40;SCCPDH;CPT2;MORF4L2;JTB;NBN;BUD23;SNRNP35
top300_sample_centered,GO_Cellular_Component_2023,Endocytic Vesicle (GO:0030139),0.3391357458301433,0.657395577117235,4,STX7;GAPVD1;RAB11B;HSP90B1
top300_sample_centered,GO_Cellular_Component_2023,Catenin Complex (GO:0016342),0.3452285972911275,0.657395577117235,1,CTNNA1
top300_sample_centered,GO_Cellular_Component_2023,H4/H2A Histone Acetyltransferase Complex (GO:0043189),0.3550639213306991,0.657395577117235,1,MORF4L2
top300_sample_centered,GO_Cellular_Component_2023,NuA4 Histone Acetyltransferase Complex (GO:0035267),0.3550639213306991,0.657395577117235,1,MORF4L2
top300_sample_centered,GO_Cellular_Component_2023,Myofibril (GO:0030016),0.3550639213306991,0.657395577117235,1,SCO1
top300_sample_centered,GO_Cellular_Component_2023,SWI/SNF Complex (GO:0016514),0.3550639213306991,0.657395577117235,1,PBRM1
top300_sample_centered,GO_Cellular_Component_2023,Protein Serine/Threonine Phosphatase Complex (GO:0008287),0.3550639213306991,0.657395577117235,1,PPP4R3B
top300_sample_centered,GO_Cellular_Component_2023,MLL1 Complex (GO:0071339),0.36475199366430366,0.6603128979778838,1,TAF6
top300_sample_centered,GO_Cellular_Component_2023,Late Endosome Membrane (GO:0031902),0.36523002738169813,0.6603128979778838,2,VAC14;TMEM9
top300_sample_centered,GO_Cellular_Component_2023,Late Endosome (GO:0005770),0.3697562005346036,0.6603128979778838,4,VAC14;SPPL2A;STX7;TMEM9
top300_sample_centered,GO_Cellular_Component_2023,Nucleolus (GO:0005730),0.37300398910142846,0.6603128979778838,13,CRADD;POP4;ZMYND8;MARS1;PIK3CB;FTSJ3;GON7;MRPL40;CPT2;MORF4L2;NBN;BUD23;SNRNP35
top300_sample_centered,GO_Cellular_Component_2023,MLL1/2 Complex (GO:0044665),0.37429501168799834,0.6603128979778838,1,TAF6
top300_sample_centered,GO_Cellular_Component_2023,Adherens Junction (GO:0005912),0.39139831651782225,0.6775638163442048,3,DLG3;CTNNA1;SHROOM3
top300_sample_centered,GO_Cellular_Component_2023,U2-type Spliceosomal Complex (GO:0005684),0.39197471501949954,0.6775638163442048,2,SF3B2;PRPF18
top300_sample_centered,GO_Cellular_Component_2023,Postsynaptic Density (GO:0014069),0.3954427293719711,0.6775638163442048,3,RTN3;DLG3;ADD3
top300_sample_centered,GO_Cellular_Component_2023,Postsynaptic Density Membrane (GO:0098839),0.40207522606830093,0.6775638163442048,1,DLG3
top300_sample_centered,GO_Cellular_Component_2023,Cul4-RING E3 Ubiquitin Ligase Complex (GO:0080008),0.411059353902692,0.6775638163442048,1,DDB1
top300_sample_centered,GO_Cellular_Component_2023,U4/U6 X U5 tri-snRNP Complex (GO:0046540),0.411059353902692,0.6775638163442048,1,PRPF18
top300_sample_centered,GO_Cellular_Component_2023,Aggresome (GO:0016235),0.411059353902692,0.6775638163442048,1,CABIN1
top300_sample_centered,GO_Cellular_Component_2023,Nuclear Chromosome (GO:0000228),0.41820285070969054,0.6775638163442048,2,PBRM1;ZNHIT1
top300_sample_centered,GO_Cellular_Component_2023,Spliceosomal tri-snRNP Complex (GO:0097526),0.41990893351417485,0.6775638163442048,1,PRPF18
top300_sample_centered,GO_Cellular_Component_2023,Lytic Vacuole (GO:0000323),0.4305614210927441,0.6775638163442048,4,UNC93B1;STX7;OCIAD1;TMEM9
top300_sample_centered,GO_Cellular_Component_2023,Lytic Vacuole Membrane (GO:0098852),0.43137693920049147,0.6775638163442048,5,CLCN4;GNA11;SPPL2A;STX7;TMEM9
top300_sample_centered,GO_Cellular_Component_2023,SAGA-type Complex (GO:0070461),0.43721245161274186,0.6775638163442048,1,TAF6
top300_sample_centered,GO_Cellular_Component_2023,Postsynaptic Specialization Membrane (GO:0099634),0.43721245161274186,0.6775638163442048,1,DLG3
top300_sample_centered,GO_Cellular_Component_2023,Ciliary Membrane (GO:0060170),0.43721245161274186,0.6775638163442048,1,BBIP1
top300_sample_centered,GO_Cellular_Component_2023,Phagocytic Vesicle (GO:0045335),0.4438478985925071,0.6775638163442048,2,UNC93B1;RAB11B
top300_sample_centered,GO_Cellular_Component_2023,Keratin Filament (GO:0045095),0.44567031770233795,0.6775638163442048,1,KRT8
top300_sample_centered,GO_Cellular_Component_2023,Neuromuscular Junction (GO:0031594),0.44567031770233795,0.6775638163442048,1,DLG3
top300_sample_centered,GO_Cellular_Component_2023,Endosome Membrane (GO:0010008),0.45762991541391834,0.6877395128137728,6,SCAMP4;SNX4;VAC14;CLCN4;ERBB2;RAB11B
top300_sample_centered,GO_Cellular_Component_2023,Cell-Cell Junction (GO:0005911),0.46641918908559254,0.6877395128137728,5,DLG3;MARVELD2;CTNNA1;SHROOM3;RPGRIP1L
top300_sample_centered,GO_Cellular_Component_2023,Cell Projection Membrane (GO:0031253),0.4688556778028872,0.6877395128137728,2,DMTN;BBIP1
top300_sample_centered,GO_Cellular_Component_2023,Transcription Factor TFIID Complex (GO:0005669),0.4702913004579676,0.6877395128137728,1,TAF6
top300_sample_centered,GO_Cellular_Component_2023,Apical Junction Complex (GO:0043296),0.47377677719076616,0.6877395128137728,2,MARVELD2;SHROOM3
top300_sample_centered,GO_Cellular_Component_2023,Basolateral Plasma Membrane (GO:0016323),0.4744299312993406,0.6877395128137728,3,MARVELD2;ABCC6;ERBB2
top300_sample_centered,GO_Cellular_Component_2023,cullin-RING Ubiquitin Ligase Complex (GO:0031461),0.48588756440787456,0.6989305734174811,3,DDB1;CUL1;ANAPC2
top300_sample_centered,GO_Cellular_Component_2023,Secretory Granule Lumen (GO:0034774),0.5148624245055442,0.7246094109032005,5,ACTR1B;SCCPDH;DYNLT1;CAT;TUBB4B
top300_sample_centered,GO_Cellular_Component_2023,Early Endosome Membrane (GO:0031901),0.5214305713745552,0.7246094109032005,2,SNX4;VAC14
top300_sample_centered,GO_Cellular_Component_2023,Ficolin-1-Rich Granule (GO:0101002),0.5231777209503493,0.7246094109032005,3,ACTR1B;DYNLT1;CAT
top300_sample_centered,GO_Cellular_Component_2023,U2-type Precatalytic Spliceosome (GO:0071005),0.5235839047838299,0.7246094109032005,1,SF3B2
top300_sample_centered,GO_Cellular_Component_2023,Multivesicular Body (GO:0005771),0.5307476794848257,0.7246094109032005,1,TMEM9
top300_sample_centered,GO_Cellular_Component_2023,Golgi Cisterna (GO:0031985),0.5378040872105058,0.7246094109032005,1,B3GALT6
top300_sample_centered,GO_Cellular_Component_2023,Precatalytic Spliceosome (GO:0071011),0.5447547318030103,0.7246094109032005,1,SF3B2
top300_sample_centered,GO_Cellular_Component_2023,Sarcolemma (GO:0042383),0.5447547318030103,0.7246094109032005,1,CIB1
top300_sample_centered,GO_Cellular_Component_2023,Endoplasmic reticulum-Golgi Intermediate Compartment Membrane (GO:0033116),0.5447547318030103,0.7246094109032005,1,TMED2
top300_sample_centered,GO_Cellular_Component_2023,Actin Cytoskeleton (GO:0015629),0.545225558752575,0.7246094109032005,5,MSRA;DMTN;SHROOM3;COBL;SORBS2
top300_sample_centered,GO_Cellular_Component_2023,Cation Channel Complex (GO:0034703),0.551601193393437,0.7246094109032005,1,CALM2
top300_sample_centered,GO_Cellular_Component_2023,ER To Golgi Transport Vesicle Membrane (GO:0012507),0.5649877697794934,0.7246094109032005,1,TMED2
top300_sample_centered,GO_Cellular_Component_2023,Coated Vesicle Membrane (GO:0030662),0.5649877697794934,0.7246094109032005,1,TMED2
top300_sample_centered,GO_Cellular_Component_2023,Extracellular Membrane-Bounded Organelle (GO:0065010),0.577975991963602,0.7246094109032005,1,TUBB4B
top300_sample_centered,GO_Cellular_Component_2023,Dendrite (GO:0030425),0.5791345896584704,0.7246094109032005,4,PRKAA2;KIF3B;COBL;SORBS2
top300_sample_centered,GO_Cellular_Component_2023,Calcium Channel Complex (GO:0034704),0.5905776755763663,0.7246094109032005,1,CALM2
top300_sample_centered,GO_Cellular_Component_2023,Vacuolar Membrane (GO:0005774),0.5905776755763663,0.7246094109032005,1,VAC14
top300_sample_centered,GO_Cellular_Component_2023,Nucleus (GO:0005634),0.5948092068410284,0.7246094109032005,66,N6AMT1;PYROXD1;JPT2;ZMYND8;MAGEF1;C11ORF71;CBY1;CIB1;PIK3CB;LARP1B;NUDT4;CABIN1;NFU1;BABAM2;MRPL40;TRAPPC12;NBN;BUD23;SNRNP35;NUDT12;PBRM1;ENDOG;STRBP;KRT8;WRNIP1;MED29;GON7;DDB1;UGDH;PRPF18;MSH3;GEMIN8;HOXB7;SF3B2;C11ORF54;PRKAA2;L3MBTL2;CTBP2;GPS1;CUL1;DPCD;UACA;HSP90B1;DHX30;CFAP298;ZNHIT1;TKFC;PTPMT1;ERBB2;TP53BP1;SCAND1;ZNF664;CRADD;CPSF1;RITA1;SORBS2;RFXANK;TUBB4B;AZIN1;NR2F6;COPRS;SCCPDH;FUBP1;NDUFAF3;TAF6;CALM2
top300_sample_centered,GO_Cellular_Component_2023,Asymmetric Synapse (GO:0032279),0.5955721839645514,0.7246094109032005,2,RTN3;ADD3
top300_sample_centered,GO_Cellular_Component_2023,Axon (GO:0030424),0.5963763598383665,0.7246094109032005,3,PRKAA2;COBL;CIB1
top300_sample_centered,GO_Cellular_Component_2023,Serine/Threonine Protein Kinase Complex (GO:1902554),0.5967371619202828,0.7246094109032005,1,AZI2
top300_sample_centered,GO_Cellular_Component_2023,Sperm Flagellum (GO:0036126),0.5967371619202828,0.7246094109032005,1,IFT27
top300_sample_centered,GO_Cellular_Component_2023,Transport Vesicle Membrane (GO:0030658),0.5967371619202828,0.7246094109032005,1,TMED2
top300_sample_centered,GO_Cellular_Component_2023,Extracellular Vesicle (GO:1903561),0.5967371619202828,0.7246094109032005,1,TUBB4B
top300_sample_centered,GO_Cellular_Component_2023,SCF Ubiquitin Ligase Complex (GO:0019005),0.6028042868087103,0.7272542040853474,1,CUL1
top300_sample_centered,GO_Cellular_Component_2023,Caveola (GO:0005901),0.6087804306038016,0.7297560289930186,1,PLPP2
top300_sample_centered,GO_Cellular_Component_2023,Cortical Cytoskeleton (GO:0030863),0.6146669531336565,0.7298968776481991,1,SHROOM3
top300_sample_centered,GO_Cellular_Component_2023,Acrosomal Vesicle (GO:0001669),0.6204651939509158,0.7298968776481991,1,IFT20
top300_sample_centered,GO_Cellular_Component_2023,Lysosomal Membrane (GO:0005765),0.6206075055939233,0.7298968776481991,5,CLCN4;GNA11;STX7;SPPL2A;TMEM9
top300_sample_centered,GO_Cellular_Component_2023,Platelet Alpha Granule Lumen (GO:0031093),0.6318020893012533,0.7330136786759149,1,SCCPDH
top300_sample_centered,GO_Cellular_Component_2023,Lysosome (GO:0005764),0.6322137451684149,0.7330136786759149,7,CLCN4;UNC93B1;GNA11;STX7;SPPL2A;OCIAD1;TMEM9
top300_sample_centered,GO_Cellular_Component_2023,Mitotic Spindle (GO:0072686),0.6350171975695091,0.7330136786759149,2,TMEM9;TUBB4B
top300_sample_centered,GO_Cellular_Component_2023,9+2 Motile Cilium (GO:0097729),0.6534732618701546,0.7496901838633063,1,IFT27
top300_sample_centered,GO_Cellular_Component_2023,Azurophil Granule (GO:0042582),0.6783091359225929,0.7734378562044198,2,STX7;TUBB4B
top300_sample_centered,GO_Cellular_Component_2023,Extrinsic Component Of Cytoplasmic Side Of Plasma Membrane (GO:0031234),0.6883831360336448,0.780167554171464,1,GNA11
top300_sample_centered,GO_Cellular_Component_2023,Intermediate Filament Cytoskeleton (GO:0045111),0.7067339766562469,0.7822659174841685,1,KRT8
top300_sample_centered,GO_Cellular_Component_2023,Bicellular Tight Junction (GO:0005923),0.7067339766562469,0.7822659174841685,1,MARVELD2
top300_sample_centered,GO_Cellular_Component_2023,Chromosome (GO:0005694),0.7079668881980159,0.7822659174841685,2,PBRM1;FTSJ3
top300_sample_centered,GO_Cellular_Component_2023,Lipid Droplet (GO:0005811),0.7111508340765168,0.7822659174841685,1,SCCPDH
top300_sample_centered,GO_Cellular_Component_2023,Plasma Membrane Raft (GO:0044853),0.7111508340765168,0.7822659174841685,1,PLPP2
top300_sample_centered,GO_Cellular_Component_2023,Autophagosome (GO:0005776),0.7155013875000932,0.7824488857457159,1,BECN1
top300_sample_centered,GO_Cellular_Component_2023,Neuron Projection (GO:0043005),0.733704628867601,0.7952097481928626,7,RTN3;PRKAA2;DLG3;KIF3B;COBL;SORBS2;CIB1
top300_sample_centered,GO_Cellular_Component_2023,Platelet Alpha Granule (GO:0031091),0.7402668559502237,0.7952097481928626,1,SCCPDH
top300_sample_centered,GO_Cellular_Component_2023,Azurophil Granule Lumen (GO:0035578),0.7402668559502237,0.7952097481928626,1,TUBB4B
top300_sample_centered,GO_Cellular_Component_2023,Specific Granule Membrane (GO:0035579),0.7441802456350319,0.7952097481928626,1,MLEC
top300_sample_centered,GO_Cellular_Component_2023,Tight Junction (GO:0070160),0.7555713017099546,0.8027945080668267,1,MARVELD2
top300_sample_centered,GO_Cellular_Component_2023,Endoplasmic Reticulum Lumen (GO:0005788),0.8018146556104626,0.8471149186393022,3,DNAJC10;SUMF2;HSP90B1
top300_sample_centered,GO_Cellular_Component_2023,Cytoplasmic Vesicle Membrane (GO:0030659),0.838194472211197,0.880575091592662,4,VAC14;CLCN4;SPPL2A;ERBB2
top300_sample_centered,GO_Cellular_Component_2023,Specific Granule (GO:0042581),0.9104239425564558,0.9441935092640406,1,MLEC
top300_sample_centered,GO_Cellular_Component_2023,Vacuolar Lumen (GO:0005775),0.9131122893706319,0.9441935092640406,1,TUBB4B
top300_sample_centered,GO_Cellular_Component_2023,Tertiary Granule (GO:0070820),0.9144261523468998,0.9441935092640406,1,STX7
top300_sample_centered,GO_Cellular_Component_2023,Membrane Raft (GO:0045121),0.9230850674781849,0.9441935092640406,1,ERLIN2
top300_sample_centered,GO_Cellular_Component_2023,Secretory Granule Membrane (GO:0030667),0.9239968566594621,0.9441935092640406,2,MLEC;TMED2
top300_sample_centered,GO_Cellular_Component_2023,Focal Adhesion (GO:0005925),0.9320418361857402,0.9472381704713773,3,CAT;CTNNA1;HSP90B1
top300_sample_centered,GO_Cellular_Component_2023,Cell-Substrate Junction (GO:0030055),0.9377775142115435,0.9479156495003169,3,CAT;CTNNA1;HSP90B1
top300_sample_centered,GO_Cellular_Component_2023,Nuclear Membrane (GO:0031965),0.9682675779965839,0.9734733176632322,1,CLMN
top300_sample_centered,GO_Cellular_Component_2023,Collagen-Containing Extracellular Matrix (GO:0062023),0.9966208062790964,0.9966208062790964,1,HSP90B1
top300_sample_centered,KEGG_2021_Human,Glycosylphosphatidylinositol (GPI)-anchor biosynthesis,0.0005716665442293914,0.12462330664200734,4,PIGU;PIGT;PIGP;PIGK
top300_sample_centered,KEGG_2021_Human,Peroxisome,0.0014602415860666725,0.1591663328812673,6,PEX7;ABCD3;CAT;PEX2;HACL1;NUDT12
top300_sample_centered,KEGG_2021_Human,Thermogenesis,0.008578360215171959,0.4098126890260054,9,PRKAA2;CPT2;NDUFA5;NDUFA3;COX17;NDUFAF3;COX14;NDUFS1;NDUFV3
top300_sample_centered,KEGG_2021_Human,Citrate cycle (TCA cycle),0.010055514671205544,0.4098126890260054,3,SUCLG2;DLAT;ACO2
top300_sample_centered,KEGG_2021_Human,Alzheimer disease,0.010185222391384445,0.4098126890260054,12,RTN3;BECN1;NDUFA5;KIF5B;NDUFA3;LRP5;NDUFS1;NDUFV3;PIK3CB;TUBB4B;CALM2;SLC25A4
top300_sample_centered,KEGG_2021_Human,Ubiquinone and other terpenoid-quinone biosynthesis,0.01127924832181666,0.4098126890260054,2,COQ6;COQ5
top300_sample_centered,KEGG_2021_Human,Aminoacyl-tRNA biosynthesis,0.01728014019938289,0.5381529376379244,4,AARS1;NARS1;MARS1;IARS2
top300_sample_centered,KEGG_2021_Human,Homologous recombination,0.023410069674460254,0.6313588210109318,3,BABAM2;BRCC3;NBN
top300_sample_centered,KEGG_2021_Human,Non-alcoholic fatty liver disease,0.029661813598371223,0.6313588210109318,6,PRKAA2;NDUFA5;NDUFA3;NDUFS1;NDUFV3;PIK3CB
top300_sample_centered,KEGG_2021_Human,Diabetic cardiomyopathy,0.033877573792571246,0.6313588210109318,7,CPT2;NDUFA5;NDUFA3;NDUFS1;NDUFV3;PIK3CB;SLC25A4
top300_sample_centered,KEGG_2021_Human,Parkinson disease,0.03475369656940908,0.6313588210109318,8,NDUFA5;KIF5B;NDUFA3;NDUFS1;NDUFV3;TUBB4B;CALM2;SLC25A4
top300_sample_centered,KEGG_2021_Human,Salmonella infection,0.03475369656940908,0.6313588210109318,8,DYNC2LI1;ACTR1B;DYNLT1;KIF5B;EXOC4;PIK3CB;TUBB4B;HSP90B1
top300_sample_centered,KEGG_2021_Human,Huntington disease,0.04201789498586678,0.6461875383893744,9,BECN1;ACTR1B;NDUFA5;KIF5B;NDUFA3;NDUFS1;NDUFV3;TUBB4B;SLC25A4
top300_sample_centered,KEGG_2021_Human,Terpenoid backbone biosynthesis,0.04252695578138395,0.6461875383893744,2,PDSS2;ZMPSTE24
top300_sample_centered,KEGG_2021_Human,Protein processing in endoplasmic reticulum,0.044462445302021175,0.6461875383893744,6,EIF2AK1;LMAN2;EDEM2;DNAJC10;CUL1;HSP90B1
top300_sample_centered,KEGG_2021_Human,Oxidative phosphorylation,0.05024713788101834,0.646968575401428,5,NDUFA5;NDUFA3;COX17;NDUFS1;NDUFV3
top300_sample_centered,KEGG_2021_Human,Prion disease,0.054332610183331354,0.646968575401428,8,NDUFA5;KIF5B;NDUFA3;NDUFS1;NDUFV3;PIK3CB;TUBB4B;SLC25A4
top300_sample_centered,KEGG_2021_Human,Pathways of neurodegeneration,0.05555835695765092,0.646968575401428,12,BECN1;ACTR1B;NDUFA5;KIF5B;NDUFA3;CAT;LRP5;NDUFS1;NDUFV3;TUBB4B;CALM2;SLC25A4
top300_sample_centered,KEGG_2021_Human,Endometrial cancer,0.0563871694157208,0.646968575401428,3,ERBB2;CTNNA1;PIK3CB
top300_sample_centered,KEGG_2021_Human,Glyoxylate and dicarboxylate metabolism,0.0741097879019695,0.8077966881314675,2,CAT;ACO2
top300_sample_centered,KEGG_2021_Human,Circadian rhythm,0.07846140899157186,0.8145041504839365,2,PRKAA2;CUL1
top300_sample_centered,KEGG_2021_Human,Fructose and mannose metabolism,0.08739520185411868,0.8185418130786999,2,TKFC;ENOSF1
top300_sample_centered,KEGG_2021_Human,RIG-I-like receptor signaling pathway,0.08800498436624231,0.8185418130786999,3,NLRX1;TKFC;AZI2
top300_sample_centered,KEGG_2021_Human,Adherens junction,0.09091735127975717,0.8185418130786999,3,ERBB2;CTNNA1;ACP1
top300_sample_centered,KEGG_2021_Human,Non-small cell lung cancer,0.09386947397691511,0.8185418130786999,3,KIF5B;ERBB2;PIK3CB
top300_sample_centered,KEGG_2021_Human,Amyotrophic lateral sclerosis,0.09872922472816911,0.8278065765669564,9,BECN1;ACTR1B;NDUFA5;KIF5B;NDUFA3;CAT;NDUFS1;NDUFV3;TUBB4B
top300_sample_centered,KEGG_2021_Human,Wnt signaling pathway,0.10512627746731285,0.8487973514027481,5,VANGL1;CTBP2;CUL1;CBY1;LRP5
top300_sample_centered,KEGG_2021_Human,Tight junction,0.11117499752591682,0.8562443158967034,5,EPB41L4B;PRKAA2;DLG3;MARVELD2;ERBB2
top300_sample_centered,KEGG_2021_Human,Riboflavin metabolism,0.1139040603715798,0.8562443158967034,1,ACP1
top300_sample_centered,KEGG_2021_Human,Sulfur metabolism,0.1402986599880225,0.909500143365664,1,BPNT1
top300_sample_centered,KEGG_2021_Human,Vasopressin-regulated water reabsorption,0.14100274617201516,0.909500143365664,2,DYNC2LI1;RAB11B
top300_sample_centered,KEGG_2021_Human,ABC transporters,0.14617326963615715,0.909500143365664,2,ABCD3;ABCC6
top300_sample_centered,KEGG_2021_Human,Fluid shear stress and atherosclerosis,0.15661173749857132,0.909500143365664,4,PRKAA2;PIK3CB;CALM2;HSP90B1
top300_sample_centered,KEGG_2021_Human,Carbohydrate digestion and absorption,0.15662763631944016,0.909500143365664,2,PIK3CB;SLC37A4
top300_sample_centered,KEGG_2021_Human,Pyruvate metabolism,0.15662763631944016,0.909500143365664,2,DLAT;HAGH
top300_sample_centered,KEGG_2021_Human,Sphingolipid metabolism,0.1672180071576185,0.909500143365664,2,SPTLC2;PLPP2
top300_sample_centered,KEGG_2021_Human,Spinocerebellar ataxia,0.16808540538788636,0.909500143365664,4,BECN1;OMA1;PIK3CB;SLC25A4
top300_sample_centered,KEGG_2021_Human,N-Glycan biosynthesis,0.17255875666095588,0.909500143365664,2,DPAGT1;DPM3
top300_sample_centered,KEGG_2021_Human,Prostate cancer,0.1785783603880871,0.909500143365664,3,ERBB2;PIK3CB;HSP90B1
top300_sample_centered,KEGG_2021_Human,Retrograde endocannabinoid signaling,0.1828291802602206,0.909500143365664,4,NDUFA5;NDUFA3;NDUFS1;NDUFV3
top300_sample_centered,KEGG_2021_Human,Gastric cancer,0.18582821055164053,0.909500143365664,4,ERBB2;LRP5;CTNNA1;PIK3CB
top300_sample_centered,KEGG_2021_Human,Fanconi anemia pathway,0.19417772653694718,0.909500143365664,2,FANCF;CENPS
top300_sample_centered,KEGG_2021_Human,Longevity regulating pathway,0.19749355984124936,0.909500143365664,3,PRKAA2;CAT;PIK3CB
top300_sample_centered,KEGG_2021_Human,Thiamine metabolism,0.20290708162909607,0.909500143365664,1,ACP1
top300_sample_centered,KEGG_2021_Human,Cellular senescence,0.207250405059125,0.909500143365664,4,NBN;PIK3CB;CALM2;SLC25A4
top300_sample_centered,KEGG_2021_Human,Human immunodeficiency virus 1 infection,0.21393257942515537,0.909500143365664,5,DDB1;GNA11;CUL1;PIK3CB;CALM2
top300_sample_centered,KEGG_2021_Human,Glucagon signaling pathway,0.21686529928337947,0.909500143365664,3,PRKAA2;PPP4R3B;CALM2
top300_sample_centered,KEGG_2021_Human,Selenocompound metabolism,0.22665875807778754,0.909500143365664,1,MARS1
top300_sample_centered,KEGG_2021_Human,Glycerolipid metabolism,0.23270940156751915,0.909500143365664,2,TKFC;PLPP2
top300_sample_centered,KEGG_2021_Human,Fatty acid biosynthesis,0.23826872845166958,0.909500143365664,1,MCAT
top300_sample_centered,KEGG_2021_Human,GnRH secretion,0.24937749477172466,0.909500143365664,2,GNA11;PIK3CB
top300_sample_centered,KEGG_2021_Human,Influenza A,0.2585449416751076,0.909500143365664,4,NLRX1;PIK3CB;SLC25A4;RAB11B
top300_sample_centered,KEGG_2021_Human,AMPK signaling pathway,0.2687906660604462,0.909500143365664,3,PRKAA2;PIK3CB;RAB11B
top300_sample_centered,KEGG_2021_Human,Pathways in cancer,0.2762957333741831,0.909500143365664,10,CTBP2;MSH3;GNA11;ERBB2;LRP5;CTNNA1;CUL1;PIK3CB;CALM2;HSP90B1
top300_sample_centered,KEGG_2021_Human,Central carbon metabolism in cancer,0.28278200858122254,0.909500143365664,2,ERBB2;PIK3CB
top300_sample_centered,KEGG_2021_Human,Arginine biosynthesis,0.2829970744143095,0.909500143365664,1,ASL
top300_sample_centered,KEGG_2021_Human,Mismatch repair,0.2937639454320363,0.909500143365664,1,MSH3
top300_sample_centered,KEGG_2021_Human,Protein export,0.2937639454320363,0.909500143365664,1,SPCS1
top300_sample_centered,KEGG_2021_Human,Oocyte meiosis,0.30552524808998327,0.909500143365664,3,CUL1;CALM2;ANAPC2
top300_sample_centered,KEGG_2021_Human,Glioma,0.3105286436788872,0.909500143365664,2,PIK3CB;CALM2
top300_sample_centered,KEGG_2021_Human,FoxO signaling pathway,0.3137273217147594,0.909500143365664,3,PRKAA2;CAT;PIK3CB
top300_sample_centered,KEGG_2021_Human,Chronic myeloid leukemia,0.3160547646719879,0.909500143365664,2,CTBP2;PIK3CB
top300_sample_centered,KEGG_2021_Human,Pancreatic cancer,0.3160547646719879,0.909500143365664,2,ERBB2;PIK3CB
top300_sample_centered,KEGG_2021_Human,Bacterial invasion of epithelial cells,0.32157081198801113,0.909500143365664,2,CTNNA1;PIK3CB
top300_sample_centered,KEGG_2021_Human,Endocytosis,0.32764746584578996,0.909500143365664,5,SNX4;KIF5B;AGAP1;EPS15L1;RAB11B
top300_sample_centered,KEGG_2021_Human,Biosynthesis of unsaturated fatty acids,0.3352437911543192,0.909500143365664,1,HSD17B12
top300_sample_centered,KEGG_2021_Human,Fatty acid elongation,0.3352437911543192,0.909500143365664,1,HSD17B12
top300_sample_centered,KEGG_2021_Human,Apelin signaling pathway,0.338350215372379,0.909500143365664,3,BECN1;PRKAA2;CALM2
top300_sample_centered,KEGG_2021_Human,Autophagy,0.338350215372379,0.909500143365664,3,BECN1;PRKAA2;PIK3CB
top300_sample_centered,KEGG_2021_Human,Estrogen signaling pathway,0.338350215372379,0.909500143365664,3,PIK3CB;CALM2;HSP90B1
top300_sample_centered,KEGG_2021_Human,Insulin signaling pathway,0.338350215372379,0.909500143365664,3,PRKAA2;PIK3CB;CALM2
top300_sample_centered,KEGG_2021_Human,Phototransduction,0.3452285972911275,0.909500143365664,1,CALM2
top300_sample_centered,KEGG_2021_Human,Ubiquitin mediated proteolysis,0.35064799972632443,0.909500143365664,3,DDB1;CUL1;ANAPC2
top300_sample_centered,KEGG_2021_Human,Apoptosis,0.35883334622551477,0.909500143365664,3,BECN1;ENDOG;PIK3CB
top300_sample_centered,KEGG_2021_Human,Ascorbate and aldarate metabolism,0.36475199366430366,0.909500143365664,1,UGDH
top300_sample_centered,KEGG_2021_Human,Pentose phosphate pathway,0.36475199366430366,0.909500143365664,1,IDNK
top300_sample_centered,KEGG_2021_Human,ErbB signaling pathway,0.36523002738169813,0.909500143365664,2,ERBB2;PIK3CB
top300_sample_centered,KEGG_2021_Human,Colorectal cancer,0.37061664038432274,0.909500143365664,2,MSH3;PIK3CB
top300_sample_centered,KEGG_2021_Human,RNA polymerase,0.37429501168799834,0.909500143365664,1,POLR3H
top300_sample_centered,KEGG_2021_Human,Breast cancer,0.37922639733458724,0.909500143365664,3,ERBB2;LRP5;PIK3CB
top300_sample_centered,KEGG_2021_Human,Gap junction,0.38133464969938696,0.909500143365664,2,GNA11;TUBB4B
top300_sample_centered,KEGG_2021_Human,SNARE interactions in vesicular transport,0.39295451131227804,0.909500143365664,1,STX7
top300_sample_centered,KEGG_2021_Human,Pentose and glucuronate interconversions,0.40207522606830093,0.909500143365664,1,UGDH
top300_sample_centered,KEGG_2021_Human,Propanoate metabolism,0.40207522606830093,0.909500143365664,1,SUCLG2
top300_sample_centered,KEGG_2021_Human,mTOR signaling pathway,0.4075323397886917,0.909500143365664,3,PRKAA2;LRP5;PIK3CB
top300_sample_centered,KEGG_2021_Human,GnRH signaling pathway,0.4077781340405874,0.909500143365664,2,GNA11;CALM2
top300_sample_centered,KEGG_2021_Human,Nicotinate and nicotinamide metabolism,0.411059353902692,0.909500143365664,1,NUDT12
top300_sample_centered,KEGG_2021_Human,Human T-cell leukemia virus 1 infection,0.4171493627012428,0.909500143365664,4,VAC14;PIK3CB;SLC25A4;ANAPC2
top300_sample_centered,KEGG_2021_Human,Starch and sucrose metabolism,0.41990893351417485,0.909500143365664,1,PGM2L1
top300_sample_centered,KEGG_2021_Human,Fc gamma R-mediated phagocytosis,0.4285341351329535,0.909500143365664,2,PIK3CB;PLPP2
top300_sample_centered,KEGG_2021_Human,Phosphatidylinositol signaling system,0.4285341351329535,0.909500143365664,2,PIK3CB;CALM2
top300_sample_centered,KEGG_2021_Human,"Alanine, aspartate and glutamate metabolism",0.4286259732139273,0.909500143365664,1,ASL
top300_sample_centered,KEGG_2021_Human,Aldosterone-regulated sodium reabsorption,0.4286259732139273,0.909500143365664,1,PIK3CB
top300_sample_centered,KEGG_2021_Human,Aldosterone synthesis and secretion,0.43366357687625945,0.909500143365664,2,GNA11;CALM2
top300_sample_centered,KEGG_2021_Human,Choline metabolism in cancer,0.43366357687625945,0.909500143365664,2,PIK3CB;PLPP2
top300_sample_centered,KEGG_2021_Human,Inflammatory mediator regulation of TRP channels,0.43366357687625945,0.909500143365664,2,PIK3CB;CALM2
top300_sample_centered,KEGG_2021_Human,mRNA surveillance pathway,0.43366357687625945,0.909500143365664,2,CPSF1;CPSF2
top300_sample_centered,KEGG_2021_Human,Primary immunodeficiency,0.43721245161274186,0.909500143365664,1,RFXANK
top300_sample_centered,KEGG_2021_Human,Progesterone-mediated oocyte maturation,0.4438478985925071,0.909500143365664,2,PIK3CB;ANAPC2
top300_sample_centered,KEGG_2021_Human,Amoebiasis,0.4539301352160741,0.909500143365664,2,GNA11;PIK3CB
top300_sample_centered,KEGG_2021_Human,Chagas disease,0.4539301352160741,0.909500143365664,2,GNA11;PIK3CB
top300_sample_centered,KEGG_2021_Human,"Glycine, serine and threonine metabolism",0.45400149159157005,0.909500143365664,1,SRR
top300_sample_centered,KEGG_2021_Human,cGMP-PKG signaling pathway,0.4589754503627852,0.909500143365664,3,GNA11;CALM2;SLC25A4
top300_sample_centered,KEGG_2021_Human,Bladder cancer,0.4622078647119825,0.909500143365664,1,ERBB2
top300_sample_centered,KEGG_2021_Human,Hepatocellular carcinoma,0.4628574075076259,0.909500143365664,3,PBRM1;LRP5;PIK3CB
top300_sample_centered,KEGG_2021_Human,C-type lectin receptor signaling pathway,0.46390732643011157,0.909500143365664,2,PIK3CB;CALM2
top300_sample_centered,KEGG_2021_Human,Tryptophan metabolism,0.4702913004579676,0.909500143365664,1,CAT
top300_sample_centered,KEGG_2021_Human,"Parathyroid hormone synthesis, secretion and action",0.47377677719076616,0.909500143365664,2,GNA11;LRP5
top300_sample_centered,KEGG_2021_Human,Fat digestion and absorption,0.47825363444654867,0.909500143365664,1,PLPP2
top300_sample_centered,KEGG_2021_Human,Fatty acid degradation,0.47825363444654867,0.909500143365664,1,CPT2
top300_sample_centered,KEGG_2021_Human,Insulin resistance,0.4835360447891577,0.909500143365664,2,PRKAA2;PIK3CB
top300_sample_centered,KEGG_2021_Human,Calcium signaling pathway,0.4865018869641455,0.909500143365664,4,GNA11;ERBB2;CALM2;SLC25A4
top300_sample_centered,KEGG_2021_Human,HIF-1 signaling pathway,0.48837366245406794,0.909500143365664,2,ERBB2;PIK3CB
top300_sample_centered,KEGG_2021_Human,Basal transcription factors,0.4938222034751897,0.909500143365664,1,TAF6
top300_sample_centered,KEGG_2021_Human,Type II diabetes mellitus,0.501431974790771,0.909500143365664,1,PIK3CB
top300_sample_centered,KEGG_2021_Human,Cholinergic synapse,0.5074382631085546,0.909500143365664,2,GNA11;PIK3CB
top300_sample_centered,KEGG_2021_Human,Nucleotide excision repair,0.5089277175902275,0.909500143365664,1,DDB1
top300_sample_centered,KEGG_2021_Human,Leukocyte transendothelial migration,0.5121318460790285,0.909500143365664,2,CTNNA1;PIK3CB
top300_sample_centered,KEGG_2021_Human,NOD-like receptor signaling pathway,0.512143048908402,0.909500143365664,3,NLRX1;BRCC3;TP53BP1
top300_sample_centered,KEGG_2021_Human,Amino sugar and nucleotide sugar metabolism,0.5163111350542522,0.909500143365664,1,UGDH
top300_sample_centered,KEGG_2021_Human,Ether lipid metabolism,0.5235839047838299,0.909500143365664,1,PLPP2
top300_sample_centered,KEGG_2021_Human,Cysteine and methionine metabolism,0.5307476794848257,0.909500143365664,1,AHCYL1
top300_sample_centered,KEGG_2021_Human,"Growth hormone synthesis, secretion and action",0.5351550968532869,0.909500143365664,2,GNA11;PIK3CB
top300_sample_centered,KEGG_2021_Human,Neurotrophin signaling pathway,0.5351550968532869,0.909500143365664,2,PIK3CB;CALM2
top300_sample_centered,KEGG_2021_Human,Sphingolipid signaling pathway,0.5351550968532869,0.909500143365664,2,SPTLC2;PIK3CB
top300_sample_centered,KEGG_2021_Human,Neutrophil extracellular trap formation,0.541261846662366,0.909500143365664,3,CLCN4;PIK3CB;SLC25A4
top300_sample_centered,KEGG_2021_Human,Glycosaminoglycan biosynthesis,0.551601193393437,0.909500143365664,1,B3GALT6
top300_sample_centered,KEGG_2021_Human,Kaposi sarcoma-associated herpesvirus infection,0.5554424550537161,0.909500143365664,3,BECN1;PIK3CB;CALM2
top300_sample_centered,KEGG_2021_Human,Cell cycle,0.5574242497188195,0.909500143365664,2,CUL1;ANAPC2
top300_sample_centered,KEGG_2021_Human,Regulation of lipolysis in adipocytes,0.5649877697794934,0.909500143365664,1,PIK3CB
top300_sample_centered,KEGG_2021_Human,Hedgehog signaling pathway,0.571530928404565,0.909500143365664,1,CUL1
top300_sample_centered,KEGG_2021_Human,Viral carcinogenesis,0.5897260741874288,0.909500143365664,3,DDB1;VAC14;PIK3CB
top300_sample_centered,KEGG_2021_Human,Notch signaling pathway,0.5905776755763663,0.909500143365664,1,CTBP2
top300_sample_centered,KEGG_2021_Human,VEGF signaling pathway,0.5905776755763663,0.909500143365664,1,PIK3CB
top300_sample_centered,KEGG_2021_Human,Dopaminergic synapse,0.5914573377734789,0.909500143365664,2,KIF5B;CALM2
top300_sample_centered,KEGG_2021_Human,Vascular smooth muscle contraction,0.5955721839645514,0.909500143365664,2,GNA11;CALM2
top300_sample_centered,KEGG_2021_Human,Long-term depression,0.5967371619202828,0.909500143365664,1,GNA11
top300_sample_centered,KEGG_2021_Human,Steroid hormone biosynthesis,0.6028042868087103,0.909500143365664,1,HSD17B12
top300_sample_centered,KEGG_2021_Human,Cytosolic DNA-sensing pathway,0.6146669531336565,0.909500143365664,1,POLR3H
top300_sample_centered,KEGG_2021_Human,Measles,0.6196102125923307,0.909500143365664,2,EIF2AK1;PIK3CB
top300_sample_centered,KEGG_2021_Human,Cortisol synthesis and secretion,0.6261764727222603,0.909500143365664,1,GNA11
top300_sample_centered,KEGG_2021_Human,Lipid and atherosclerosis,0.6285638581254903,0.909500143365664,3,PIK3CB;CALM2;HSP90B1
top300_sample_centered,KEGG_2021_Human,Acute myeloid leukemia,0.6373433243791906,0.909500143365664,1,PIK3CB
top300_sample_centered,KEGG_2021_Human,Glycolysis / Gluconeogenesis,0.6373433243791906,0.909500143365664,1,DLAT
top300_sample_centered,KEGG_2021_Human,Long-term potentiation,0.6373433243791906,0.909500143365664,1,CALM2
top300_sample_centered,KEGG_2021_Human,Fc epsilon RI signaling pathway,0.6428014394460059,0.909500143365664,1,PIK3CB
top300_sample_centered,KEGG_2021_Human,Mitophagy,0.6428014394460059,0.909500143365664,1,BECN1
top300_sample_centered,KEGG_2021_Human,Adipocytokine signaling pathway,0.6481776772177851,0.909500143365664,1,PRKAA2
top300_sample_centered,KEGG_2021_Human,Amphetamine addiction,0.6481776772177851,0.909500143365664,1,CALM2
top300_sample_centered,KEGG_2021_Human,Renal cell carcinoma,0.6481776772177851,0.909500143365664,1,PIK3CB
top300_sample_centered,KEGG_2021_Human,Renin secretion,0.6481776772177851,0.909500143365664,1,CALM2
top300_sample_centered,KEGG_2021_Human,Prolactin signaling pathway,0.6534732618701546,0.909500143365664,1,PIK3CB
top300_sample_centered,KEGG_2021_Human,Phospholipase D signaling pathway,0.6535855116406101,0.909500143365664,2,PIK3CB;PLPP2
top300_sample_centered,KEGG_2021_Human,Human cytomegalovirus infection,0.6589455348841818,0.909500143365664,3,GNA11;PIK3CB;CALM2
top300_sample_centered,KEGG_2021_Human,Spliceosome,0.6607998149735516,0.909500143365664,2,SF3B2;PRPF18
top300_sample_centered,KEGG_2021_Human,Melanoma,0.6638272776471037,0.909500143365664,1,PIK3CB
top300_sample_centered,KEGG_2021_Human,Phagosome,0.6678934025734623,0.909500143365664,2,STX7;TUBB4B
top300_sample_centered,KEGG_2021_Human,Inositol phosphate metabolism,0.6688880670783717,0.909500143365664,1,PIK3CB
top300_sample_centered,KEGG_2021_Human,PPAR signaling pathway,0.673872920383265,0.909500143365664,1,CPT2
top300_sample_centered,KEGG_2021_Human,Oxytocin signaling pathway,0.6748670410745765,0.909500143365664,2,PRKAA2;CALM2
top300_sample_centered,KEGG_2021_Human,Thyroid hormone synthesis,0.6787829732730983,0.909500143365664,1,HSP90B1
top300_sample_centered,KEGG_2021_Human,Gastric acid secretion,0.6836193445089016,0.909500143365664,1,CALM2
top300_sample_centered,KEGG_2021_Human,Pertussis,0.6836193445089016,0.909500143365664,1,CALM2
top300_sample_centered,KEGG_2021_Human,Hepatitis C,0.685104421290149,0.909500143365664,2,EIF2AK1;PIK3CB
top300_sample_centered,KEGG_2021_Human,Arrhythmogenic right ventricular cardiomyopathy,0.6883831360336448,0.909500143365664,1,CTNNA1
top300_sample_centered,KEGG_2021_Human,Antigen processing and presentation,0.6930754335082961,0.9101834006313768,1,RFXANK
top300_sample_centered,KEGG_2021_Human,Hepatitis B,0.7015794952098878,0.9116450113080581,2,DDB1;PIK3CB
top300_sample_centered,KEGG_2021_Human,Hippo signaling pathway,0.7047875353674194,0.9116450113080581,2,DLG3;CTNNA1
top300_sample_centered,KEGG_2021_Human,B cell receptor signaling pathway,0.7067339766562469,0.9116450113080581,1,PIK3CB
top300_sample_centered,KEGG_2021_Human,Shigellosis,0.7168097124651213,0.9192030430435085,3,BECN1;CUL1;PIK3CB
top300_sample_centered,KEGG_2021_Human,Insulin secretion,0.7281650706695516,0.9283040082220015,1,GNA11
top300_sample_centered,KEGG_2021_Human,PD-L1 expression and PD-1 checkpoint pathway in cancer,0.7402668559502237,0.9283197222656916,1,PIK3CB
top300_sample_centered,KEGG_2021_Human,Hypertrophic cardiomyopathy,0.7441802456350319,0.9283197222656916,1,PRKAA2
top300_sample_centered,KEGG_2021_Human,Small cell lung cancer,0.7518315954183645,0.9283197222656916,1,PIK3CB
top300_sample_centered,KEGG_2021_Human,Tuberculosis,0.7550521296608121,0.9283197222656916,2,RFXANK;CALM2
top300_sample_centered,KEGG_2021_Human,Salivary secretion,0.7555713017099546,0.9283197222656916,1,CALM2
top300_sample_centered,KEGG_2021_Human,IL-17 signaling pathway,0.7592548381757995,0.9283197222656916,1,HSP90B1
top300_sample_centered,KEGG_2021_Human,TGF-beta signaling pathway,0.7592548381757995,0.9283197222656916,1,CUL1
top300_sample_centered,KEGG_2021_Human,Circadian entrainment,0.7699767743166568,0.9283197222656916,1,CALM2
top300_sample_centered,KEGG_2021_Human,RNA transport,0.7709504647969408,0.9283197222656916,2,POP4;GEMIN8
top300_sample_centered,KEGG_2021_Human,Glycerophospholipid metabolism,0.7734439153906819,0.9283197222656916,1,PLPP2
top300_sample_centered,KEGG_2021_Human,AGE-RAGE signaling pathway in diabetic complications,0.7802227102911928,0.9283197222656916,1,PIK3CB
top300_sample_centered,KEGG_2021_Human,PI3K-Akt signaling pathway,0.7805062555717381,0.9283197222656916,4,PRKAA2;ERBB2;PIK3CB;HSP90B1
top300_sample_centered,KEGG_2021_Human,Melanogenesis,0.7835359123710425,0.9283197222656916,1,CALM2
top300_sample_centered,KEGG_2021_Human,T cell receptor signaling pathway,0.7931797866486954,0.9296408252119118,1,PIK3CB
top300_sample_centered,KEGG_2021_Human,Toll-like receptor signaling pathway,0.7931797866486954,0.9296408252119118,1,PIK3CB
top300_sample_centered,KEGG_2021_Human,Ribosome biogenesis in eukaryotes,0.805375361218045,0.9355678497172145,1,POP4
top300_sample_centered,KEGG_2021_Human,Focal adhesion,0.806819980490075,0.9355678497172145,2,ERBB2;PIK3CB
top300_sample_centered,KEGG_2021_Human,Proteoglycans in cancer,0.8155041900169905,0.9372325384908334,2,ERBB2;PIK3CB
top300_sample_centered,KEGG_2021_Human,TNF signaling pathway,0.8168540473085245,0.9372325384908334,1,PIK3CB
top300_sample_centered,KEGG_2021_Human,Rap1 signaling pathway,0.8258688452629519,0.9426147029702802,2,PIK3CB;CALM2
top300_sample_centered,KEGG_2021_Human,cAMP signaling pathway,0.8376151550260571,0.9491173252185369,2,PIK3CB;CALM2
top300_sample_centered,KEGG_2021_Human,Thyroid hormone signaling pathway,0.8402735952622826,0.9491173252185369,1,PIK3CB
top300_sample_centered,KEGG_2021_Human,Platelet activation,0.8473967278191059,0.9522293127039437,1,PIK3CB
top300_sample_centered,KEGG_2021_Human,Osteoclast differentiation,0.8542032057529886,0.9529443045539978,1,PIK3CB
top300_sample_centered,KEGG_2021_Human,Relaxin signaling pathway,0.8585718934075237,0.9529443045539978,1,PIK3CB
top300_sample_centered,KEGG_2021_Human,Natural killer cell mediated cytotoxicity,0.8628100981128426,0.9529443045539978,1,PIK3CB
top300_sample_centered,KEGG_2021_Human,Ras signaling pathway,0.8655182215673926,0.9529443045539978,2,PIK3CB;CALM2
top300_sample_centered,KEGG_2021_Human,Yersinia infection,0.8747800870444483,0.9551542897651046,1,PIK3CB
top300_sample_centered,KEGG_2021_Human,Chemical carcinogenesis,0.8762883392340409,0.9551542897651046,2,PIK3CB;HSP90B1
top300_sample_centered,KEGG_2021_Human,Signaling pathways regulating pluripotency of stem cells,0.885708839029268,0.960619536857614,1,PIK3CB
top300_sample_centered,KEGG_2021_Human,Adrenergic signaling in cardiomyocytes,0.8972630681449661,0.9676936952020591,1,CALM2
top300_sample_centered,KEGG_2021_Human,Cushing syndrome,0.9047960162244522,0.9676936952020591,1,GNA11
top300_sample_centered,KEGG_2021_Human,Ribosome,0.9090488408609457,0.9676936952020591,1,MRPL21
top300_sample_centered,KEGG_2021_Human,Necroptosis,0.9104239425564558,0.9676936952020591,1,SLC25A4
top300_sample_centered,KEGG_2021_Human,JAK-STAT signaling pathway,0.9144261523468998,0.9676936952020591,1,PIK3CB
top300_sample_centered,KEGG_2021_Human,Axon guidance,0.9369151339786476,0.9758910432866257,1,PIK3CB
top300_sample_centered,KEGG_2021_Human,Alcoholism,0.9406492756040786,0.9758910432866257,1,CALM2
top300_sample_centered,KEGG_2021_Human,Herpes simplex virus 1 infection,0.943180968209361,0.9758910432866257,4,EIF2AK1;ZNF3;PIK3CB;ZNF33B
top300_sample_centered,KEGG_2021_Human,Chemokine signaling pathway,0.9458414161831187,0.9758910432866257,1,PIK3CB
top300_sample_centered,KEGG_2021_Human,MicroRNAs in cancer,0.9484324838294981,0.9758910432866257,2,ERBB2;PIK3CB
top300_sample_centered,KEGG_2021_Human,Pathogenic Escherichia coli infection,0.9498205513780198,0.9758910432866257,1,TUBB4B
top300_sample_centered,KEGG_2021_Human,Epstein-Barr virus infection,0.9535082211928958,0.9758910432866257,1,PIK3CB
top300_sample_centered,KEGG_2021_Human,Human papillomavirus infection,0.9605210920305436,0.9770336875970231,2,DLG3;PIK3CB
top300_sample_centered,KEGG_2021_Human,Regulation of actin cytoskeleton,0.963588269877798,0.9770336875970231,1,PIK3CB
top300_sample_centered,KEGG_2021_Human,Coronavirus disease,0.9706029443034377,0.9795900086025436,1,PIK3CB
top300_sample_centered,KEGG_2021_Human,MAPK signaling pathway,0.9886249429623186,0.9931808182755091,1,ERBB2
top300_sample_centered,KEGG_2021_Human,Olfactory transduction,0.9987962545687606,0.9987962545687606,1,CALM2
